origin_lon,origin_lat,destination_lon,destination_lat,distance_km,duration_min
25.399667,54.69468,25.2615,54.7104,13.37765,22.309166666666666
25.426335,54.687064,25.2615,54.7104,15.40868,25.68433333333333
25.249142,54.690532,25.2615,54.7104,4.27468,8.4175
25.248883,54.734687,25.2615,54.7104,3.38285,6.9751666666666665
25.282966,54.696846,25.2615,54.7104,3.76771,7.882833333333334
25.282496,54.680436,25.2615,54.7104,5.11338,10.476166666666668
25.246695,54.632741,25.2615,54.7104,12.69749,22.636000000000003
25.288049,54.676779,25.2615,54.7104,6.04613,12.705333333333334
25.254827,54.67664,25.2615,54.7104,5.970470000000001,9.926833333333333
25.237943,54.727271,25.2615,54.7104,3.14906,6.335666666666667
25.225473,54.707901,25.2615,54.7104,2.92661,6.509166666666667
25.255551,54.630742,25.2615,54.7104,12.51855,22.142999999999997
25.246652,54.733912,25.2615,54.7104,3.62861,7.173
25.299153,54.701126,25.2615,54.7104,5.34454,10.889666666666667
25.362956,54.649853,25.2615,54.7104,13.53649,22.353833333333334
25.423163,54.695341,25.2615,54.7104,14.414729999999999,23.744000000000003
25.281568,54.664279,25.2615,54.7104,6.97183,15.501833333333334
25.274693,54.679066,25.2615,54.7104,5.9085600000000005,10.886666666666667
25.237943,54.727271,25.2615,54.7104,3.14906,6.335666666666667
25.264218,54.741667,25.2615,54.7104,4.7208000000000006,7.538166666666667
25.280155,54.666716,25.2615,54.7104,6.7996099999999995,14.339833333333333
25.273809,54.658394,25.2615,54.7104,7.15574,15.282333333333334
25.280659,54.698949,25.2615,54.7104,3.96226,8.021333333333333
25.40234,54.692728,25.2615,54.7104,13.2941,22.05216666666667
25.292104,54.729413,25.2615,54.7104,4.69379,9.071
25.320296,54.675341,25.2615,54.7104,8.424299999999999,16.9495
25.30843,54.669677,25.2615,54.7104,8.67321,17.10983333333333
25.290753,54.679467,25.2615,54.7104,6.40618,13.759333333333332
25.186363,54.711056,25.2615,54.7104,6.94049,14.325
25.276907,54.701718,25.2615,54.7104,3.27112,6.456
25.303743,54.672785,25.2615,54.7104,7.24929,15.359833333333334
25.31668,54.711695,25.2615,54.7104,5.758640000000001,11.241833333333334
25.31668,54.711695,25.2615,54.7104,5.758640000000001,11.241833333333334
25.39652,54.711004,25.2615,54.7104,11.35678,22.239833333333333
25.247819,54.675908,25.2615,54.7104,5.57864,9.2535
25.312367,54.727647,25.2615,54.7104,5.02071,10.602
25.280558,54.733002,25.2615,54.7104,4.54165,9.088
25.279182,54.699243,25.2615,54.7104,3.57098,7.865833333333333
25.356684,54.78385,25.2615,54.7104,13.760129999999998,22.688666666666666
25.393985,54.694518,25.2615,54.7104,13.381770000000001,22.6365
25.275008,54.699185,25.2615,54.7104,3.21226,6.502833333333333
25.236553,54.727097,25.2615,54.7104,3.2694099999999997,6.46
25.26282,54.680512,25.2615,54.7104,4.84732,9.601666666666667
25.286034,54.680384,25.2615,54.7104,5.6653,12.244333333333334
25.266432,54.689462,25.2615,54.7104,3.42665,5.943666666666667
25.267814,54.671349,25.2615,54.7104,5.7006000000000006,11.452833333333333
25.23347,54.67438,25.2615,54.7104,7.7003900000000005,14.538499999999999
25.317072,54.67535,25.2615,54.7104,8.08267,16.145
25.286901,54.672497,25.2615,54.7104,5.95941,11.045
25.275848,54.6793,25.2615,54.7104,5.33795,9.767
25.29184,54.716837,25.2615,54.7104,2.7816199999999998,5.6146666666666665
25.281369,54.675043,25.2615,54.7104,5.941560000000001,12.389166666666666
25.272052,54.685827,25.2615,54.7104,5.29261,9.828333333333335
25.272052,54.685827,25.2615,54.7104,5.29261,9.828333333333335
25.272052,54.685827,25.2615,54.7104,5.29261,9.828333333333335
25.275875,54.749851,25.2615,54.7104,6.50243,9.673666666666666
25.292412,54.6763,25.2615,54.7104,6.43445,12.944833333333333
25.314589,54.683106,25.2615,54.7104,7.025810000000001,14.487333333333334
25.30419,54.71722,25.2615,54.7104,3.94981,8.387
25.214463,54.665973,25.2615,54.7104,8.865540000000001,16.855333333333334
25.27885,54.701229,25.2615,54.7104,4.17162,8.562666666666667
25.278913,54.670903,25.2615,54.7104,6.16579,11.596499999999999
25.263367,54.6804,25.2615,54.7104,4.734229999999999,9.149333333333335
25.271418,54.752431,25.2615,54.7104,6.0283999999999995,9.023166666666667
25.283894,54.692445,25.2615,54.7104,3.8014099999999997,8.337666666666667
25.25202,54.655056,25.2615,54.7104,11.43738,20.336666666666666
25.210195,54.646792,25.2615,54.7104,9.56941,14.896833333333332
25.239079,54.697609,25.2615,54.7104,4.29525,8.557333333333334
25.288097,54.676613,25.2615,54.7104,6.06435,12.814666666666666
25.23115,54.713098,25.2615,54.7104,2.4776599999999998,5.519833333333334
25.2714,54.681445,25.2615,54.7104,4.923970000000001,9.085666666666667
25.29586,54.67649,25.2615,54.7104,6.5978699999999995,12.725833333333332
25.271672,54.676127,25.2615,54.7104,5.418069999999999,10.296666666666665
25.172427,54.704551,25.2615,54.7104,7.6425,15.326500000000001
25.172427,54.704551,25.2615,54.7104,7.6425,15.326500000000001
25.100793,54.669503,25.2615,54.7104,15.74277,20.465833333333332
25.100793,54.669503,25.2615,54.7104,15.74277,20.465833333333332
25.100793,54.669503,25.2615,54.7104,15.74277,20.465833333333332
25.100793,54.669503,25.2615,54.7104,15.74277,20.465833333333332
25.100793,54.669503,25.2615,54.7104,15.74277,20.465833333333332
25.100793,54.669503,25.2615,54.7104,15.74277,20.465833333333332
25.100793,54.669503,25.2615,54.7104,15.74277,20.465833333333332
25.100793,54.669503,25.2615,54.7104,15.74277,20.465833333333332
25.100793,54.669503,25.2615,54.7104,15.74277,20.465833333333332
25.100793,54.669503,25.2615,54.7104,15.74277,20.465833333333332
25.100793,54.669503,25.2615,54.7104,15.74277,20.465833333333332
25.280671,54.673085,25.2615,54.7104,5.86012,11.908333333333333
25.294944,54.673607,25.2615,54.7104,6.4736,12.866333333333333
25.288703,54.691391,25.2615,54.7104,4.29149,9.131166666666667
25.278418,54.663824,25.2615,54.7104,6.84703,14.900666666666666
25.301399,54.682373,25.2615,54.7104,6.77307,13.971166666666667
25.272052,54.685827,25.2615,54.7104,5.29261,9.828333333333335
25.25263,54.702166,25.2615,54.7104,3.59244,6.9565
25.25263,54.702166,25.2615,54.7104,3.59244,6.9565
25.227319,54.718879,25.2615,54.7104,3.31965,6.425333333333333
25.40234,54.692728,25.2615,54.7104,13.2941,22.05216666666667
25.277367,54.675282,25.2615,54.7104,5.57385,10.266833333333333
25.284895,54.672844,25.2615,54.7104,6.00888,11.411166666666666
25.314956,54.71405,25.2615,54.7104,5.90661,11.541166666666667
25.247524,54.699149,25.2615,54.7104,3.61163,7.2735
25.309373,54.666892,25.2615,54.7104,8.30613,15.693666666666667
25.26583,54.673868,25.2615,54.7104,5.5871,11.3825
25.432488,54.687326,25.2615,54.7104,15.78162,26.262833333333333
25.286773,54.679815,25.2615,54.7104,5.73919,12.57
25.301821,54.719108,25.2615,54.7104,3.45273,7.544666666666667
25.26583,54.673868,25.2615,54.7104,5.5871,11.3825
25.19924,54.645144,25.2615,54.7104,10.74386,17.348333333333336
25.281732,54.672257,25.2615,54.7104,6.08889,11.284666666666668
25.318485,54.67728,25.2615,54.7104,7.66842,15.7895
25.196207,54.746916,25.2615,54.7104,7.62504,17.263166666666667
25.281583,54.682514,25.2615,54.7104,5.83851,13.076333333333334
25.27737,54.687383,25.2615,54.7104,4.1662,7.718500000000001
25.303866,54.725506,25.2615,54.7104,4.27172,9.961833333333335
25.265362,54.670898,25.2615,54.7104,5.86569,11.735833333333334
25.247908,54.70049,25.2615,54.7104,4.4852799999999995,9.647
25.278657,54.671292,25.2615,54.7104,6.14639,11.564833333333333
25.291691,54.707993,25.2615,54.7104,3.51198,7.260833333333333
25.29469,54.692566,25.2615,54.7104,4.8695900000000005,10.135833333333332
25.248832,54.700672,25.2615,54.7104,3.9438400000000002,8.1025
25.28573,54.677294,25.2615,54.7104,5.80488,11.576833333333333
25.40213,54.690595,25.2615,54.7104,13.588899999999999,22.735333333333333
25.31066,54.67905,25.2615,54.7104,7.42893,15.038666666666668
25.187043,54.714488,25.2615,54.7104,7.51319,15.2375
25.254635,54.698721,25.2615,54.7104,3.2608200000000003,6.519333333333334
25.212599,54.749126,25.2615,54.7104,6.261699999999999,11.838833333333334
25.212599,54.749126,25.2615,54.7104,6.261699999999999,11.838833333333334
25.212599,54.749126,25.2615,54.7104,6.261699999999999,11.838833333333334
25.212599,54.749126,25.2615,54.7104,6.261699999999999,11.838833333333334
25.215513,54.735995,25.2615,54.7104,5.75273,10.723333333333333
25.267279,54.66963,25.2615,54.7104,5.98299,12.0695
25.18188,54.704654,25.2615,54.7104,6.95676,14.2125
25.25124,54.697783,25.2615,54.7104,3.26604,6.492333333333334
25.287548,54.669491,25.2615,54.7104,7.13618,13.880500000000001
25.25761,54.692924,25.2615,54.7104,3.62681,7.428
25.410792,54.689285,25.2615,54.7104,14.10508,23.572666666666667
25.237246,54.734259,25.2615,54.7104,4.0769400000000005,7.790333333333334
25.410792,54.689285,25.2615,54.7104,14.10508,23.572666666666667
25.23347,54.67438,25.2615,54.7104,7.7003900000000005,14.538499999999999
25.215053,54.738404,25.2615,54.7104,5.93654,11.156
25.40145,54.692202,25.2615,54.7104,13.398729999999999,22.278833333333335
25.267812,54.689362,25.2615,54.7104,3.52846,6.339333333333333
25.273651,54.697696,25.2615,54.7104,3.00164,5.8
25.278854,54.698918,25.2615,54.7104,3.5321599999999997,7.710666666666667
25.28191,54.675289,25.2615,54.7104,5.970899999999999,12.573
25.294871,54.723452,25.2615,54.7104,3.90594,7.441
25.276533,54.677028,25.2615,54.7104,5.3706000000000005,9.779166666666667
25.243492,54.697523,25.2615,54.7104,3.77681,7.816
25.060396,54.62532,25.2615,54.7104,21.199720000000003,28.29733333333333
25.272052,54.685827,25.2615,54.7104,5.29261,9.828333333333335
25.243721,54.668352,25.2615,54.7104,6.59433,11.382166666666667
25.432488,54.687326,25.2615,54.7104,15.78162,26.262833333333333
25.267425,54.682291,25.2615,54.7104,4.534590000000001,8.2905
25.165151,54.713529,25.2615,54.7104,8.76594,17.825
25.228685,54.741477,25.2615,54.7104,4.78033,9.285333333333334
25.28168,54.68087,25.2615,54.7104,5.03778,10.173666666666666
25.25202,54.701565,25.2615,54.7104,3.8855,7.920166666666666
25.284594,54.676247,25.2615,54.7104,5.64969,10.645833333333334
25.215718,54.714454,25.2615,54.7104,4.19163,8.020333333333333
25.17549,54.713655,25.2615,54.7104,7.55762,15.045333333333334
25.437656,54.695315,25.2615,54.7104,15.35625,25.69633333333333
25.09564,54.666969,25.2615,54.7104,16.26644,22.081500000000002
25.161998,54.706027,25.2615,54.7104,8.57664,17.922666666666665
25.207286,54.674394,25.2615,54.7104,7.6537299999999995,14.616333333333333
25.213616,54.715653,25.2615,54.7104,4.13258,8.000333333333334
25.275263,54.701861,25.2615,54.7104,3.17791,6.244833333333333
25.277993,54.719296,25.2615,54.7104,2.57361,6.166166666666667
25.276636,54.703704,25.2615,54.7104,3.01102,6.153499999999999
25.22359,54.719625,25.2615,54.7104,3.99685,7.577666666666667
25.264132,54.6866,25.2615,54.7104,3.67835,6.15
25.278657,54.671292,25.2615,54.7104,6.14639,11.564833333333333
25.286817,54.704503,25.2615,54.7104,3.60434,7.300833333333333
25.109999,54.651305,25.2615,54.7104,16.32844,25.484666666666666
25.429428,54.686559,25.2615,54.7104,15.44293,25.9325
25.429428,54.686559,25.2615,54.7104,15.44293,25.9325
25.429428,54.686559,25.2615,54.7104,15.44293,25.9325
25.429428,54.686559,25.2615,54.7104,15.44293,25.9325
25.429428,54.686559,25.2615,54.7104,15.44293,25.9325
25.429428,54.686559,25.2615,54.7104,15.44293,25.9325
25.429428,54.686559,25.2615,54.7104,15.44293,25.9325
25.429428,54.686559,25.2615,54.7104,15.44293,25.9325
25.429428,54.686559,25.2615,54.7104,15.44293,25.9325
25.429428,54.686559,25.2615,54.7104,15.44293,25.9325
25.429428,54.686559,25.2615,54.7104,15.44293,25.9325
25.429428,54.686559,25.2615,54.7104,15.44293,25.9325
25.429428,54.686559,25.2615,54.7104,15.44293,25.9325
25.429428,54.686559,25.2615,54.7104,15.44293,25.9325
25.429428,54.686559,25.2615,54.7104,15.44293,25.9325
25.429428,54.686559,25.2615,54.7104,15.44293,25.9325
25.429428,54.686559,25.2615,54.7104,15.44293,25.9325
25.429428,54.686559,25.2615,54.7104,15.44293,25.9325
25.429428,54.686559,25.2615,54.7104,15.44293,25.9325
25.320296,54.675341,25.2615,54.7104,8.424299999999999,16.9495
25.293989,54.67646,25.2615,54.7104,6.535699999999999,13.349833333333333
25.293989,54.67646,25.2615,54.7104,6.535699999999999,13.349833333333333
25.376965,54.694597,25.2615,54.7104,11.4109,19.816666666666666
25.281075,54.702403,25.2615,54.7104,3.32167,6.9165
25.253948,54.73968,25.2615,54.7104,3.74706,8.782333333333334
25.17456,54.711894,25.2615,54.7104,7.36994,14.569333333333333
25.295876,54.693449,25.2615,54.7104,4.45961,9.954166666666667
25.28599,54.675016,25.2615,54.7104,6.32695,14.000666666666666
25.26946,54.693368,25.2615,54.7104,3.3568800000000003,5.664
25.322964,54.734012,25.2615,54.7104,5.7941,12.3085
25.280608,54.661395,25.2615,54.7104,7.32401,16.244
25.243492,54.697523,25.2615,54.7104,3.77681,7.816
25.243492,54.697523,25.2615,54.7104,3.77681,7.816
25.27248,54.703189,25.2615,54.7104,2.78521,5.923666666666667
25.267015,54.670351,25.2615,54.7104,5.90118,11.873166666666666
25.277748,54.67723,25.2615,54.7104,5.50409,10.269499999999999
25.246886,54.668959,25.2615,54.7104,6.59333,11.264666666666667
25.410792,54.689285,25.2615,54.7104,14.10508,23.572666666666667
25.272424,54.664057,25.2615,54.7104,7.2353000000000005,15.983666666666666
25.284137,54.68647,25.2615,54.7104,4.612,9.129999999999999
25.218183,54.702075,25.2615,54.7104,3.8846700000000003,8.177166666666666
25.267288,54.674236,25.2615,54.7104,5.4418999999999995,11.013333333333332
25.1871,54.713778,25.2615,54.7104,7.4388000000000005,15.020999999999999
25.39652,54.711004,25.2615,54.7104,11.35678,22.239833333333333
25.267288,54.674236,25.2615,54.7104,5.4418999999999995,11.013333333333332
25.307491,54.700492,25.2615,54.7104,5.3983,11.016166666666667
25.278551,54.670363,25.2615,54.7104,6.23694,11.801166666666667
25.316896,54.677245,25.2615,54.7104,7.5908500000000005,15.570833333333333
25.282647,54.688517,25.2615,54.7104,4.8377799999999995,10.342833333333335
25.289063,54.717603,25.2615,54.7104,3.02257,6.725499999999999
25.304856,54.692219,25.2615,54.7104,5.31353,10.689333333333334
25.22362,54.726128,25.2615,54.7104,4.28495,8.665666666666668
25.275827,54.696402,25.2615,54.7104,2.99158,5.7219999999999995
25.29041,54.679483,25.2615,54.7104,6.42317,13.810833333333333
25.2557,54.694315,25.2615,54.7104,3.30652,6.971666666666667
25.301821,54.719108,25.2615,54.7104,3.45273,7.544666666666667
25.240621,54.698804,25.2615,54.7104,4.28335,8.601166666666668
25.267288,54.674236,25.2615,54.7104,5.4418999999999995,11.013333333333332
25.239079,54.697609,25.2615,54.7104,4.29525,8.557333333333334
25.297939,54.72154,25.2615,54.7104,3.69466,7.816666666666666
25.226092,54.694364,25.2615,54.7104,4.99651,10.0565
25.273839,54.682559,25.2615,54.7104,4.82534,8.835666666666667
25.21129,54.691254,25.2615,54.7104,5.59296,10.893
25.263796,54.754269,25.2615,54.7104,6.11167,8.9275
25.269207,54.688142,25.2615,54.7104,3.691,6.638
25.268391,54.664229,25.2615,54.7104,6.67542,14.515166666666666
25.268391,54.664229,25.2615,54.7104,6.67542,14.515166666666666
25.268391,54.664229,25.2615,54.7104,6.67542,14.515166666666666
25.268391,54.664229,25.2615,54.7104,6.67542,14.515166666666666
25.348443,54.648712,25.2615,54.7104,12.55141,23.505499999999998
25.351816,54.727978,25.2615,54.7104,8.231530000000001,16.110333333333333
25.273651,54.697696,25.2615,54.7104,3.00164,5.8
25.241411,54.69706,25.2615,54.7104,4.17872,8.1655
25.40234,54.692728,25.2615,54.7104,13.2941,22.05216666666667
25.271468,54.679168,25.2615,54.7104,5.16818,9.802333333333333
25.234285,54.674768,25.2615,54.7104,7.663189999999999,14.389666666666667
25.212391,54.710955,25.2615,54.7104,4.37696,8.019
25.27677,54.702298,25.2615,54.7104,3.33504,6.641666666666667
25.281484,54.679972,25.2615,54.7104,5.50675,10.768833333333333
25.277814,54.634542,25.2615,54.7104,12.181280000000001,21.084999999999997
25.273663,54.691121,25.2615,54.7104,3.81241,6.8415
25.222482,54.704649,25.2615,54.7104,3.5598,7.6514999999999995
25.2884,54.678688,25.2615,54.7104,6.11183,13.1355
25.296192,54.708972,25.2615,54.7104,3.63607,7.391333333333334
25.252078,54.725048,25.2615,54.7104,2.1016999999999997,4.6875
25.226027,54.736248,25.2615,54.7104,4.5376199999999995,8.556666666666667
25.266828,54.673275,25.2615,54.7104,5.52622,11.0895
25.276935,54.688818,25.2615,54.7104,4.59586,8.643833333333333
25.275662,54.670301,25.2615,54.7104,6.2744,11.948666666666666
25.310892,54.67927,25.2615,54.7104,7.40029,14.924166666666668
25.312301,54.671512,25.2615,54.7104,8.25558,17.829833333333333
25.274728,54.729849,25.2615,54.7104,4.22314,7.3341666666666665
25.27502,54.691028,25.2615,54.7104,3.83366,6.905166666666667
25.416475,54.751617,25.2615,54.7104,14.09394,24.335833333333333
25.416475,54.751617,25.2615,54.7104,14.09394,24.335833333333333
25.220766,54.682515,25.2615,54.7104,7.05271,13.169166666666666
25.220766,54.682515,25.2615,54.7104,7.05271,13.169166666666666
25.220766,54.682515,25.2615,54.7104,7.05271,13.169166666666666
25.287748,54.683698,25.2615,54.7104,5.328069999999999,10.800833333333333
25.302307,54.739693,25.2615,54.7104,6.4403999999999995,13.880833333333333
25.323262,54.686331,25.2615,54.7104,7.49111,13.957500000000001
25.218603,54.6506,25.2615,54.7104,8.89518,14.1175
25.212599,54.749126,25.2615,54.7104,6.261699999999999,11.838833333333334
25.274738,54.675007,25.2615,54.7104,5.74202,10.670333333333334
25.415472,54.689572,25.2615,54.7104,14.191040000000001,24.066166666666668
25.282496,54.680436,25.2615,54.7104,5.11338,10.476166666666668
25.202822,54.685816,25.2615,54.7104,7.18475,11.903166666666667
25.251169,54.674738,25.2615,54.7104,5.70791,9.412
25.429428,54.686559,25.2615,54.7104,15.44293,25.9325
25.317404,54.700192,25.2615,54.7104,5.75686,12.855333333333334
25.257268,54.679063,25.2615,54.7104,5.9198900000000005,10.990166666666665
25.317597,54.716268,25.2615,54.7104,6.21916,11.992833333333333
25.245515,54.725559,25.2615,54.7104,2.67526,5.964333333333333
25.407952,54.689731,25.2615,54.7104,14.115440000000001,23.85033333333333
25.31807,54.719759,25.2615,54.7104,6.63658,12.732166666666666
25.319622,54.722127,25.2615,54.7104,6.35567,13.852333333333332
25.30154,54.708502,25.2615,54.7104,3.83359,7.723
25.234285,54.674768,25.2615,54.7104,7.663189999999999,14.389666666666667
25.234285,54.674768,25.2615,54.7104,7.663189999999999,14.389666666666667
25.246029,54.674181,25.2615,54.7104,6.04352,10.325999999999999
25.348549,54.722628,25.2615,54.7104,7.979100000000001,16.783333333333335
25.19924,54.645144,25.2615,54.7104,10.74386,17.348333333333336
25.308997,54.701766,25.2615,54.7104,5.4812899999999996,12.105500000000001
25.295512,54.699561,25.2615,54.7104,4.52592,8.885666666666667
25.278945,54.680022,25.2615,54.7104,5.68283,11.600166666666667
25.23347,54.67438,25.2615,54.7104,7.7003900000000005,14.538499999999999
25.265362,54.670898,25.2615,54.7104,5.86569,11.735833333333334
25.27509,54.687908,25.2615,54.7104,4.00922,7.341833333333333
25.215533,54.6899,25.2615,54.7104,5.15182,10.53
25.258643,54.680986,25.2615,54.7104,5.23382,10.790166666666666
25.23879,54.719117,25.2615,54.7104,2.93731,6.972666666666667
25.264534,54.691743,25.2615,54.7104,3.01938,5.163833333333333
25.27334,54.726895,25.2615,54.7104,4.278779999999999,7.5136666666666665
25.270212,54.68802,25.2615,54.7104,3.7554499999999997,6.792666666666666
25.276591,54.700376,25.2615,54.7104,3.46418,6.951499999999999
25.342399,54.717036,25.2615,54.7104,8.372959999999999,17.2365
25.182581,54.712851,25.2615,54.7104,7.05211,14.165833333333333
25.279457,54.687761,25.2615,54.7104,4.46066,8.301
25.302833,54.679489,25.2615,54.7104,6.95718,15.549000000000001
25.211866,54.671477,25.2615,54.7104,7.84455,14.558166666666667
25.26583,54.673868,25.2615,54.7104,5.5871,11.3825
25.274966,54.681238,25.2615,54.7104,5.20884,9.749500000000001
25.274966,54.681238,25.2615,54.7104,5.20884,9.749500000000001
25.274966,54.681238,25.2615,54.7104,5.20884,9.749500000000001
25.293515,54.672047,25.2615,54.7104,7.3844899999999996,15.019666666666666
25.234656,54.722507,25.2615,54.7104,3.22572,6.632833333333334
25.313788,54.678233,25.2615,54.7104,7.37943,14.6025
25.239067,54.723146,25.2615,54.7104,2.72792,5.545
25.320906,54.724429,25.2615,54.7104,5.61525,13.199333333333334
25.210939,54.718504,25.2615,54.7104,3.9400399999999998,7.8004999999999995
25.282369,54.684251,25.2615,54.7104,4.76296,10.386833333333334
25.279619,54.720352,25.2615,54.7104,2.71745,6.723166666666667
25.274204,54.678107,25.2615,54.7104,5.7334,10.534500000000001
25.274531,54.744354,25.2615,54.7104,5.70408,9.341333333333333
25.277702,54.732708,25.2615,54.7104,4.29525,8.280833333333334
25.274729,54.674277,25.2615,54.7104,6.18842,11.469166666666666
25.31076,54.702543,25.2615,54.7104,5.24841,11.200666666666667
25.280181,54.677809,25.2615,54.7104,6.01585,12.695166666666667
25.220239,54.708649,25.2615,54.7104,3.5709400000000002,6.781166666666667
25.337374,54.734828,25.2615,54.7104,6.53679,12.5225
25.28787,54.715871,25.2615,54.7104,2.91858,5.755833333333333
25.116631,54.648183,25.2615,54.7104,15.479479999999999,23.346833333333333
25.274869,54.703606,25.2615,54.7104,2.79913,5.589833333333333
25.306524,54.693036,25.2615,54.7104,5.376939999999999,10.975
25.21751,54.730497,25.2615,54.7104,4.80806,8.948
25.24425,54.724453,25.2615,54.7104,2.5813800000000002,5.749
25.35866,54.714202,25.2615,54.7104,8.94914,19.59
25.288258,54.708266,25.2615,54.7104,3.26615,6.697166666666666
25.297038,54.698147,25.2615,54.7104,4.437,8.695
25.261758,54.67183,25.2615,54.7104,6.52892,11.860999999999999
25.319622,54.722127,25.2615,54.7104,6.35567,13.852333333333332
25.391831,54.710559,25.2615,54.7104,11.10435,21.390833333333333
25.260323,54.696307,25.2615,54.7104,2.98637,6.095833333333333
25.210426,54.696146,25.2615,54.7104,4.93184,10.103333333333333
25.228574,54.731438,25.2615,54.7104,4.01619,8.201333333333332
25.290807,54.674321,25.2615,54.7104,6.106199999999999,11.832833333333333
25.225343,54.712074,25.2615,54.7104,3.13146,6.108333333333333
25.300391,54.678996,25.2615,54.7104,6.786359999999999,14.9765
25.219358,54.740383,25.2615,54.7104,5.34765,10.562833333333334
25.219358,54.740383,25.2615,54.7104,5.34765,10.562833333333334
25.293033,54.709315,25.2615,54.7104,3.62342,7.467833333333333
25.291286,54.714682,25.2615,54.7104,2.8459,5.787166666666667
25.310732,54.703783,25.2615,54.7104,4.9253,9.864833333333333
25.224717,54.694109,25.2615,54.7104,4.908270000000001,9.866000000000001
25.421545,54.685933,25.2615,54.7104,14.86785,24.619000000000003
25.40083,54.692489,25.2615,54.7104,13.440610000000001,22.3795
25.223768,54.708497,25.2615,54.7104,3.7673,7.199833333333333
25.263426,54.754527,25.2615,54.7104,6.17141,9.093
25.279457,54.687761,25.2615,54.7104,4.46066,8.301
25.421296,54.686702,25.2615,54.7104,14.93623,24.8925
25.267834,54.731217,25.2615,54.7104,4.03418,6.888166666666667
25.319928,54.689123,25.2615,54.7104,7.14882,14.257
25.283358,54.684977,25.2615,54.7104,4.89546,10.242833333333333
25.240431,54.698186,25.2615,54.7104,4.21068,8.262333333333334
25.181673,54.712007,25.2615,54.7104,6.9816,13.996333333333332
25.25414,54.682088,25.2615,54.7104,5.13113,9.7705
25.249467,54.701191,25.2615,54.7104,3.85256,7.832666666666666
25.204654,54.688144,25.2615,54.7104,5.85528,11.7515
25.277597,54.683044,25.2615,54.7104,4.57803,8.255833333333333
25.277466,54.702177,25.2615,54.7104,3.3249299999999997,6.617333333333334
25.28787,54.715871,25.2615,54.7104,2.91858,5.755833333333333
25.274361,54.700342,25.2615,54.7104,3.08896,6.032
25.283894,54.692445,25.2615,54.7104,3.8014099999999997,8.337666666666667
25.429428,54.686559,25.2615,54.7104,15.44293,25.9325
25.303881,54.686971,25.2615,54.7104,5.9624,12.012
25.177236,54.715567,25.2615,54.7104,7.75626,15.535
25.286694,54.687068,25.2615,54.7104,4.90556,9.1815
25.284905,54.660137,25.2615,54.7104,7.83744,17.056666666666665
25.317993,54.677762,25.2615,54.7104,7.71137,15.961166666666665
25.265717,54.676179,25.2615,54.7104,5.1805699999999995,10.1985
25.27574,54.679871,25.2615,54.7104,5.39837,9.988666666666667
25.393602,54.793776,25.2615,54.7104,15.37785,23.1235
25.277597,54.683044,25.2615,54.7104,4.57803,8.255833333333333
25.265891,54.671003,25.2615,54.7104,5.82974,11.674166666666668
25.21925,54.741841,25.2615,54.7104,5.31371,10.540666666666668
25.21212,54.718666,25.2615,54.7104,3.81737,7.1899999999999995
25.21212,54.718666,25.2615,54.7104,3.81737,7.1899999999999995
25.289548,54.67914,25.2615,54.7104,6.5042,14.219833333333334
25.278913,54.670903,25.2615,54.7104,6.16579,11.596499999999999
25.234393,54.717802,25.2615,54.7104,2.88504,6.820833333333334
25.189628,54.707283,25.2615,54.7104,6.29879,12.970333333333334
25.256211,54.737953,25.2615,54.7104,4.84244,9.153500000000001
25.220426,54.727783,25.2615,54.7104,4.836060000000001,9.115499999999999
25.225748,54.715467,25.2615,54.7104,3.0062800000000003,5.910166666666667
25.29896,54.720673,25.2615,54.7104,3.46949,7.047666666666667
25.241359,54.736461,25.2615,54.7104,4.6944300000000005,9.1835
25.269826,54.664068,25.2615,54.7104,6.99939,15.2205
25.416864,54.68593,25.2615,54.7104,14.714139999999999,24.391833333333334
25.26292,54.672587,25.2615,54.7104,5.8153999999999995,11.952333333333334
25.203102,54.687801,25.2615,54.7104,5.97787,12.095166666666668
25.289,54.682918,25.2615,54.7104,5.71554,12.437000000000001
25.223195,54.738766,25.2615,54.7104,5.085310000000001,10.443666666666667
25.432488,54.687326,25.2615,54.7104,15.78162,26.262833333333333
25.173775,54.702832,25.2615,54.7104,7.86026,15.206999999999999
25.302998,54.683836,25.2615,54.7104,6.69029,13.718333333333334
25.283905,54.712915,25.2615,54.7104,2.87939,6.283166666666667
25.27101,54.659601,25.2615,54.7104,7.15052,15.332333333333334
25.291907,54.684913,25.2615,54.7104,6.1086599999999995,13.175833333333333
25.336995,54.729879,25.2615,54.7104,6.581270000000001,13.168333333333333
25.336995,54.729879,25.2615,54.7104,6.581270000000001,13.168333333333333
25.27702,54.675695,25.2615,54.7104,5.52194,10.142333333333333
25.262432,54.677956,25.2615,54.7104,5.08849,10.293166666666668
25.267288,54.674236,25.2615,54.7104,5.4418999999999995,11.013333333333332
25.305124,54.676143,25.2615,54.7104,7.255529999999999,14.609166666666665
25.259989,54.657545,25.2615,54.7104,10.8255,17.889166666666664
25.2745,54.668792,25.2615,54.7104,6.25318,12.300666666666666
25.266737,54.690506,25.2615,54.7104,3.27356,5.891333333333334
25.302833,54.679489,25.2615,54.7104,6.95718,15.549000000000001
25.262019,54.679031,25.2615,54.7104,4.97147,9.825166666666666
25.253652,54.700598,25.2615,54.7104,3.55392,7.892666666666667
25.264073,54.673128,25.2615,54.7104,5.73553,11.976166666666668
25.270498,54.660656,25.2615,54.7104,7.11922,15.442166666666667
25.323262,54.686331,25.2615,54.7104,7.49111,13.957500000000001
25.196748,54.655796,25.2615,54.7104,10.68059,23.94516666666667
25.269899,54.739413,25.2615,54.7104,4.63068,7.802333333333333
25.270715,54.728605,25.2615,54.7104,3.9893400000000003,6.840833333333333
25.263342,54.692096,25.2615,54.7104,4.46006,8.357833333333334
25.249667,54.708185,25.2615,54.7104,1.69743,4.565833333333333
25.272052,54.685827,25.2615,54.7104,5.29261,9.828333333333335
25.250184,54.723758,25.2615,54.7104,2.07065,4.785666666666667
25.267288,54.674236,25.2615,54.7104,5.4418999999999995,11.013333333333332
25.318738,54.729931,25.2615,54.7104,5.13335,10.452333333333334
25.250503,54.677158,25.2615,54.7104,5.5709,9.250833333333333
25.255405,54.700448,25.2615,54.7104,3.44562,7.4595
25.267288,54.674236,25.2615,54.7104,5.4418999999999995,11.013333333333332
25.275827,54.696402,25.2615,54.7104,2.99158,5.7219999999999995
25.21877,54.732013,25.2615,54.7104,4.948390000000001,9.0045
25.221441,54.726271,25.2615,54.7104,4.4863,9.134666666666668
25.261224,54.609448,25.2615,54.7104,16.84663,28.1825
25.257314,54.673255,25.2615,54.7104,6.348229999999999,11.289666666666667
25.294338,54.674848,25.2615,54.7104,6.35473,12.370333333333333
25.275123,54.684905,25.2615,54.7104,4.3349899999999995,7.947666666666667
25.226602,54.743512,25.2615,54.7104,5.15076,10.484666666666667
25.4221,54.690137,25.2615,54.7104,14.56101,24.738166666666665
25.26732,54.661184,25.2615,54.7104,7.19757,15.955666666666668
25.229111,54.705263,25.2615,54.7104,2.79823,6.252
25.287506,54.717581,25.2615,54.7104,3.16497,6.329833333333334
25.09095,54.669249,25.2615,54.7104,16.63829,23.197
25.265342,54.686123,25.2615,54.7104,3.96868,7.128833333333334
25.188841,54.659938,25.2615,54.7104,10.22701,18.00316666666667
25.307773,54.701332,25.2615,54.7104,5.36052,11.622333333333334
25.316702,54.727529,25.2615,54.7104,4.9847,10.430666666666667
25.282496,54.680436,25.2615,54.7104,5.11338,10.476166666666668
25.275953,54.738167,25.2615,54.7104,4.87567,9.480333333333334
25.252215,54.67813,25.2615,54.7104,5.54589,9.494333333333334
25.286184,54.698953,25.2615,54.7104,4.03387,7.938833333333333
25.378973,54.692531,25.2615,54.7104,13.949770000000001,23.0255
25.212093,54.710143,25.2615,54.7104,4.36565,7.985
25.287795,54.676964,25.2615,54.7104,6.02107,12.598
25.294861,54.693295,25.2615,54.7104,4.46601,10.009833333333335
25.294861,54.693295,25.2615,54.7104,4.46601,10.009833333333335
25.294861,54.693295,25.2615,54.7104,4.46601,10.009833333333335
25.294861,54.693295,25.2615,54.7104,4.46601,10.009833333333335
25.294861,54.693295,25.2615,54.7104,4.46601,10.009833333333335
25.294861,54.693295,25.2615,54.7104,4.46601,10.009833333333335
25.282911,54.698434,25.2615,54.7104,3.82937,7.8068333333333335
25.277957,54.740581,25.2615,54.7104,5.20441,8.826166666666667
25.267428,54.68195,25.2615,54.7104,4.643050000000001,8.470666666666666
25.27119,54.726075,25.2615,54.7104,4.15721,7.8425
25.250287,54.728055,25.2615,54.7104,2.61486,5.932833333333334
25.219798,54.74231,25.2615,54.7104,5.42164,10.972333333333333
25.39652,54.711004,25.2615,54.7104,11.35678,22.239833333333333
25.290859,54.697788,25.2615,54.7104,4.52936,9.268
25.240028,54.671503,25.2615,54.7104,6.1253400000000005,10.373
25.272205,54.682213,25.2615,54.7104,4.8853,9.198
25.188029,54.660121,25.2615,54.7104,10.30127,18.333000000000002
25.286241,54.707286,25.2615,54.7104,3.33888,7.08
25.343981,54.774919,25.2615,54.7104,12.42905,19.382333333333335
25.280282,54.6769,25.2615,54.7104,5.31236,9.697666666666667
25.277865,54.67651,25.2615,54.7104,5.43446,10.1645
25.295876,54.693449,25.2615,54.7104,4.45961,9.954166666666667
25.295249,54.709115,25.2615,54.7104,3.6986999999999997,7.579166666666667
25.305024,54.71313,25.2615,54.7104,3.95823,7.978
25.259636,54.754066,25.2615,54.7104,6.3773800000000005,9.410166666666667
25.286184,54.698953,25.2615,54.7104,4.03387,7.938833333333333
25.274204,54.678107,25.2615,54.7104,5.7334,10.534500000000001
25.299057,54.725847,25.2615,54.7104,4.03021,8.26
25.210692,54.716469,25.2615,54.7104,4.193560000000001,8.498666666666667
25.307414,54.716731,25.2615,54.7104,4.20512,9.054499999999999
25.28075,54.674204,25.2615,54.7104,5.83101,11.733666666666666
25.302273,54.704927,25.2615,54.7104,4.57349,9.450833333333332
25.193148,54.666636,25.2615,54.7104,9.32931,15.568833333333334
25.183617,54.703924,25.2615,54.7104,6.69778,14.145000000000001
25.254304,54.727157,25.2615,54.7104,2.22754,4.617999999999999
25.214162,54.718778,25.2615,54.7104,3.68572,6.9928333333333335
25.284895,54.672844,25.2615,54.7104,6.00888,11.411166666666666
25.222893,54.722082,25.2615,54.7104,4.08343,7.857833333333334
25.257268,54.679063,25.2615,54.7104,5.9198900000000005,10.990166666666665
25.300065,54.708763,25.2615,54.7104,3.73448,7.485166666666667
25.300065,54.708763,25.2615,54.7104,3.73448,7.485166666666667
25.300065,54.708763,25.2615,54.7104,3.73448,7.485166666666667
25.300065,54.708763,25.2615,54.7104,3.73448,7.485166666666667
25.300065,54.708763,25.2615,54.7104,3.73448,7.485166666666667
25.300065,54.708763,25.2615,54.7104,3.73448,7.485166666666667
25.300065,54.708763,25.2615,54.7104,3.73448,7.485166666666667
25.300065,54.708763,25.2615,54.7104,3.73448,7.485166666666667
25.300065,54.708763,25.2615,54.7104,3.73448,7.485166666666667
25.300065,54.708763,25.2615,54.7104,3.73448,7.485166666666667
25.300065,54.708763,25.2615,54.7104,3.73448,7.485166666666667
25.255429,54.692191,25.2615,54.7104,3.58877,7.5225
25.309825,54.682775,25.2615,54.7104,6.60138,13.701500000000001
25.253421,54.711127,25.2615,54.7104,1.36793,3.2528333333333332
25.302833,54.679489,25.2615,54.7104,6.95718,15.549000000000001
25.2567,54.703957,25.2615,54.7104,3.36405,6.5216666666666665
25.2567,54.703957,25.2615,54.7104,3.36405,6.5216666666666665
25.2567,54.703957,25.2615,54.7104,3.36405,6.5216666666666665
25.2567,54.703957,25.2615,54.7104,3.36405,6.5216666666666665
25.2567,54.703957,25.2615,54.7104,3.36405,6.5216666666666665
25.2567,54.703957,25.2615,54.7104,3.36405,6.5216666666666665
25.2567,54.703957,25.2615,54.7104,3.36405,6.5216666666666665
25.2567,54.703957,25.2615,54.7104,3.36405,6.5216666666666665
25.2567,54.703957,25.2615,54.7104,3.36405,6.5216666666666665
25.2567,54.703957,25.2615,54.7104,3.36405,6.5216666666666665
25.293006,54.674926,25.2615,54.7104,6.26272,12.122666666666667
25.30377,54.666765,25.2615,54.7104,7.885479999999999,14.720333333333334
25.186105,54.706551,25.2615,54.7104,6.39774,13.096666666666666
25.215484,54.682879,25.2615,54.7104,6.599399999999999,12.302833333333332
25.283095,54.66133,25.2615,54.7104,7.43891,16.603833333333334
25.276281,54.670056,25.2615,54.7104,6.32004,12.058166666666667
25.282648,54.67498,25.2615,54.7104,5.60596,10.3835
25.39683,54.695052,25.2615,54.7104,13.16379,21.7785
25.278748,54.728788,25.2615,54.7104,3.78575,7.576
25.284399,54.665804,25.2615,54.7104,7.71254,15.434166666666666
25.23115,54.713098,25.2615,54.7104,2.4776599999999998,5.519833333333334
25.23115,54.713098,25.2615,54.7104,2.4776599999999998,5.519833333333334
25.214295,54.722866,25.2615,54.7104,4.33087,8.470833333333333
25.289613,54.674014,25.2615,54.7104,6.02384,11.537833333333333
25.249667,54.708185,25.2615,54.7104,1.69743,4.565833333333333
25.261746,54.676283,25.2615,54.7104,5.36853,10.995166666666668
25.261746,54.676283,25.2615,54.7104,5.36853,10.995166666666668
25.20913,54.67206,25.2615,54.7104,7.757,14.350666666666665
25.319184,54.718579,25.2615,54.7104,6.5310299999999994,12.469833333333334
25.373154,54.729184,25.2615,54.7104,10.286760000000001,20.01966666666667
25.279712,54.705628,25.2615,54.7104,3.31223,7.425666666666667
25.209325,54.676164,25.2615,54.7104,7.63803,14.742666666666667
25.18604,54.70381,25.2615,54.7104,6.53981,13.513166666666667
25.259166,54.657314,25.2615,54.7104,10.826709999999999,17.894000000000002
25.259166,54.657314,25.2615,54.7104,10.826709999999999,17.894000000000002
25.259166,54.657314,25.2615,54.7104,10.826709999999999,17.894000000000002
25.259166,54.657314,25.2615,54.7104,10.826709999999999,17.894000000000002
25.259166,54.657314,25.2615,54.7104,10.826709999999999,17.894000000000002
25.259166,54.657314,25.2615,54.7104,10.826709999999999,17.894000000000002
25.291332,54.67504,25.2615,54.7104,6.50797,13.405666666666667
25.281732,54.672257,25.2615,54.7104,6.08889,11.284666666666668
25.317703,54.687796,25.2615,54.7104,6.96622,13.808
25.177236,54.715567,25.2615,54.7104,7.75626,15.535
25.307014,54.678207,25.2615,54.7104,7.53688,15.327833333333333
25.270457,54.739803,25.2615,54.7104,4.74289,8.251
25.309538,54.682236,25.2615,54.7104,6.6580200000000005,14.038166666666665
25.15119,54.619174,25.2615,54.7104,19.111279999999997,26.002833333333335
25.289309,54.706433,25.2615,54.7104,3.62765,7.664833333333333
25.308644,54.672977,25.2615,54.7104,8.001439999999999,16.818833333333334
25.308644,54.672977,25.2615,54.7104,8.001439999999999,16.818833333333334
25.25263,54.702166,25.2615,54.7104,3.59244,6.9565
25.25263,54.702166,25.2615,54.7104,3.59244,6.9565
25.259242,54.677696,25.2615,54.7104,5.2641800000000005,10.996
25.15119,54.619174,25.2615,54.7104,19.111279999999997,26.002833333333335
25.272528,54.709505,25.2615,54.7104,2.46163,6.2225
25.317504,54.676134,25.2615,54.7104,7.8002,16.3165
25.283212,54.763339,25.2615,54.7104,7.8844899999999996,11.7855
25.254267,54.700338,25.2615,54.7104,3.50496,7.696833333333333
25.306063,54.693124,25.2615,54.7104,5.30178,10.733
25.32038,54.677276,25.2615,54.7104,7.79191,16.283333333333335
25.266661,54.678629,25.2615,54.7104,4.9318,9.409833333333333
25.306216,54.684639,25.2615,54.7104,6.35492,12.344
25.175874,54.702045,25.2615,54.7104,7.61511,14.820666666666666
25.214841,54.672588,25.2615,54.7104,7.66198,14.580833333333334
25.266801,54.739966,25.2615,54.7104,4.60058,7.564166666666667
25.275827,54.696402,25.2615,54.7104,2.99158,5.7219999999999995
25.263342,54.692096,25.2615,54.7104,4.46006,8.357833333333334
25.263342,54.692096,25.2615,54.7104,4.46006,8.357833333333334
25.319422,54.677381,25.2615,54.7104,7.7742700000000005,16.226333333333333
25.442351,54.694177,25.2615,54.7104,15.74427,26.74233333333333
25.26963,54.690842,25.2615,54.7104,3.34078,6.167833333333333
25.320704,54.706684,25.2615,54.7104,5.77308,12.368500000000001
25.28541,54.719834,25.2615,54.7104,3.0749,6.370666666666667
25.391359,54.709976,25.2615,54.7104,11.07063,21.255999999999997
25.274218,54.703008,25.2615,54.7104,2.87085,5.7620000000000005
25.391359,54.709976,25.2615,54.7104,11.07063,21.255999999999997
25.391359,54.709976,25.2615,54.7104,11.07063,21.255999999999997
25.200472,54.673357,25.2615,54.7104,7.31645,13.646666666666667
25.272052,54.685827,25.2615,54.7104,5.29261,9.828333333333335
25.279554,54.71085,25.2615,54.7104,3.74934,8.334833333333332
25.217371,54.731053,25.2615,54.7104,4.81853,8.956
25.208849,54.67535,25.2615,54.7104,7.56351,14.444666666666667
25.245574,54.673509,25.2615,54.7104,6.06691,10.150833333333333
25.267622,54.689569,25.2615,54.7104,3.5407800000000003,6.394
25.258872,54.678795,25.2615,54.7104,5.04096,9.8475
25.247216,54.733224,25.2615,54.7104,3.75457,7.7251666666666665
25.26493,54.676879,25.2615,54.7104,5.15913,10.134166666666665
25.196207,54.746916,25.2615,54.7104,7.62504,17.263166666666667
25.288939,54.696589,25.2615,54.7104,4.45454,9.102333333333332
25.288939,54.696589,25.2615,54.7104,4.45454,9.102333333333332
25.288939,54.696589,25.2615,54.7104,4.45454,9.102333333333332
25.288939,54.696589,25.2615,54.7104,4.45454,9.102333333333332
25.288939,54.696589,25.2615,54.7104,4.45454,9.102333333333332
25.288939,54.696589,25.2615,54.7104,4.45454,9.102333333333332
25.31732,54.705869,25.2615,54.7104,5.38683,11.166666666666666
25.314823,54.713686,25.2615,54.7104,5.86525,11.417
25.267949,54.679214,25.2615,54.7104,4.83563,9.252666666666666
25.277407,54.745554,25.2615,54.7104,5.695189999999999,9.353666666666667
25.352586,54.715863,25.2615,54.7104,8.799280000000001,18.950833333333332
25.210692,54.716469,25.2615,54.7104,4.193560000000001,8.498666666666667
25.266739,54.684834,25.2615,54.7104,4.29372,8.03
25.284895,54.672844,25.2615,54.7104,6.00888,11.411166666666666
25.27737,54.687383,25.2615,54.7104,4.1662,7.718500000000001
25.26501,54.754202,25.2615,54.7104,6.1203199999999995,9.029666666666666
25.315377,54.707038,25.2615,54.7104,5.3011800000000004,11.208
25.239751,54.693498,25.2615,54.7104,4.24487,8.655833333333334
25.28385,54.678864,25.2615,54.7104,6.09987,13.202333333333334
25.101064,54.66717,25.2615,54.7104,15.861469999999999,21.079666666666665
25.424911,54.685564,25.2615,54.7104,15.0395,24.627333333333336
25.310606,54.684142,25.2615,54.7104,6.37188,12.212
25.323262,54.686331,25.2615,54.7104,7.49111,13.957500000000001
25.234656,54.722507,25.2615,54.7104,3.22572,6.632833333333334
25.221089,54.696438,25.2615,54.7104,4.29263,8.596833333333333
25.348852,54.648801,25.2615,54.7104,12.55653,23.526
25.280608,54.661395,25.2615,54.7104,7.32401,16.244
25.279489,54.684957,25.2615,54.7104,4.85222,10.401
25.2166,54.701217,25.2615,54.7104,4.01786,8.656666666666666
25.317993,54.677762,25.2615,54.7104,7.71137,15.961166666666665
25.317993,54.677762,25.2615,54.7104,7.71137,15.961166666666665
25.317993,54.677762,25.2615,54.7104,7.71137,15.961166666666665
25.317993,54.677762,25.2615,54.7104,7.71137,15.961166666666665
25.317993,54.677762,25.2615,54.7104,7.71137,15.961166666666665
25.317993,54.677762,25.2615,54.7104,7.71137,15.961166666666665
25.317993,54.677762,25.2615,54.7104,7.71137,15.961166666666665
25.289091,54.679304,25.2615,54.7104,6.20667,13.443999999999999
25.163655,54.705335,25.2615,54.7104,8.424629999999999,17.619666666666667
25.241079,54.66491,25.2615,54.7104,7.81918,14.01
25.227951,54.681441,25.2615,54.7104,8.02141,16.3065
25.196207,54.746916,25.2615,54.7104,7.62504,17.263166666666667
25.196207,54.746916,25.2615,54.7104,7.62504,17.263166666666667
25.177236,54.715567,25.2615,54.7104,7.75626,15.535
25.19924,54.645144,25.2615,54.7104,10.74386,17.348333333333336
25.216135,54.672763,25.2615,54.7104,7.74421,14.823666666666666
25.219106,54.716704,25.2615,54.7104,3.42175,6.709666666666666
25.307553,54.681809,25.2615,54.7104,6.8373,14.688833333333333
25.27973,54.677548,25.2615,54.7104,5.217350000000001,9.55
25.266048,54.683686,25.2615,54.7104,4.60874,8.695833333333333
25.263342,54.692096,25.2615,54.7104,4.46006,8.357833333333334
25.293832,54.67512,25.2615,54.7104,6.3295200000000005,12.298499999999999
25.202163,54.67229,25.2615,54.7104,7.450939999999999,14.006833333333333
25.262243,54.756452,25.2615,54.7104,6.62107,9.964333333333334
25.426009,54.686449,25.2615,54.7104,15.241610000000001,25.242833333333333
25.267288,54.674236,25.2615,54.7104,5.4418999999999995,11.013333333333332
25.273918,54.672382,25.2615,54.7104,5.90463,11.537166666666668
25.23386,54.673057,25.2615,54.7104,7.52313,13.756833333333333
25.256957,54.647465,25.2615,54.7104,11.4404,20.602833333333333
25.256957,54.647465,25.2615,54.7104,11.4404,20.602833333333333
25.286564,54.679986,25.2615,54.7104,5.71613,12.477833333333333
25.286564,54.679986,25.2615,54.7104,5.71613,12.477833333333333
25.286564,54.679986,25.2615,54.7104,5.71613,12.477833333333333
25.176378,54.715913,25.2615,54.7104,7.89647,16.150166666666667
25.415778,54.730762,25.2615,54.7104,12.82595,22.48
25.251748,54.700839,25.2615,54.7104,3.98761,8.596499999999999
25.27954,54.683068,25.2615,54.7104,5.040520000000001,10.484166666666665
25.305757,54.71824,25.2615,54.7104,3.8977399999999998,8.455
25.406784,54.724294,25.2615,54.7104,13.57826,23.857166666666668
25.263539,54.642068,25.2615,54.7104,11.90529,19.842333333333332
25.303091,54.709839,25.2615,54.7104,3.8940799999999998,8.074333333333334
25.323452,54.705591,25.2615,54.7104,5.9369499999999995,13.052999999999999
25.256133,54.703821,25.2615,54.7104,3.3396,6.387666666666666
25.283273,54.673305,25.2615,54.7104,5.87192,10.945666666666666
25.291753,54.679544,25.2615,54.7104,6.46303,14.0695
25.25263,54.702166,25.2615,54.7104,3.59244,6.9565
25.27109,54.699125,25.2615,54.7104,2.80427,5.497
25.254922,54.725287,25.2615,54.7104,2.19324,4.834666666666666
25.22089,54.727145,25.2615,54.7104,5.131399999999999,9.813166666666666
25.293989,54.67646,25.2615,54.7104,6.535699999999999,13.349833333333333
25.26916,54.708141,25.2615,54.7104,1.96171,3.9443333333333332
25.317718,54.718848,25.2615,54.7104,6.43051,12.067833333333335
25.429708,54.674997,25.2615,54.7104,16.914369999999998,29.125333333333334
25.270694,54.674408,25.2615,54.7104,5.4803999999999995,11.046666666666665
25.321777,54.705742,25.2615,54.7104,5.84328,12.678500000000001
25.416864,54.68593,25.2615,54.7104,14.714139999999999,24.391833333333334
25.259345,54.60568,25.2615,54.7104,16.31014,26.71833333333333
25.221793,54.734331,25.2615,54.7104,4.9021099999999995,9.4005
25.286112,54.694449,25.2615,54.7104,3.68797,7.650166666666666
25.277352,54.682836,25.2615,54.7104,4.59953,8.293833333333334
25.277352,54.682836,25.2615,54.7104,4.59953,8.293833333333334
25.27702,54.675695,25.2615,54.7104,5.52194,10.142333333333333
25.205197,54.673747,25.2615,54.7104,7.49036,14.1985
25.429167,54.69868,25.2615,54.7104,15.46946,27.500833333333333
25.26785,54.681629,25.2615,54.7104,4.656770000000001,8.494166666666667
25.26785,54.681629,25.2615,54.7104,4.656770000000001,8.494166666666667
25.264703,54.679138,25.2615,54.7104,4.88564,9.465499999999999
25.253841,54.669845,25.2615,54.7104,7.34286,13.344
25.246392,54.711868,25.2615,54.7104,1.29251,3.2246666666666663
25.230168,54.719484,25.2615,54.7104,3.10967,5.799666666666667
25.203921,54.718616,25.2615,54.7104,6.85001,16.1075
25.220609,54.72838,25.2615,54.7104,4.742319999999999,8.788
25.270984,54.682684,25.2615,54.7104,4.76501,8.8435
25.293003,54.678237,25.2615,54.7104,6.56811,14.068000000000001
25.204721,54.679138,25.2615,54.7104,6.4943800000000005,12.231666666666666
25.28168,54.68087,25.2615,54.7104,5.03778,10.173666666666666
25.293993,54.704553,25.2615,54.7104,4.01145,8.110166666666666
25.294238,54.676801,25.2615,54.7104,6.551189999999999,13.446166666666667
25.26269,54.682542,25.2615,54.7104,4.5506,8.41
25.27702,54.675695,25.2615,54.7104,5.52194,10.142333333333333
25.27702,54.675695,25.2615,54.7104,5.52194,10.142333333333333
25.271557,54.659942,25.2615,54.7104,7.11205,15.217
25.297238,54.680824,25.2615,54.7104,6.336939999999999,13.762166666666667
25.297238,54.680824,25.2615,54.7104,6.336939999999999,13.762166666666667
25.297238,54.680824,25.2615,54.7104,6.336939999999999,13.762166666666667
25.297238,54.680824,25.2615,54.7104,6.336939999999999,13.762166666666667
25.297238,54.680824,25.2615,54.7104,6.336939999999999,13.762166666666667
25.297238,54.680824,25.2615,54.7104,6.336939999999999,13.762166666666667
25.280077,54.706114,25.2615,54.7104,3.27869,6.902833333333334
25.246893,54.669956,25.2615,54.7104,6.44501,10.826500000000001
25.267288,54.674236,25.2615,54.7104,5.4418999999999995,11.013333333333332
25.283092,54.679923,25.2615,54.7104,5.1820900000000005,10.750833333333333
25.163368,54.704867,25.2615,54.7104,8.41982,17.60033333333333
25.176378,54.715913,25.2615,54.7104,7.89647,16.150166666666667
25.283905,54.712915,25.2615,54.7104,2.87939,6.283166666666667
25.248863,54.699099,25.2615,54.7104,3.5194099999999997,7.126166666666666
25.284838,54.676755,25.2615,54.7104,5.70808,10.996166666666666
25.23347,54.67438,25.2615,54.7104,7.7003900000000005,14.538499999999999
25.223195,54.738766,25.2615,54.7104,5.085310000000001,10.443666666666667
25.25402,54.702194,25.2615,54.7104,3.56616,6.8935
25.267781,54.671687,25.2615,54.7104,5.690729999999999,11.436
25.317149,54.675538,25.2615,54.7104,8.096359999999999,16.199833333333334
25.225337,54.706865,25.2615,54.7104,2.93747,6.641666666666667
25.094456,54.66919,25.2615,54.7104,16.25794,22.145
25.267814,54.671349,25.2615,54.7104,5.7006000000000006,11.452833333333333
25.290967,54.666249,25.2615,54.7104,7.66101,15.517666666666665
25.279489,54.684957,25.2615,54.7104,4.85222,10.401
25.276251,54.702299,25.2615,54.7104,3.01457,6.157
25.297939,54.72154,25.2615,54.7104,3.69466,7.816666666666666
25.297939,54.72154,25.2615,54.7104,3.69466,7.816666666666666
25.297939,54.72154,25.2615,54.7104,3.69466,7.816666666666666
25.297939,54.72154,25.2615,54.7104,3.69466,7.816666666666666
25.297939,54.72154,25.2615,54.7104,3.69466,7.816666666666666
25.297939,54.72154,25.2615,54.7104,3.69466,7.816666666666666
25.297939,54.72154,25.2615,54.7104,3.69466,7.816666666666666
25.297939,54.72154,25.2615,54.7104,3.69466,7.816666666666666
25.297939,54.72154,25.2615,54.7104,3.69466,7.816666666666666
25.297939,54.72154,25.2615,54.7104,3.69466,7.816666666666666
25.297939,54.72154,25.2615,54.7104,3.69466,7.816666666666666
25.297939,54.72154,25.2615,54.7104,3.69466,7.816666666666666
25.297939,54.72154,25.2615,54.7104,3.69466,7.816666666666666
25.297939,54.72154,25.2615,54.7104,3.69466,7.816666666666666
25.25478,54.669718,25.2615,54.7104,7.4728699999999995,13.864
25.242903,54.728128,25.2615,54.7104,3.1176,8.2215
25.316227,54.681794,25.2615,54.7104,6.91545,13.873166666666666
25.425725,54.689249,25.2615,54.7104,14.95645,25.843
25.260995,54.610029,25.2615,54.7104,16.884040000000002,28.142999999999997
25.220489,54.695276,25.2615,54.7104,4.24288,8.411833333333332
25.273365,54.740546,25.2615,54.7104,4.97091,8.332833333333333
25.20328,54.708941,25.2615,54.7104,6.361260000000001,12.497166666666667
25.215903,54.732399,25.2615,54.7104,5.0615,10.1495
25.221867,54.719231,25.2615,54.7104,3.61687,6.8655
25.285644,54.713088,25.2615,54.7104,2.7748000000000004,5.595166666666667
25.253948,54.73968,25.2615,54.7104,3.74706,8.782333333333334
25.283844,54.683946,25.2615,54.7104,5.30034,10.796333333333333
25.28109,54.719572,25.2615,54.7104,2.68059,6.601166666666667
25.275263,54.701861,25.2615,54.7104,3.17791,6.244833333333333
25.306401,54.696552,25.2615,54.7104,5.72442,12.543166666666668
25.255551,54.630742,25.2615,54.7104,12.51855,22.142999999999997
25.300391,54.678996,25.2615,54.7104,6.786359999999999,14.9765
25.300391,54.678996,25.2615,54.7104,6.786359999999999,14.9765
25.263123,54.683748,25.2615,54.7104,4.30025,8.108166666666667
25.263123,54.683748,25.2615,54.7104,4.30025,8.108166666666667
25.263123,54.683748,25.2615,54.7104,4.30025,8.108166666666667
25.263123,54.683748,25.2615,54.7104,4.30025,8.108166666666667
25.263123,54.683748,25.2615,54.7104,4.30025,8.108166666666667
25.263123,54.683748,25.2615,54.7104,4.30025,8.108166666666667
25.263123,54.683748,25.2615,54.7104,4.30025,8.108166666666667
25.263123,54.683748,25.2615,54.7104,4.30025,8.108166666666667
25.263123,54.683748,25.2615,54.7104,4.30025,8.108166666666667
25.263123,54.683748,25.2615,54.7104,4.30025,8.108166666666667
25.263123,54.683748,25.2615,54.7104,4.30025,8.108166666666667
25.234285,54.674768,25.2615,54.7104,7.663189999999999,14.389666666666667
25.29082,54.683739,25.2615,54.7104,5.982399999999999,12.572333333333335
25.253948,54.73968,25.2615,54.7104,3.74706,8.782333333333334
25.280442,54.712762,25.2615,54.7104,2.93545,5.923500000000001
25.28937,54.681694,25.2615,54.7104,5.79975,12.773833333333332
25.40083,54.692489,25.2615,54.7104,13.440610000000001,22.3795
25.278495,54.679861,25.2615,54.7104,5.4578500000000005,10.810666666666666
25.285354,54.673462,25.2615,54.7104,5.81678,10.831
25.19385,54.659512,25.2615,54.7104,10.15234,18.800833333333333
25.281782,54.690531,25.2615,54.7104,4.22903,7.561000000000001
25.281782,54.690531,25.2615,54.7104,4.22903,7.561000000000001
25.297038,54.698147,25.2615,54.7104,4.437,8.695
25.312947,54.712566,25.2615,54.7104,5.760770000000001,11.3545
25.425085,54.688698,25.2615,54.7104,15.35305,25.994000000000003
25.390725,54.710092,25.2615,54.7104,11.02017,21.0535
25.317147,54.717395,25.2615,54.7104,6.27051,12.125499999999999
25.303169,54.68126,25.2615,54.7104,6.72753,15.301333333333334
25.285354,54.673462,25.2615,54.7104,5.81678,10.831
25.316215,54.706428,25.2615,54.7104,5.5808,11.705166666666665
25.316544,54.675397,25.2615,54.7104,8.04592,16.02616666666667
25.269804,54.658958,25.2615,54.7104,7.29879,15.912833333333333
25.218058,54.73194,25.2615,54.7104,4.9143,9.266333333333334
25.297302,54.722203,25.2615,54.7104,3.62203,7.526166666666667
25.292658,54.675065,25.2615,54.7104,6.2683800000000005,12.194666666666667
25.292658,54.675065,25.2615,54.7104,6.2683800000000005,12.194666666666667
25.292658,54.675065,25.2615,54.7104,6.2683800000000005,12.194666666666667
25.288891,54.681538,25.2615,54.7104,5.84108,13.09
25.302002,54.726132,25.2615,54.7104,4.32021,10.107
25.265631,54.72837,25.2615,54.7104,2.9931300000000003,6.094833333333333
25.25263,54.702166,25.2615,54.7104,3.59244,6.9565
25.344468,54.666347,25.2615,54.7104,11.215819999999999,20.43933333333333
25.344468,54.666347,25.2615,54.7104,11.215819999999999,20.43933333333333
25.2668,54.68265,25.2615,54.7104,4.495220000000001,8.196166666666667
25.282427,54.680576,25.2615,54.7104,5.097270000000001,10.411666666666667
25.31034,54.70754,25.2615,54.7104,5.1401,10.369
25.27871,54.681492,25.2615,54.7104,4.80135,9.049333333333333
25.280671,54.673085,25.2615,54.7104,5.86012,11.908333333333333
25.276086,54.727496,25.2615,54.7104,4.31237,7.320333333333334
25.287895,54.698334,25.2615,54.7104,4.186649999999999,8.3655
25.250994,54.677096,25.2615,54.7104,5.48823,9.206999999999999
25.232229,54.733803,25.2615,54.7104,4.09145,8.411666666666667
25.28168,54.68087,25.2615,54.7104,5.03778,10.173666666666666
25.214746,54.71836,25.2615,54.7104,3.8091500000000003,7.309
25.261608,54.642764,25.2615,54.7104,11.19415,19.112833333333334
25.265958,54.739974,25.2615,54.7104,4.59315,7.546333333333333
25.304595,54.676207,25.2615,54.7104,7.25504,14.607166666666666
25.32139,54.72321,25.2615,54.7104,6.13726,13.039833333333332
25.22541,54.717404,25.2615,54.7104,3.24994,6.433833333333333
25.210939,54.718504,25.2615,54.7104,3.9400399999999998,7.8004999999999995
25.280002,54.661689,25.2615,54.7104,7.38834,16.445
25.312586,54.708986,25.2615,54.7104,5.28698,10.674333333333333
25.312586,54.708986,25.2615,54.7104,5.28698,10.674333333333333
25.312586,54.708986,25.2615,54.7104,5.28698,10.674333333333333
25.312586,54.708986,25.2615,54.7104,5.28698,10.674333333333333
25.307014,54.678207,25.2615,54.7104,7.53688,15.327833333333333
25.286089,54.674812,25.2615,54.7104,5.917050000000001,11.493166666666667
25.30039,54.704701,25.2615,54.7104,4.5325299999999995,9.184833333333334
25.2184,54.716557,25.2615,54.7104,3.44995,6.845666666666667
25.30449,54.681404,25.2615,54.7104,6.9995,15.066166666666668
25.221886,54.738302,25.2615,54.7104,4.963229999999999,10.077333333333334
25.284395,54.712,25.2615,54.7104,2.89893,6.287999999999999
25.378973,54.692531,25.2615,54.7104,13.949770000000001,23.0255
25.291691,54.707993,25.2615,54.7104,3.51198,7.260833333333333
25.19924,54.645144,25.2615,54.7104,10.74386,17.348333333333336
25.29016,54.683104,25.2615,54.7104,6.01094,12.613
25.210095,54.681796,25.2615,54.7104,6.12624,11.538499999999999
25.220585,54.710172,25.2615,54.7104,3.4372,6.7379999999999995
25.21684,54.705749,25.2615,54.7104,4.04919,7.9783333333333335
25.168734,54.67079,25.2615,54.7104,10.51848,16.37333333333333
25.282419,54.713136,25.2615,54.7104,2.87866,5.696333333333333
25.26583,54.673868,25.2615,54.7104,5.5871,11.3825
25.168734,54.67079,25.2615,54.7104,10.51848,16.37333333333333
25.212067,54.666885,25.2615,54.7104,9.13376,17.884666666666664
25.297302,54.722203,25.2615,54.7104,3.62203,7.526166666666667
25.283757,54.713416,25.2615,54.7104,2.98706,6.13
25.31999,54.711739,25.2615,54.7104,5.976109999999999,11.974833333333333
25.418568,54.694299,25.2615,54.7104,14.1809,23.419666666666668
25.231811,54.733288,25.2615,54.7104,4.16746,8.715666666666667
25.231811,54.733288,25.2615,54.7104,4.16746,8.715666666666667
25.231811,54.733288,25.2615,54.7104,4.16746,8.715666666666667
25.231811,54.733288,25.2615,54.7104,4.16746,8.715666666666667
25.231811,54.733288,25.2615,54.7104,4.16746,8.715666666666667
25.231811,54.733288,25.2615,54.7104,4.16746,8.715666666666667
25.231811,54.733288,25.2615,54.7104,4.16746,8.715666666666667
25.231811,54.733288,25.2615,54.7104,4.16746,8.715666666666667
25.231811,54.733288,25.2615,54.7104,4.16746,8.715666666666667
25.231811,54.733288,25.2615,54.7104,4.16746,8.715666666666667
25.231811,54.733288,25.2615,54.7104,4.16746,8.715666666666667
25.191114,54.754266,25.2615,54.7104,9.92511,19.170666666666666
25.19924,54.645144,25.2615,54.7104,10.74386,17.348333333333336
25.263342,54.692096,25.2615,54.7104,4.46006,8.357833333333334
25.274853,54.712128,25.2615,54.7104,2.0964699999999996,4.689666666666667
25.19922,54.647668,25.2615,54.7104,10.942200000000001,18.4525
25.212526,54.698676,25.2615,54.7104,4.61214,9.573666666666666
25.418568,54.694299,25.2615,54.7104,14.1809,23.419666666666668
25.095033,54.666756,25.2615,54.7104,16.330370000000002,22.273333333333333
25.395612,54.711193,25.2615,54.7104,11.36308,22.425833333333333
25.27677,54.702298,25.2615,54.7104,3.33504,6.641666666666667
25.218489,54.720767,25.2615,54.7104,3.88656,7.930833333333334
25.40932,54.68882,25.2615,54.7104,14.18999,24.082
25.316896,54.677245,25.2615,54.7104,7.5908500000000005,15.570833333333333
25.280707,54.676367,25.2615,54.7104,5.394640000000001,9.825166666666666
25.091746,54.669545,25.2615,54.7104,16.63982,23.298333333333336
25.228746,54.721298,25.2615,54.7104,3.31279,6.364
25.295876,54.693449,25.2615,54.7104,4.45961,9.954166666666667
25.234984,54.726463,25.2615,54.7104,3.33397,6.4385
25.246029,54.674181,25.2615,54.7104,6.04352,10.325999999999999
25.27702,54.675695,25.2615,54.7104,5.52194,10.142333333333333
25.27671,54.677265,25.2615,54.7104,5.3453100000000004,9.718333333333334
25.250953,54.701196,25.2615,54.7104,3.82843,7.640833333333333
25.215826,54.720613,25.2615,54.7104,4.0934,7.699666666666667
25.279816,54.671688,25.2615,54.7104,6.07542,11.410833333333333
25.210448,54.67335,25.2615,54.7104,7.87338,14.7265
25.289029,54.676399,25.2615,54.7104,6.12365,13.104999999999999
25.282698,54.672476,25.2615,54.7104,5.97107,11.094333333333333
25.305124,54.676143,25.2615,54.7104,7.255529999999999,14.609166666666665
25.192139,54.661182,25.2615,54.7104,9.7925,16.660666666666668
25.248348,54.697013,25.2615,54.7104,3.5668699999999998,7.176333333333333
25.287288,54.674281,25.2615,54.7104,5.87305,11.175833333333333
25.28051,54.677085,25.2615,54.7104,5.28755,9.592333333333332
25.275795,54.680279,25.2615,54.7104,5.06843,9.135
25.391359,54.709976,25.2615,54.7104,11.07063,21.255999999999997
25.391359,54.709976,25.2615,54.7104,11.07063,21.255999999999997
25.217262,54.712749,25.2615,54.7104,4.1479,7.790666666666667
25.391831,54.710559,25.2615,54.7104,11.10435,21.390833333333333
25.288818,54.715776,25.2615,54.7104,2.90448,5.8895
25.288405,54.68012,25.2615,54.7104,5.73379,13.090833333333334
25.264342,54.677051,25.2615,54.7104,5.14795,10.187166666666666
25.301399,54.682373,25.2615,54.7104,6.77307,13.971166666666667
25.242764,54.718167,25.2615,54.7104,2.23318,5.331
25.275057,54.663344,25.2615,54.7104,6.7220699999999995,14.352833333333333
25.29082,54.683739,25.2615,54.7104,5.982399999999999,12.572333333333335
25.25904,54.757779,25.2615,54.7104,6.7189700000000006,10.039666666666667
25.274011,54.689976,25.2615,54.7104,3.81421,7.202833333333333
25.283502,54.674812,25.2615,54.7104,6.0374,11.347166666666668
25.274378,54.741092,25.2615,54.7104,4.97618,8.3445
25.284102,54.677292,25.2615,54.7104,5.81258,11.623166666666666
25.214749,54.664796,25.2615,54.7104,9.02987,17.342333333333332
25.214749,54.664796,25.2615,54.7104,9.02987,17.342333333333332
25.214749,54.664796,25.2615,54.7104,9.02987,17.342333333333332
25.214749,54.664796,25.2615,54.7104,9.02987,17.342333333333332
25.214749,54.664796,25.2615,54.7104,9.02987,17.342333333333332
25.214749,54.664796,25.2615,54.7104,9.02987,17.342333333333332
25.214749,54.664796,25.2615,54.7104,9.02987,17.342333333333332
25.258883,54.672938,25.2615,54.7104,6.2423,10.845333333333334
25.280093,54.672237,25.2615,54.7104,6.0275,11.399666666666667
25.299096,54.723161,25.2615,54.7104,4.02808,8.454833333333333
25.310612,54.704198,25.2615,54.7104,4.873270000000001,9.729666666666667
25.283876,54.710251,25.2615,54.7104,3.26342,7.0665000000000004
25.3212,54.712814,25.2615,54.7104,6.20662,12.629
25.282012,54.660999,25.2615,54.7104,7.423970000000001,16.626333333333335
25.273651,54.697696,25.2615,54.7104,3.00164,5.8
25.240295,54.73654,25.2615,54.7104,4.63798,8.957666666666666
25.271503,54.682264,25.2615,54.7104,4.811109999999999,8.999500000000001
25.270472,54.687484,25.2615,54.7104,3.86473,7.032666666666667
25.376965,54.694597,25.2615,54.7104,11.4109,19.816666666666666
25.264483,54.69237,25.2615,54.7104,2.95106,4.9725
25.289619,54.674009,25.2615,54.7104,6.024430000000001,11.539166666666667
25.203209,54.718814,25.2615,54.7104,4.56912,8.985999999999999
25.21732,54.7206,25.2615,54.7104,4.17896,8.097833333333334
25.28003,54.702816,25.2615,54.7104,3.1714,6.473666666666667
25.275795,54.680279,25.2615,54.7104,5.06843,9.135
25.314616,54.678211,25.2615,54.7104,7.39795,14.707666666666666
25.248458,54.674068,25.2615,54.7104,5.77031,9.270833333333334
25.225981,54.698713,25.2615,54.7104,4.24622,9.58
25.213379,54.731072,25.2615,54.7104,5.054609999999999,9.785333333333334
25.357013,54.654815,25.2615,54.7104,12.29093,23.290833333333335
25.357013,54.654815,25.2615,54.7104,12.29093,23.290833333333335
25.20369,54.68923,25.2615,54.7104,5.82241,11.554499999999999
25.214746,54.71836,25.2615,54.7104,3.8091500000000003,7.309
25.210426,54.690778,25.2615,54.7104,5.8498,11.370833333333334
25.291322,54.716499,25.2615,54.7104,2.75178,5.4355
25.289872,54.672233,25.2615,54.7104,6.5267100000000005,12.269166666666667
25.29957,54.681024,25.2615,54.7104,6.48808,14.365833333333335
25.287506,54.717581,25.2615,54.7104,3.16497,6.329833333333334
25.258501,54.674365,25.2615,54.7104,6.33929,11.402
25.2599,54.69037,25.2615,54.7104,3.48847,6.092
25.273717,54.701612,25.2615,54.7104,3.0327800000000003,6.254833333333334
25.397936,54.70207,25.2615,54.7104,11.54102,23.189
25.29082,54.683739,25.2615,54.7104,5.982399999999999,12.572333333333335
25.291033,54.676453,25.2615,54.7104,6.25308,13.596499999999999
25.22777,54.71849,25.2615,54.7104,3.36712,6.615333333333334
25.289979,54.681081,25.2615,54.7104,6.30333,13.3315
25.296482,54.720077,25.2615,54.7104,3.2697399999999996,6.5295
25.24821,54.691987,25.2615,54.7104,3.97517,8.413833333333333
25.336995,54.729879,25.2615,54.7104,6.581270000000001,13.168333333333333
25.336995,54.729879,25.2615,54.7104,6.581270000000001,13.168333333333333
25.43004,54.693492,25.2615,54.7104,15.03238,25.06116666666667
25.318217,54.71786,25.2615,54.7104,6.650939999999999,12.9495
25.19924,54.645144,25.2615,54.7104,10.74386,17.348333333333336
25.336193,54.761402,25.2615,54.7104,12.3596,19.8445
25.336193,54.761402,25.2615,54.7104,12.3596,19.8445
25.336193,54.761402,25.2615,54.7104,12.3596,19.8445
25.336193,54.761402,25.2615,54.7104,12.3596,19.8445
25.336193,54.761402,25.2615,54.7104,12.3596,19.8445
25.336193,54.761402,25.2615,54.7104,12.3596,19.8445
25.336193,54.761402,25.2615,54.7104,12.3596,19.8445
25.336193,54.761402,25.2615,54.7104,12.3596,19.8445
25.336193,54.761402,25.2615,54.7104,12.3596,19.8445
25.336193,54.761402,25.2615,54.7104,12.3596,19.8445
25.336193,54.761402,25.2615,54.7104,12.3596,19.8445
25.336193,54.761402,25.2615,54.7104,12.3596,19.8445
25.336193,54.761402,25.2615,54.7104,12.3596,19.8445
25.336193,54.761402,25.2615,54.7104,12.3596,19.8445
25.336193,54.761402,25.2615,54.7104,12.3596,19.8445
25.336193,54.761402,25.2615,54.7104,12.3596,19.8445
25.336193,54.761402,25.2615,54.7104,12.3596,19.8445
25.336193,54.761402,25.2615,54.7104,12.3596,19.8445
25.336193,54.761402,25.2615,54.7104,12.3596,19.8445
25.273717,54.701612,25.2615,54.7104,3.0327800000000003,6.254833333333334
25.216535,54.73856,25.2615,54.7104,5.909050000000001,11.737833333333333
25.273066,54.676067,25.2615,54.7104,5.614739999999999,10.365
25.267814,54.671349,25.2615,54.7104,5.7006000000000006,11.452833333333333
25.271156,54.740008,25.2615,54.7104,4.79471,8.174833333333334
25.285354,54.673462,25.2615,54.7104,5.81678,10.831
25.285354,54.673462,25.2615,54.7104,5.81678,10.831
25.253325,54.697456,25.2615,54.7104,3.23158,6.386166666666667
25.308382,54.712698,25.2615,54.7104,4.12725,9.119166666666667
25.280721,54.677804,25.2615,54.7104,5.979850000000001,12.479166666666666
25.217111,54.739098,25.2615,54.7104,5.96287,11.968166666666667
25.258501,54.674365,25.2615,54.7104,6.33929,11.402
25.224996,54.696651,25.2615,54.7104,4.22381,9.593833333333333
25.276306,54.689888,25.2615,54.7104,3.70179,7.055000000000001
25.425583,54.684393,25.2615,54.7104,15.1867,25.1405
25.28384,54.688147,25.2615,54.7104,4.7419899999999995,9.727833333333333
25.177411,54.713819,25.2615,54.7104,7.37449,15.114666666666666
25.176264,54.709706,25.2615,54.7104,7.12635,14.552166666666666
25.218183,54.702075,25.2615,54.7104,3.8846700000000003,8.177166666666666
25.173846,54.704652,25.2615,54.7104,7.46384,14.835
25.234115,54.732018,25.2615,54.7104,3.7611,7.604333333333333
25.312301,54.671512,25.2615,54.7104,8.25558,17.829833333333333
25.419712,54.687144,25.2615,54.7104,14.98025,25.068499999999997
25.30468,54.679111,25.2615,54.7104,7.06213,15.968666666666667
25.212813,54.711611,25.2615,54.7104,4.23673,7.716333333333334
25.230967,54.716036,25.2615,54.7104,2.5521100000000003,4.644833333333334
25.208375,54.675765,25.2615,54.7104,7.63501,14.730666666666668
25.29896,54.720673,25.2615,54.7104,3.46949,7.047666666666667
25.272327,54.70829,25.2615,54.7104,2.8633200000000003,6.505333333333334
25.289331,54.66468,25.2615,54.7104,7.94921,15.875499999999999
25.226092,54.694364,25.2615,54.7104,4.99651,10.0565
25.267796,54.675255,25.2615,54.7104,5.20967,10.247166666666667
25.247569,54.721189,25.2615,54.7104,2.21946,5.022
25.282143,54.69283,25.2615,54.7104,3.70221,7.940833333333333
25.27212,54.739687,25.2615,54.7104,4.74092,7.917
25.318304,54.712115,25.2615,54.7104,5.855060000000001,11.531
25.275827,54.696402,25.2615,54.7104,2.99158,5.7219999999999995
25.303413,54.677751,25.2615,54.7104,7.60663,15.831666666666667
25.289406,54.717109,25.2615,54.7104,2.91689,6.306
25.215944,54.701856,25.2615,54.7104,3.95279,8.260166666666667
25.094359,54.672105,25.2615,54.7104,16.76362,23.60216666666667
25.230754,54.712376,25.2615,54.7104,3.10017,5.975666666666667
25.258872,54.678795,25.2615,54.7104,5.04096,9.8475
25.218183,54.702075,25.2615,54.7104,3.8846700000000003,8.177166666666666
25.217083,54.712214,25.2615,54.7104,4.13467,7.737666666666667
25.239781,54.718981,25.2615,54.7104,3.00691,7.181666666666667
25.277296,54.7015,25.2615,54.7104,3.33278,6.636166666666667
25.272052,54.68081,25.2615,54.7104,5.00042,9.236500000000001
25.165242,54.713285,25.2615,54.7104,8.8655,18.223333333333336
25.165242,54.713285,25.2615,54.7104,8.8655,18.223333333333336
25.165242,54.713285,25.2615,54.7104,8.8655,18.223333333333336
25.165242,54.713285,25.2615,54.7104,8.8655,18.223333333333336
25.165242,54.713285,25.2615,54.7104,8.8655,18.223333333333336
25.165242,54.713285,25.2615,54.7104,8.8655,18.223333333333336
25.165242,54.713285,25.2615,54.7104,8.8655,18.223333333333336
25.165242,54.713285,25.2615,54.7104,8.8655,18.223333333333336
25.165242,54.713285,25.2615,54.7104,8.8655,18.223333333333336
25.165242,54.713285,25.2615,54.7104,8.8655,18.223333333333336
25.272707,54.680872,25.2615,54.7104,5.00176,9.103333333333333
25.309383,54.682683,25.2615,54.7104,6.60254,13.708333333333334
25.369454,54.720045,25.2615,54.7104,9.796370000000001,23.26066666666667
25.293714,54.694706,25.2615,54.7104,4.25213,9.402
25.291914,54.674215,25.2615,54.7104,6.1627,11.922666666666666
25.319422,54.677381,25.2615,54.7104,7.7742700000000005,16.226333333333333
25.319422,54.677381,25.2615,54.7104,7.7742700000000005,16.226333333333333
25.266067,54.678944,25.2615,54.7104,4.80543,9.144666666666666
25.244372,54.717176,25.2615,54.7104,2.19786,5.272666666666667
25.2287,54.726878,25.2615,54.7104,4.2825299999999995,8.7545
25.276626,54.676709,25.2615,54.7104,5.406569999999999,9.865499999999999
25.272141,54.744994,25.2615,54.7104,5.44086,9.559833333333334
25.30377,54.666765,25.2615,54.7104,7.885479999999999,14.720333333333334
25.30377,54.666765,25.2615,54.7104,7.885479999999999,14.720333333333334
25.414512,54.688452,25.2615,54.7104,14.32292,23.756333333333334
25.093443,54.671635,25.2615,54.7104,16.79366,23.735833333333336
25.261077,54.678571,25.2615,54.7104,5.084569999999999,10.2775
25.283563,54.67663,25.2615,54.7104,5.70975,10.888
25.304247,54.681494,25.2615,54.7104,7.01441,15.125666666666666
25.275827,54.696402,25.2615,54.7104,2.99158,5.7219999999999995
25.27566,54.671443,25.2615,54.7104,6.14402,11.495666666666667
25.272776,54.663503,25.2615,54.7104,7.22866,16.068833333333334
25.23099,54.715363,25.2615,54.7104,2.5401,5.122
25.23099,54.715363,25.2615,54.7104,2.5401,5.122
25.23099,54.715363,25.2615,54.7104,2.5401,5.122
25.23099,54.715363,25.2615,54.7104,2.5401,5.122
25.23099,54.715363,25.2615,54.7104,2.5401,5.122
25.23099,54.715363,25.2615,54.7104,2.5401,5.122
25.259166,54.657314,25.2615,54.7104,10.826709999999999,17.894000000000002
25.300235,54.700086,25.2615,54.7104,5.14054,10.067
25.32327,54.734083,25.2615,54.7104,5.81424,12.389166666666666
25.294772,54.73408,25.2615,54.7104,6.29017,13.303666666666667
25.266198,54.682573,25.2615,54.7104,4.4847,8.199666666666667
25.272696,54.670873,25.2615,54.7104,6.03058,11.832833333333333
25.258842,54.675051,25.2615,54.7104,6.2689200000000005,11.1205
25.187182,54.711039,25.2615,54.7104,6.93618,14.304499999999999
25.368043,54.725525,25.2615,54.7104,10.98838,22.826166666666666
25.303413,54.677751,25.2615,54.7104,7.60663,15.831666666666667
25.303413,54.677751,25.2615,54.7104,7.60663,15.831666666666667
25.297388,54.679995,25.2615,54.7104,6.731310000000001,15.001833333333334
25.312037,54.674886,25.2615,54.7104,7.75028,15.381499999999999
25.275322,54.680412,25.2615,54.7104,5.101430000000001,9.200999999999999
25.348619,54.798727,25.2615,54.7104,14.4275,21.526833333333332
25.16365,54.708634,25.2615,54.7104,8.04224,16.083666666666666
25.21251,54.700989,25.2615,54.7104,4.907640000000001,10.325
25.28074,54.658728,25.2615,54.7104,7.61457,17.1175
25.27665,54.676012,25.2615,54.7104,5.49287,10.0945
25.184398,54.658914,25.2615,54.7104,10.561530000000001,19.642999999999997
25.184398,54.658914,25.2615,54.7104,10.561530000000001,19.642999999999997
25.293482,54.676252,25.2615,54.7104,6.51345,13.296333333333333
25.248162,54.698887,25.2615,54.7104,3.5063400000000002,7.1365
25.25395,54.681236,25.2615,54.7104,5.25611,10.236500000000001
25.302307,54.739693,25.2615,54.7104,6.4403999999999995,13.880833333333333
25.243758,54.6987,25.2615,54.7104,3.9108899999999998,7.6055
25.29494,54.673607,25.2615,54.7104,6.4736,12.866333333333333
25.224099,54.733836,25.2615,54.7104,4.567489999999999,9.736666666666668
25.320748,54.720184,25.2615,54.7104,6.77263,13.436333333333332
25.28937,54.681694,25.2615,54.7104,5.79975,12.773833333333332
25.226605,54.736735,25.2615,54.7104,4.86391,9.609833333333334
25.238872,54.716279,25.2615,54.7104,2.2438200000000004,5.884
25.218183,54.702075,25.2615,54.7104,3.8846700000000003,8.177166666666666
25.259166,54.657314,25.2615,54.7104,10.826709999999999,17.894000000000002
25.301617,54.679381,25.2615,54.7104,6.86983,15.310333333333334
25.27737,54.687383,25.2615,54.7104,4.1662,7.718500000000001
25.252232,54.653129,25.2615,54.7104,11.689440000000001,21.344833333333334
25.265578,54.677406,25.2615,54.7104,5.17185,10.282833333333334
25.28298,54.672908,25.2615,54.7104,5.91982,11.0175
25.29184,54.716837,25.2615,54.7104,2.7816199999999998,5.6146666666666665
25.296914,54.694241,25.2615,54.7104,5.083939999999999,10.277
25.275604,54.710746,25.2615,54.7104,2.32567,5.642666666666667
25.194191,54.659794,25.2615,54.7104,10.123,18.6835
25.307949,54.703469,25.2615,54.7104,5.081300000000001,10.745166666666668
25.282427,54.683549,25.2615,54.7104,4.85947,10.966000000000001
25.259926,54.675006,25.2615,54.7104,6.48029,11.793333333333333
25.288976,54.675257,25.2615,54.7104,6.22983,13.518166666666668
25.206511,54.675673,25.2615,54.7104,7.6526499999999995,14.258000000000001
25.306424,54.713925,25.2615,54.7104,3.95754,8.618833333333333
25.23386,54.673057,25.2615,54.7104,7.52313,13.756833333333333
25.256402,54.658098,25.2615,54.7104,10.91067,18.229833333333332
25.30728,54.682365,25.2615,54.7104,6.81912,14.557666666666668
25.30955,54.68365,25.2615,54.7104,6.6381000000000006,13.913
25.2606,54.690062,25.2615,54.7104,3.56425,6.394666666666667
25.257314,54.673255,25.2615,54.7104,6.348229999999999,11.289666666666667
25.243755,54.674644,25.2615,54.7104,5.829149999999999,9.6625
25.321667,54.726541,25.2615,54.7104,5.550520000000001,12.808833333333332
25.321667,54.726541,25.2615,54.7104,5.550520000000001,12.808833333333332
25.246583,54.675036,25.2615,54.7104,5.65339,9.4645
25.253948,54.73968,25.2615,54.7104,3.74706,8.782333333333334
25.336445,54.763176,25.2615,54.7104,12.10708,19.075166666666668
25.278945,54.680022,25.2615,54.7104,5.68283,11.600166666666667
25.306149,54.696375,25.2615,54.7104,5.7377,12.596166666666667
25.244259,54.673239,25.2615,54.7104,5.85505,9.7605
25.282188,54.720355,25.2615,54.7104,3.2678499999999997,6.8741666666666665
25.24339,54.71113,25.2615,54.7104,2.26413,5.287833333333333
25.262933,54.683635,25.2615,54.7104,4.31382,8.162333333333333
25.30419,54.71722,25.2615,54.7104,3.94981,8.387
25.277814,54.634542,25.2615,54.7104,12.181280000000001,21.084999999999997
25.201137,54.675606,25.2615,54.7104,7.09999,13.16
25.28111,54.672397,25.2615,54.7104,6.089689999999999,11.643666666666666
25.28111,54.672397,25.2615,54.7104,6.089689999999999,11.643666666666666
25.28111,54.672397,25.2615,54.7104,6.089689999999999,11.643666666666666
25.28111,54.672397,25.2615,54.7104,6.089689999999999,11.643666666666666
25.28111,54.672397,25.2615,54.7104,6.089689999999999,11.643666666666666
25.307014,54.678207,25.2615,54.7104,7.53688,15.327833333333333
25.1756,54.70894,25.2615,54.7104,7.3247,14.287
25.183205,54.713536,25.2615,54.7104,7.16284,14.577833333333333
25.306846,54.692943,25.2615,54.7104,5.47072,11.255833333333333
25.283924,54.676136,25.2615,54.7104,5.61781,10.4545
25.307978,54.702216,25.2615,54.7104,5.2631499999999996,11.290666666666668
25.29806,54.717621,25.2615,54.7104,3.26519,6.8925
25.2745,54.668792,25.2615,54.7104,6.25318,12.300666666666666
25.288025,54.724173,25.2615,54.7104,3.5851599999999997,7.605333333333333
25.27931,54.661747,25.2615,54.7104,7.40354,16.448
25.287506,54.717581,25.2615,54.7104,3.16497,6.329833333333334
25.283489,54.696196,25.2615,54.7104,3.68628,7.7695
25.317504,54.676134,25.2615,54.7104,7.8002,16.3165
25.255916,54.697476,25.2615,54.7104,2.96602,5.847833333333333
25.260323,54.696307,25.2615,54.7104,2.98637,6.095833333333333
25.093226,54.67275,25.2615,54.7104,16.67064,23.29416666666667
25.399701,54.700842,25.2615,54.7104,14.13433,23.76516666666667
25.314959,54.699568,25.2615,54.7104,5.78322,12.120333333333333
25.267716,54.731555,25.2615,54.7104,3.97485,6.5405
25.299096,54.723161,25.2615,54.7104,4.02808,8.454833333333333
25.27948,54.684957,25.2615,54.7104,4.8528,10.402666666666667
25.298279,54.701044,25.2615,54.7104,5.40629,11.148
25.170716,54.708656,25.2615,54.7104,7.66343,15.232666666666667
25.231168,54.721201,25.2615,54.7104,3.22217,6.376
25.261806,54.682804,25.2615,54.7104,4.44288,8.719166666666666
25.21137,54.723796,25.2615,54.7104,4.54186,9.115333333333332
25.27842,54.732336,25.2615,54.7104,4.22417,7.9965
25.280002,54.661689,25.2615,54.7104,7.38834,16.445
25.28487,54.716418,25.2615,54.7104,2.4449699999999996,4.750166666666667
25.2287,54.726878,25.2615,54.7104,4.2825299999999995,8.7545
25.282143,54.69283,25.2615,54.7104,3.70221,7.940833333333333
25.261648,54.757651,25.2615,54.7104,6.929810000000001,10.4675
25.276825,54.634818,25.2615,54.7104,12.059569999999999,20.800666666666665
25.265994,54.661093,25.2615,54.7104,7.25551,16.137
25.2567,54.718724,25.2615,54.7104,1.3092300000000001,3.0498333333333334
25.176464,54.711398,25.2615,54.7104,7.25975,14.636166666666666
25.276569,54.690404,25.2615,54.7104,3.98563,7.398666666666667
25.21129,54.691254,25.2615,54.7104,5.59296,10.893
25.348549,54.722628,25.2615,54.7104,7.979100000000001,16.783333333333335
25.213471,54.720492,25.2615,54.7104,3.99821,7.693
25.224734,54.73215,25.2615,54.7104,4.428229999999999,9.153333333333334
25.365724,54.668014,25.2615,54.7104,12.44183,22.9415
25.280181,54.677809,25.2615,54.7104,6.01585,12.695166666666667
25.164644,54.707291,25.2615,54.7104,8.19498,16.592833333333335
25.412042,54.689899,25.2615,54.7104,13.97124,23.244333333333334
25.288111,54.704256,25.2615,54.7104,3.77318,7.814666666666667
25.219556,54.679188,25.2615,54.7104,6.92925,12.811166666666667
25.312301,54.671512,25.2615,54.7104,8.25558,17.829833333333333
25.303283,54.678149,25.2615,54.7104,7.70896,16.240833333333335
25.272585,54.681699,25.2615,54.7104,5.13483,9.361166666666666
25.278913,54.670903,25.2615,54.7104,6.16579,11.596499999999999
25.190723,54.661079,25.2615,54.7104,9.8784,17.0095
25.194404,54.659477,25.2615,54.7104,10.15931,18.828833333333332
25.27702,54.675695,25.2615,54.7104,5.52194,10.142333333333333
25.274777,54.702989,25.2615,54.7104,2.8678600000000003,5.754833333333334
25.214535,54.736942,25.2615,54.7104,5.77764,10.726666666666667
25.312947,54.712566,25.2615,54.7104,5.760770000000001,11.3545
25.273792,54.676833,25.2615,54.7104,5.6502,10.5995
25.273792,54.676833,25.2615,54.7104,5.6502,10.5995
25.261241,54.756577,25.2615,54.7104,6.55594,9.768833333333333
25.308041,54.704456,25.2615,54.7104,4.99371,10.494333333333334
25.274714,54.685698,25.2615,54.7104,4.218979999999999,7.725333333333333
25.214535,54.736942,25.2615,54.7104,5.77764,10.726666666666667
25.271556,54.662935,25.2615,54.7104,7.11865,15.473666666666666
25.158895,54.71926,25.2615,54.7104,9.07452,17.6665
25.279026,54.699711,25.2615,54.7104,3.6298000000000004,8.101166666666666
25.205543,54.640844,25.2615,54.7104,10.32367,16.718666666666667
25.372481,54.727453,25.2615,54.7104,10.47092,20.756333333333334
25.283721,54.712069,25.2615,54.7104,2.89893,6.287999999999999
25.274605,54.676307,25.2615,54.7104,5.88013,10.979166666666666
25.282678,54.684211,25.2615,54.7104,4.77277,10.445666666666666
25.289976,54.679454,25.2615,54.7104,6.45109,13.922500000000001
25.34218,54.66426,25.2615,54.7104,10.674959999999999,19.199666666666666
25.277466,54.702177,25.2615,54.7104,3.3249299999999997,6.617333333333334
25.263234,54.756363,25.2615,54.7104,6.47309,10.047166666666667
25.31848,54.67728,25.2615,54.7104,7.66842,15.7895
25.255283,54.702824,25.2615,54.7104,3.4438,6.801333333333333
25.273663,54.691121,25.2615,54.7104,3.81241,6.8415
25.226767,54.738021,25.2615,54.7104,4.76571,9.010333333333334
25.282143,54.69283,25.2615,54.7104,3.70221,7.940833333333333
25.287373,54.720344,25.2615,54.7104,3.28073,6.3545
25.102143,54.66932,25.2615,54.7104,15.69788,20.334999999999997
25.178422,54.712102,25.2615,54.7104,7.16622,14.441166666666668
25.280522,54.678465,25.2615,54.7104,5.24229,9.527833333333332
25.272878,54.686658,25.2615,54.7104,4.0435,7.339166666666667
25.286001,54.674124,25.2615,54.7104,5.99139,11.7905
25.26242,54.683583,25.2615,54.7104,4.35505,8.370333333333333
25.275795,54.680279,25.2615,54.7104,5.06843,9.135
25.279298,54.687467,25.2615,54.7104,4.49707,8.494
25.27604,54.674645,25.2615,54.7104,5.9420399999999995,11.457333333333334
25.28747,54.678262,25.2615,54.7104,6.01874,12.652666666666667
25.294605,54.694735,25.2615,54.7104,4.29335,9.319166666666666
25.3024,54.679159,25.2615,54.7104,6.92003,15.400333333333332
25.30564,54.67756,25.2615,54.7104,7.49234,15.374500000000001
25.303897,54.686322,25.2615,54.7104,6.979439999999999,14.549000000000001
25.282737,54.677562,25.2615,54.7104,5.8274,11.5645
25.265318,54.680812,25.2615,54.7104,4.54959,8.318999999999999
25.265318,54.680812,25.2615,54.7104,4.54959,8.318999999999999
25.265318,54.680812,25.2615,54.7104,4.54959,8.318999999999999
25.265318,54.680812,25.2615,54.7104,4.54959,8.318999999999999
25.265318,54.680812,25.2615,54.7104,4.54959,8.318999999999999
25.265318,54.680812,25.2615,54.7104,4.54959,8.318999999999999
25.265318,54.680812,25.2615,54.7104,4.54959,8.318999999999999
25.265318,54.680812,25.2615,54.7104,4.54959,8.318999999999999
25.265318,54.680812,25.2615,54.7104,4.54959,8.318999999999999
25.265318,54.680812,25.2615,54.7104,4.54959,8.318999999999999
25.265318,54.680812,25.2615,54.7104,4.54959,8.318999999999999
25.265318,54.680812,25.2615,54.7104,4.54959,8.318999999999999
25.265318,54.680812,25.2615,54.7104,4.54959,8.318999999999999
25.265318,54.680812,25.2615,54.7104,4.54959,8.318999999999999
25.265318,54.680812,25.2615,54.7104,4.54959,8.318999999999999
25.282366,54.686647,25.2615,54.7104,4.49746,8.7865
25.246022,54.733007,25.2615,54.7104,3.5171300000000003,7.455166666666667
25.210939,54.718504,25.2615,54.7104,3.9400399999999998,7.8004999999999995
25.223413,54.739168,25.2615,54.7104,5.1151800000000005,10.588166666666666
25.21212,54.718666,25.2615,54.7104,3.81737,7.1899999999999995
25.265116,54.756145,25.2615,54.7104,6.29367,9.917499999999999
25.202993,54.675875,25.2615,54.7104,7.62195,14.406
25.401398,54.694659,25.2615,54.7104,13.47355,22.563166666666667
25.401398,54.694659,25.2615,54.7104,13.47355,22.563166666666667
25.401398,54.694659,25.2615,54.7104,13.47355,22.563166666666667
25.401398,54.694659,25.2615,54.7104,13.47355,22.563166666666667
25.401398,54.694659,25.2615,54.7104,13.47355,22.563166666666667
25.401398,54.694659,25.2615,54.7104,13.47355,22.563166666666667
25.218398,54.696013,25.2615,54.7104,5.225479999999999,10.350166666666667
25.175153,54.714443,25.2615,54.7104,7.7463500000000005,15.549666666666667
25.219979,54.710491,25.2615,54.7104,3.48902,6.945166666666666
25.288711,54.6914,25.2615,54.7104,4.29149,9.131166666666667
25.261562,54.672411,25.2615,54.7104,5.9720699999999995,12.579
25.18067,54.716384,25.2615,54.7104,7.579680000000001,15.359
25.270824,54.678,25.2615,54.7104,5.2034899999999995,9.7905
25.27677,54.702298,25.2615,54.7104,3.33504,6.641666666666667
25.234115,54.732018,25.2615,54.7104,3.7611,7.604333333333333
25.277993,54.719296,25.2615,54.7104,2.57361,6.166166666666667
25.231253,54.725885,25.2615,54.7104,3.8298,7.084333333333333
25.231253,54.725885,25.2615,54.7104,3.8298,7.084333333333333
25.231253,54.725885,25.2615,54.7104,3.8298,7.084333333333333
25.231253,54.725885,25.2615,54.7104,3.8298,7.084333333333333
25.231253,54.725885,25.2615,54.7104,3.8298,7.084333333333333
25.231253,54.725885,25.2615,54.7104,3.8298,7.084333333333333
25.231253,54.725885,25.2615,54.7104,3.8298,7.084333333333333
25.231253,54.725885,25.2615,54.7104,3.8298,7.084333333333333
25.231253,54.725885,25.2615,54.7104,3.8298,7.084333333333333
25.231253,54.725885,25.2615,54.7104,3.8298,7.084333333333333
25.241196,54.669982,25.2615,54.7104,6.3733,10.690833333333334
25.26493,54.676879,25.2615,54.7104,5.15913,10.134166666666665
25.302833,54.679489,25.2615,54.7104,6.95718,15.549000000000001
25.291911,54.692309,25.2615,54.7104,4.34056,9.327666666666666
25.256516,54.681304,25.2615,54.7104,5.34522,11.235833333333334
25.391359,54.709976,25.2615,54.7104,11.07063,21.255999999999997
25.252466,54.689083,25.2615,54.7104,4.0785,7.922166666666667
25.250425,54.699079,25.2615,54.7104,3.26685,6.5175
25.253948,54.73968,25.2615,54.7104,3.74706,8.782333333333334
25.26583,54.673868,25.2615,54.7104,5.5871,11.3825
25.266365,54.686441,25.2615,54.7104,3.9112,6.976166666666667
25.266365,54.686441,25.2615,54.7104,3.9112,6.976166666666667
25.267796,54.675255,25.2615,54.7104,5.20967,10.247166666666667
25.283588,54.708533,25.2615,54.7104,3.27427,7.2945
25.165151,54.713529,25.2615,54.7104,8.76594,17.825
25.241079,54.66491,25.2615,54.7104,7.81918,14.01
25.15119,54.619174,25.2615,54.7104,19.111279999999997,26.002833333333335
25.267015,54.670351,25.2615,54.7104,5.90118,11.873166666666666
25.211887,54.707485,25.2615,54.7104,4.5579,8.546666666666665
25.262879,54.756139,25.2615,54.7104,6.444229999999999,9.935
25.223195,54.738766,25.2615,54.7104,5.085310000000001,10.443666666666667
25.241899,54.673009,25.2615,54.7104,6.014399999999999,9.932833333333333
25.226808,54.73562,25.2615,54.7104,4.40268,9.118
25.289872,54.672233,25.2615,54.7104,6.5267100000000005,12.269166666666667
25.263342,54.692096,25.2615,54.7104,4.46006,8.357833333333334
25.205356,54.73307,25.2615,54.7104,6.43479,12.779166666666667
25.228625,54.676533,25.2615,54.7104,7.52817,14.209833333333334
25.228437,54.677116,25.2615,54.7104,7.48404,14.157166666666665
25.319942,54.713094,25.2615,54.7104,6.12041,12.284333333333333
25.277777,54.679897,25.2615,54.7104,4.933529999999999,8.865333333333332
25.297939,54.72154,25.2615,54.7104,3.69466,7.816666666666666
25.294238,54.676801,25.2615,54.7104,6.551189999999999,13.446166666666667
25.27737,54.687383,25.2615,54.7104,4.1662,7.718500000000001
25.269771,54.682136,25.2615,54.7104,4.92666,9.486333333333333
25.233443,54.671153,25.2615,54.7104,7.32484,13.1335
25.235432,54.670822,25.2615,54.7104,7.134399999999999,12.579333333333333
25.235432,54.670822,25.2615,54.7104,7.134399999999999,12.579333333333333
25.214198,54.721468,25.2615,54.7104,4.11479,7.9975000000000005
25.260323,54.696307,25.2615,54.7104,2.98637,6.095833333333333
25.280273,54.67313,25.2615,54.7104,5.86414,11.932500000000001
25.278581,54.664167,25.2615,54.7104,6.8083800000000005,14.744166666666667
25.241743,54.71652,25.2615,54.7104,1.9643499999999998,4.907666666666667
25.2668,54.68265,25.2615,54.7104,4.495220000000001,8.196166666666667
25.28701,54.710757,25.2615,54.7104,2.8952199999999997,5.783166666666667
25.272292,54.702403,25.2615,54.7104,3.11063,6.4030000000000005
25.265932,54.675131,25.2615,54.7104,5.33425,10.693166666666666
25.289431,54.683221,25.2615,54.7104,6.01148,12.615166666666665
25.218183,54.702075,25.2615,54.7104,3.8846700000000003,8.177166666666666
25.262808,54.741412,25.2615,54.7104,4.40172,8.118666666666666
25.287597,54.679675,25.2615,54.7104,5.66212,12.804166666666667
25.263055,54.732104,25.2615,54.7104,3.89915,7.9885
25.289336,54.674566,25.2615,54.7104,6.25179,13.606
25.221,54.739475,25.2615,54.7104,5.28542,10.4275
25.174369,54.706552,25.2615,54.7104,7.25315,14.495166666666668
25.23115,54.713098,25.2615,54.7104,2.4776599999999998,5.519833333333334
25.283002,54.678887,25.2615,54.7104,5.32727,11.331666666666667
25.315915,54.71595,25.2615,54.7104,6.06062,11.423666666666666
25.248127,54.711761,25.2615,54.7104,1.1925,3.0311666666666666
25.267015,54.670351,25.2615,54.7104,5.90118,11.873166666666666
25.207286,54.674394,25.2615,54.7104,7.6537299999999995,14.616333333333333
25.258321,54.757617,25.2615,54.7104,6.67859,9.877999999999998
25.275941,54.684972,25.2615,54.7104,4.3466499999999995,7.861000000000001
25.202917,54.709365,25.2615,54.7104,6.12665,11.774333333333335
25.181425,54.712428,25.2615,54.7104,7.01297,14.068166666666666
25.311521,54.696649,25.2615,54.7104,5.775399999999999,11.395666666666667
25.423163,54.695341,25.2615,54.7104,14.414729999999999,23.744000000000003
25.291979,54.694059,25.2615,54.7104,4.15066,9.004666666666667
25.267812,54.689362,25.2615,54.7104,3.52846,6.339333333333333
25.267812,54.689362,25.2615,54.7104,3.52846,6.339333333333333
25.267812,54.689362,25.2615,54.7104,3.52846,6.339333333333333
25.254659,54.696644,25.2615,54.7104,3.1096500000000002,6.203333333333333
25.215484,54.682879,25.2615,54.7104,6.599399999999999,12.302833333333332
25.210939,54.718504,25.2615,54.7104,3.9400399999999998,7.8004999999999995
25.340467,54.649143,25.2615,54.7104,12.244729999999999,23.330333333333332
25.177411,54.713819,25.2615,54.7104,7.37449,15.114666666666666
25.177411,54.713819,25.2615,54.7104,7.37449,15.114666666666666
25.177411,54.713819,25.2615,54.7104,7.37449,15.114666666666666
25.177411,54.713819,25.2615,54.7104,7.37449,15.114666666666666
25.177411,54.713819,25.2615,54.7104,7.37449,15.114666666666666
25.296283,54.679862,25.2615,54.7104,6.7885,15.3605
25.240782,54.719117,25.2615,54.7104,3.03796,7.253
25.212599,54.749126,25.2615,54.7104,6.261699999999999,11.838833333333334
25.238901,54.722582,25.2615,54.7104,2.71761,5.894333333333334
25.209986,54.723173,25.2615,54.7104,4.3878900000000005,8.499500000000001
25.320703,54.724876,25.2615,54.7104,5.512989999999999,12.666
25.182289,54.70393,25.2615,54.7104,7.0347,14.444166666666666
25.227235,54.725863,25.2615,54.7104,4.1417,8.303333333333333
25.29151,54.678153,25.2615,54.7104,6.55672,14.345
25.282348,54.672158,25.2615,54.7104,6.04716,11.213166666666666
25.3042,54.684394,25.2615,54.7104,6.78566,13.9855
25.320594,54.708862,25.2615,54.7104,6.10276,11.866333333333333
25.320594,54.708862,25.2615,54.7104,6.10276,11.866333333333333
25.191602,54.663001,25.2615,54.7104,9.71717,16.731666666666666
25.323151,54.705462,25.2615,54.7104,5.91498,12.965166666666667
25.26493,54.676879,25.2615,54.7104,5.15913,10.134166666666665
25.217088,54.696282,25.2615,54.7104,5.16201,10.286333333333333
25.298177,54.704947,25.2615,54.7104,4.2826,8.575
25.288044,54.716137,25.2615,54.7104,2.96763,6.138333333333334
25.210794,54.717589,25.2615,54.7104,4.06745,7.9943333333333335
25.302333,54.683861,25.2615,54.7104,6.74593,13.8425
25.284648,54.673757,25.2615,54.7104,5.78188,10.735000000000001
25.27566,54.671443,25.2615,54.7104,6.14402,11.495666666666667
25.253948,54.73968,25.2615,54.7104,3.74706,8.782333333333334
25.303957,54.675757,25.2615,54.7104,7.22349,14.414833333333332
25.202706,54.67402,25.2615,54.7104,7.39113,13.871166666666666
25.231373,54.714552,25.2615,54.7104,2.42571,4.727333333333333
25.302833,54.679489,25.2615,54.7104,6.95718,15.549000000000001
25.307014,54.678207,25.2615,54.7104,7.53688,15.327833333333333
25.190723,54.661079,25.2615,54.7104,9.8784,17.0095
25.27677,54.702298,25.2615,54.7104,3.33504,6.641666666666667
25.28791,54.676685,25.2615,54.7104,6.05333,12.7485
25.127278,54.637435,25.2615,54.7104,15.88019,24.40216666666667
25.25956,54.69623,25.2615,54.7104,3.48015,7.098
25.250768,54.682706,25.2615,54.7104,5.2862,10.104000000000001
25.316341,54.714778,25.2615,54.7104,6.02149,11.631666666666666
25.26422,54.68001,25.2615,54.7104,5.12622,10.427666666666665
25.270604,54.69987,25.2615,54.7104,2.72662,5.1865
25.228912,54.751839,25.2615,54.7104,6.566439999999999,14.568166666666666
25.241079,54.66491,25.2615,54.7104,7.81918,14.01
25.28003,54.702816,25.2615,54.7104,3.1714,6.473666666666667
25.401398,54.694659,25.2615,54.7104,13.47355,22.563166666666667
25.212266,54.694766,25.2615,54.7104,5.13175,10.871333333333332
25.255905,54.726565,25.2615,54.7104,2.34098,5.071833333333333
25.261077,54.678571,25.2615,54.7104,5.084569999999999,10.2775
25.2711,54.752279,25.2615,54.7104,6.0095,8.9665
25.178752,54.705645,25.2615,54.7104,7.025390000000001,14.4755
25.279632,54.672196,25.2615,54.7104,6.02259,11.318999999999999
25.278966,54.662332,25.2615,54.7104,7.00923,15.741999999999999
25.279632,54.672196,25.2615,54.7104,6.02259,11.318999999999999
25.249667,54.708185,25.2615,54.7104,1.69743,4.565833333333333
25.287506,54.717581,25.2615,54.7104,3.16497,6.329833333333334
25.277376,54.675283,25.2615,54.7104,5.574439999999999,10.268333333333334
25.217067,54.707288,25.2615,54.7104,3.99107,8.011166666666666
25.264553,54.673422,25.2615,54.7104,5.73553,11.976166666666668
25.324281,54.705858,25.2615,54.7104,6.03733,13.4545
25.236553,54.727097,25.2615,54.7104,3.2694099999999997,6.46
25.26583,54.673868,25.2615,54.7104,5.5871,11.3825
25.222567,54.739023,25.2615,54.7104,5.03796,10.306000000000001
25.29739,54.717997,25.2615,54.7104,3.1244699999999996,6.4110000000000005
25.28665,54.712811,25.2615,54.7104,2.6300700000000004,4.975333333333333
25.234285,54.674768,25.2615,54.7104,7.663189999999999,14.389666666666667
25.256152,54.69798,25.2615,54.7104,3.08806,6.281499999999999
25.280627,54.672126,25.2615,54.7104,6.08842,11.568000000000001
25.268808,54.739157,25.2615,54.7104,4.5890200000000005,7.542
25.247319,54.724112,25.2615,54.7104,2.64561,6.0395
25.281529,54.779307,25.2615,54.7104,9.41826,14.845
25.252232,54.653129,25.2615,54.7104,11.689440000000001,21.344833333333334
25.267323,54.736718,25.2615,54.7104,4.42295,7.246833333333333
25.28771,54.68198,25.2615,54.7104,5.60896,11.920666666666667
25.279557,54.68014,25.2615,54.7104,5.6414,11.434500000000002
25.27739,54.63608,25.2615,54.7104,11.957799999999999,20.424166666666668
25.273491,54.741556,25.2615,54.7104,5.06993,8.641666666666667
25.273491,54.741556,25.2615,54.7104,5.06993,8.641666666666667
25.273491,54.741556,25.2615,54.7104,5.06993,8.641666666666667
25.273491,54.741556,25.2615,54.7104,5.06993,8.641666666666667
25.273491,54.741556,25.2615,54.7104,5.06993,8.641666666666667
25.273491,54.741556,25.2615,54.7104,5.06993,8.641666666666667
25.293813,54.676177,25.2615,54.7104,6.52649,13.349666666666668
25.261388,54.67013,25.2615,54.7104,6.56124,11.9645
25.203102,54.687801,25.2615,54.7104,5.97787,12.095166666666668
25.314125,54.674633,25.2615,54.7104,7.875310000000001,15.634666666666668
25.249828,54.695095,25.2615,54.7104,3.5285900000000003,7.2405
25.29815,54.694437,25.2615,54.7104,4.9876499999999995,9.901333333333334
25.293312,54.729109,25.2615,54.7104,4.57778,8.606833333333332
25.295287,54.703746,25.2615,54.7104,4.18771,8.5165
25.303013,54.709104,25.2615,54.7104,3.90977,8.121500000000001
25.272292,54.702403,25.2615,54.7104,3.11063,6.4030000000000005
25.256402,54.658098,25.2615,54.7104,10.91067,18.229833333333332
25.274111,54.715595,25.2615,54.7104,3.64354,6.489833333333333
25.274111,54.715595,25.2615,54.7104,3.64354,6.489833333333333
25.275604,54.710746,25.2615,54.7104,2.32567,5.642666666666667
25.251634,54.69863,25.2615,54.7104,3.17392,6.238666666666666
25.274111,54.715595,25.2615,54.7104,3.64354,6.489833333333333
25.183491,54.712069,25.2615,54.7104,7.12926,14.4745
25.286811,54.696344,25.2615,54.7104,4.07221,8.873833333333332
25.306149,54.696375,25.2615,54.7104,5.7377,12.596166666666667
25.287343,54.673921,25.2615,54.7104,5.96035,11.470833333333333
25.308997,54.701766,25.2615,54.7104,5.4812899999999996,12.105500000000001
25.320477,54.725193,25.2615,54.7104,5.49557,12.596333333333332
25.274111,54.715595,25.2615,54.7104,3.64354,6.489833333333333
25.224726,54.707841,25.2615,54.7104,2.95272,6.716333333333334
25.224726,54.707841,25.2615,54.7104,2.95272,6.716333333333334
25.224726,54.707841,25.2615,54.7104,2.95272,6.716333333333334
25.224726,54.707841,25.2615,54.7104,2.95272,6.716333333333334
25.224726,54.707841,25.2615,54.7104,2.95272,6.716333333333334
25.224726,54.707841,25.2615,54.7104,2.95272,6.716333333333334
25.356809,54.676781,25.2615,54.7104,10.861540000000002,20.86466666666667
25.255551,54.630742,25.2615,54.7104,12.51855,22.142999999999997
25.332988,54.745719,25.2615,54.7104,7.96152,16.843333333333334
25.163092,54.723557,25.2615,54.7104,8.13326,17.918833333333335
25.260118,54.688972,25.2615,54.7104,3.69136,6.473166666666667
25.237235,54.735413,25.2615,54.7104,4.128430000000001,7.944833333333333
25.277384,54.660577,25.2615,54.7104,7.06054,15.241166666666667
25.216541,54.67653,25.2615,54.7104,7.032520000000001,13.15
25.216516,54.737201,25.2615,54.7104,5.7764,11.091833333333334
25.291819,54.675784,25.2615,54.7104,6.41959,12.875499999999999
25.223229,54.695908,25.2615,54.7104,4.47983,9.177999999999999
25.31416,54.71355,25.2615,54.7104,5.87737,11.488333333333333
25.29942,54.666424,25.2615,54.7104,7.58997,14.422666666666666
25.411995,54.688745,25.2615,54.7104,14.132299999999999,23.868833333333335
25.210939,54.718504,25.2615,54.7104,3.9400399999999998,7.8004999999999995
25.281908,54.671934,25.2615,54.7104,6.06752,11.248
25.281625,54.699012,25.2615,54.7104,3.9054,7.803166666666667
25.415124,54.700591,25.2615,54.7104,15.06574,25.343166666666665
25.281625,54.699012,25.2615,54.7104,3.9054,7.803166666666667
25.281625,54.699012,25.2615,54.7104,3.9054,7.803166666666667
25.215818,54.69608,25.2615,54.7104,5.107810000000001,10.0695
25.29494,54.673607,25.2615,54.7104,6.4736,12.866333333333333
25.29449,54.674094,25.2615,54.7104,6.414560000000001,12.630166666666666
25.261467,54.682517,25.2615,54.7104,4.63576,8.5695
25.183928,54.710568,25.2615,54.7104,7.18108,14.482666666666667
25.300322,54.681149,25.2615,54.7104,6.5325299999999995,14.468166666666667
25.241431,54.672162,25.2615,54.7104,6.1128800000000005,10.145833333333334
25.272052,54.68081,25.2615,54.7104,5.00042,9.236500000000001
25.258321,54.757617,25.2615,54.7104,6.67859,9.877999999999998
25.279678,54.672046,25.2615,54.7104,6.03052,11.271833333333332
25.185787,54.663527,25.2615,54.7104,9.9794,17.683833333333332
25.272528,54.709505,25.2615,54.7104,2.46163,6.2225
25.234656,54.722507,25.2615,54.7104,3.22572,6.632833333333334
25.278471,54.664556,25.2615,54.7104,6.780399999999999,14.660166666666667
25.293382,54.702627,25.2615,54.7104,3.97663,8.372833333333334
25.294238,54.676801,25.2615,54.7104,6.551189999999999,13.446166666666667
25.287893,54.678647,25.2615,54.7104,6.08178,13.002166666666666
25.29586,54.67649,25.2615,54.7104,6.5978699999999995,12.725833333333332
25.213594,54.694647,25.2615,54.7104,5.25077,10.563333333333333
25.261013,54.668896,25.2615,54.7104,6.52446,11.706166666666666
25.244259,54.673239,25.2615,54.7104,5.85505,9.7605
25.28295,54.721144,25.2615,54.7104,3.21271,6.883333333333334
25.390725,54.710092,25.2615,54.7104,11.02017,21.0535
25.16352,54.707186,25.2615,54.7104,8.24211,16.734166666666667
25.23347,54.67438,25.2615,54.7104,7.7003900000000005,14.538499999999999
25.314616,54.678211,25.2615,54.7104,7.39795,14.707666666666666
25.314616,54.678211,25.2615,54.7104,7.39795,14.707666666666666
25.314616,54.678211,25.2615,54.7104,7.39795,14.707666666666666
25.314616,54.678211,25.2615,54.7104,7.39795,14.707666666666666
25.314616,54.678211,25.2615,54.7104,7.39795,14.707666666666666
25.314616,54.678211,25.2615,54.7104,7.39795,14.707666666666666
25.314616,54.678211,25.2615,54.7104,7.39795,14.707666666666666
25.314616,54.678211,25.2615,54.7104,7.39795,14.707666666666666
25.314616,54.678211,25.2615,54.7104,7.39795,14.707666666666666
25.279258,54.700329,25.2615,54.7104,4.03017,8.0305
25.221216,54.711064,25.2615,54.7104,3.34037,6.577666666666667
25.28749,54.679588,25.2615,54.7104,5.650270000000001,12.756833333333333
25.30377,54.666765,25.2615,54.7104,7.885479999999999,14.720333333333334
25.171398,54.714632,25.2615,54.7104,8.20003,16.857
25.237598,54.695036,25.2615,54.7104,4.463979999999999,8.857333333333335
25.227996,54.734915,25.2615,54.7104,4.325819999999999,8.887333333333334
25.442351,54.694177,25.2615,54.7104,15.74427,26.74233333333333
25.258243,54.697586,25.2615,54.7104,2.82699,5.668833333333334
25.279515,54.666115,25.2615,54.7104,7.04331,14.8535
25.309167,54.683774,25.2615,54.7104,6.66308,14.012833333333333
25.292412,54.6763,25.2615,54.7104,6.43445,12.944833333333333
25.231168,54.721201,25.2615,54.7104,3.22217,6.376
25.241079,54.66491,25.2615,54.7104,7.81918,14.01
25.28573,54.677294,25.2615,54.7104,5.80488,11.576833333333333
25.27566,54.671443,25.2615,54.7104,6.14402,11.495666666666667
25.277408,54.67983,25.2615,54.7104,4.9550600000000005,8.908333333333333
25.257152,54.717124,25.2615,54.7104,1.07887,2.420666666666667
25.278553,54.67558,25.2615,54.7104,5.655390000000001,10.4625
25.17743,54.711814,25.2615,54.7104,7.20728,14.534500000000001
25.229778,54.718257,25.2615,54.7104,3.04256,5.774166666666667
25.239441,54.669853,25.2615,54.7104,6.4591199999999995,10.893
25.252483,54.654109,25.2615,54.7104,11.54122,20.752
25.252483,54.654109,25.2615,54.7104,11.54122,20.752
25.252483,54.654109,25.2615,54.7104,11.54122,20.752
25.252483,54.654109,25.2615,54.7104,11.54122,20.752
25.252483,54.654109,25.2615,54.7104,11.54122,20.752
25.252483,54.654109,25.2615,54.7104,11.54122,20.752
25.252483,54.654109,25.2615,54.7104,11.54122,20.752
25.252483,54.654109,25.2615,54.7104,11.54122,20.752
25.252483,54.654109,25.2615,54.7104,11.54122,20.752
25.252483,54.654109,25.2615,54.7104,11.54122,20.752
25.252483,54.654109,25.2615,54.7104,11.54122,20.752
25.228437,54.677116,25.2615,54.7104,7.48404,14.157166666666665
25.228437,54.677116,25.2615,54.7104,7.48404,14.157166666666665
25.228437,54.677116,25.2615,54.7104,7.48404,14.157166666666665
25.228437,54.677116,25.2615,54.7104,7.48404,14.157166666666665
25.228625,54.676533,25.2615,54.7104,7.52817,14.209833333333334
25.228625,54.676533,25.2615,54.7104,7.52817,14.209833333333334
25.283876,54.710251,25.2615,54.7104,3.26342,7.0665000000000004
25.281987,54.676235,25.2615,54.7104,5.42579,9.799666666666667
25.277597,54.683044,25.2615,54.7104,4.57803,8.255833333333333
25.272075,54.705477,25.2615,54.7104,2.6067199999999997,5.435333333333333
25.292046,54.684736,25.2615,54.7104,6.094609999999999,12.994
25.22456,54.727062,25.2615,54.7104,4.33659,8.890666666666668
25.320996,54.725691,25.2615,54.7104,5.324520000000001,11.780833333333334
25.176464,54.711398,25.2615,54.7104,7.25975,14.636166666666666
25.224284,54.718101,25.2615,54.7104,4.080010000000001,8.122833333333334
25.315801,54.677433,25.2615,54.7104,7.4954,15.097333333333333
25.289577,54.708706,25.2615,54.7104,3.23493,6.559833333333333
25.26329,54.686407,25.2615,54.7104,3.73595,6.159166666666667
25.291345,54.706357,25.2615,54.7104,3.6499099999999998,7.6659999999999995
25.28541,54.719834,25.2615,54.7104,3.0749,6.370666666666667
25.218183,54.702075,25.2615,54.7104,3.8846700000000003,8.177166666666666
25.251348,54.70835,25.2615,54.7104,1.75156,4.9025
25.189054,54.680391,25.2615,54.7104,7.67051,12.534833333333333
25.252786,54.667496,25.2615,54.7104,7.22575,12.875666666666666
25.302621,54.727049,25.2615,54.7104,4.5755,10.245666666666667
25.288025,54.724173,25.2615,54.7104,3.5851599999999997,7.605333333333333
25.305835,54.715532,25.2615,54.7104,4.0119,8.5815
25.368043,54.725525,25.2615,54.7104,10.98838,22.826166666666666
25.368043,54.725525,25.2615,54.7104,10.98838,22.826166666666666
25.411573,54.775075,25.2615,54.7104,14.43498,23.436333333333334
25.215999,54.730686,25.2615,54.7104,4.930770000000001,9.417833333333334
25.279557,54.68014,25.2615,54.7104,5.6414,11.434500000000002
25.279557,54.68014,25.2615,54.7104,5.6414,11.434500000000002
25.252232,54.653129,25.2615,54.7104,11.689440000000001,21.344833333333334
25.275249,54.690009,25.2615,54.7104,3.63173,6.759666666666666
25.287651,54.683779,25.2615,54.7104,5.311529999999999,10.731
25.264339,54.690782,25.2615,54.7104,3.21538,5.770833333333333
25.259903,54.674233,25.2615,54.7104,6.46093,11.677166666666666
25.251474,54.679234,25.2615,54.7104,5.64816,9.903333333333334
25.256911,54.738625,25.2615,54.7104,4.79352,8.957833333333333
25.299751,54.678796,25.2615,54.7104,7.944100000000001,16.851833333333335
25.288323,54.694704,25.2615,54.7104,3.8370100000000003,8.090833333333332
25.313883,54.67805,25.2615,54.7104,7.3576999999999995,14.550333333333333
25.20913,54.67206,25.2615,54.7104,7.757,14.350666666666665
25.270466,54.675766,25.2615,54.7104,5.61844,10.888666666666667
25.265353,54.685579,25.2615,54.7104,4.00717,7.244
25.242265,54.71274,25.2615,54.7104,2.21152,4.7685
25.313701,54.711788,25.2615,54.7104,5.65698,11.103666666666667
25.23092,54.742014,25.2615,54.7104,4.93626,9.984
25.245631,54.711431,25.2615,54.7104,1.22117,3.2336666666666667
25.228625,54.676533,25.2615,54.7104,7.52817,14.209833333333334
25.249667,54.708185,25.2615,54.7104,1.69743,4.565833333333333
25.275827,54.696402,25.2615,54.7104,2.99158,5.7219999999999995
25.287653,54.667523,25.2615,54.7104,7.46056,14.668000000000001
25.180795,54.715131,25.2615,54.7104,7.35276,15.074833333333334
25.23347,54.67438,25.2615,54.7104,7.7003900000000005,14.538499999999999
25.264068,54.677194,25.2615,54.7104,5.178649999999999,10.309833333333334
25.188155,54.711145,25.2615,54.7104,7.3487,14.873166666666666
25.265504,54.676719,25.2615,54.7104,5.13356,10.057500000000001
25.302244,54.681647,25.2615,54.7104,6.6816,15.0645
25.279515,54.666115,25.2615,54.7104,7.04331,14.8535
25.283804,54.662371,25.2615,54.7104,7.464720000000001,15.890666666666668
25.36608,54.67052,25.2615,54.7104,12.63512,23.053
25.277586,54.698469,25.2615,54.7104,3.39898,7.249666666666667
25.429428,54.686559,25.2615,54.7104,15.44293,25.9325
25.312301,54.671512,25.2615,54.7104,8.25558,17.829833333333333
25.280002,54.661689,25.2615,54.7104,7.38834,16.445
25.312301,54.671512,25.2615,54.7104,8.25558,17.829833333333333
25.315032,54.697481,25.2615,54.7104,6.067189999999999,12.017
25.305279,54.695938,25.2615,54.7104,5.55443,11.911
25.41808,54.698079,25.2615,54.7104,14.92273,26.44183333333333
25.270715,54.728605,25.2615,54.7104,3.9893400000000003,6.840833333333333
25.27003,54.680862,25.2615,54.7104,4.910729999999999,9.331
25.343906,54.735844,25.2615,54.7104,7.431100000000001,14.055666666666667
25.25181,54.654197,25.2615,54.7104,11.50959,20.6255
25.288338,54.670173,25.2615,54.7104,6.9949200000000005,13.330666666666668
25.234285,54.674768,25.2615,54.7104,7.663189999999999,14.389666666666667
25.303588,54.681359,25.2615,54.7104,7.0586199999999995,15.3025
25.411573,54.775075,25.2615,54.7104,14.43498,23.436333333333334
25.27759,54.68342,25.2615,54.7104,4.5356499999999995,8.183166666666667
25.297956,54.680887,25.2615,54.7104,6.3771700000000004,13.846833333333333
25.258541,54.757936,25.2615,54.7104,6.71093,10.071333333333333
25.28798,54.724955,25.2615,54.7104,3.67189,7.952166666666667
25.296718,54.693197,25.2615,54.7104,4.94316,10.087833333333332
25.188807,54.663073,25.2615,54.7104,9.89992,17.285833333333336
25.216722,54.674157,25.2615,54.7104,7.3499300000000005,13.809166666666666
25.425925,54.68327,25.2615,54.7104,15.63411,26.336333333333336
25.312016,54.727406,25.2615,54.7104,5.1104899999999995,10.961166666666665
25.281625,54.699012,25.2615,54.7104,3.9054,7.803166666666667
25.281625,54.699012,25.2615,54.7104,3.9054,7.803166666666667
25.281625,54.699012,25.2615,54.7104,3.9054,7.803166666666667
25.274297,54.674776,25.2615,54.7104,5.8377799999999995,11.140666666666668
25.261417,54.643235,25.2615,54.7104,11.14128,19.263166666666667
25.248918,54.676459,25.2615,54.7104,5.4527,8.902166666666666
25.208113,54.672208,25.2615,54.7104,7.811529999999999,14.455333333333334
25.289147,54.70725,25.2615,54.7104,3.39044,7.075166666666666
25.188083,54.662552,25.2615,54.7104,9.88114,17.21066666666667
25.290216,54.682162,25.2615,54.7104,6.26733,13.600166666666667
25.215914,54.680776,25.2615,54.7104,6.74791,12.314833333333333
25.205473,54.748733,25.2615,54.7104,6.59878,13.189
25.205473,54.748733,25.2615,54.7104,6.59878,13.189
25.205473,54.748733,25.2615,54.7104,6.59878,13.189
25.205473,54.748733,25.2615,54.7104,6.59878,13.189
25.205473,54.748733,25.2615,54.7104,6.59878,13.189
25.205473,54.748733,25.2615,54.7104,6.59878,13.189
25.205473,54.748733,25.2615,54.7104,6.59878,13.189
25.205473,54.748733,25.2615,54.7104,6.59878,13.189
25.205473,54.748733,25.2615,54.7104,6.59878,13.189
25.205473,54.748733,25.2615,54.7104,6.59878,13.189
25.205473,54.748733,25.2615,54.7104,6.59878,13.189
25.272453,54.700617,25.2615,54.7104,2.9058699999999997,5.5168333333333335
25.261746,54.756017,25.2615,54.7104,6.59904,9.898166666666667
25.227411,54.740873,25.2615,54.7104,4.91725,9.828333333333335
25.213414,54.716025,25.2615,54.7104,4.03373,7.899166666666667
25.28225,54.684908,25.2615,54.7104,4.6905,9.944166666666666
25.210939,54.718504,25.2615,54.7104,3.9400399999999998,7.8004999999999995
25.210939,54.718504,25.2615,54.7104,3.9400399999999998,7.8004999999999995
25.273768,54.729281,25.2615,54.7104,4.18032,7.218833333333333
25.30419,54.71722,25.2615,54.7104,3.94981,8.387
25.278306,54.675587,25.2615,54.7104,5.63952,10.4245
25.294605,54.674411,25.2615,54.7104,6.40301,12.515166666666666
25.249353,54.67504,25.2615,54.7104,5.783060000000001,9.478333333333333
25.290851,54.728896,25.2615,54.7104,4.36434,10.849333333333334
25.094359,54.672105,25.2615,54.7104,16.76362,23.60216666666667
25.307553,54.681809,25.2615,54.7104,6.8373,14.688833333333333
25.281649,54.679706,25.2615,54.7104,5.48351,10.621833333333333
25.226602,54.743512,25.2615,54.7104,5.15076,10.484666666666667
25.177411,54.713819,25.2615,54.7104,7.37449,15.114666666666666
25.281625,54.699012,25.2615,54.7104,3.9054,7.803166666666667
25.281088,54.690049,25.2615,54.7104,5.06136,11.711833333333335
25.272327,54.70829,25.2615,54.7104,2.8633200000000003,6.505333333333334
25.24959,54.692483,25.2615,54.7104,3.88488,8.129
25.301734,54.690696,25.2615,54.7104,5.7474799999999995,10.734
25.287506,54.717581,25.2615,54.7104,3.16497,6.329833333333334
25.287506,54.717581,25.2615,54.7104,3.16497,6.329833333333334
25.31974,54.70216,25.2615,54.7104,5.59517,11.952166666666667
25.277349,54.689718,25.2615,54.7104,4.43102,8.3035
25.280399,54.672488,25.2615,54.7104,6.03848,11.4125
25.210939,54.718504,25.2615,54.7104,3.9400399999999998,7.8004999999999995
25.273256,54.741161,25.2615,54.7104,5.0407399999999996,8.499333333333333
25.302409,54.679138,25.2615,54.7104,6.91648,15.386166666666666
25.273217,54.683485,25.2615,54.7104,5.14539,9.724166666666667
25.283,54.675654,25.2615,54.7104,5.51617,9.935166666666667
25.275827,54.696402,25.2615,54.7104,2.99158,5.7219999999999995
25.273651,54.697696,25.2615,54.7104,3.00164,5.8
25.263342,54.692096,25.2615,54.7104,4.46006,8.357833333333334
25.254267,54.700338,25.2615,54.7104,3.50496,7.696833333333333
25.25558,54.675338,25.2615,54.7104,6.0390299999999995,10.358666666666666
25.310346,54.703238,25.2615,54.7104,4.98188,9.915833333333333
25.259357,54.757426,25.2615,54.7104,6.74578,10.178166666666668
25.279515,54.666115,25.2615,54.7104,7.04331,14.8535
25.356684,54.78385,25.2615,54.7104,13.760129999999998,22.688666666666666
25.093204,54.670937,25.2615,54.7104,16.584439999999997,23.059666666666665
25.314211,54.678552,25.2615,54.7104,7.38388,14.8585
25.290547,54.682954,25.2615,54.7104,5.98246,12.499166666666667
25.284133,54.702157,25.2615,54.7104,3.56529,7.198333333333333
25.283273,54.673305,25.2615,54.7104,5.87192,10.945666666666666
25.246652,54.733912,25.2615,54.7104,3.62861,7.173
25.260379,54.754731,25.2615,54.7104,6.42347,9.666500000000001
25.27342,54.69682,25.2615,54.7104,2.81642,5.271166666666667
25.276251,54.702299,25.2615,54.7104,3.01457,6.157
25.253948,54.73968,25.2615,54.7104,3.74706,8.782333333333334
25.432366,54.687004,25.2615,54.7104,15.792629999999999,26.307000000000002
25.280045,54.780134,25.2615,54.7104,9.288459999999999,14.381666666666666
25.37969,54.674207,25.2615,54.7104,14.23568,25.374833333333335
25.163092,54.723557,25.2615,54.7104,8.13326,17.918833333333335
25.305112,54.681381,25.2615,54.7104,6.96374,15.038666666666668
25.258243,54.697586,25.2615,54.7104,2.82699,5.668833333333334
25.218684,54.720214,25.2615,54.7104,3.9164899999999996,8.1105
25.274497,54.673819,25.2615,54.7104,6.22458,11.7185
25.283092,54.688437,25.2615,54.7104,4.800479999999999,10.074166666666667
25.245221,54.673279,25.2615,54.7104,6.04836,10.0445
25.21939,54.736329,25.2615,54.7104,5.65472,10.559166666666666
25.309167,54.683774,25.2615,54.7104,6.66308,14.012833333333333
25.442351,54.694177,25.2615,54.7104,15.74427,26.74233333333333
25.281605,54.715901,25.2615,54.7104,2.2672600000000003,4.596
25.283288,54.675502,25.2615,54.7104,5.54126,9.977333333333332
25.285297,54.707885,25.2615,54.7104,3.1854400000000003,6.642833333333333
25.281625,54.699012,25.2615,54.7104,3.9054,7.803166666666667
25.281625,54.699012,25.2615,54.7104,3.9054,7.803166666666667
25.222567,54.739023,25.2615,54.7104,5.03796,10.306000000000001
25.210939,54.718504,25.2615,54.7104,3.9400399999999998,7.8004999999999995
25.281625,54.699012,25.2615,54.7104,3.9054,7.803166666666667
25.281625,54.699012,25.2615,54.7104,3.9054,7.803166666666667
25.2287,54.726878,25.2615,54.7104,4.2825299999999995,8.7545
25.292903,54.680314,25.2615,54.7104,6.35568,13.808833333333332
25.282695,54.659889,25.2615,54.7104,7.88921,17.263666666666666
25.265296,54.691864,25.2615,54.7104,3.00574,5.1045
25.218398,54.696013,25.2615,54.7104,5.225479999999999,10.350166666666667
25.283181,54.704741,25.2615,54.7104,3.3220300000000003,6.611166666666667
25.284746,54.702952,25.2615,54.7104,3.5924,7.139666666666667
25.277309,54.690723,25.2615,54.7104,3.99678,7.443333333333333
25.314125,54.674633,25.2615,54.7104,7.875310000000001,15.634666666666668
25.212477,54.708381,25.2615,54.7104,4.4598,8.171166666666666
25.432488,54.687326,25.2615,54.7104,15.78162,26.262833333333333
25.432488,54.687326,25.2615,54.7104,15.78162,26.262833333333333
25.261746,54.676283,25.2615,54.7104,5.36853,10.995166666666668
25.298231,54.70887,25.2615,54.7104,3.66939,7.406499999999999
25.26493,54.676879,25.2615,54.7104,5.15913,10.134166666666665
25.257502,54.693829,25.2615,54.7104,3.5211799999999998,7.100333333333333
25.26493,54.676879,25.2615,54.7104,5.15913,10.134166666666665
25.266739,54.684834,25.2615,54.7104,4.29372,8.03
25.34371,54.736419,25.2615,54.7104,7.4436599999999995,14.131499999999999
25.372767,54.729234,25.2615,54.7104,10.3122,20.1215
25.250356,54.70282,25.2615,54.7104,3.79689,7.8406666666666665
25.367547,54.728477,25.2615,54.7104,10.75799,21.942833333333333
25.217265,54.708913,25.2615,54.7104,3.87528,7.663666666666667
25.272528,54.709505,25.2615,54.7104,2.46163,6.2225
25.246029,54.674181,25.2615,54.7104,6.04352,10.325999999999999
25.284492,54.764435,25.2615,54.7104,8.08619,12.406166666666667
25.268528,54.688321,25.2615,54.7104,3.65228,6.567666666666667
25.211474,54.673039,25.2615,54.7104,7.93788,14.9845
25.240431,54.698186,25.2615,54.7104,4.21068,8.262333333333334
25.231555,54.731078,25.2615,54.7104,3.7336799999999997,7.3725000000000005
25.290513,54.680836,25.2615,54.7104,6.24653,13.104333333333333
25.218247,54.731144,25.2615,54.7104,4.8248500000000005,8.981333333333334
25.414826,54.710186,25.2615,54.7104,12.70162,23.580666666666666
25.414826,54.710186,25.2615,54.7104,12.70162,23.580666666666666
25.265151,54.66072,25.2615,54.7104,7.364949999999999,16.625166666666665
25.284904,54.692878,25.2615,54.7104,3.89764,8.7225
25.287933,54.673687,25.2615,54.7104,5.96527,11.490499999999999
25.277047,54.664503,25.2615,54.7104,6.78403,14.671166666666666
25.30134,54.679162,25.2615,54.7104,6.84958,15.223166666666666
25.275604,54.710746,25.2615,54.7104,2.32567,5.642666666666667
25.289029,54.676399,25.2615,54.7104,6.12365,13.104999999999999
25.273355,54.741459,25.2615,54.7104,5.15139,9.038499999999999
25.281767,54.674622,25.2615,54.7104,5.67286,10.784833333333333
25.261188,54.671246,25.2615,54.7104,6.45928,11.693833333333334
25.275659,54.686687,25.2615,54.7104,4.40564,8.217166666666666
25.390656,54.695723,25.2615,54.7104,12.30163,21.6265
25.273651,54.697696,25.2615,54.7104,3.00164,5.8
25.22807,54.741668,25.2615,54.7104,4.82044,9.405666666666667
25.22807,54.741668,25.2615,54.7104,4.82044,9.405666666666667
25.22807,54.741668,25.2615,54.7104,4.82044,9.405666666666667
25.22807,54.741668,25.2615,54.7104,4.82044,9.405666666666667
25.22807,54.741668,25.2615,54.7104,4.82044,9.405666666666667
25.22807,54.741668,25.2615,54.7104,4.82044,9.405666666666667
25.22807,54.741668,25.2615,54.7104,4.82044,9.405666666666667
25.22807,54.741668,25.2615,54.7104,4.82044,9.405666666666667
25.22807,54.741668,25.2615,54.7104,4.82044,9.405666666666667
25.22807,54.741668,25.2615,54.7104,4.82044,9.405666666666667
25.22807,54.741668,25.2615,54.7104,4.82044,9.405666666666667
25.22807,54.741668,25.2615,54.7104,4.82044,9.405666666666667
25.22807,54.741668,25.2615,54.7104,4.82044,9.405666666666667
25.22807,54.741668,25.2615,54.7104,4.82044,9.405666666666667
25.17678,54.71164,25.2615,54.7104,7.23091,14.522
25.284502,54.723527,25.2615,54.7104,3.66491,7.597666666666667
25.317504,54.676134,25.2615,54.7104,7.8002,16.3165
25.282414,54.685071,25.2615,54.7104,4.67115,9.836
25.241899,54.673009,25.2615,54.7104,6.014399999999999,9.932833333333333
25.291375,54.728815,25.2615,54.7104,4.6823500000000005,9.025166666666667
25.28317,54.673048,25.2615,54.7104,5.90067,10.988833333333334
25.231811,54.733288,25.2615,54.7104,4.16746,8.715666666666667
25.25471,54.698449,25.2615,54.7104,3.2821599999999997,6.604666666666666
25.249738,54.717803,25.2615,54.7104,1.69911,4.003
25.351816,54.727978,25.2615,54.7104,8.231530000000001,16.110333333333333
25.391831,54.710559,25.2615,54.7104,11.10435,21.390833333333333
25.264529,54.756974,25.2615,54.7104,6.78879,10.190666666666667
25.09095,54.669249,25.2615,54.7104,16.63829,23.197
25.268559,54.678397,25.2615,54.7104,5.00718,9.669166666666666
25.257152,54.717124,25.2615,54.7104,1.07887,2.420666666666667
25.216995,54.665209,25.2615,54.7104,8.97419,16.9775
25.272141,54.744994,25.2615,54.7104,5.44086,9.559833333333334
25.240525,54.695248,25.2615,54.7104,4.28907,9.243333333333334
25.228649,54.724945,25.2615,54.7104,4.08481,8.17
25.226602,54.743512,25.2615,54.7104,5.15076,10.484666666666667
25.309463,54.703099,25.2615,54.7104,5.0234,10.1515
25.274205,54.678618,25.2615,54.7104,5.76533,10.502166666666666
25.281281,54.710476,25.2615,54.7104,3.77007,8.220666666666666
25.281281,54.710476,25.2615,54.7104,3.77007,8.220666666666666
25.281281,54.710476,25.2615,54.7104,3.77007,8.220666666666666
25.281281,54.710476,25.2615,54.7104,3.77007,8.220666666666666
25.241659,54.708342,25.2615,54.7104,1.58647,3.5290000000000004
25.218507,54.732791,25.2615,54.7104,5.07052,10.153833333333333
25.291471,54.676506,25.2615,54.7104,6.28862,13.762833333333333
25.40083,54.692489,25.2615,54.7104,13.440610000000001,22.3795
25.174693,54.702586,25.2615,54.7104,7.71012,15.105500000000001
25.266661,54.678629,25.2615,54.7104,4.9318,9.409833333333333
25.246134,54.698914,25.2615,54.7104,3.62369,7.3665
25.276295,54.68264,25.2615,54.7104,4.6654,8.451833333333333
25.315276,54.678121,25.2615,54.7104,7.50893,15.096666666666666
25.268875,54.661868,25.2615,54.7104,7.094189999999999,15.375833333333333
25.247954,54.722907,25.2615,54.7104,2.52337,5.760000000000001
25.29253,54.702241,25.2615,54.7104,3.91585,8.2125
25.266217,54.72837,25.2615,54.7104,2.99663,6.108833333333333
25.270159,54.663244,25.2615,54.7104,6.99683,15.210166666666668
25.317993,54.677762,25.2615,54.7104,7.71137,15.961166666666665
25.281485,54.659172,25.2615,54.7104,7.66506,17.3195
25.214598,54.71047,25.2615,54.7104,4.20666,7.626166666666666
25.32098,54.717369,25.2615,54.7104,6.49709,13.390333333333333
25.253841,54.669845,25.2615,54.7104,7.34286,13.344
25.316127,54.713168,25.2615,54.7104,5.79506,11.46
25.262432,54.677956,25.2615,54.7104,5.08849,10.293166666666668
25.227717,54.705225,25.2615,54.7104,2.98027,6.798166666666666
25.294861,54.693295,25.2615,54.7104,4.46601,10.009833333333335
25.294861,54.693295,25.2615,54.7104,4.46601,10.009833333333335
25.294861,54.693295,25.2615,54.7104,4.46601,10.009833333333335
25.294861,54.693295,25.2615,54.7104,4.46601,10.009833333333335
25.294861,54.693295,25.2615,54.7104,4.46601,10.009833333333335
25.294861,54.693295,25.2615,54.7104,4.46601,10.009833333333335
25.294861,54.693295,25.2615,54.7104,4.46601,10.009833333333335
25.294861,54.693295,25.2615,54.7104,4.46601,10.009833333333335
25.294861,54.693295,25.2615,54.7104,4.46601,10.009833333333335
25.306401,54.696552,25.2615,54.7104,5.72442,12.543166666666668
25.301821,54.719108,25.2615,54.7104,3.45273,7.544666666666667
25.251485,54.656315,25.2615,54.7104,11.29464,19.765666666666668
25.30419,54.71722,25.2615,54.7104,3.94981,8.387
25.273768,54.729281,25.2615,54.7104,4.18032,7.218833333333333
25.311521,54.696649,25.2615,54.7104,5.775399999999999,11.395666666666667
25.272528,54.709505,25.2615,54.7104,2.46163,6.2225
25.276987,54.675005,25.2615,54.7104,5.66733,10.715333333333332
25.323067,54.733755,25.2615,54.7104,5.78021,12.252999999999998
25.24339,54.71113,25.2615,54.7104,2.26413,5.287833333333333
25.216815,54.701586,25.2615,54.7104,3.95425,8.266
25.257729,54.605984,25.2615,54.7104,16.51419,27.258333333333333
25.280557,54.67422,25.2615,54.7104,5.7254700000000005,11.683833333333332
25.234285,54.674768,25.2615,54.7104,7.663189999999999,14.389666666666667
25.253663,54.716854,25.2615,54.7104,1.2697100000000001,2.8991666666666664
25.221498,54.74038,25.2615,54.7104,5.18147,10.011666666666667
25.277345,54.635169,25.2615,54.7104,12.13708,21.110666666666667
25.251501,54.724701,25.2615,54.7104,2.0664499999999997,4.520333333333334
25.282581,54.665995,25.2615,54.7104,7.0337,14.721499999999999
25.238358,54.697036,25.2615,54.7104,4.3626000000000005,8.606833333333332
25.23347,54.67438,25.2615,54.7104,7.7003900000000005,14.538499999999999
25.279901,54.664947,25.2615,54.7104,6.9333,15.231166666666667
25.22005,54.739931,25.2615,54.7104,5.28021,10.443000000000001
25.238694,54.718984,25.2615,54.7104,2.95348,7.0375
25.238694,54.718984,25.2615,54.7104,2.95348,7.0375
25.238694,54.718984,25.2615,54.7104,2.95348,7.0375
25.238694,54.718984,25.2615,54.7104,2.95348,7.0375
25.238694,54.718984,25.2615,54.7104,2.95348,7.0375
25.238694,54.718984,25.2615,54.7104,2.95348,7.0375
25.204597,54.635851,25.2615,54.7104,10.92599,18.7745
25.368043,54.725525,25.2615,54.7104,10.98838,22.826166666666666
25.227631,54.681963,25.2615,54.7104,8.10604,16.629833333333334
25.227631,54.681963,25.2615,54.7104,8.10604,16.629833333333334
25.271884,54.681988,25.2615,54.7104,4.98855,9.363333333333333
25.268462,54.677055,25.2615,54.7104,5.12634,9.997000000000002
25.182608,54.702689,25.2615,54.7104,7.16841,14.727333333333332
25.279407,54.67197,25.2615,54.7104,6.0550500000000005,11.424000000000001
25.272766,54.674597,25.2615,54.7104,5.65083,11.041333333333334
25.287992,54.758824,25.2615,54.7104,7.66095,12.9785
25.307789,54.697604,25.2615,54.7104,5.66986,11.057666666666668
25.28798,54.724955,25.2615,54.7104,3.67189,7.952166666666667
25.088131,54.673206,25.2615,54.7104,16.81892,23.738833333333332
25.2876,54.683979,25.2615,54.7104,5.30006,10.714
25.249683,54.674138,25.2615,54.7104,5.79404,9.5855
25.30419,54.71722,25.2615,54.7104,3.94981,8.387
25.301476,54.726612,25.2615,54.7104,4.37795,10.280333333333335
25.16472,54.708189,25.2615,54.7104,8.09496,16.292833333333334
25.242457,54.668629,25.2615,54.7104,6.59708,11.277333333333333
25.276969,54.661605,25.2615,54.7104,7.04686,15.208833333333333
25.305112,54.681381,25.2615,54.7104,6.96374,15.038666666666668
25.316965,54.698274,25.2615,54.7104,6.3552,13.446833333333332
25.271328,54.740761,25.2615,54.7104,4.86995,8.475833333333334
25.271328,54.740761,25.2615,54.7104,4.86995,8.475833333333334
25.271328,54.740761,25.2615,54.7104,4.86995,8.475833333333334
25.271328,54.740761,25.2615,54.7104,4.86995,8.475833333333334
25.271328,54.740761,25.2615,54.7104,4.86995,8.475833333333334
25.271328,54.740761,25.2615,54.7104,4.86995,8.475833333333334
25.271328,54.740761,25.2615,54.7104,4.86995,8.475833333333334
25.271328,54.740761,25.2615,54.7104,4.86995,8.475833333333334
25.271328,54.740761,25.2615,54.7104,4.86995,8.475833333333334
25.271328,54.740761,25.2615,54.7104,4.86995,8.475833333333334
25.271328,54.740761,25.2615,54.7104,4.86995,8.475833333333334
25.271328,54.740761,25.2615,54.7104,4.86995,8.475833333333334
25.271328,54.740761,25.2615,54.7104,4.86995,8.475833333333334
25.271328,54.740761,25.2615,54.7104,4.86995,8.475833333333334
25.271328,54.740761,25.2615,54.7104,4.86995,8.475833333333334
25.271328,54.740761,25.2615,54.7104,4.86995,8.475833333333334
25.271328,54.740761,25.2615,54.7104,4.86995,8.475833333333334
25.271328,54.740761,25.2615,54.7104,4.86995,8.475833333333334
25.266146,54.7378,25.2615,54.7104,4.42952,7.2251666666666665
25.22574,54.715467,25.2615,54.7104,3.0062800000000003,5.910166666666667
25.259867,54.755776,25.2615,54.7104,6.43265,9.441333333333334
25.260337,54.757348,25.2615,54.7104,6.80022,10.399666666666667
25.210939,54.718504,25.2615,54.7104,3.9400399999999998,7.8004999999999995
25.287057,54.699803,25.2615,54.7104,4.13183,8.257166666666667
25.210939,54.718504,25.2615,54.7104,3.9400399999999998,7.8004999999999995
25.283461,54.680584,25.2615,54.7104,5.5185200000000005,12.352333333333332
25.238872,54.716279,25.2615,54.7104,2.2438200000000004,5.884
25.264339,54.690782,25.2615,54.7104,3.21538,5.770833333333333
25.255283,54.702824,25.2615,54.7104,3.4438,6.801333333333333
25.210939,54.718504,25.2615,54.7104,3.9400399999999998,7.8004999999999995
25.28067,54.685607,25.2615,54.7104,4.85243,10.528333333333334
25.267288,54.674236,25.2615,54.7104,5.4418999999999995,11.013333333333332
25.210939,54.718504,25.2615,54.7104,3.9400399999999998,7.8004999999999995
25.26794,54.754667,25.2615,54.7104,6.0746,9.217666666666666
25.265891,54.671003,25.2615,54.7104,5.82974,11.674166666666668
25.300999,54.707127,25.2615,54.7104,4.06036,8.375166666666667
25.271909,54.687253,25.2615,54.7104,3.96401,7.1995000000000005
25.27119,54.726075,25.2615,54.7104,4.15721,7.8425
25.2606,54.690062,25.2615,54.7104,3.56425,6.394666666666667
25.258409,54.673741,25.2615,54.7104,6.32438,11.173666666666666
25.258409,54.673741,25.2615,54.7104,6.32438,11.173666666666666
25.258409,54.673741,25.2615,54.7104,6.32438,11.173666666666666
25.258409,54.673741,25.2615,54.7104,6.32438,11.173666666666666
25.258409,54.673741,25.2615,54.7104,6.32438,11.173666666666666
25.258409,54.673741,25.2615,54.7104,6.32438,11.173666666666666
25.276306,54.689888,25.2615,54.7104,3.70179,7.055000000000001
25.27737,54.687383,25.2615,54.7104,4.1662,7.718500000000001
25.177236,54.715567,25.2615,54.7104,7.75626,15.535
25.279632,54.684714,25.2615,54.7104,4.9046400000000006,10.764166666666666
25.267796,54.675255,25.2615,54.7104,5.20967,10.247166666666667
25.264699,54.690035,25.2615,54.7104,3.34497,5.9366666666666665
25.429007,54.792344,25.2615,54.7104,15.49467,22.993
25.276306,54.689888,25.2615,54.7104,3.70179,7.055000000000001
25.15119,54.619174,25.2615,54.7104,19.111279999999997,26.002833333333335
25.221,54.739475,25.2615,54.7104,5.28542,10.4275
25.261388,54.67013,25.2615,54.7104,6.56124,11.9645
25.294912,54.676576,25.2615,54.7104,6.59921,13.603833333333334
25.259596,54.697811,25.2615,54.7104,2.87784,5.647666666666667
25.227235,54.725863,25.2615,54.7104,4.1417,8.303333333333333
25.215818,54.69608,25.2615,54.7104,5.107810000000001,10.0695
25.275604,54.710746,25.2615,54.7104,2.32567,5.642666666666667
25.31066,54.67905,25.2615,54.7104,7.42893,15.038666666666668
25.39686,54.68134,25.2615,54.7104,15.30843,26.766333333333332
25.281583,54.682514,25.2615,54.7104,5.83851,13.076333333333334
25.274681,54.697375,25.2615,54.7104,3.08974,6.0085
25.244122,54.729112,25.2615,54.7104,3.3097399999999997,8.027833333333334
25.21212,54.718666,25.2615,54.7104,3.81737,7.1899999999999995
25.220585,54.710172,25.2615,54.7104,3.4372,6.7379999999999995
25.213543,54.679932,25.2615,54.7104,6.9106499999999995,12.802999999999999
25.271909,54.687253,25.2615,54.7104,3.96401,7.1995000000000005
25.220105,54.721852,25.2615,54.7104,3.91774,7.526166666666667
25.222022,54.73977,25.2615,54.7104,4.9912600000000005,9.923333333333334
25.320567,54.709343,25.2615,54.7104,6.09275,11.805833333333334
25.215144,54.733105,25.2615,54.7104,5.24961,10.539166666666667
25.215144,54.733105,25.2615,54.7104,5.24961,10.539166666666667
25.283035,54.677178,25.2615,54.7104,5.78691,11.343
25.215144,54.733105,25.2615,54.7104,5.24961,10.539166666666667
25.215144,54.733105,25.2615,54.7104,5.24961,10.539166666666667
25.303756,54.676297,25.2615,54.7104,7.20197,14.463
25.283875,54.674294,25.2615,54.7104,5.979760000000001,11.1075
25.203967,54.642506,25.2615,54.7104,10.228309999999999,16.268666666666668
25.348443,54.648712,25.2615,54.7104,12.55141,23.505499999999998
25.332252,54.745477,25.2615,54.7104,7.98224,16.926166666666667
25.332252,54.745477,25.2615,54.7104,7.98224,16.926166666666667
25.336709,54.745793,25.2615,54.7104,10.08775,18.505999999999997
25.336709,54.745793,25.2615,54.7104,10.08775,18.505999999999997
25.275827,54.696402,25.2615,54.7104,2.99158,5.7219999999999995
25.25202,54.655056,25.2615,54.7104,11.43738,20.336666666666666
25.272495,54.660317,25.2615,54.7104,7.02016,14.941333333333334
25.31139,54.708343,25.2615,54.7104,5.24889,10.695333333333334
25.16365,54.708634,25.2615,54.7104,8.04224,16.083666666666666
25.286184,54.698953,25.2615,54.7104,4.03387,7.938833333333333
25.243492,54.697523,25.2615,54.7104,3.77681,7.816
25.277189,54.672594,25.2615,54.7104,5.90532,11.013833333333334
25.273646,54.751455,25.2615,54.7104,6.275810000000001,9.707500000000001
25.240621,54.698804,25.2615,54.7104,4.28335,8.601166666666668
25.21691,54.667977,25.2615,54.7104,9.75927,16.738833333333336
25.214865,54.694523,25.2615,54.7104,5.15167,10.371333333333332
25.274204,54.678107,25.2615,54.7104,5.7334,10.534500000000001
25.296759,54.680809,25.2615,54.7104,6.2985,13.532166666666665
25.284638,54.691637,25.2615,54.7104,3.9298800000000003,8.225
25.311337,54.685025,25.2615,54.7104,6.3851,12.396833333333332
25.265284,54.688246,25.2615,54.7104,3.5332,6.422666666666667
25.253948,54.73968,25.2615,54.7104,3.74706,8.782333333333334
25.318181,54.713092,25.2615,54.7104,6.07138,12.088166666666666
25.279816,54.671688,25.2615,54.7104,6.07542,11.410833333333333
25.259596,54.697811,25.2615,54.7104,2.87784,5.647666666666667
25.29911,54.701683,25.2615,54.7104,5.38152,10.857666666666667
25.296914,54.694241,25.2615,54.7104,5.083939999999999,10.277
25.249407,54.698415,25.2615,54.7104,3.36968,6.723666666666667
25.247674,54.724975,25.2615,54.7104,2.80965,6.426333333333333
25.296482,54.720077,25.2615,54.7104,3.2697399999999996,6.5295
25.274497,54.673819,25.2615,54.7104,6.22458,11.7185
25.263367,54.6804,25.2615,54.7104,4.734229999999999,9.149333333333335
25.196608,54.65522,25.2615,54.7104,10.76567,24.307833333333335
25.28938,54.683694,25.2615,54.7104,5.35516,10.9055
25.28938,54.683694,25.2615,54.7104,5.35516,10.9055
25.317504,54.676134,25.2615,54.7104,7.8002,16.3165
25.19924,54.645144,25.2615,54.7104,10.74386,17.348333333333336
25.301095,54.703902,25.2615,54.7104,4.63721,9.560166666666667
25.305677,54.681739,25.2615,54.7104,6.91237,14.801166666666667
25.210692,54.716469,25.2615,54.7104,4.193560000000001,8.498666666666667
25.210692,54.716469,25.2615,54.7104,4.193560000000001,8.498666666666667
25.210692,54.716469,25.2615,54.7104,4.193560000000001,8.498666666666667
25.210692,54.716469,25.2615,54.7104,4.193560000000001,8.498666666666667
25.210692,54.716469,25.2615,54.7104,4.193560000000001,8.498666666666667
25.210692,54.716469,25.2615,54.7104,4.193560000000001,8.498666666666667
25.254314,54.670285,25.2615,54.7104,7.39495,13.5525
25.21871,54.648942,25.2615,54.7104,9.1462,14.596
25.253948,54.73968,25.2615,54.7104,3.74706,8.782333333333334
25.226602,54.743512,25.2615,54.7104,5.15076,10.484666666666667
25.264792,54.755827,25.2615,54.7104,6.26112,9.787333333333333
25.247172,54.700898,25.2615,54.7104,3.97007,7.862833333333333
25.329891,54.730497,25.2615,54.7104,6.17315,12.782333333333334
25.25263,54.702166,25.2615,54.7104,3.59244,6.9565
25.248643,54.717207,25.2615,54.7104,1.63672,3.7761666666666667
25.275202,54.699755,25.2615,54.7104,3.44314,6.822333333333333
25.31882,54.706559,25.2615,54.7104,5.584149999999999,11.794166666666666
25.251126,54.720239,25.2615,54.7104,1.81546,3.8569999999999998
25.315578,54.696918,25.2615,54.7104,6.1274,12.139833333333334
25.278507,54.680013,25.2615,54.7104,5.71017,11.709666666666667
25.272766,54.674597,25.2615,54.7104,5.65083,11.041333333333334
25.165151,54.713529,25.2615,54.7104,8.76594,17.825
25.164217,54.708521,25.2615,54.7104,8.05933,16.152
25.297461,54.699439,25.2615,54.7104,4.63082,9.278666666666668
25.266432,54.689462,25.2615,54.7104,3.42665,5.943666666666667
25.266432,54.689462,25.2615,54.7104,3.42665,5.943666666666667
25.266432,54.689462,25.2615,54.7104,3.42665,5.943666666666667
25.266432,54.689462,25.2615,54.7104,3.42665,5.943666666666667
25.266432,54.689462,25.2615,54.7104,3.42665,5.943666666666667
25.266432,54.689462,25.2615,54.7104,3.42665,5.943666666666667
25.266432,54.689462,25.2615,54.7104,3.42665,5.943666666666667
25.266432,54.689462,25.2615,54.7104,3.42665,5.943666666666667
25.266432,54.689462,25.2615,54.7104,3.42665,5.943666666666667
25.266432,54.689462,25.2615,54.7104,3.42665,5.943666666666667
25.266432,54.689462,25.2615,54.7104,3.42665,5.943666666666667
25.266432,54.689462,25.2615,54.7104,3.42665,5.943666666666667
25.266432,54.689462,25.2615,54.7104,3.42665,5.943666666666667
25.266432,54.689462,25.2615,54.7104,3.42665,5.943666666666667
25.266432,54.689462,25.2615,54.7104,3.42665,5.943666666666667
25.266432,54.689462,25.2615,54.7104,3.42665,5.943666666666667
25.266432,54.689462,25.2615,54.7104,3.42665,5.943666666666667
25.266432,54.689462,25.2615,54.7104,3.42665,5.943666666666667
25.266432,54.689462,25.2615,54.7104,3.42665,5.943666666666667
25.266432,54.689462,25.2615,54.7104,3.42665,5.943666666666667
25.266432,54.689462,25.2615,54.7104,3.42665,5.943666666666667
25.188879,54.711251,25.2615,54.7104,7.33633,14.823666666666666
25.191114,54.754266,25.2615,54.7104,9.92511,19.170666666666666
25.176476,54.71186,25.2615,54.7104,7.27365,14.692666666666666
25.279185,54.703499,25.2615,54.7104,3.03336,6.093666666666667
25.277993,54.719296,25.2615,54.7104,2.57361,6.166166666666667
25.187043,54.714488,25.2615,54.7104,7.51319,15.2375
25.215068,54.736463,25.2615,54.7104,5.75761,10.755500000000001
25.2726,54.683084,25.2615,54.7104,5.19747,9.932333333333334
25.422153,54.682002,25.2615,54.7104,16.358530000000002,29.774
25.21677,54.733913,25.2615,54.7104,5.34626,9.803333333333335
25.249987,54.700162,25.2615,54.7104,4.00095,8.331
25.253381,54.701041,25.2615,54.7104,3.96772,8.198
25.265685,54.75685,25.2615,54.7104,6.681760000000001,10.307833333333333
25.277364,54.682842,25.2615,54.7104,4.60037,8.295833333333333
25.210095,54.681796,25.2615,54.7104,6.12624,11.538499999999999
25.221208,54.694804,25.2615,54.7104,4.29967,8.5375
25.264196,54.687387,25.2615,54.7104,3.83192,6.667833333333333
25.274204,54.678107,25.2615,54.7104,5.7334,10.534500000000001
25.26583,54.673868,25.2615,54.7104,5.5871,11.3825
25.316684,54.677577,25.2615,54.7104,7.5462299999999995,15.297
25.31807,54.719759,25.2615,54.7104,6.63658,12.732166666666666
25.268022,54.660961,25.2615,54.7104,7.24878,15.801333333333334
25.268022,54.660961,25.2615,54.7104,7.24878,15.801333333333334
25.268022,54.660961,25.2615,54.7104,7.24878,15.801333333333334
25.268022,54.660961,25.2615,54.7104,7.24878,15.801333333333334
25.268022,54.660961,25.2615,54.7104,7.24878,15.801333333333334
25.268022,54.660961,25.2615,54.7104,7.24878,15.801333333333334
25.268022,54.660961,25.2615,54.7104,7.24878,15.801333333333334
25.268022,54.660961,25.2615,54.7104,7.24878,15.801333333333334
25.268022,54.660961,25.2615,54.7104,7.24878,15.801333333333334
25.268022,54.660961,25.2615,54.7104,7.24878,15.801333333333334
25.268022,54.660961,25.2615,54.7104,7.24878,15.801333333333334
25.268022,54.660961,25.2615,54.7104,7.24878,15.801333333333334
25.268022,54.660961,25.2615,54.7104,7.24878,15.801333333333334
25.268022,54.660961,25.2615,54.7104,7.24878,15.801333333333334
25.268022,54.660961,25.2615,54.7104,7.24878,15.801333333333334
25.217265,54.708913,25.2615,54.7104,3.87528,7.663666666666667
25.221089,54.696438,25.2615,54.7104,4.29263,8.596833333333333
25.285048,54.699003,25.2615,54.7104,4.01719,8.228333333333333
25.253284,54.7352,25.2615,54.7104,3.30817,7.026833333333333
25.256139,54.689542,25.2615,54.7104,3.86313,7.1845
25.279633,54.685923,25.2615,54.7104,4.93221,10.767166666666666
25.21856,54.722083,25.2615,54.7104,3.94114,7.554666666666666
25.316041,54.704237,25.2615,54.7104,5.18757,10.6935
25.39312,54.710831,25.2615,54.7104,11.20227,21.782666666666668
25.39312,54.710831,25.2615,54.7104,11.20227,21.782666666666668
25.279394,54.745738,25.2615,54.7104,7.17346,11.187666666666667
25.370044,54.729766,25.2615,54.7104,10.501850000000001,20.88
25.282205,54.674613,25.2615,54.7104,5.65554,10.680833333333334
25.276381,54.709034,25.2615,54.7104,2.29349,5.477666666666667
25.216722,54.674157,25.2615,54.7104,7.3499300000000005,13.809166666666666
25.289961,54.707175,25.2615,54.7104,3.4192,7.1025
25.091746,54.669545,25.2615,54.7104,16.63982,23.298333333333336
25.201911,54.710362,25.2615,54.7104,6.10161,11.852
25.182982,54.704235,25.2615,54.7104,6.69521,14.134833333333335
25.271112,54.675932,25.2615,54.7104,5.43154,10.329
25.287795,54.676964,25.2615,54.7104,6.02107,12.598
25.266179,54.674341,25.2615,54.7104,5.4032,10.888833333333334
25.218183,54.702075,25.2615,54.7104,3.8846700000000003,8.177166666666666
25.271503,54.682264,25.2615,54.7104,4.811109999999999,8.999500000000001
25.171791,54.715849,25.2615,54.7104,7.8142,16.698833333333333
25.273651,54.697696,25.2615,54.7104,3.00164,5.8
25.25157,54.695527,25.2615,54.7104,3.5380100000000003,7.2925
25.282406,54.67825,25.2615,54.7104,5.40824,11.703833333333334
25.291294,54.717309,25.2615,54.7104,2.90627,6.3625
25.261388,54.67013,25.2615,54.7104,6.56124,11.9645
25.261388,54.67013,25.2615,54.7104,6.56124,11.9645
25.266114,54.755489,25.2615,54.7104,6.1791599999999995,9.4595
25.42498,54.686126,25.2615,54.7104,15.10049,24.8195
25.273651,54.697696,25.2615,54.7104,3.00164,5.8
25.273651,54.697696,25.2615,54.7104,3.00164,5.8
25.28067,54.685607,25.2615,54.7104,4.85243,10.528333333333334
25.29077,54.702676,25.2615,54.7104,3.8466799999999997,7.853166666666667
25.19924,54.645144,25.2615,54.7104,10.74386,17.348333333333336
25.236553,54.727097,25.2615,54.7104,3.2694099999999997,6.46
25.215015,54.694147,25.2615,54.7104,5.29701,10.470666666666666
25.23347,54.67438,25.2615,54.7104,7.7003900000000005,14.538499999999999
25.217265,54.708913,25.2615,54.7104,3.87528,7.663666666666667
25.226605,54.736735,25.2615,54.7104,4.86391,9.609833333333334
25.226027,54.736248,25.2615,54.7104,4.5376199999999995,8.556666666666667
25.27175,54.70355,25.2615,54.7104,2.63584,5.2975
25.21411,54.664732,25.2615,54.7104,8.99093,17.186666666666667
25.21715,54.720148,25.2615,54.7104,4.22746,8.101833333333333
25.293033,54.709315,25.2615,54.7104,3.62342,7.467833333333333
25.189566,54.680255,25.2615,54.7104,7.68049,12.571499999999999
25.189566,54.680255,25.2615,54.7104,7.68049,12.571499999999999
25.189566,54.680255,25.2615,54.7104,7.68049,12.571499999999999
25.189566,54.680255,25.2615,54.7104,7.68049,12.571499999999999
25.189566,54.680255,25.2615,54.7104,7.68049,12.571499999999999
25.189566,54.680255,25.2615,54.7104,7.68049,12.571499999999999
25.189566,54.680255,25.2615,54.7104,7.68049,12.571499999999999
25.189566,54.680255,25.2615,54.7104,7.68049,12.571499999999999
25.189566,54.680255,25.2615,54.7104,7.68049,12.571499999999999
25.189566,54.680255,25.2615,54.7104,7.68049,12.571499999999999
25.189566,54.680255,25.2615,54.7104,7.68049,12.571499999999999
25.168734,54.67079,25.2615,54.7104,10.51848,16.37333333333333
25.261224,54.609448,25.2615,54.7104,16.84663,28.1825
25.224749,54.69846,25.2615,54.7104,4.1255500000000005,9.177666666666665
25.23351,54.731404,25.2615,54.7104,3.78781,7.711166666666667
25.203446,54.671979,25.2615,54.7104,7.53704,14.206833333333332
25.269238,54.660681,25.2615,54.7104,7.1892700000000005,15.696499999999999
25.296581,54.679832,25.2615,54.7104,6.75481,15.142666666666665
25.34087,54.749523,25.2615,54.7104,9.52132,16.819666666666667
25.286303,54.672738,25.2615,54.7104,5.91608,10.979999999999999
25.213894,54.666201,25.2615,54.7104,8.8917,17.014666666666667
25.281782,54.690531,25.2615,54.7104,4.22903,7.561000000000001
25.281782,54.690531,25.2615,54.7104,4.22903,7.561000000000001
25.29333,54.729119,25.2615,54.7104,4.582949999999999,8.6145
25.337374,54.734828,25.2615,54.7104,6.53679,12.5225
25.282212,54.763128,25.2615,54.7104,7.82101,11.595166666666668
25.274558,54.685995,25.2615,54.7104,4.17318,7.5600000000000005
25.295255,54.691797,25.2615,54.7104,4.77372,9.743
25.286314,54.680434,25.2615,54.7104,5.64883,12.141
25.306942,54.736814,25.2615,54.7104,5.91215,12.485333333333333
25.283894,54.692445,25.2615,54.7104,3.8014099999999997,8.337666666666667
25.253948,54.73968,25.2615,54.7104,3.74706,8.782333333333334
25.252914,54.635299,25.2615,54.7104,12.14154,21.00133333333333
25.28141,54.660144,25.2615,54.7104,7.97542,17.472166666666666
25.429708,54.674997,25.2615,54.7104,16.914369999999998,29.125333333333334
25.320219,54.721906,25.2615,54.7104,6.359310000000001,13.8105
25.190267,54.667488,25.2615,54.7104,9.539950000000001,16.200666666666667
25.274111,54.715595,25.2615,54.7104,3.64354,6.489833333333333
25.31066,54.67905,25.2615,54.7104,7.42893,15.038666666666668
25.22456,54.727062,25.2615,54.7104,4.33659,8.890666666666668
25.25157,54.695527,25.2615,54.7104,3.5380100000000003,7.2925
25.25157,54.695527,25.2615,54.7104,3.5380100000000003,7.2925
25.237943,54.727271,25.2615,54.7104,3.14906,6.335666666666667
25.297461,54.699439,25.2615,54.7104,4.63082,9.278666666666668
25.266661,54.678629,25.2615,54.7104,4.9318,9.409833333333333
25.251348,54.70835,25.2615,54.7104,1.75156,4.9025
25.253064,54.717563,25.2615,54.7104,1.41225,3.3266666666666667
25.320002,54.674811,25.2615,54.7104,8.36956,16.730666666666668
25.218183,54.702075,25.2615,54.7104,3.8846700000000003,8.177166666666666
25.17774,54.707002,25.2615,54.7104,6.93392,13.871333333333332
25.229661,54.741616,25.2615,54.7104,4.85007,9.639333333333333
25.235313,54.714079,25.2615,54.7104,2.3061,4.67
25.235313,54.714079,25.2615,54.7104,2.3061,4.67
25.26583,54.673868,25.2615,54.7104,5.5871,11.3825
25.345699,54.721267,25.2615,54.7104,8.03025,16.988
25.249978,54.720741,25.2615,54.7104,1.8945699999999999,4.1735
25.226669,54.703767,25.2615,54.7104,2.97362,7.374833333333333
25.274708,54.729271,25.2615,54.7104,4.185479999999999,7.239333333333334
25.185235,54.62499,25.2615,54.7104,22.34885,27.666
25.251458,54.70067,25.2615,54.7104,3.94812,8.176833333333333
25.251458,54.70067,25.2615,54.7104,3.94812,8.176833333333333
25.251458,54.70067,25.2615,54.7104,3.94812,8.176833333333333
25.251458,54.70067,25.2615,54.7104,3.94812,8.176833333333333
25.251458,54.70067,25.2615,54.7104,3.94812,8.176833333333333
25.263539,54.642068,25.2615,54.7104,11.90529,19.842333333333332
25.26202,54.673957,25.2615,54.7104,6.5573500000000005,12.06
25.284895,54.672844,25.2615,54.7104,6.00888,11.411166666666666
25.247289,54.729425,25.2615,54.7104,3.81653,8.183666666666666
25.31317,54.662149,25.2615,54.7104,8.806389999999999,17.924
25.320219,54.721906,25.2615,54.7104,6.359310000000001,13.8105
25.275057,54.663344,25.2615,54.7104,6.7220699999999995,14.352833333333333
25.259345,54.60568,25.2615,54.7104,16.31014,26.71833333333333
25.303169,54.68126,25.2615,54.7104,6.72753,15.301333333333334
25.255041,54.701755,25.2615,54.7104,3.29048,6.787166666666667
25.219631,54.738797,25.2615,54.7104,5.393770000000001,10.860833333333334
25.20328,54.708941,25.2615,54.7104,6.361260000000001,12.497166666666667
25.303406,54.723493,25.2615,54.7104,4.08927,9.232
25.283641,54.708845,25.2615,54.7104,3.22884,7.112833333333333
25.248741,54.672589,25.2615,54.7104,5.93582,9.817499999999999
25.260513,54.67185,25.2615,54.7104,6.367850000000001,11.302
25.246652,54.733912,25.2615,54.7104,3.62861,7.173
25.315056,54.707593,25.2615,54.7104,5.32574,11.2485
25.263624,54.689827,25.2615,54.7104,3.24209,5.500666666666667
25.310892,54.67927,25.2615,54.7104,7.40029,14.924166666666668
25.253093,54.652153,25.2615,54.7104,11.59208,20.955499999999997
25.177236,54.715567,25.2615,54.7104,7.75626,15.535
25.252936,54.653135,25.2615,54.7104,11.66276,21.238166666666665
25.252936,54.653135,25.2615,54.7104,11.66276,21.238166666666665
25.252936,54.653135,25.2615,54.7104,11.66276,21.238166666666665
25.252936,54.653135,25.2615,54.7104,11.66276,21.238166666666665
25.252936,54.653135,25.2615,54.7104,11.66276,21.238166666666665
25.252936,54.653135,25.2615,54.7104,11.66276,21.238166666666665
25.252936,54.653135,25.2615,54.7104,11.66276,21.238166666666665
25.252936,54.653135,25.2615,54.7104,11.66276,21.238166666666665
25.252936,54.653135,25.2615,54.7104,11.66276,21.238166666666665
25.252936,54.653135,25.2615,54.7104,11.66276,21.238166666666665
25.252936,54.653135,25.2615,54.7104,11.66276,21.238166666666665
25.188593,54.711969,25.2615,54.7104,7.356,14.8785
25.259166,54.657314,25.2615,54.7104,10.826709999999999,17.894000000000002
25.262469,54.642507,25.2615,54.7104,11.08045,18.814833333333336
25.232029,54.713966,25.2615,54.7104,2.35557,4.607
25.272685,54.750759,25.2615,54.7104,6.25875,9.498
25.287213,54.76235,25.2615,54.7104,7.87559,13.550999999999998
25.25181,54.702097,25.2615,54.7104,3.64356,7.079166666666667
25.195514,54.659981,25.2615,54.7104,10.10745,18.592166666666667
25.228252,54.742343,25.2615,54.7104,4.959689999999999,9.875666666666666
25.28516,54.760774,25.2615,54.7104,7.56522,12.442833333333335
25.188593,54.711969,25.2615,54.7104,7.356,14.8785
25.275057,54.663344,25.2615,54.7104,6.7220699999999995,14.352833333333333
25.277374,54.675276,25.2615,54.7104,5.5741700000000005,10.267666666666665
25.255546,54.690494,25.2615,54.7104,3.78481,7.143
25.43004,54.693492,25.2615,54.7104,15.03238,25.06116666666667
25.255478,54.715542,25.2615,54.7104,1.1981400000000002,2.8089999999999997
25.26825,54.662449,25.2615,54.7104,7.150930000000001,15.602666666666666
25.282143,54.69283,25.2615,54.7104,3.70221,7.940833333333333
25.283563,54.67663,25.2615,54.7104,5.70975,10.888
25.296001,54.719642,25.2615,54.7104,3.22188,6.457833333333334
25.282824,54.684395,25.2615,54.7104,4.75573,10.3435
25.240391,54.669504,25.2615,54.7104,6.45172,10.839166666666667
25.240391,54.669504,25.2615,54.7104,6.45172,10.839166666666667
25.240391,54.669504,25.2615,54.7104,6.45172,10.839166666666667
25.240391,54.669504,25.2615,54.7104,6.45172,10.839166666666667
25.240391,54.669504,25.2615,54.7104,6.45172,10.839166666666667
25.240391,54.669504,25.2615,54.7104,6.45172,10.839166666666667
25.240391,54.669504,25.2615,54.7104,6.45172,10.839166666666667
25.240391,54.669504,25.2615,54.7104,6.45172,10.839166666666667
25.240391,54.669504,25.2615,54.7104,6.45172,10.839166666666667
25.240391,54.669504,25.2615,54.7104,6.45172,10.839166666666667
25.240391,54.669504,25.2615,54.7104,6.45172,10.839166666666667
25.240391,54.669504,25.2615,54.7104,6.45172,10.839166666666667
25.240391,54.669504,25.2615,54.7104,6.45172,10.839166666666667
25.240391,54.669504,25.2615,54.7104,6.45172,10.839166666666667
25.240391,54.669504,25.2615,54.7104,6.45172,10.839166666666667
25.240391,54.669504,25.2615,54.7104,6.45172,10.839166666666667
25.240391,54.669504,25.2615,54.7104,6.45172,10.839166666666667
25.240391,54.669504,25.2615,54.7104,6.45172,10.839166666666667
25.240391,54.669504,25.2615,54.7104,6.45172,10.839166666666667
25.240391,54.669504,25.2615,54.7104,6.45172,10.839166666666667
25.240391,54.669504,25.2615,54.7104,6.45172,10.839166666666667
25.240391,54.669504,25.2615,54.7104,6.45172,10.839166666666667
25.240391,54.669504,25.2615,54.7104,6.45172,10.839166666666667
25.21212,54.718666,25.2615,54.7104,3.81737,7.1899999999999995
25.265956,54.687708,25.2615,54.7104,3.62349,6.7331666666666665
25.295151,54.680468,25.2615,54.7104,6.20812,13.217333333333332
25.284143,54.687732,25.2615,54.7104,5.180689999999999,10.115499999999999
25.215818,54.69608,25.2615,54.7104,5.107810000000001,10.0695
25.287506,54.717581,25.2615,54.7104,3.16497,6.329833333333334
25.248958,54.673499,25.2615,54.7104,5.84506,9.668166666666668
25.29155,54.683396,25.2615,54.7104,5.92179,12.324666666666667
25.21664,54.735718,25.2615,54.7104,5.46985,9.988
25.417397,54.68935,25.2615,54.7104,14.63667,24.63533333333333
25.275982,54.672381,25.2615,54.7104,6.04773,11.327666666666666
25.293482,54.676252,25.2615,54.7104,6.51345,13.296333333333333
25.249611,54.692152,25.2615,54.7104,3.87395,8.080499999999999
25.244143,54.670463,25.2615,54.7104,6.26154,10.414833333333332
25.244143,54.670463,25.2615,54.7104,6.26154,10.414833333333332
25.276762,54.687503,25.2615,54.7104,4.12496,7.6195
25.276762,54.687503,25.2615,54.7104,4.12496,7.6195
25.31076,54.702543,25.2615,54.7104,5.24841,11.200666666666667
25.231988,54.702209,25.2615,54.7104,2.72952,6.206666666666666
25.31076,54.702543,25.2615,54.7104,5.24841,11.200666666666667
25.261608,54.642764,25.2615,54.7104,11.19415,19.112833333333334
25.298825,54.666799,25.2615,54.7104,7.573189999999999,14.3
25.253948,54.73968,25.2615,54.7104,3.74706,8.782333333333334
25.23096,54.716036,25.2615,54.7104,2.55225,4.645166666666666
25.316215,54.706428,25.2615,54.7104,5.5808,11.705166666666665
25.215925,54.731977,25.2615,54.7104,5.05336,10.100666666666665
25.2205,54.735341,25.2615,54.7104,5.714090000000001,10.701666666666666
25.274847,54.686878,25.2615,54.7104,4.12249,7.702
25.30377,54.666765,25.2615,54.7104,7.885479999999999,14.720333333333334
25.30377,54.666765,25.2615,54.7104,7.885479999999999,14.720333333333334
25.266661,54.678629,25.2615,54.7104,4.9318,9.409833333333333
25.2706,54.682336,25.2615,54.7104,4.73816,8.779
25.230967,54.716036,25.2615,54.7104,2.5521100000000003,4.644833333333334
25.230967,54.716036,25.2615,54.7104,2.5521100000000003,4.644833333333334
25.281472,54.674079,25.2615,54.7104,5.73318,11.146666666666667
25.424922,54.685564,25.2615,54.7104,15.040209999999998,24.6285
25.278924,54.67784,25.2615,54.7104,5.18978,9.345166666666668
25.267796,54.675255,25.2615,54.7104,5.20967,10.247166666666667
25.287635,54.708047,25.2615,54.7104,3.23817,6.613333333333333
25.30419,54.71722,25.2615,54.7104,3.94981,8.387
25.28516,54.760774,25.2615,54.7104,7.56522,12.442833333333335
25.19924,54.645144,25.2615,54.7104,10.74386,17.348333333333336
25.267796,54.675255,25.2615,54.7104,5.20967,10.247166666666667
25.313249,54.709495,25.2615,54.7104,5.34849,10.5465
25.24125,54.672603,25.2615,54.7104,5.95326,9.688333333333333
25.284502,54.723527,25.2615,54.7104,3.66491,7.597666666666667
25.300418,54.726446,25.2615,54.7104,4.44472,10.542499999999999
25.300418,54.726446,25.2615,54.7104,4.44472,10.542499999999999
25.238069,54.733833,25.2615,54.7104,4.10291,7.823833333333334
25.305521,54.711706,25.2615,54.7104,4.05454,8.522166666666667
25.265689,54.727816,25.2615,54.7104,3.02915,6.298666666666667
25.21671,54.664621,25.2615,54.7104,9.03507,17.12366666666667
25.214117,54.664732,25.2615,54.7104,8.991370000000002,17.188333333333333
25.280816,54.680648,25.2615,54.7104,5.57054,11.1515
25.094456,54.66919,25.2615,54.7104,16.25794,22.145
25.286184,54.698953,25.2615,54.7104,4.03387,7.938833333333333
25.25162,54.735086,25.2615,54.7104,3.2109099999999997,6.637833333333333
25.266661,54.678629,25.2615,54.7104,4.9318,9.409833333333333
25.241431,54.672162,25.2615,54.7104,6.1128800000000005,10.145833333333334
25.272543,54.66199,25.2615,54.7104,6.89712,14.5255
25.214923,54.734598,25.2615,54.7104,5.42959,9.879666666666667
25.260379,54.754731,25.2615,54.7104,6.42347,9.666500000000001
25.208713,54.67999,25.2615,54.7104,6.57138,12.755333333333335
25.26627,54.687979,25.2615,54.7104,3.6324,6.6445
25.273651,54.697696,25.2615,54.7104,3.00164,5.8
25.28787,54.715871,25.2615,54.7104,2.91858,5.755833333333333
25.28787,54.715871,25.2615,54.7104,2.91858,5.755833333333333
25.306987,54.700634,25.2615,54.7104,5.4274700000000005,11.187666666666667
25.39652,54.711004,25.2615,54.7104,11.35678,22.239833333333333
25.390725,54.710092,25.2615,54.7104,11.02017,21.0535
25.216041,54.676789,25.2615,54.7104,6.95412,12.827499999999999
25.21633,54.665613,25.2615,54.7104,9.03801,17.49816666666667
25.25662,54.683286,25.2615,54.7104,4.28347,7.509666666666666
25.320707,54.724607,25.2615,54.7104,5.5356000000000005,12.756333333333334
25.29815,54.694437,25.2615,54.7104,4.9876499999999995,9.901333333333334
25.291391,54.683594,25.2615,54.7104,5.94288,12.387166666666667
25.286155,54.680217,25.2615,54.7104,5.67835,12.3235
25.267812,54.689362,25.2615,54.7104,3.52846,6.339333333333333
25.276636,54.703704,25.2615,54.7104,3.01102,6.153499999999999
25.276636,54.703704,25.2615,54.7104,3.01102,6.153499999999999
25.263741,54.644127,25.2615,54.7104,10.88259,18.374000000000002
25.32139,54.72321,25.2615,54.7104,6.13726,13.039833333333332
25.294001,54.674337,25.2615,54.7104,6.40038,12.5735
25.237942,54.734538,25.2615,54.7104,4.139279999999999,7.9775
25.194804,54.66424,25.2615,54.7104,9.40609,15.586833333333335
25.281629,54.701431,25.2615,54.7104,3.69123,7.180000000000001
25.274431,54.663916,25.2615,54.7104,6.75211,14.289833333333332
25.301287,54.681176,25.2615,54.7104,6.594939999999999,14.717833333333335
25.27747,54.661118,25.2615,54.7104,7.03859,15.153333333333334
25.291911,54.692309,25.2615,54.7104,4.34056,9.327666666666666
25.273217,54.683485,25.2615,54.7104,5.14539,9.724166666666667
25.2745,54.668792,25.2615,54.7104,6.25318,12.300666666666666
25.259596,54.697811,25.2615,54.7104,2.87784,5.647666666666667
25.279026,54.699711,25.2615,54.7104,3.6298000000000004,8.101166666666666
25.29366,54.691136,25.2615,54.7104,4.65924,9.5945
25.29366,54.691136,25.2615,54.7104,4.65924,9.5945
25.26419,54.75632,25.2615,54.7104,6.50889,10.207333333333334
25.318383,54.702556,25.2615,54.7104,5.48937,11.537833333333333
25.257268,54.679063,25.2615,54.7104,5.9198900000000005,10.990166666666665
25.257268,54.679063,25.2615,54.7104,5.9198900000000005,10.990166666666665
25.2962,54.694025,25.2615,54.7104,4.50871,10.1015
25.270694,54.674408,25.2615,54.7104,5.4803999999999995,11.046666666666665
25.243828,54.718889,25.2615,54.7104,2.03946,4.5595
25.165242,54.713285,25.2615,54.7104,8.8655,18.223333333333336
25.165242,54.713285,25.2615,54.7104,8.8655,18.223333333333336
25.165242,54.713285,25.2615,54.7104,8.8655,18.223333333333336
25.165242,54.713285,25.2615,54.7104,8.8655,18.223333333333336
25.165242,54.713285,25.2615,54.7104,8.8655,18.223333333333336
25.165242,54.713285,25.2615,54.7104,8.8655,18.223333333333336
25.165242,54.713285,25.2615,54.7104,8.8655,18.223333333333336
25.165242,54.713285,25.2615,54.7104,8.8655,18.223333333333336
25.165242,54.713285,25.2615,54.7104,8.8655,18.223333333333336
25.165242,54.713285,25.2615,54.7104,8.8655,18.223333333333336
25.165242,54.713285,25.2615,54.7104,8.8655,18.223333333333336
25.165242,54.713285,25.2615,54.7104,8.8655,18.223333333333336
25.276135,54.664369,25.2615,54.7104,6.86237,14.906166666666667
25.221819,54.720468,25.2615,54.7104,3.91185,7.8468333333333335
25.189684,54.662823,25.2615,54.7104,9.79561,16.9625
25.25662,54.683286,25.2615,54.7104,4.28347,7.509666666666666
25.296779,54.710273,25.2615,54.7104,3.4238000000000004,6.7636666666666665
25.27677,54.702298,25.2615,54.7104,3.33504,6.641666666666667
25.292621,54.70553,25.2615,54.7104,3.87571,8.29
25.318304,54.712115,25.2615,54.7104,5.855060000000001,11.531
25.216722,54.674157,25.2615,54.7104,7.3499300000000005,13.809166666666666
25.267755,54.66866,25.2615,54.7104,6.09146,12.329666666666666
25.277009,54.676328,25.2615,54.7104,5.4526,9.975833333333332
25.216577,54.680005,25.2615,54.7104,6.79451,12.4545
25.17541,54.711419,25.2615,54.7104,7.30783,14.363333333333333
25.296482,54.720077,25.2615,54.7104,3.2697399999999996,6.5295
25.266653,54.669679,25.2615,54.7104,5.97798,12.109
25.253948,54.73968,25.2615,54.7104,3.74706,8.782333333333334
25.233439,54.713945,25.2615,54.7104,2.47389,5.052666666666667
25.289029,54.676399,25.2615,54.7104,6.12365,13.104999999999999
25.264639,54.677424,25.2615,54.7104,5.133109999999999,10.127833333333333
25.257244,54.724884,25.2615,54.7104,2.08433,5.3469999999999995
25.287635,54.708047,25.2615,54.7104,3.23817,6.613333333333333
25.29077,54.702676,25.2615,54.7104,3.8466799999999997,7.853166666666667
25.282648,54.67498,25.2615,54.7104,5.60596,10.3835
25.32139,54.72321,25.2615,54.7104,6.13726,13.039833333333332
25.217088,54.696282,25.2615,54.7104,5.16201,10.286333333333333
25.268491,54.693411,25.2615,54.7104,3.10488,5.753
25.22763,54.74312,25.2615,54.7104,5.058470000000001,10.207833333333333
25.1871,54.713778,25.2615,54.7104,7.4388000000000005,15.020999999999999
25.252483,54.654109,25.2615,54.7104,11.54122,20.752
25.265956,54.687708,25.2615,54.7104,3.62349,6.7331666666666665
25.23422,54.719593,25.2615,54.7104,3.1229400000000003,6.525166666666666
25.26493,54.676879,25.2615,54.7104,5.15913,10.134166666666665
25.26282,54.680512,25.2615,54.7104,4.84732,9.601666666666667
25.265328,54.675086,25.2615,54.7104,5.3747799999999994,11.0945
25.217499,54.731863,25.2615,54.7104,4.944100000000001,9.445166666666667
25.292047,54.679713,25.2615,54.7104,6.267810000000001,13.033999999999999
25.432488,54.687326,25.2615,54.7104,15.78162,26.262833333333333
25.23506,54.73484,25.2615,54.7104,4.02512,7.551
25.391359,54.709976,25.2615,54.7104,11.07063,21.255999999999997
25.264273,54.671723,25.2615,54.7104,5.766970000000001,11.984166666666665
25.212266,54.694766,25.2615,54.7104,5.13175,10.871333333333332
25.420576,54.685658,25.2615,54.7104,14.7624,24.1835
25.207286,54.674394,25.2615,54.7104,7.6537299999999995,14.616333333333333
25.215507,54.672675,25.2615,54.7104,7.70171,14.689
25.30377,54.666765,25.2615,54.7104,7.885479999999999,14.720333333333334
25.421596,54.690589,25.2615,54.7104,14.47984,24.477500000000003
25.421596,54.690589,25.2615,54.7104,14.47984,24.477500000000003
25.421596,54.690589,25.2615,54.7104,14.47984,24.477500000000003
25.421596,54.690589,25.2615,54.7104,14.47984,24.477500000000003
25.421596,54.690589,25.2615,54.7104,14.47984,24.477500000000003
25.421596,54.690589,25.2615,54.7104,14.47984,24.477500000000003
25.421596,54.690589,25.2615,54.7104,14.47984,24.477500000000003
25.421596,54.690589,25.2615,54.7104,14.47984,24.477500000000003
25.421596,54.690589,25.2615,54.7104,14.47984,24.477500000000003
25.421596,54.690589,25.2615,54.7104,14.47984,24.477500000000003
25.421596,54.690589,25.2615,54.7104,14.47984,24.477500000000003
25.421596,54.690589,25.2615,54.7104,14.47984,24.477500000000003
25.421596,54.690589,25.2615,54.7104,14.47984,24.477500000000003
25.421596,54.690589,25.2615,54.7104,14.47984,24.477500000000003
25.421596,54.690589,25.2615,54.7104,14.47984,24.477500000000003
25.421596,54.690589,25.2615,54.7104,14.47984,24.477500000000003
25.421596,54.690589,25.2615,54.7104,14.47984,24.477500000000003
25.421596,54.690589,25.2615,54.7104,14.47984,24.477500000000003
25.421596,54.690589,25.2615,54.7104,14.47984,24.477500000000003
25.421596,54.690589,25.2615,54.7104,14.47984,24.477500000000003
25.421596,54.690589,25.2615,54.7104,14.47984,24.477500000000003
25.421596,54.690589,25.2615,54.7104,14.47984,24.477500000000003
25.421596,54.690589,25.2615,54.7104,14.47984,24.477500000000003
25.2399,54.665217,25.2615,54.7104,7.809819999999999,14.016166666666667
25.240085,54.694713,25.2615,54.7104,4.223979999999999,8.690499999999998
25.258883,54.672938,25.2615,54.7104,6.2423,10.845333333333334
25.258883,54.672938,25.2615,54.7104,6.2423,10.845333333333334
25.290938,54.706856,25.2615,54.7104,3.56581,7.570166666666666
25.234285,54.674768,25.2615,54.7104,7.663189999999999,14.389666666666667
25.234285,54.674768,25.2615,54.7104,7.663189999999999,14.389666666666667
25.281485,54.659172,25.2615,54.7104,7.66506,17.3195
25.240259,54.722449,25.2615,54.7104,2.63333,5.557166666666666
25.246134,54.698914,25.2615,54.7104,3.62369,7.3665
25.275202,54.699755,25.2615,54.7104,3.44314,6.822333333333333
25.291286,54.714682,25.2615,54.7104,2.8459,5.787166666666667
25.31195,54.684109,25.2615,54.7104,6.498939999999999,12.738166666666666
25.235313,54.714079,25.2615,54.7104,2.3061,4.67
25.235313,54.714079,25.2615,54.7104,2.3061,4.67
25.276636,54.703704,25.2615,54.7104,3.01102,6.153499999999999
25.2726,54.683084,25.2615,54.7104,5.19747,9.932333333333334
25.2726,54.683084,25.2615,54.7104,5.19747,9.932333333333334
25.222488,54.734813,25.2615,54.7104,4.83467,9.316166666666668
25.099926,54.668728,25.2615,54.7104,16.01139,21.526666666666664
25.218465,54.732511,25.2615,54.7104,5.07634,10.177166666666666
25.214535,54.736942,25.2615,54.7104,5.77764,10.726666666666667
25.165242,54.713285,25.2615,54.7104,8.8655,18.223333333333336
25.165242,54.713285,25.2615,54.7104,8.8655,18.223333333333336
25.165242,54.713285,25.2615,54.7104,8.8655,18.223333333333336
25.165242,54.713285,25.2615,54.7104,8.8655,18.223333333333336
25.165242,54.713285,25.2615,54.7104,8.8655,18.223333333333336
25.165242,54.713285,25.2615,54.7104,8.8655,18.223333333333336
25.165242,54.713285,25.2615,54.7104,8.8655,18.223333333333336
25.165242,54.713285,25.2615,54.7104,8.8655,18.223333333333336
25.165242,54.713285,25.2615,54.7104,8.8655,18.223333333333336
25.165242,54.713285,25.2615,54.7104,8.8655,18.223333333333336
25.165242,54.713285,25.2615,54.7104,8.8655,18.223333333333336
25.165242,54.713285,25.2615,54.7104,8.8655,18.223333333333336
25.165242,54.713285,25.2615,54.7104,8.8655,18.223333333333336
25.165242,54.713285,25.2615,54.7104,8.8655,18.223333333333336
25.165242,54.713285,25.2615,54.7104,8.8655,18.223333333333336
25.165242,54.713285,25.2615,54.7104,8.8655,18.223333333333336
25.165242,54.713285,25.2615,54.7104,8.8655,18.223333333333336
25.165242,54.713285,25.2615,54.7104,8.8655,18.223333333333336
25.165242,54.713285,25.2615,54.7104,8.8655,18.223333333333336
25.165242,54.713285,25.2615,54.7104,8.8655,18.223333333333336
25.165242,54.713285,25.2615,54.7104,8.8655,18.223333333333336
25.165242,54.713285,25.2615,54.7104,8.8655,18.223333333333336
25.165242,54.713285,25.2615,54.7104,8.8655,18.223333333333336
25.165242,54.713285,25.2615,54.7104,8.8655,18.223333333333336
25.165242,54.713285,25.2615,54.7104,8.8655,18.223333333333336
25.165242,54.713285,25.2615,54.7104,8.8655,18.223333333333336
25.187461,54.710788,25.2615,54.7104,6.82817,14.1295
25.402263,54.690677,25.2615,54.7104,13.595450000000001,22.750999999999998
25.22763,54.74312,25.2615,54.7104,5.058470000000001,10.207833333333333
25.229534,54.70679,25.2615,54.7104,2.60947,5.667
25.290168,54.70309,25.2615,54.7104,3.9243699999999997,8.218
25.273066,54.676067,25.2615,54.7104,5.614739999999999,10.365
25.235313,54.714079,25.2615,54.7104,2.3061,4.67
25.222269,54.738465,25.2615,54.7104,5.00187,10.215333333333332
25.224665,54.705118,25.2615,54.7104,3.57002,7.682166666666666
25.223398,54.726737,25.2615,54.7104,4.34917,8.941
25.312301,54.671512,25.2615,54.7104,8.25558,17.829833333333333
25.285353,54.704541,25.2615,54.7104,3.468,6.9158333333333335
25.26559,54.688497,25.2615,54.7104,3.5055500000000004,6.353666666666667
25.195413,54.66185,25.2615,54.7104,9.84348,16.954166666666666
25.300373,54.67856,25.2615,54.7104,7.905939999999999,16.78666666666667
25.218603,54.6506,25.2615,54.7104,8.89518,14.1175
25.238077,54.717467,25.2615,54.7104,2.78925,6.356333333333334
25.429074,54.675335,25.2615,54.7104,16.8143,28.725166666666667
25.429289,54.674826,25.2615,54.7104,16.766939999999998,28.535666666666668
25.164972,54.707872,25.2615,54.7104,8.12928,16.395666666666667
25.252483,54.654109,25.2615,54.7104,11.54122,20.752
25.299743,54.718756,25.2615,54.7104,3.30248,6.982666666666666
25.302432,54.692825,25.2615,54.7104,5.81608,10.5205
25.302432,54.692825,25.2615,54.7104,5.81608,10.5205
25.302432,54.692825,25.2615,54.7104,5.81608,10.5205
25.302432,54.692825,25.2615,54.7104,5.81608,10.5205
25.302432,54.692825,25.2615,54.7104,5.81608,10.5205
25.302432,54.692825,25.2615,54.7104,5.81608,10.5205
25.302432,54.692825,25.2615,54.7104,5.81608,10.5205
25.302432,54.692825,25.2615,54.7104,5.81608,10.5205
25.302432,54.692825,25.2615,54.7104,5.81608,10.5205
25.302432,54.692825,25.2615,54.7104,5.81608,10.5205
25.302432,54.692825,25.2615,54.7104,5.81608,10.5205
25.302432,54.692825,25.2615,54.7104,5.81608,10.5205
25.302432,54.692825,25.2615,54.7104,5.81608,10.5205
25.302432,54.692825,25.2615,54.7104,5.81608,10.5205
25.302432,54.692825,25.2615,54.7104,5.81608,10.5205
25.302432,54.692825,25.2615,54.7104,5.81608,10.5205
