origin_lon,origin_lat,destination_lon,destination_lat,distance_km,duration_min
25.399667,54.69468,25.1454,54.6264,20.71365,33.821666666666665
25.426335,54.687064,25.1454,54.6264,22.74468,37.19683333333333
25.249142,54.690532,25.1454,54.6264,13.61498,20.084333333333333
25.248883,54.734687,25.1454,54.6264,18.50897,22.276333333333334
25.282966,54.696846,25.1454,54.6264,15.204469999999999,23.726333333333333
25.282496,54.680436,25.1454,54.6264,13.62856,22.379666666666665
25.246695,54.632741,25.1454,54.6264,10.35434,13.242666666666667
25.288049,54.676779,25.1454,54.6264,12.742239999999999,23.446166666666667
25.254827,54.67664,25.1454,54.6264,11.46274,16.767833333333336
25.237943,54.727271,25.1454,54.6264,15.072700000000001,20.555666666666664
25.225473,54.707901,25.1454,54.6264,12.594479999999999,16.522833333333335
25.255551,54.630742,25.1454,54.6264,10.97901,14.400166666666667
25.246652,54.733912,25.1454,54.6264,18.32292,21.883333333333333
25.299153,54.701126,25.1454,54.6264,18.33138,27.572333333333333
25.362956,54.649853,25.1454,54.6264,19.38467,25.806333333333335
25.423163,54.695341,25.1454,54.6264,21.75073,35.25633333333334
25.281568,54.664279,25.1454,54.6264,13.20118,20.671333333333333
25.274693,54.679066,25.1454,54.6264,11.84151,19.796
25.237943,54.727271,25.1454,54.6264,15.072700000000001,20.555666666666664
25.264218,54.741667,25.1454,54.6264,20.29901,25.174166666666668
25.280155,54.666716,25.1454,54.6264,13.02896,19.509333333333334
25.273809,54.658394,25.1454,54.6264,13.06208,17.4405
25.280659,54.698949,25.1454,54.6264,15.40664,24.043833333333335
25.40234,54.692728,25.1454,54.6264,20.6301,33.56466666666667
25.292104,54.729413,25.1454,54.6264,19.29995,29.325
25.320296,54.675341,25.1454,54.6264,14.617809999999999,25.665333333333333
25.30843,54.669677,25.1454,54.6264,16.72696,24.589333333333332
25.290753,54.679467,25.1454,54.6264,14.08895,25.520833333333332
25.186363,54.711056,25.1454,54.6264,12.54195,16.326
25.276907,54.701718,25.1454,54.6264,15.48184,22.532833333333333
25.303743,54.672785,25.1454,54.6264,13.12274,23.495
25.31668,54.711695,25.1454,54.6264,18.59563,28.64783333333333
25.31668,54.711695,25.1454,54.6264,18.59563,28.64783333333333
25.39652,54.711004,25.1454,54.6264,21.15529,36.98283333333333
25.247819,54.675908,25.1454,54.6264,11.04457,16.1625
25.312367,54.727647,25.1454,54.6264,19.62687,30.855999999999998
25.280558,54.733002,25.1454,54.6264,21.31866,27.18
25.279182,54.699243,25.1454,54.6264,15.7817,23.942666666666664
25.356684,54.78385,25.1454,54.6264,28.922330000000002,39.718666666666664
25.393985,54.694518,25.1454,54.6264,20.71777,34.14883333333333
25.275008,54.699185,25.1454,54.6264,15.422979999999999,22.579666666666665
25.236553,54.727097,25.1454,54.6264,14.96092,20.457833333333333
25.26282,54.680512,25.1454,54.6264,12.226469999999999,19.04283333333333
25.286034,54.680384,25.1454,54.6264,15.369969999999999,24.869333333333334
25.266432,54.689462,25.1454,54.6264,13.25446,18.7805
25.267814,54.671349,25.1454,54.6264,10.51746,17.071
25.23347,54.67438,25.1454,54.6264,10.40469,15.151333333333334
25.317072,54.67535,25.1454,54.6264,14.27618,24.860666666666667
25.286901,54.672497,25.1454,54.6264,11.990450000000001,20.255166666666664
25.275848,54.6793,25.1454,54.6264,11.95686,20.256333333333334
25.29184,54.716837,25.1454,54.6264,17.38778,25.868666666666666
25.281369,54.675043,25.1454,54.6264,11.57631,20.703833333333332
25.272052,54.685827,25.1454,54.6264,13.29008,20.48933333333333
25.272052,54.685827,25.1454,54.6264,13.29008,20.48933333333333
25.272052,54.685827,25.1454,54.6264,13.29008,20.48933333333333
25.275875,54.749851,25.1454,54.6264,21.664630000000002,26.703666666666667
25.292412,54.6763,25.1454,54.6264,12.648200000000001,22.279333333333334
25.314589,54.683106,25.1454,54.6264,15.18237,27.558
25.30419,54.71722,25.1454,54.6264,18.555970000000002,28.641000000000002
25.214463,54.665973,25.1454,54.6264,9.38923,13.7715
25.27885,54.701229,25.1454,54.6264,16.02458,24.914166666666667
25.278913,54.670903,25.1454,54.6264,12.790709999999999,19.319666666666667
25.263367,54.6804,25.1454,54.6264,12.11338,18.590500000000002
25.271418,54.752431,25.1454,54.6264,21.19059,26.053166666666666
25.283894,54.692445,25.1454,54.6264,14.904200000000001,23.162333333333333
25.25202,54.655056,25.1454,54.6264,12.74249,20.745
25.210195,54.646792,25.1454,54.6264,5.60607,8.873166666666666
25.239079,54.697609,25.1454,54.6264,13.61857,18.568666666666665
25.288097,54.676613,25.1454,54.6264,12.760459999999998,23.5555
25.23115,54.713098,25.1454,54.6264,14.09363,19.401666666666664
25.2714,54.681445,25.1454,54.6264,12.577399999999999,19.2595
25.29586,54.67649,25.1454,54.6264,12.81163,22.060166666666664
25.271672,54.676127,25.1454,54.6264,11.71433,20.21216666666667
25.172427,54.704551,25.1454,54.6264,11.47442,15.189166666666667
25.172427,54.704551,25.1454,54.6264,11.47442,15.189166666666667
25.100793,54.669503,25.1454,54.6264,7.17507,7.4126666666666665
25.100793,54.669503,25.1454,54.6264,7.17507,7.4126666666666665
25.100793,54.669503,25.1454,54.6264,7.17507,7.4126666666666665
25.100793,54.669503,25.1454,54.6264,7.17507,7.4126666666666665
25.100793,54.669503,25.1454,54.6264,7.17507,7.4126666666666665
25.100793,54.669503,25.1454,54.6264,7.17507,7.4126666666666665
25.100793,54.669503,25.1454,54.6264,7.17507,7.4126666666666665
25.100793,54.669503,25.1454,54.6264,7.17507,7.4126666666666665
25.100793,54.669503,25.1454,54.6264,7.17507,7.4126666666666665
25.100793,54.669503,25.1454,54.6264,7.17507,7.4126666666666665
25.100793,54.669503,25.1454,54.6264,7.17507,7.4126666666666665
25.280671,54.673085,25.1454,54.6264,11.553709999999999,20.576
25.294944,54.673607,25.1454,54.6264,12.68736,22.200666666666667
25.288703,54.691391,25.1454,54.6264,15.3602,23.380333333333333
25.278418,54.663824,25.1454,54.6264,13.07639,20.07016666666667
25.301399,54.682373,25.1454,54.6264,15.03532,27.182833333333335
25.272052,54.685827,25.1454,54.6264,13.29008,20.48933333333333
25.25263,54.702166,25.1454,54.6264,13.6866,18.4205
25.25263,54.702166,25.1454,54.6264,13.6866,18.4205
25.227319,54.718879,25.1454,54.6264,14.28571,19.48483333333333
25.40234,54.692728,25.1454,54.6264,20.6301,33.56466666666667
25.277367,54.675282,25.1454,54.6264,11.47547,19.240666666666666
25.284895,54.672844,25.1454,54.6264,11.7318,19.845166666666668
25.314956,54.71405,25.1454,54.6264,18.74361,28.947166666666664
25.247524,54.699149,25.1454,54.6264,13.31776,17.87366666666667
25.309373,54.666892,25.1454,54.6264,16.35988,23.173000000000002
25.26583,54.673868,25.1454,54.6264,10.523520000000001,17.679
25.432488,54.687326,25.1454,54.6264,23.11762,37.775333333333336
25.286773,54.679815,25.1454,54.6264,15.44386,25.195
25.301821,54.719108,25.1454,54.6264,18.058889999999998,27.798833333333334
25.26583,54.673868,25.1454,54.6264,10.523520000000001,17.679
25.19924,54.645144,25.1454,54.6264,6.91692,11.592666666666666
25.281732,54.672257,25.1454,54.6264,11.44432,19.1405
25.318485,54.67728,25.1454,54.6264,14.08007,25.073500000000003
25.196207,54.746916,25.1454,54.6264,16.880029999999998,23.3865
25.281583,54.682514,25.1454,54.6264,15.54318,25.70133333333333
25.27737,54.687383,25.1454,54.6264,13.94,20.2495
25.303866,54.725506,25.1454,54.6264,18.87788,30.215833333333332
25.265362,54.670898,25.1454,54.6264,10.352379999999998,16.788
25.247908,54.70049,25.1454,54.6264,13.36214,18.1895
25.278657,54.671292,25.1454,54.6264,11.49165,19.303
25.291691,54.707993,25.1454,54.6264,17.06913,25.599
25.29469,54.692566,25.1454,54.6264,15.76901,24.17366666666667
25.248832,54.700672,25.1454,54.6264,13.71342,18.7875
25.28573,54.677294,25.1454,54.6264,12.50099,22.317666666666664
25.40213,54.690595,25.1454,54.6264,20.9249,34.24766666666667
25.31066,54.67905,25.1454,54.6264,13.84057,24.322666666666667
25.187043,54.714488,25.1454,54.6264,13.11465,17.2385
25.254635,54.698721,25.1454,54.6264,13.810709999999998,18.94066666666667
25.212599,54.749126,25.1454,54.6264,16.46611,18.174833333333332
25.212599,54.749126,25.1454,54.6264,16.46611,18.174833333333332
25.212599,54.749126,25.1454,54.6264,16.46611,18.174833333333332
25.212599,54.749126,25.1454,54.6264,16.46611,18.174833333333332
25.215513,54.735995,25.1454,54.6264,14.840290000000001,17.004833333333334
25.267279,54.66963,25.1454,54.6264,11.97359,16.8875
25.18188,54.704654,25.1454,54.6264,11.056569999999999,14.7195
25.25124,54.697783,25.1454,54.6264,13.539879999999998,18.239166666666666
25.287548,54.669491,25.1454,54.6264,13.56494,20.377333333333336
25.25761,54.692924,25.1454,54.6264,13.404860000000001,19.351166666666664
25.410792,54.689285,25.1454,54.6264,21.441080000000003,35.085166666666666
25.237246,54.734259,25.1454,54.6264,17.41855,20.202833333333334
25.410792,54.689285,25.1454,54.6264,21.441080000000003,35.085166666666666
25.23347,54.67438,25.1454,54.6264,10.40469,15.151333333333334
25.215053,54.738404,25.1454,54.6264,15.0241,17.4375
25.40145,54.692202,25.1454,54.6264,20.73473,33.791333333333334
25.267812,54.689362,25.1454,54.6264,13.35626,19.176166666666667
25.273651,54.697696,25.1454,54.6264,15.21236,21.87683333333333
25.278854,54.698918,25.1454,54.6264,15.74288,23.7875
25.28191,54.675289,25.1454,54.6264,11.605649999999999,20.887666666666668
25.294871,54.723452,25.1454,54.6264,18.5121,27.695
25.276533,54.677028,25.1454,54.6264,11.66854,19.56433333333333
25.243492,54.697523,25.1454,54.6264,13.39175,18.039499999999997
25.060396,54.62532,25.1454,54.6264,6.706930000000001,9.018166666666668
25.272052,54.685827,25.1454,54.6264,13.29008,20.48933333333333
25.243721,54.668352,25.1454,54.6264,10.399040000000001,14.866333333333333
25.432488,54.687326,25.1454,54.6264,23.11762,37.775333333333336
25.267425,54.682291,25.1454,54.6264,12.3866,18.872833333333332
25.165151,54.713529,25.1454,54.6264,13.43092,19.33966666666667
25.228685,54.741477,25.1454,54.6264,16.55227,19.500999999999998
25.28168,54.68087,25.1454,54.6264,13.552959999999999,22.077166666666667
25.25202,54.701565,25.1454,54.6264,13.65509,18.605166666666666
25.284594,54.676247,25.1454,54.6264,12.345799999999999,21.386666666666667
25.215718,54.714454,25.1454,54.6264,13.269540000000001,17.9615
25.17549,54.713655,25.1454,54.6264,12.2226,16.56
25.437656,54.695315,25.1454,54.6264,22.69225,37.20883333333334
25.09564,54.666969,25.1454,54.6264,7.69874,9.028166666666667
25.161998,54.706027,25.1454,54.6264,13.241620000000001,19.437333333333335
25.207286,54.674394,25.1454,54.6264,8.2005,11.795333333333334
25.213616,54.715653,25.1454,54.6264,13.372069999999999,18.21833333333333
25.275263,54.701861,25.1454,54.6264,15.38863,22.321666666666665
25.277993,54.719296,25.1454,54.6264,17.17977,26.420166666666667
25.276636,54.703704,25.1454,54.6264,15.81412,22.811
25.22359,54.719625,25.1454,54.6264,14.29977,19.413999999999998
25.264132,54.6866,25.1454,54.6264,13.33652,18.9925
25.278657,54.671292,25.1454,54.6264,11.49165,19.303
25.286817,54.704503,25.1454,54.6264,16.40745,23.9585
25.109999,54.651305,25.1454,54.6264,5.6598999999999995,9.6655
25.429428,54.686559,25.1454,54.6264,22.77894,37.445
25.429428,54.686559,25.1454,54.6264,22.77894,37.445
25.429428,54.686559,25.1454,54.6264,22.77894,37.445
25.429428,54.686559,25.1454,54.6264,22.77894,37.445
25.429428,54.686559,25.1454,54.6264,22.77894,37.445
25.429428,54.686559,25.1454,54.6264,22.77894,37.445
25.429428,54.686559,25.1454,54.6264,22.77894,37.445
25.429428,54.686559,25.1454,54.6264,22.77894,37.445
25.429428,54.686559,25.1454,54.6264,22.77894,37.445
25.429428,54.686559,25.1454,54.6264,22.77894,37.445
25.429428,54.686559,25.1454,54.6264,22.77894,37.445
25.429428,54.686559,25.1454,54.6264,22.77894,37.445
25.429428,54.686559,25.1454,54.6264,22.77894,37.445
25.429428,54.686559,25.1454,54.6264,22.77894,37.445
25.429428,54.686559,25.1454,54.6264,22.77894,37.445
25.429428,54.686559,25.1454,54.6264,22.77894,37.445
25.429428,54.686559,25.1454,54.6264,22.77894,37.445
25.429428,54.686559,25.1454,54.6264,22.77894,37.445
25.429428,54.686559,25.1454,54.6264,22.77894,37.445
25.320296,54.675341,25.1454,54.6264,14.617809999999999,25.665333333333333
25.293989,54.67646,25.1454,54.6264,12.74946,22.68433333333333
25.293989,54.67646,25.1454,54.6264,12.74946,22.68433333333333
25.376965,54.694597,25.1454,54.6264,18.7469,31.329166666666666
25.281075,54.702403,25.1454,54.6264,15.768600000000001,23.379666666666665
25.253948,54.73968,25.1454,54.6264,19.34984,24.855166666666666
25.17456,54.711894,25.1454,54.6264,12.03492,16.084
25.295876,54.693449,25.1454,54.6264,15.994950000000001,25.04733333333333
25.28599,54.675016,25.1454,54.6264,12.771040000000001,23.842499999999998
25.26946,54.693368,25.1454,54.6264,13.85892,19.649833333333333
25.322964,54.734012,25.1454,54.6264,20.40026,32.562666666666665
25.280608,54.661395,25.1454,54.6264,13.542489999999999,19.486666666666668
25.243492,54.697523,25.1454,54.6264,13.39175,18.039499999999997
25.243492,54.697523,25.1454,54.6264,13.39175,18.039499999999997
25.27248,54.703189,25.1454,54.6264,15.58831,22.581333333333337
25.267015,54.670351,25.1454,54.6264,12.05541,17.083833333333335
25.277748,54.67723,25.1454,54.6264,12.2002,21.01033333333333
25.246886,54.668959,25.1454,54.6264,9.78799,15.171833333333332
25.410792,54.689285,25.1454,54.6264,21.441080000000003,35.085166666666666
25.272424,54.664057,25.1454,54.6264,13.50814,19.219833333333334
25.284137,54.68647,25.1454,54.6264,14.575239999999999,21.626666666666665
25.218183,54.702075,25.1454,54.6264,11.67535,15.198
25.267288,54.674236,25.1454,54.6264,10.657200000000001,18.19
25.1871,54.713778,25.1454,54.6264,13.04025,17.022000000000002
25.39652,54.711004,25.1454,54.6264,21.15529,36.98283333333333
25.267288,54.674236,25.1454,54.6264,10.657200000000001,18.19
25.307491,54.700492,25.1454,54.6264,17.21224,26.757833333333334
25.278551,54.670363,25.1454,54.6264,12.71964,19.115333333333336
25.316896,54.677245,25.1454,54.6264,14.0025,24.854833333333332
25.282647,54.688517,25.1454,54.6264,14.801020000000001,22.839333333333332
25.289063,54.717603,25.1454,54.6264,17.62873,26.979666666666667
25.304856,54.692219,25.1454,54.6264,16.43633,25.453666666666667
25.22362,54.726128,25.1454,54.6264,16.58664,20.883666666666667
25.275827,54.696402,25.1454,54.6264,15.2023,21.798833333333334
25.29041,54.679483,25.1454,54.6264,14.10595,25.572333333333333
25.2557,54.694315,25.1454,54.6264,13.50415,19.403833333333335
25.301821,54.719108,25.1454,54.6264,18.058889999999998,27.798833333333334
25.240621,54.698804,25.1454,54.6264,13.60667,18.6125
25.267288,54.674236,25.1454,54.6264,10.657200000000001,18.19
25.239079,54.697609,25.1454,54.6264,13.61857,18.568666666666665
25.297939,54.72154,25.1454,54.6264,18.300819999999998,28.070833333333333
25.226092,54.694364,25.1454,54.6264,11.31491,15.798333333333334
25.273839,54.682559,25.1454,54.6264,12.88598,19.648333333333333
25.21129,54.691254,25.1454,54.6264,10.20175,13.7745
25.263796,54.754269,25.1454,54.6264,20.596970000000002,24.69816666666667
25.269207,54.688142,25.1454,54.6264,13.39432,19.244333333333334
25.268391,54.664229,25.1454,54.6264,13.85334,19.5265
25.268391,54.664229,25.1454,54.6264,13.85334,19.5265
25.268391,54.664229,25.1454,54.6264,13.85334,19.5265
25.268391,54.664229,25.1454,54.6264,13.85334,19.5265
25.348443,54.648712,25.1454,54.6264,18.529919999999997,27.272
25.351816,54.727978,25.1454,54.6264,22.37913,35.64783333333333
25.273651,54.697696,25.1454,54.6264,15.21236,21.87683333333333
25.241411,54.69706,25.1454,54.6264,13.502030000000001,18.17683333333333
25.40234,54.692728,25.1454,54.6264,20.6301,33.56466666666667
25.271468,54.679168,25.1454,54.6264,12.82161,19.976166666666664
25.234285,54.674768,25.1454,54.6264,10.36749,15.0025
25.212391,54.710955,25.1454,54.6264,13.18103,17.841833333333334
25.27677,54.702298,25.1454,54.6264,15.54575,22.7185
25.281484,54.679972,25.1454,54.6264,12.202860000000001,21.509666666666664
25.277814,54.634542,25.1454,54.6264,13.25958,19.915333333333333
25.273663,54.691121,25.1454,54.6264,13.92174,20.30183333333333
25.222482,54.704649,25.1454,54.6264,12.14606,16.0625
25.2884,54.678688,25.1454,54.6264,12.80794,23.87633333333333
25.296192,54.708972,25.1454,54.6264,17.490299999999998,26.496166666666667
25.252078,54.725048,25.1454,54.6264,16.70786,24.941666666666666
25.226027,54.736248,25.1454,54.6264,15.77549,19.458166666666667
25.266828,54.673275,25.1454,54.6264,10.56291,17.840333333333334
25.276935,54.688818,25.1454,54.6264,14.61032,21.555166666666665
25.275662,54.670301,25.1454,54.6264,12.450959999999998,18.033
25.310892,54.67927,25.1454,54.6264,13.81193,24.208000000000002
25.312301,54.671512,25.1454,54.6264,14.44909,26.5455
25.274728,54.729849,25.1454,54.6264,21.179650000000002,27.014333333333333
25.27502,54.691028,25.1454,54.6264,13.998520000000001,20.532333333333334
25.416475,54.751617,25.1454,54.6264,28.70009,44.59
25.416475,54.751617,25.1454,54.6264,28.70009,44.59
25.220766,54.682515,25.1454,54.6264,9.522950000000002,14.509166666666665
25.220766,54.682515,25.1454,54.6264,9.522950000000002,14.509166666666665
25.220766,54.682515,25.1454,54.6264,9.522950000000002,14.509166666666665
25.287748,54.683698,25.1454,54.6264,15.032729999999999,23.425833333333333
25.302307,54.739693,25.1454,54.6264,21.04655,34.13483333333333
25.323262,54.686331,25.1454,54.6264,14.827110000000001,25.470000000000002
25.218603,54.6506,25.1454,54.6264,6.44783,10.338833333333334
25.212599,54.749126,25.1454,54.6264,16.46611,18.174833333333332
25.274738,54.675007,25.1454,54.6264,11.310889999999999,18.845666666666666
25.415472,54.689572,25.1454,54.6264,21.52704,35.57866666666666
25.282496,54.680436,25.1454,54.6264,13.62856,22.379666666666665
25.202822,54.685816,25.1454,54.6264,9.18863,11.908
25.251169,54.674738,25.1454,54.6264,10.99074,15.894
25.429428,54.686559,25.1454,54.6264,22.77894,37.445
25.317404,54.700192,25.1454,54.6264,17.790509999999998,28.8835
25.257268,54.679063,25.1454,54.6264,11.86852,18.515666666666668
25.317597,54.716268,25.1454,54.6264,19.056150000000002,29.398833333333336
25.245515,54.725559,25.1454,54.6264,18.739240000000002,23.136833333333335
25.407952,54.689731,25.1454,54.6264,21.451439999999998,35.362833333333334
25.31807,54.719759,25.1454,54.6264,19.47357,30.138166666666667
25.319622,54.722127,25.1454,54.6264,20.243299999999998,31.969333333333335
25.30154,54.708502,25.1454,54.6264,17.82421,27.192833333333333
25.234285,54.674768,25.1454,54.6264,10.36749,15.0025
25.234285,54.674768,25.1454,54.6264,10.36749,15.0025
25.246029,54.674181,25.1454,54.6264,10.85725,15.468333333333334
25.348549,54.722628,25.1454,54.6264,22.1267,36.32083333333333
25.19924,54.645144,25.1454,54.6264,6.91692,11.592666666666666
25.308997,54.701766,25.1454,54.6264,17.562009999999997,28.07633333333333
25.295512,54.699561,25.1454,54.6264,17.32903,25.543166666666664
25.278945,54.680022,25.1454,54.6264,12.37894,22.341
25.23347,54.67438,25.1454,54.6264,10.40469,15.151333333333334
25.265362,54.670898,25.1454,54.6264,10.352379999999998,16.788
25.27509,54.687908,25.1454,54.6264,13.78302,19.872666666666664
25.215533,54.6899,25.1454,54.6264,10.54018,14.979166666666666
25.258643,54.680986,25.1454,54.6264,12.15577,18.680333333333333
25.23879,54.719117,25.1454,54.6264,14.632790000000002,21.2805
25.264534,54.691743,25.1454,54.6264,13.288110000000001,18.661833333333334
25.27334,54.726895,25.1454,54.6264,21.23529,27.193833333333334
25.270212,54.68802,25.1454,54.6264,13.458770000000001,19.399
25.276591,54.700376,25.1454,54.6264,15.6749,23.028333333333332
25.342399,54.717036,25.1454,54.6264,21.20995,34.64266666666666
25.182581,54.712851,25.1454,54.6264,12.653559999999999,16.166833333333333
25.279457,54.687761,25.1454,54.6264,14.36296,20.988
25.302833,54.679489,25.1454,54.6264,14.09615,25.744833333333336
25.211866,54.671477,25.1454,54.6264,8.52788,11.967333333333332
25.26583,54.673868,25.1454,54.6264,10.523520000000001,17.679
25.274966,54.681238,25.1454,54.6264,12.86227,19.923333333333336
25.274966,54.681238,25.1454,54.6264,12.86227,19.923333333333336
25.274966,54.681238,25.1454,54.6264,12.86227,19.923333333333336
25.293515,54.672047,25.1454,54.6264,12.86509,23.09016666666667
25.234656,54.722507,25.1454,54.6264,15.21645,20.943666666666665
25.313788,54.678233,25.1454,54.6264,13.79108,23.8865
25.239067,54.723146,25.1454,54.6264,15.3475,20.799
25.320906,54.724429,25.1454,54.6264,20.306330000000003,32.00833333333333
25.210939,54.718504,25.1454,54.6264,14.39824,17.8905
25.282369,54.684251,25.1454,54.6264,14.7262,22.8835
25.279619,54.720352,25.1454,54.6264,17.323610000000002,26.977333333333334
25.274204,54.678107,25.1454,54.6264,11.66635,19.444000000000003
25.274531,54.744354,25.1454,54.6264,21.28229,26.977500000000003
25.277702,54.732708,25.1454,54.6264,19.09817,28.295666666666666
25.274729,54.674277,25.1454,54.6264,11.22373,18.74233333333333
25.31076,54.702543,25.1454,54.6264,18.08541,28.606833333333334
25.280181,54.677809,25.1454,54.6264,12.71196,23.436
25.220239,54.708649,25.1454,54.6264,12.953719999999999,17.273666666666667
25.337374,54.734828,25.1454,54.6264,21.14294,32.7765
25.28787,54.715871,25.1454,54.6264,17.52474,26.009833333333333
25.116631,54.648183,25.1454,54.6264,4.8109399999999996,7.527666666666667
25.274869,54.703606,25.1454,54.6264,15.60224,22.2475
25.306524,54.693036,25.1454,54.6264,16.49973,25.73933333333333
25.21751,54.730497,25.1454,54.6264,16.1623,19.958333333333332
25.24425,54.724453,25.1454,54.6264,16.12039,23.407333333333334
25.35866,54.714202,25.1454,54.6264,19.389,36.10916666666667
25.288258,54.708266,25.1454,54.6264,16.83464,24.750833333333333
25.297038,54.698147,25.1454,54.6264,17.24011,25.352666666666668
25.261758,54.67183,25.1454,54.6264,10.17136,16.675833333333333
25.319622,54.722127,25.1454,54.6264,20.243299999999998,31.969333333333335
25.391831,54.710559,25.1454,54.6264,20.90286,36.133833333333335
25.260323,54.696307,25.1454,54.6264,14.487770000000001,21.246
25.210426,54.696146,25.1454,54.6264,11.487260000000001,14.732333333333335
25.228574,54.731438,25.1454,54.6264,16.552880000000002,21.497833333333332
25.290807,54.674321,25.1454,54.6264,12.31995,21.167333333333332
25.225343,54.712074,25.1454,54.6264,13.31774,17.749166666666667
25.300391,54.678996,25.1454,54.6264,13.92533,25.17233333333333
25.219358,54.740383,25.1454,54.6264,16.42079,19.222166666666666
25.219358,54.740383,25.1454,54.6264,16.42079,19.222166666666666
25.293033,54.709315,25.1454,54.6264,17.18057,25.805999999999997
25.291286,54.714682,25.1454,54.6264,17.45205,26.041333333333334
25.310732,54.703783,25.1454,54.6264,17.5243,26.863
25.224717,54.694109,25.1454,54.6264,11.22667,15.608
25.421545,54.685933,25.1454,54.6264,22.20385,36.13133333333334
25.40083,54.692489,25.1454,54.6264,20.776619999999998,33.89183333333333
25.223768,54.708497,25.1454,54.6264,12.87497,17.220833333333335
25.263426,54.754527,25.1454,54.6264,20.61341,24.759666666666664
25.279457,54.687761,25.1454,54.6264,14.36296,20.988
25.421296,54.686702,25.1454,54.6264,22.27223,36.404833333333336
25.267834,54.731217,25.1454,54.6264,20.53224,25.95716666666667
25.319928,54.689123,25.1454,54.6264,15.30537,27.32766666666667
25.283358,54.684977,25.1454,54.6264,14.8587,22.7395
25.240431,54.698186,25.1454,54.6264,13.534,18.273833333333336
25.181673,54.712007,25.1454,54.6264,12.58305,15.997333333333334
25.25414,54.682088,25.1454,54.6264,12.639040000000001,19.753
25.249467,54.701191,25.1454,54.6264,13.62215,18.5175
25.204654,54.688144,25.1454,54.6264,9.616760000000001,12.737
25.277597,54.683044,25.1454,54.6264,14.071200000000001,20.262999999999998
25.277466,54.702177,25.1454,54.6264,15.535639999999999,22.694166666666668
25.28787,54.715871,25.1454,54.6264,17.52474,26.009833333333333
25.274361,54.700342,25.1454,54.6264,15.29968,22.108833333333333
25.283894,54.692445,25.1454,54.6264,14.904200000000001,23.162333333333333
25.429428,54.686559,25.1454,54.6264,22.77894,37.445
25.303881,54.686971,25.1454,54.6264,14.94204,26.19066666666667
25.177236,54.715567,25.1454,54.6264,12.42124,17.049666666666667
25.286694,54.687068,25.1454,54.6264,14.84816,22.697
25.284905,54.660137,25.1454,54.6264,13.79209,20.360166666666665
25.317993,54.677762,25.1454,54.6264,14.12301,25.245166666666666
25.265717,54.676179,25.1454,54.6264,10.856819999999999,18.758
25.27574,54.679871,25.1454,54.6264,12.017280000000001,20.478
25.393602,54.793776,25.1454,54.6264,29.984009999999998,43.377500000000005
25.277597,54.683044,25.1454,54.6264,14.071200000000001,20.262999999999998
25.265891,54.671003,25.1454,54.6264,10.38833,16.8495
25.21925,54.741841,25.1454,54.6264,16.38685,19.2
25.21212,54.718666,25.1454,54.6264,14.21632,17.191
25.21212,54.718666,25.1454,54.6264,14.21632,17.191
25.289548,54.67914,25.1454,54.6264,14.18698,25.981166666666663
25.278913,54.670903,25.1454,54.6264,12.790709999999999,19.319666666666667
25.234393,54.717802,25.1454,54.6264,14.15932,19.951999999999998
25.189628,54.707283,25.1454,54.6264,11.90024,14.971333333333332
25.256211,54.737953,25.1454,54.6264,19.51787,25.527333333333335
25.220426,54.727783,25.1454,54.6264,16.14312,19.912
25.225748,54.715467,25.1454,54.6264,13.97233,18.9695
25.29896,54.720673,25.1454,54.6264,18.075650000000003,27.301666666666666
25.241359,54.736461,25.1454,54.6264,17.87031,21.375333333333334
25.269826,54.664068,25.1454,54.6264,13.557559999999999,19.598000000000003
25.416864,54.68593,25.1454,54.6264,22.05014,35.904333333333334
25.26292,54.672587,25.1454,54.6264,10.30042,17.083666666666666
25.203102,54.687801,25.1454,54.6264,9.61468,12.8935
25.289,54.682918,25.1454,54.6264,15.420209999999999,25.062
25.223195,54.738766,25.1454,54.6264,16.11852,20.854
25.432488,54.687326,25.1454,54.6264,23.11762,37.775333333333336
25.173775,54.702832,25.1454,54.6264,11.1976,14.639999999999999
25.302998,54.683836,25.1454,54.6264,14.95254,26.93
25.283905,54.712915,25.1454,54.6264,17.48555,26.537166666666668
25.27101,54.659601,25.1454,54.6264,13.34156,18.465333333333334
25.291907,54.684913,25.1454,54.6264,15.81333,25.800833333333333
25.336995,54.729879,25.1454,54.6264,21.18742,33.4225
25.336995,54.729879,25.1454,54.6264,21.18742,33.4225
25.27702,54.675695,25.1454,54.6264,11.52369,19.356333333333335
25.262432,54.677956,25.1454,54.6264,12.118319999999999,18.507
25.267288,54.674236,25.1454,54.6264,10.657200000000001,18.19
25.305124,54.676143,25.1454,54.6264,13.242719999999998,23.094
25.259989,54.657545,25.1454,54.6264,14.281690000000001,20.0135
25.2745,54.668792,25.1454,54.6264,12.45514,18.043
25.266737,54.690506,25.1454,54.6264,13.391129999999999,19.162666666666667
25.302833,54.679489,25.1454,54.6264,14.09615,25.744833333333336
25.262019,54.679031,25.1454,54.6264,12.001299999999999,18.038833333333333
25.253652,54.700598,25.1454,54.6264,13.9781,18.851333333333333
25.264073,54.673128,25.1454,54.6264,10.67195,18.272666666666666
25.270498,54.660656,25.1454,54.6264,13.31025,18.575166666666668
25.323262,54.686331,25.1454,54.6264,14.827110000000001,25.470000000000002
25.196748,54.655796,25.1454,54.6264,11.20428,20.861333333333334
25.269899,54.739413,25.1454,54.6264,20.20889,25.438333333333333
25.270715,54.728605,25.1454,54.6264,20.94585,26.521
25.263342,54.692096,25.1454,54.6264,13.23624,18.132833333333334
25.249667,54.708185,25.1454,54.6264,15.281,22.923833333333334
25.272052,54.685827,25.1454,54.6264,13.29008,20.48933333333333
25.250184,54.723758,25.1454,54.6264,16.67681,25.039833333333334
25.267288,54.674236,25.1454,54.6264,10.657200000000001,18.19
25.318738,54.729931,25.1454,54.6264,19.73951,30.706500000000002
25.250503,54.677158,25.1454,54.6264,11.24476,16.364166666666666
25.255405,54.700448,25.1454,54.6264,14.06721,19.207666666666668
25.267288,54.674236,25.1454,54.6264,10.657200000000001,18.19
25.275827,54.696402,25.1454,54.6264,15.2023,21.798833333333334
25.21877,54.732013,25.1454,54.6264,16.30263,20.014833333333335
25.221441,54.726271,25.1454,54.6264,16.36763,20.344
25.261224,54.609448,25.1454,54.6264,9.81631,12.480666666666668
25.257314,54.673255,25.1454,54.6264,10.47006,17.704166666666666
25.294338,54.674848,25.1454,54.6264,12.56849,21.704666666666665
25.275123,54.684905,25.1454,54.6264,13.82816,19.955
25.226602,54.743512,25.1454,54.6264,16.455669999999998,19.44183333333333
25.4221,54.690137,25.1454,54.6264,21.897009999999998,36.2505
25.26732,54.661184,25.1454,54.6264,13.65599,19.479666666666667
25.229111,54.705263,25.1454,54.6264,12.889520000000001,17.199166666666667
25.287506,54.717581,25.1454,54.6264,17.77113,26.583833333333335
25.09095,54.669249,25.1454,54.6264,8.07058,10.143666666666666
25.265342,54.686123,25.1454,54.6264,13.34984,19.30666666666667
25.188841,54.659938,25.1454,54.6264,9.429170000000001,14.582500000000001
25.307773,54.701332,25.1454,54.6264,17.44125,27.593166666666665
25.316702,54.727529,25.1454,54.6264,19.59086,30.684666666666665
25.282496,54.680436,25.1454,54.6264,13.62856,22.379666666666665
25.275953,54.738167,25.1454,54.6264,21.15605,27.415000000000003
25.252215,54.67813,25.1454,54.6264,11.49452,17.019666666666666
25.286184,54.698953,25.1454,54.6264,15.615920000000001,24.35033333333333
25.378973,54.692531,25.1454,54.6264,21.28577,34.538000000000004
25.212093,54.710143,25.1454,54.6264,13.16973,17.807833333333335
25.287795,54.676964,25.1454,54.6264,12.71718,23.338833333333334
25.294861,54.693295,25.1454,54.6264,15.962299999999999,24.946833333333334
25.294861,54.693295,25.1454,54.6264,15.962299999999999,24.946833333333334
25.294861,54.693295,25.1454,54.6264,15.962299999999999,24.946833333333334
25.294861,54.693295,25.1454,54.6264,15.962299999999999,24.946833333333334
25.294861,54.693295,25.1454,54.6264,15.962299999999999,24.946833333333334
25.294861,54.693295,25.1454,54.6264,15.962299999999999,24.946833333333334
25.282911,54.698434,25.1454,54.6264,15.266129999999999,23.650333333333332
25.277957,54.740581,25.1454,54.6264,20.782619999999998,26.46216666666667
25.267428,54.68195,25.1454,54.6264,12.296479999999999,18.64466666666667
25.27119,54.726075,25.1454,54.6264,21.11372,27.522666666666666
25.250287,54.728055,25.1454,54.6264,20.09131,25.479166666666668
25.219798,54.74231,25.1454,54.6264,16.494790000000002,19.631666666666668
25.39652,54.711004,25.1454,54.6264,21.15529,36.98283333333333
25.290859,54.697788,25.1454,54.6264,15.81246,25.514833333333335
25.240028,54.671503,25.1454,54.6264,10.60302,14.902999999999999
25.272205,54.682213,25.1454,54.6264,12.710959999999998,19.75433333333333
25.188029,54.660121,25.1454,54.6264,9.503440000000001,14.912333333333333
25.286241,54.707286,25.1454,54.6264,16.85271,25.0305
25.343981,54.774919,25.1454,54.6264,27.591240000000003,36.41233333333333
25.280282,54.6769,25.1454,54.6264,12.008469999999999,20.438499999999998
25.277865,54.67651,25.1454,54.6264,11.7324,19.949833333333334
25.295876,54.693449,25.1454,54.6264,15.994950000000001,25.04733333333333
25.295249,54.709115,25.1454,54.6264,17.55294,26.684
25.305024,54.71313,25.1454,54.6264,18.332919999999998,27.673833333333334
25.259636,54.754066,25.1454,54.6264,20.37083,24.373833333333334
25.286184,54.698953,25.1454,54.6264,15.615920000000001,24.35033333333333
25.274204,54.678107,25.1454,54.6264,11.66635,19.444000000000003
25.299057,54.725847,25.1454,54.6264,18.63637,28.514
25.210692,54.716469,25.1454,54.6264,14.42414,18.218166666666665
25.307414,54.716731,25.1454,54.6264,18.844,29.091333333333335
25.28075,54.674204,25.1454,54.6264,11.46576,20.048333333333336
25.302273,54.704927,25.1454,54.6264,17.3766,26.108333333333334
25.193148,54.666636,25.1454,54.6264,8.53148,12.148
25.183617,54.703924,25.1454,54.6264,11.303889999999999,15.708666666666666
25.254304,54.727157,25.1454,54.6264,19.619229999999998,24.019166666666667
25.214162,54.718778,25.1454,54.6264,14.35124,17.393833333333337
25.284895,54.672844,25.1454,54.6264,11.7318,19.845166666666668
25.222893,54.722082,25.1454,54.6264,14.35309,19.494833333333336
25.257268,54.679063,25.1454,54.6264,11.86852,18.515666666666668
25.300065,54.708763,25.1454,54.6264,17.73081,26.968833333333336
25.300065,54.708763,25.1454,54.6264,17.73081,26.968833333333336
25.300065,54.708763,25.1454,54.6264,17.73081,26.968833333333336
25.300065,54.708763,25.1454,54.6264,17.73081,26.968833333333336
25.300065,54.708763,25.1454,54.6264,17.73081,26.968833333333336
25.300065,54.708763,25.1454,54.6264,17.73081,26.968833333333336
25.300065,54.708763,25.1454,54.6264,17.73081,26.968833333333336
25.300065,54.708763,25.1454,54.6264,17.73081,26.968833333333336
25.300065,54.708763,25.1454,54.6264,17.73081,26.968833333333336
25.300065,54.708763,25.1454,54.6264,17.73081,26.968833333333336
25.300065,54.708763,25.1454,54.6264,17.73081,26.968833333333336
25.255429,54.692191,25.1454,54.6264,13.344520000000001,19.197166666666664
25.309825,54.682775,25.1454,54.6264,14.274659999999999,25.574333333333335
25.253421,54.711127,25.1454,54.6264,14.882520000000001,21.297666666666665
25.302833,54.679489,25.1454,54.6264,14.09615,25.744833333333336
25.2567,54.703957,25.1454,54.6264,14.09039,19.502666666666666
25.2567,54.703957,25.1454,54.6264,14.09039,19.502666666666666
25.2567,54.703957,25.1454,54.6264,14.09039,19.502666666666666
25.2567,54.703957,25.1454,54.6264,14.09039,19.502666666666666
25.2567,54.703957,25.1454,54.6264,14.09039,19.502666666666666
25.2567,54.703957,25.1454,54.6264,14.09039,19.502666666666666
25.2567,54.703957,25.1454,54.6264,14.09039,19.502666666666666
25.2567,54.703957,25.1454,54.6264,14.09039,19.502666666666666
25.2567,54.703957,25.1454,54.6264,14.09039,19.502666666666666
25.2567,54.703957,25.1454,54.6264,14.09039,19.502666666666666
25.293006,54.674926,25.1454,54.6264,12.476479999999999,21.45716666666667
25.30377,54.666765,25.1454,54.6264,16.16369,22.738333333333333
25.186105,54.706551,25.1454,54.6264,11.99919,15.097666666666667
25.215484,54.682879,25.1454,54.6264,9.518540000000002,13.882
25.283095,54.66133,25.1454,54.6264,13.65739,19.8465
25.276281,54.670056,25.1454,54.6264,12.49661,18.142666666666667
25.282648,54.67498,25.1454,54.6264,12.30207,21.124333333333333
25.39683,54.695052,25.1454,54.6264,20.49979,33.291000000000004
25.278748,54.728788,25.1454,54.6264,18.588669999999997,27.591
25.284399,54.665804,25.1454,54.6264,13.662889999999999,21.010833333333334
25.23115,54.713098,25.1454,54.6264,14.09363,19.401666666666664
25.23115,54.713098,25.1454,54.6264,14.09363,19.401666666666664
25.214295,54.722866,25.1454,54.6264,14.96751,18.913833333333333
25.289613,54.674014,25.1454,54.6264,12.2306,20.85533333333333
25.249667,54.708185,25.1454,54.6264,15.281,22.923833333333334
25.261746,54.676283,25.1454,54.6264,11.89832,18.509999999999998
25.261746,54.676283,25.1454,54.6264,11.89832,18.509999999999998
25.20913,54.67206,25.1454,54.6264,8.44033,11.76
25.319184,54.718579,25.1454,54.6264,19.368029999999997,29.875999999999998
25.373154,54.729184,25.1454,54.6264,24.43436,39.55733333333333
25.279712,54.705628,25.1454,54.6264,16.11534,24.083166666666667
25.209325,54.676164,25.1454,54.6264,8.69327,12.607
25.18604,54.70381,25.1454,54.6264,11.03851,14.587833333333332
25.259166,54.657314,25.1454,54.6264,14.2829,20.01833333333333
25.259166,54.657314,25.1454,54.6264,14.2829,20.01833333333333
25.259166,54.657314,25.1454,54.6264,14.2829,20.01833333333333
25.259166,54.657314,25.1454,54.6264,14.2829,20.01833333333333
25.259166,54.657314,25.1454,54.6264,14.2829,20.01833333333333
25.259166,54.657314,25.1454,54.6264,14.2829,20.01833333333333
25.291332,54.67504,25.1454,54.6264,12.721729999999999,22.740166666666667
25.281732,54.672257,25.1454,54.6264,11.44432,19.1405
25.317703,54.687796,25.1454,54.6264,15.122770000000001,26.878666666666668
25.177236,54.715567,25.1454,54.6264,12.42124,17.049666666666667
25.307014,54.678207,25.1454,54.6264,13.63602,24.148500000000002
25.270457,54.739803,25.1454,54.6264,20.321099999999998,25.887166666666666
25.309538,54.682236,25.1454,54.6264,14.22006,25.243666666666666
25.15119,54.619174,25.1454,54.6264,1.4812100000000001,3.7408333333333332
25.289309,54.706433,25.1454,54.6264,16.827849999999998,24.8995
25.308644,54.672977,25.1454,54.6264,14.41309,26.102833333333333
25.308644,54.672977,25.1454,54.6264,14.41309,26.102833333333333
25.25263,54.702166,25.1454,54.6264,13.6866,18.4205
25.25263,54.702166,25.1454,54.6264,13.6866,18.4205
25.259242,54.677696,25.1454,54.6264,12.294,19.209666666666667
25.15119,54.619174,25.1454,54.6264,1.4812100000000001,3.7408333333333332
25.272528,54.709505,25.1454,54.6264,15.80025,23.69816666666667
25.317504,54.676134,25.1454,54.6264,14.38398,25.291833333333333
25.283212,54.763339,25.1454,54.6264,23.046680000000002,28.8155
25.254267,54.700338,25.1454,54.6264,13.92914,18.6555
25.306063,54.693124,25.1454,54.6264,16.424580000000002,25.497333333333334
25.32038,54.677276,25.1454,54.6264,14.20355,25.567333333333334
25.266661,54.678629,25.1454,54.6264,12.58523,19.583666666666666
25.306216,54.684639,25.1454,54.6264,14.61717,25.5555
25.175874,54.702045,25.1454,54.6264,10.95245,14.2535
25.214841,54.672588,25.1454,54.6264,8.78482,12.714166666666667
25.266801,54.739966,25.1454,54.6264,20.17879,25.200166666666668
25.275827,54.696402,25.1454,54.6264,15.2023,21.798833333333334
25.263342,54.692096,25.1454,54.6264,13.23624,18.132833333333334
25.263342,54.692096,25.1454,54.6264,13.23624,18.132833333333334
25.319422,54.677381,25.1454,54.6264,14.18591,25.51033333333333
25.442351,54.694177,25.1454,54.6264,23.08027,38.25483333333333
25.26963,54.690842,25.1454,54.6264,13.59905,19.66166666666667
25.320704,54.706684,25.1454,54.6264,18.61007,29.7745
25.28541,54.719834,25.1454,54.6264,17.681060000000002,26.624833333333335
25.391359,54.709976,25.1454,54.6264,20.869139999999998,35.999
25.274218,54.703008,25.1454,54.6264,15.67396,22.419500000000003
25.391359,54.709976,25.1454,54.6264,20.869139999999998,35.999
25.391359,54.709976,25.1454,54.6264,20.869139999999998,35.999
25.200472,54.673357,25.1454,54.6264,7.6684399999999995,10.2585
25.272052,54.685827,25.1454,54.6264,13.29008,20.48933333333333
25.279554,54.71085,25.1454,54.6264,16.55245,24.99233333333333
25.217371,54.731053,25.1454,54.6264,16.17276,19.966333333333335
25.208849,54.67535,25.1454,54.6264,8.61875,12.309
25.245574,54.673509,25.1454,54.6264,10.66627,15.198666666666666
25.267622,54.689569,25.1454,54.6264,13.36858,19.230833333333333
25.258872,54.678795,25.1454,54.6264,11.72193,17.227333333333334
25.247216,54.733224,25.1454,54.6264,18.448880000000003,22.4355
25.26493,54.676879,25.1454,54.6264,10.91594,18.935333333333332
25.196207,54.746916,25.1454,54.6264,16.880029999999998,23.3865
25.288939,54.696589,25.1454,54.6264,15.702459999999999,25.282833333333333
25.288939,54.696589,25.1454,54.6264,15.702459999999999,25.282833333333333
25.288939,54.696589,25.1454,54.6264,15.702459999999999,25.282833333333333
25.288939,54.696589,25.1454,54.6264,15.702459999999999,25.282833333333333
25.288939,54.696589,25.1454,54.6264,15.702459999999999,25.282833333333333
25.288939,54.696589,25.1454,54.6264,15.702459999999999,25.282833333333333
25.31732,54.705869,25.1454,54.6264,18.223830000000003,28.572666666666667
25.314823,54.713686,25.1454,54.6264,18.702240000000003,28.82316666666667
25.267949,54.679214,25.1454,54.6264,12.48906,19.426499999999997
25.277407,54.745554,25.1454,54.6264,21.27339,26.989833333333333
25.352586,54.715863,25.1454,54.6264,21.63627,36.357
25.210692,54.716469,25.1454,54.6264,14.42414,18.218166666666665
25.266739,54.684834,25.1454,54.6264,12.56106,19.37183333333333
25.284895,54.672844,25.1454,54.6264,11.7318,19.845166666666668
25.27737,54.687383,25.1454,54.6264,13.94,20.2495
25.26501,54.754202,25.1454,54.6264,20.690099999999997,25.003
25.315377,54.707038,25.1454,54.6264,18.13817,28.614166666666666
25.239751,54.693498,25.1454,54.6264,13.9731,19.1365
25.28385,54.678864,25.1454,54.6264,12.79598,23.943166666666666
25.101064,54.66717,25.1454,54.6264,7.29377,8.026333333333334
25.424911,54.685564,25.1454,54.6264,22.3755,36.13983333333333
25.310606,54.684142,25.1454,54.6264,14.28799,24.962
25.323262,54.686331,25.1454,54.6264,14.827110000000001,25.470000000000002
25.234656,54.722507,25.1454,54.6264,15.21645,20.943666666666665
25.221089,54.696438,25.1454,54.6264,11.3074,16.353166666666667
25.348852,54.648801,25.1454,54.6264,18.535040000000002,27.2925
25.280608,54.661395,25.1454,54.6264,13.542489999999999,19.486666666666668
25.279489,54.684957,25.1454,54.6264,14.81546,22.897666666666666
25.2166,54.701217,25.1454,54.6264,11.38081,14.714166666666667
25.317993,54.677762,25.1454,54.6264,14.12301,25.245166666666666
25.317993,54.677762,25.1454,54.6264,14.12301,25.245166666666666
25.317993,54.677762,25.1454,54.6264,14.12301,25.245166666666666
25.317993,54.677762,25.1454,54.6264,14.12301,25.245166666666666
25.317993,54.677762,25.1454,54.6264,14.12301,25.245166666666666
25.317993,54.677762,25.1454,54.6264,14.12301,25.245166666666666
25.317993,54.677762,25.1454,54.6264,14.12301,25.245166666666666
25.289091,54.679304,25.1454,54.6264,12.90278,24.184833333333334
25.163655,54.705335,25.1454,54.6264,11.76197,17.0525
25.241079,54.66491,25.1454,54.6264,9.45434,15.139833333333334
25.227951,54.681441,25.1454,54.6264,10.58732,17.944000000000003
25.196207,54.746916,25.1454,54.6264,16.880029999999998,23.3865
25.196207,54.746916,25.1454,54.6264,16.880029999999998,23.3865
25.177236,54.715567,25.1454,54.6264,12.42124,17.049666666666667
25.19924,54.645144,25.1454,54.6264,6.91692,11.592666666666666
25.216135,54.672763,25.1454,54.6264,8.867059999999999,12.956999999999999
25.219106,54.716704,25.1454,54.6264,13.606639999999999,18.3365
25.307553,54.681809,25.1454,54.6264,14.39935,25.894333333333336
25.27973,54.677548,25.1454,54.6264,11.913459999999999,20.290833333333335
25.266048,54.683686,25.1454,54.6264,12.46075,19.278000000000002
25.263342,54.692096,25.1454,54.6264,13.23624,18.132833333333334
25.293832,54.67512,25.1454,54.6264,12.543280000000001,21.632833333333334
25.202163,54.67229,25.1454,54.6264,7.99771,11.186
25.262243,54.756452,25.1454,54.6264,21.063080000000003,25.630999999999997
25.426009,54.686449,25.1454,54.6264,22.57761,36.75533333333333
25.267288,54.674236,25.1454,54.6264,10.657200000000001,18.19
25.273918,54.672382,25.1454,54.6264,10.93094,18.055
25.23386,54.673057,25.1454,54.6264,10.21593,14.322833333333334
25.256957,54.647465,25.1454,54.6264,11.67304,16.467333333333332
25.256957,54.647465,25.1454,54.6264,11.67304,16.467333333333332
25.286564,54.679986,25.1454,54.6264,15.42079,25.102833333333333
25.286564,54.679986,25.1454,54.6264,15.42079,25.102833333333333
25.286564,54.679986,25.1454,54.6264,15.42079,25.102833333333333
25.176378,54.715913,25.1454,54.6264,12.56145,17.664833333333334
25.415778,54.730762,25.1454,54.6264,24.36111,40.856
25.251748,54.700839,25.1454,54.6264,13.757200000000001,19.2815
25.27954,54.683068,25.1454,54.6264,13.5557,22.387666666666668
25.305757,54.71824,25.1454,54.6264,18.5039,28.709
25.406784,54.724294,25.1454,54.6264,23.559919999999998,39.972
25.263539,54.642068,25.1454,54.6264,11.55995,15.988166666666666
25.303091,54.709839,25.1454,54.6264,17.97637,27.643833333333337
25.323452,54.705591,25.1454,54.6264,18.77394,30.459166666666665
25.256133,54.703821,25.1454,54.6264,14.065940000000001,19.368833333333335
25.283273,54.673305,25.1454,54.6264,11.66067,19.478333333333335
25.291753,54.679544,25.1454,54.6264,14.1458,25.831
25.25263,54.702166,25.1454,54.6264,13.6866,18.4205
25.27109,54.699125,25.1454,54.6264,15.01498,21.573833333333333
25.254922,54.725287,25.1454,54.6264,19.89443,24.766166666666667
25.22089,54.727145,25.1454,54.6264,16.43846,20.60983333333333
25.293989,54.67646,25.1454,54.6264,12.74946,22.68433333333333
25.26916,54.708141,25.1454,54.6264,16.56787,24.198333333333334
25.317718,54.718848,25.1454,54.6264,19.267509999999998,29.474
25.429708,54.674997,25.1454,54.6264,28.30096,36.247
25.270694,54.674408,25.1454,54.6264,11.03504,18.577333333333335
25.321777,54.705742,25.1454,54.6264,18.68028,30.0845
25.416864,54.68593,25.1454,54.6264,22.05014,35.904333333333334
25.259345,54.60568,25.1454,54.6264,9.279819999999999,11.0165
25.221793,54.734331,25.1454,54.6264,15.43502,18.610166666666665
25.286112,54.694449,25.1454,54.6264,15.12473,23.493666666666666
25.277352,54.682836,25.1454,54.6264,13.114709999999999,20.197333333333333
25.277352,54.682836,25.1454,54.6264,13.114709999999999,20.197333333333333
25.27702,54.675695,25.1454,54.6264,11.52369,19.356333333333335
25.205197,54.673747,25.1454,54.6264,8.03713,11.377666666666666
25.429167,54.69868,25.1454,54.6264,22.80546,39.01316666666666
25.26785,54.681629,25.1454,54.6264,12.3102,18.668
25.26785,54.681629,25.1454,54.6264,12.3102,18.668
25.264703,54.679138,25.1454,54.6264,12.23428,18.970666666666666
25.253841,54.669845,25.1454,54.6264,9.72406,15.752833333333333
25.246392,54.711868,25.1454,54.6264,14.80711,21.26966666666667
25.230168,54.719484,25.1454,54.6264,14.07573,18.859166666666667
25.203921,54.718616,25.1454,54.6264,12.451459999999999,18.1085
25.220609,54.72838,25.1454,54.6264,16.04938,19.584666666666667
25.270984,54.682684,25.1454,54.6264,12.59068,19.399833333333333
25.293003,54.678237,25.1454,54.6264,13.65232,24.080499999999997
25.204721,54.679138,25.1454,54.6264,8.48697,11.661833333333334
25.28168,54.68087,25.1454,54.6264,13.552959999999999,22.077166666666667
25.293993,54.704553,25.1454,54.6264,16.81456,24.767666666666667
25.294238,54.676801,25.1454,54.6264,12.76495,22.7805
25.26269,54.682542,25.1454,54.6264,12.228629999999999,18.800666666666665
25.27702,54.675695,25.1454,54.6264,11.52369,19.356333333333335
25.27702,54.675695,25.1454,54.6264,11.52369,19.356333333333335
25.271557,54.659942,25.1454,54.6264,13.303090000000001,18.349833333333333
25.297238,54.680824,25.1454,54.6264,16.041610000000002,26.387166666666666
25.297238,54.680824,25.1454,54.6264,16.041610000000002,26.387166666666666
25.297238,54.680824,25.1454,54.6264,16.041610000000002,26.387166666666666
25.297238,54.680824,25.1454,54.6264,16.041610000000002,26.387166666666666
25.297238,54.680824,25.1454,54.6264,16.041610000000002,26.387166666666666
25.297238,54.680824,25.1454,54.6264,16.041610000000002,26.387166666666666
25.280077,54.706114,25.1454,54.6264,16.081799999999998,23.560333333333332
25.246893,54.669956,25.1454,54.6264,10.62871,15.135833333333332
25.267288,54.674236,25.1454,54.6264,10.657200000000001,18.19
25.283092,54.679923,25.1454,54.6264,13.69727,22.6545
25.163368,54.704867,25.1454,54.6264,11.75716,17.033166666666666
25.176378,54.715913,25.1454,54.6264,12.56145,17.664833333333334
25.283905,54.712915,25.1454,54.6264,17.48555,26.537166666666668
25.248863,54.699099,25.1454,54.6264,13.426680000000001,18.071166666666667
25.284838,54.676755,25.1454,54.6264,12.40419,21.737000000000002
25.23347,54.67438,25.1454,54.6264,10.40469,15.151333333333334
25.223195,54.738766,25.1454,54.6264,16.11852,20.854
25.25402,54.702194,25.1454,54.6264,13.79183,18.673000000000002
25.267781,54.671687,25.1454,54.6264,10.52733,17.087833333333332
25.317149,54.675538,25.1454,54.6264,14.289879999999998,24.9155
25.225337,54.706865,25.1454,54.6264,12.60534,16.655333333333335
25.094456,54.66919,25.1454,54.6264,7.69024,9.091666666666667
25.267814,54.671349,25.1454,54.6264,10.51746,17.071
25.290967,54.666249,25.1454,54.6264,14.38949,22.658166666666666
25.279489,54.684957,25.1454,54.6264,14.81546,22.897666666666666
25.276251,54.702299,25.1454,54.6264,15.817680000000001,22.8145
25.297939,54.72154,25.1454,54.6264,18.300819999999998,28.070833333333333
25.297939,54.72154,25.1454,54.6264,18.300819999999998,28.070833333333333
25.297939,54.72154,25.1454,54.6264,18.300819999999998,28.070833333333333
25.297939,54.72154,25.1454,54.6264,18.300819999999998,28.070833333333333
25.297939,54.72154,25.1454,54.6264,18.300819999999998,28.070833333333333
25.297939,54.72154,25.1454,54.6264,18.300819999999998,28.070833333333333
25.297939,54.72154,25.1454,54.6264,18.300819999999998,28.070833333333333
25.297939,54.72154,25.1454,54.6264,18.300819999999998,28.070833333333333
25.297939,54.72154,25.1454,54.6264,18.300819999999998,28.070833333333333
25.297939,54.72154,25.1454,54.6264,18.300819999999998,28.070833333333333
25.297939,54.72154,25.1454,54.6264,18.300819999999998,28.070833333333333
25.297939,54.72154,25.1454,54.6264,18.300819999999998,28.070833333333333
25.297939,54.72154,25.1454,54.6264,18.300819999999998,28.070833333333333
25.297939,54.72154,25.1454,54.6264,18.300819999999998,28.070833333333333
25.25478,54.669718,25.1454,54.6264,9.85407,16.272833333333335
25.242903,54.728128,25.1454,54.6264,18.55163,23.78083333333333
25.316227,54.681794,25.1454,54.6264,14.4155,26.090833333333332
25.425725,54.689249,25.1454,54.6264,22.292450000000002,37.3555
25.260995,54.610029,25.1454,54.6264,9.853729999999999,12.441166666666668
25.220489,54.695276,25.1454,54.6264,11.20252,16.00283333333333
25.273365,54.740546,25.1454,54.6264,20.54911,25.968833333333336
25.20328,54.708941,25.1454,54.6264,11.45838,14.611500000000001
25.215903,54.732399,25.1454,54.6264,15.55926,20.113999999999997
25.221867,54.719231,25.1454,54.6264,13.80176,18.49233333333333
25.285644,54.713088,25.1454,54.6264,17.380959999999998,25.84916666666667
25.253948,54.73968,25.1454,54.6264,19.34984,24.855166666666666
25.283844,54.683946,25.1454,54.6264,15.00501,23.421333333333333
25.28109,54.719572,25.1454,54.6264,17.28675,26.855166666666666
25.275263,54.701861,25.1454,54.6264,15.38863,22.321666666666665
25.306401,54.696552,25.1454,54.6264,16.84722,27.3075
25.255551,54.630742,25.1454,54.6264,10.97901,14.400166666666667
25.300391,54.678996,25.1454,54.6264,13.92533,25.17233333333333
25.300391,54.678996,25.1454,54.6264,13.92533,25.17233333333333
25.263123,54.683748,25.1454,54.6264,12.55457,19.293666666666663
25.263123,54.683748,25.1454,54.6264,12.55457,19.293666666666663
25.263123,54.683748,25.1454,54.6264,12.55457,19.293666666666663
25.263123,54.683748,25.1454,54.6264,12.55457,19.293666666666663
25.263123,54.683748,25.1454,54.6264,12.55457,19.293666666666663
25.263123,54.683748,25.1454,54.6264,12.55457,19.293666666666663
25.263123,54.683748,25.1454,54.6264,12.55457,19.293666666666663
25.263123,54.683748,25.1454,54.6264,12.55457,19.293666666666663
25.263123,54.683748,25.1454,54.6264,12.55457,19.293666666666663
25.263123,54.683748,25.1454,54.6264,12.55457,19.293666666666663
25.263123,54.683748,25.1454,54.6264,12.55457,19.293666666666663
25.234285,54.674768,25.1454,54.6264,10.36749,15.0025
25.29082,54.683739,25.1454,54.6264,15.68707,25.197166666666664
25.253948,54.73968,25.1454,54.6264,19.34984,24.855166666666666
25.280442,54.712762,25.1454,54.6264,17.541610000000002,26.177666666666667
25.28937,54.681694,25.1454,54.6264,13.067440000000001,25.114166666666666
25.40083,54.692489,25.1454,54.6264,20.776619999999998,33.89183333333333
25.278495,54.679861,25.1454,54.6264,12.15396,21.551499999999997
25.285354,54.673462,25.1454,54.6264,12.13289,20.468833333333336
25.19385,54.659512,25.1454,54.6264,9.3545,15.380166666666666
25.281782,54.690531,25.1454,54.6264,14.49948,21.333333333333332
25.281782,54.690531,25.1454,54.6264,14.49948,21.333333333333332
25.297038,54.698147,25.1454,54.6264,17.24011,25.352666666666668
25.312947,54.712566,25.1454,54.6264,18.59777,28.7605
25.425085,54.688698,25.1454,54.6264,22.689049999999998,37.506499999999996
25.390725,54.710092,25.1454,54.6264,20.81868,35.7965
25.317147,54.717395,25.1454,54.6264,19.1075,29.5315
25.303169,54.68126,25.1454,54.6264,14.66155,26.724833333333333
25.285354,54.673462,25.1454,54.6264,12.13289,20.468833333333336
25.316215,54.706428,25.1454,54.6264,18.41779,29.111333333333334
25.316544,54.675397,25.1454,54.6264,14.23943,24.742
25.269804,54.658958,25.1454,54.6264,13.48983,19.045833333333334
25.218058,54.73194,25.1454,54.6264,15.46923,19.574
25.297302,54.722203,25.1454,54.6264,18.228189999999998,27.78033333333333
25.292658,54.675065,25.1454,54.6264,12.48214,21.529
25.292658,54.675065,25.1454,54.6264,12.48214,21.529
25.292658,54.675065,25.1454,54.6264,12.48214,21.529
25.288891,54.681538,25.1454,54.6264,13.05536,25.06116666666667
25.302002,54.726132,25.1454,54.6264,18.92637,30.36116666666667
25.265631,54.72837,25.1454,54.6264,17.79605,26.109666666666666
25.25263,54.702166,25.1454,54.6264,13.6866,18.4205
25.344468,54.666347,25.1454,54.6264,18.82859,27.145166666666668
25.344468,54.666347,25.1454,54.6264,18.82859,27.145166666666668
25.2668,54.68265,25.1454,54.6264,12.34723,18.778333333333332
25.282427,54.680576,25.1454,54.6264,13.61245,22.315166666666666
25.31034,54.70754,25.1454,54.6264,17.97709,27.775166666666667
25.27871,54.681492,25.1454,54.6264,13.316540000000002,20.952833333333334
25.280671,54.673085,25.1454,54.6264,11.553709999999999,20.576
25.276086,54.727496,25.1454,54.6264,21.26889,27.000666666666667
25.287895,54.698334,25.1454,54.6264,15.7687,24.776999999999997
25.250994,54.677096,25.1454,54.6264,11.43687,16.7325
25.232229,54.733803,25.1454,54.6264,16.628130000000002,21.708166666666667
25.28168,54.68087,25.1454,54.6264,13.552959999999999,22.077166666666667
25.214746,54.71836,25.1454,54.6264,14.47467,17.709999999999997
25.261608,54.642764,25.1454,54.6264,10.954469999999999,13.945
25.265958,54.739974,25.1454,54.6264,20.17136,25.182333333333336
25.304595,54.676207,25.1454,54.6264,13.24223,23.092166666666667
25.32139,54.72321,25.1454,54.6264,20.024900000000002,31.15666666666667
25.22541,54.717404,25.1454,54.6264,13.89405,19.0105
25.210939,54.718504,25.1454,54.6264,14.39824,17.8905
25.280002,54.661689,25.1454,54.6264,13.60683,19.687666666666665
25.312586,54.708986,25.1454,54.6264,18.12397,28.080499999999997
25.312586,54.708986,25.1454,54.6264,18.12397,28.080499999999997
25.312586,54.708986,25.1454,54.6264,18.12397,28.080499999999997
25.312586,54.708986,25.1454,54.6264,18.12397,28.080499999999997
25.307014,54.678207,25.1454,54.6264,13.63602,24.148500000000002
25.286089,54.674812,25.1454,54.6264,12.361139999999999,21.334999999999997
25.30039,54.704701,25.1454,54.6264,17.335639999999998,25.842499999999998
25.2184,54.716557,25.1454,54.6264,13.63484,18.47233333333333
25.30449,54.681404,25.1454,54.6264,14.56154,26.271666666666665
25.221886,54.738302,25.1454,54.6264,15.99644,20.487833333333334
25.284395,54.712,25.1454,54.6264,17.50509,26.541999999999998
25.378973,54.692531,25.1454,54.6264,21.28577,34.538000000000004
25.291691,54.707993,25.1454,54.6264,17.06913,25.599
25.19924,54.645144,25.1454,54.6264,6.91692,11.592666666666666
25.29016,54.683104,25.1454,54.6264,15.71561,25.238
25.210095,54.681796,25.1454,54.6264,8.98395,12.872000000000002
25.220585,54.710172,25.1454,54.6264,13.22865,17.930999999999997
25.21684,54.705749,25.1454,54.6264,12.68175,17.2385
25.168734,54.67079,25.1454,54.6264,6.33247,8.0875
25.282419,54.713136,25.1454,54.6264,17.48482,25.950499999999998
25.26583,54.673868,25.1454,54.6264,10.523520000000001,17.679
25.168734,54.67079,25.1454,54.6264,6.33247,8.0875
25.212067,54.666885,25.1454,54.6264,9.65745,14.800833333333333
25.297302,54.722203,25.1454,54.6264,18.228189999999998,27.78033333333333
25.283757,54.713416,25.1454,54.6264,17.593220000000002,26.384
25.31999,54.711739,25.1454,54.6264,18.8131,29.380999999999997
25.418568,54.694299,25.1454,54.6264,21.5169,34.932
25.231811,54.733288,25.1454,54.6264,16.70414,22.012166666666666
25.231811,54.733288,25.1454,54.6264,16.70414,22.012166666666666
25.231811,54.733288,25.1454,54.6264,16.70414,22.012166666666666
25.231811,54.733288,25.1454,54.6264,16.70414,22.012166666666666
25.231811,54.733288,25.1454,54.6264,16.70414,22.012166666666666
25.231811,54.733288,25.1454,54.6264,16.70414,22.012166666666666
25.231811,54.733288,25.1454,54.6264,16.70414,22.012166666666666
25.231811,54.733288,25.1454,54.6264,16.70414,22.012166666666666
25.231811,54.733288,25.1454,54.6264,16.70414,22.012166666666666
25.231811,54.733288,25.1454,54.6264,16.70414,22.012166666666666
25.231811,54.733288,25.1454,54.6264,16.70414,22.012166666666666
25.191114,54.754266,25.1454,54.6264,20.12952,25.506666666666668
25.19924,54.645144,25.1454,54.6264,6.91692,11.592666666666666
25.263342,54.692096,25.1454,54.6264,13.23624,18.132833333333334
25.274853,54.712128,25.1454,54.6264,16.702630000000003,24.943666666666665
25.19922,54.647668,25.1454,54.6264,7.11526,12.696833333333332
25.212526,54.698676,25.1454,54.6264,11.16756,14.202666666666666
25.418568,54.694299,25.1454,54.6264,21.5169,34.932
25.095033,54.666756,25.1454,54.6264,7.7626599999999994,9.22
25.395612,54.711193,25.1454,54.6264,21.16159,37.16883333333333
25.27677,54.702298,25.1454,54.6264,15.54575,22.7185
25.218489,54.720767,25.1454,54.6264,15.148010000000001,19.444833333333335
25.40932,54.68882,25.1454,54.6264,21.52599,35.594500000000004
25.316896,54.677245,25.1454,54.6264,14.0025,24.854833333333332
25.280707,54.676367,25.1454,54.6264,12.09075,20.566
25.091746,54.669545,25.1454,54.6264,8.07212,10.245000000000001
25.228746,54.721298,25.1454,54.6264,14.27884,19.4235
25.295876,54.693449,25.1454,54.6264,15.994950000000001,25.04733333333333
25.234984,54.726463,25.1454,54.6264,14.81029,19.987833333333334
25.246029,54.674181,25.1454,54.6264,10.85725,15.468333333333334
25.27702,54.675695,25.1454,54.6264,11.52369,19.356333333333335
25.27671,54.677265,25.1454,54.6264,11.646370000000001,19.511166666666668
25.250953,54.701196,25.1454,54.6264,13.59801,18.325833333333332
25.215826,54.720613,25.1454,54.6264,14.77615,18.221666666666668
25.279816,54.671688,25.1454,54.6264,11.42067,19.148833333333336
25.210448,54.67335,25.1454,54.6264,8.54336,12.118
25.289029,54.676399,25.1454,54.6264,12.81976,23.845833333333335
25.282698,54.672476,25.1454,54.6264,11.56152,19.329666666666665
25.305124,54.676143,25.1454,54.6264,13.242719999999998,23.094
25.192139,54.661182,25.1454,54.6264,8.99467,13.24
25.248348,54.697013,25.1454,54.6264,13.646540000000002,18.535
25.287288,54.674281,25.1454,54.6264,12.317129999999999,21.017666666666667
25.28051,54.677085,25.1454,54.6264,11.98366,20.333166666666667
25.275795,54.680279,25.1454,54.6264,12.86903,19.738833333333332
25.391359,54.709976,25.1454,54.6264,20.869139999999998,35.999
25.391359,54.709976,25.1454,54.6264,20.869139999999998,35.999
25.217262,54.712749,25.1454,54.6264,12.951979999999999,17.6135
25.391831,54.710559,25.1454,54.6264,20.90286,36.133833333333335
25.288818,54.715776,25.1454,54.6264,17.51064,26.1435
25.288405,54.68012,25.1454,54.6264,12.88449,24.19783333333333
25.264342,54.677051,25.1454,54.6264,12.03443,19.054333333333332
25.301399,54.682373,25.1454,54.6264,15.03532,27.182833333333335
25.242764,54.718167,25.1454,54.6264,15.648639999999999,22.710833333333333
25.275057,54.663344,25.1454,54.6264,13.30797,18.323666666666668
25.29082,54.683739,25.1454,54.6264,15.68707,25.197166666666664
25.25904,54.757779,25.1454,54.6264,21.160970000000002,25.706333333333337
25.274011,54.689976,25.1454,54.6264,14.14301,20.651
25.283502,54.674812,25.1454,54.6264,11.837819999999999,19.897333333333332
25.274378,54.741092,25.1454,54.6264,20.554389999999998,25.9805
25.284102,54.677292,25.1454,54.6264,12.50869,22.363833333333332
25.214749,54.664796,25.1454,54.6264,9.55356,14.2585
25.214749,54.664796,25.1454,54.6264,9.55356,14.2585
25.214749,54.664796,25.1454,54.6264,9.55356,14.2585
25.214749,54.664796,25.1454,54.6264,9.55356,14.2585
25.214749,54.664796,25.1454,54.6264,9.55356,14.2585
25.214749,54.664796,25.1454,54.6264,9.55356,14.2585
25.214749,54.664796,25.1454,54.6264,9.55356,14.2585
25.258883,54.672938,25.1454,54.6264,10.36413,17.259833333333333
25.280093,54.672237,25.1454,54.6264,11.37276,19.137666666666668
25.299096,54.723161,25.1454,54.6264,18.634240000000002,28.709
25.310612,54.704198,25.1454,54.6264,17.53609,26.83716666666667
25.283876,54.710251,25.1454,54.6264,16.96743,25.445333333333334
25.3212,54.712814,25.1454,54.6264,19.04362,30.035166666666665
25.282012,54.660999,25.1454,54.6264,13.64246,19.869000000000003
25.273651,54.697696,25.1454,54.6264,15.21236,21.87683333333333
25.240295,54.73654,25.1454,54.6264,17.813860000000002,21.1495
25.271503,54.682264,25.1454,54.6264,12.63678,19.555833333333332
25.270472,54.687484,25.1454,54.6264,13.357899999999999,19.040000000000003
25.376965,54.694597,25.1454,54.6264,18.7469,31.329166666666666
25.264483,54.69237,25.1454,54.6264,13.35449,18.85033333333333
25.289619,54.674009,25.1454,54.6264,12.23001,20.854
25.203209,54.718814,25.1454,54.6264,13.849920000000001,16.426166666666667
25.21732,54.7206,25.1454,54.6264,14.861709999999999,18.619833333333336
25.28003,54.702816,25.1454,54.6264,15.9745,23.131166666666665
25.275795,54.680279,25.1454,54.6264,12.86903,19.738833333333332
25.314616,54.678211,25.1454,54.6264,13.80959,23.991666666666667
25.248458,54.674068,25.1454,54.6264,10.78073,15.285833333333333
25.225981,54.698713,25.1454,54.6264,12.196819999999999,16.8785
25.213379,54.731072,25.1454,54.6264,16.408849999999997,20.795666666666666
25.357013,54.654815,25.1454,54.6264,19.87917,28.042166666666667
25.357013,54.654815,25.1454,54.6264,19.87917,28.042166666666667
25.20369,54.68923,25.1454,54.6264,9.45269,12.343166666666667
25.214746,54.71836,25.1454,54.6264,14.47467,17.709999999999997
25.210426,54.690778,25.1454,54.6264,10.093200000000001,13.530166666666666
25.291322,54.716499,25.1454,54.6264,17.35794,25.689666666666668
25.289872,54.672233,25.1454,54.6264,12.00731,20.33966666666667
25.29957,54.681024,25.1454,54.6264,16.19275,26.990833333333335
25.287506,54.717581,25.1454,54.6264,17.77113,26.583833333333335
25.258501,54.674365,25.1454,54.6264,10.431059999999999,17.906166666666664
25.2599,54.69037,25.1454,54.6264,12.81704,17.730666666666664
25.273717,54.701612,25.1454,54.6264,15.356639999999999,22.691666666666666
25.397936,54.70207,25.1454,54.6264,21.54134,35.397333333333336
25.29082,54.683739,25.1454,54.6264,15.68707,25.197166666666664
25.291033,54.676453,25.1454,54.6264,12.94919,24.337333333333333
25.22777,54.71849,25.1454,54.6264,14.33318,19.674833333333332
25.289979,54.681081,25.1454,54.6264,13.9861,25.09283333333333
25.296482,54.720077,25.1454,54.6264,17.8759,26.783666666666665
25.24821,54.691987,25.1454,54.6264,14.309899999999999,20.072166666666664
25.336995,54.729879,25.1454,54.6264,21.18742,33.4225
25.336995,54.729879,25.1454,54.6264,21.18742,33.4225
25.43004,54.693492,25.1454,54.6264,22.368380000000002,36.57366666666667
25.318217,54.71786,25.1454,54.6264,19.48793,30.355666666666664
25.19924,54.645144,25.1454,54.6264,6.91692,11.592666666666666
25.336193,54.761402,25.1454,54.6264,27.52179,36.8745
25.336193,54.761402,25.1454,54.6264,27.52179,36.8745
25.336193,54.761402,25.1454,54.6264,27.52179,36.8745
25.336193,54.761402,25.1454,54.6264,27.52179,36.8745
25.336193,54.761402,25.1454,54.6264,27.52179,36.8745
25.336193,54.761402,25.1454,54.6264,27.52179,36.8745
25.336193,54.761402,25.1454,54.6264,27.52179,36.8745
25.336193,54.761402,25.1454,54.6264,27.52179,36.8745
25.336193,54.761402,25.1454,54.6264,27.52179,36.8745
25.336193,54.761402,25.1454,54.6264,27.52179,36.8745
25.336193,54.761402,25.1454,54.6264,27.52179,36.8745
25.336193,54.761402,25.1454,54.6264,27.52179,36.8745
25.336193,54.761402,25.1454,54.6264,27.52179,36.8745
25.336193,54.761402,25.1454,54.6264,27.52179,36.8745
25.336193,54.761402,25.1454,54.6264,27.52179,36.8745
25.336193,54.761402,25.1454,54.6264,27.52179,36.8745
25.336193,54.761402,25.1454,54.6264,27.52179,36.8745
25.336193,54.761402,25.1454,54.6264,27.52179,36.8745
25.336193,54.761402,25.1454,54.6264,27.52179,36.8745
25.273717,54.701612,25.1454,54.6264,15.356639999999999,22.691666666666666
25.216535,54.73856,25.1454,54.6264,15.3855,18.647333333333332
25.273066,54.676067,25.1454,54.6264,11.26411,18.884166666666665
25.267814,54.671349,25.1454,54.6264,10.51746,17.071
25.271156,54.740008,25.1454,54.6264,20.372919999999997,25.811
25.285354,54.673462,25.1454,54.6264,12.13289,20.468833333333336
25.285354,54.673462,25.1454,54.6264,12.13289,20.468833333333336
25.253325,54.697456,25.1454,54.6264,13.679870000000001,18.449166666666667
25.308382,54.712698,25.1454,54.6264,18.68736,28.844333333333335
25.280721,54.677804,25.1454,54.6264,12.67596,23.220000000000002
25.217111,54.739098,25.1454,54.6264,15.43932,18.8775
25.258501,54.674365,25.1454,54.6264,10.431059999999999,17.906166666666664
25.224996,54.696651,25.1454,54.6264,12.17441,16.892333333333333
25.276306,54.689888,25.1454,54.6264,14.03059,20.50316666666667
25.425583,54.684393,25.1454,54.6264,22.52271,36.652833333333334
25.28384,54.688147,25.1454,54.6264,14.70523,22.2245
25.177411,54.713819,25.1454,54.6264,12.975940000000001,17.115666666666666
25.176264,54.709706,25.1454,54.6264,12.727799999999998,16.553166666666666
25.218183,54.702075,25.1454,54.6264,11.67535,15.198
25.173846,54.704652,25.1454,54.6264,11.29576,14.6975
25.234115,54.732018,25.1454,54.6264,15.49602,21.498333333333335
25.312301,54.671512,25.1454,54.6264,14.44909,26.5455
25.419712,54.687144,25.1454,54.6264,22.31625,36.581
25.30468,54.679111,25.1454,54.6264,13.846860000000001,25.416833333333333
25.212813,54.711611,25.1454,54.6264,13.040799999999999,17.539166666666667
25.230967,54.716036,25.1454,54.6264,13.60101,18.101166666666664
25.208375,54.675765,25.1454,54.6264,8.69025,12.595
25.29896,54.720673,25.1454,54.6264,18.075650000000003,27.301666666666666
25.272327,54.70829,25.1454,54.6264,15.66643,23.16283333333333
25.289331,54.66468,25.1454,54.6264,13.87883,22.094
25.226092,54.694364,25.1454,54.6264,11.31491,15.798333333333334
25.267796,54.675255,25.1454,54.6264,11.082790000000001,18.723000000000003
25.247569,54.721189,25.1454,54.6264,15.92375,23.106166666666663
25.282143,54.69283,25.1454,54.6264,14.80499,22.7655
25.27212,54.739687,25.1454,54.6264,20.31913,25.553
25.318304,54.712115,25.1454,54.6264,18.69205,28.937
25.275827,54.696402,25.1454,54.6264,15.2023,21.798833333333334
25.303413,54.677751,25.1454,54.6264,13.705770000000001,24.652333333333335
25.289406,54.717109,25.1454,54.6264,17.523049999999998,26.560166666666664
25.215944,54.701856,25.1454,54.6264,11.50658,14.7125
25.094359,54.672105,25.1454,54.6264,8.19592,10.548833333333333
25.230754,54.712376,25.1454,54.6264,13.33718,17.738166666666665
25.258872,54.678795,25.1454,54.6264,11.72193,17.227333333333334
25.218183,54.702075,25.1454,54.6264,11.67535,15.198
25.217083,54.712214,25.1454,54.6264,12.93874,17.5605
25.239781,54.718981,25.1454,54.6264,14.702399999999999,21.4895
25.277296,54.7015,25.1454,54.6264,15.5435,22.713
25.272052,54.68081,25.1454,54.6264,12.65384,19.410500000000003
25.165242,54.713285,25.1454,54.6264,13.530479999999999,19.738
25.165242,54.713285,25.1454,54.6264,13.530479999999999,19.738
25.165242,54.713285,25.1454,54.6264,13.530479999999999,19.738
25.165242,54.713285,25.1454,54.6264,13.530479999999999,19.738
25.165242,54.713285,25.1454,54.6264,13.530479999999999,19.738
25.165242,54.713285,25.1454,54.6264,13.530479999999999,19.738
25.165242,54.713285,25.1454,54.6264,13.530479999999999,19.738
25.165242,54.713285,25.1454,54.6264,13.530479999999999,19.738
25.165242,54.713285,25.1454,54.6264,13.530479999999999,19.738
25.165242,54.713285,25.1454,54.6264,13.530479999999999,19.738
25.272707,54.680872,25.1454,54.6264,12.65518,19.27716666666667
25.309383,54.682683,25.1454,54.6264,14.2735,25.5675
25.369454,54.720045,25.1454,54.6264,22.7121,40.68783333333333
25.293714,54.694706,25.1454,54.6264,15.688889999999999,25.2455
25.291914,54.674215,25.1454,54.6264,12.37645,21.257166666666667
25.319422,54.677381,25.1454,54.6264,14.18591,25.51033333333333
25.319422,54.677381,25.1454,54.6264,14.18591,25.51033333333333
25.266067,54.678944,25.1454,54.6264,12.31448,19.2915
25.244372,54.717176,25.1454,54.6264,15.61331,22.6525
25.2287,54.726878,25.1454,54.6264,16.88025,21.683
25.276626,54.676709,25.1454,54.6264,11.639100000000001,19.633333333333333
25.272141,54.744994,25.1454,54.6264,21.01906,27.195833333333333
25.30377,54.666765,25.1454,54.6264,16.16369,22.738333333333333
25.30377,54.666765,25.1454,54.6264,16.16369,22.738333333333333
25.414512,54.688452,25.1454,54.6264,21.65892,35.26883333333333
25.093443,54.671635,25.1454,54.6264,8.225959999999999,10.682500000000001
25.261077,54.678571,25.1454,54.6264,12.1144,18.49116666666667
25.283563,54.67663,25.1454,54.6264,12.40586,21.628833333333333
25.304247,54.681494,25.1454,54.6264,14.576450000000001,26.331333333333337
25.275827,54.696402,25.1454,54.6264,15.2023,21.798833333333334
25.27566,54.671443,25.1454,54.6264,12.571860000000001,18.46333333333333
25.272776,54.663503,25.1454,54.6264,13.50149,19.305
25.23099,54.715363,25.1454,54.6264,14.026069999999999,19.021
25.23099,54.715363,25.1454,54.6264,14.026069999999999,19.021
25.23099,54.715363,25.1454,54.6264,14.026069999999999,19.021
25.23099,54.715363,25.1454,54.6264,14.026069999999999,19.021
25.23099,54.715363,25.1454,54.6264,14.026069999999999,19.021
25.23099,54.715363,25.1454,54.6264,14.026069999999999,19.021
25.259166,54.657314,25.1454,54.6264,14.2829,20.01833333333333
25.300235,54.700086,25.1454,54.6264,17.94364,26.724666666666668
25.32327,54.734083,25.1454,54.6264,20.4204,32.643166666666666
25.294772,54.73408,25.1454,54.6264,20.896330000000003,33.55766666666667
25.266198,54.682573,25.1454,54.6264,12.336709999999998,18.782
25.272696,54.670873,25.1454,54.6264,12.43283,18.30366666666667
25.258842,54.675051,25.1454,54.6264,11.7612,17.9615
25.187182,54.711039,25.1454,54.6264,12.53764,16.305500000000002
25.368043,54.725525,25.1454,54.6264,23.09259,42.00716666666666
25.303413,54.677751,25.1454,54.6264,13.705770000000001,24.652333333333335
25.303413,54.677751,25.1454,54.6264,13.705770000000001,24.652333333333335
25.297388,54.679995,25.1454,54.6264,13.870280000000001,25.197666666666667
25.312037,54.674886,25.1454,54.6264,13.943790000000002,24.09733333333333
25.275322,54.680412,25.1454,54.6264,12.83604,19.672833333333333
25.348619,54.798727,25.1454,54.6264,29.5897,38.55683333333333
25.16365,54.708634,25.1454,54.6264,12.70722,17.598333333333336
25.21251,54.700989,25.1454,54.6264,11.418569999999999,14.775833333333333
25.28074,54.658728,25.1454,54.6264,13.52091,19.275666666666666
25.27665,54.676012,25.1454,54.6264,11.626209999999999,19.624333333333333
25.184398,54.658914,25.1454,54.6264,9.7637,16.222333333333335
25.184398,54.658914,25.1454,54.6264,9.7637,16.222333333333335
25.293482,54.676252,25.1454,54.6264,12.72721,22.630666666666666
25.248162,54.698887,25.1454,54.6264,13.41361,18.081333333333337
25.25395,54.681236,25.1454,54.6264,12.76403,20.219
25.302307,54.739693,25.1454,54.6264,21.04655,34.13483333333333
25.243758,54.6987,25.1454,54.6264,13.23421,17.616833333333332
25.29494,54.673607,25.1454,54.6264,12.68736,22.200666666666667
25.224099,54.733836,25.1454,54.6264,16.07685,20.394000000000002
25.320748,54.720184,25.1454,54.6264,19.609630000000003,30.842333333333332
25.28937,54.681694,25.1454,54.6264,13.067440000000001,25.114166666666666
25.226605,54.736735,25.1454,54.6264,15.897120000000001,20.020166666666668
25.238872,54.716279,25.1454,54.6264,14.64916,21.3595
25.218183,54.702075,25.1454,54.6264,11.67535,15.198
25.259166,54.657314,25.1454,54.6264,14.2829,20.01833333333333
25.301617,54.679381,25.1454,54.6264,14.008790000000001,25.506333333333334
25.27737,54.687383,25.1454,54.6264,13.94,20.2495
25.252232,54.653129,25.1454,54.6264,12.59285,20.1465
25.265578,54.677406,25.1454,54.6264,12.14235,19.486
25.28298,54.672908,25.1454,54.6264,11.612770000000001,19.4065
25.29184,54.716837,25.1454,54.6264,17.38778,25.868666666666666
25.296914,54.694241,25.1454,54.6264,16.09899,25.446166666666667
25.275604,54.710746,25.1454,54.6264,16.20702,24.836333333333336
25.194191,54.659794,25.1454,54.6264,9.32517,15.262833333333333
25.307949,54.703469,25.1454,54.6264,17.5972,27.99683333333333
25.282427,54.683549,25.1454,54.6264,14.822709999999999,23.4625
25.259926,54.675006,25.1454,54.6264,10.462629999999999,18.074
25.288976,54.675257,25.1454,54.6264,12.92594,24.259
25.206511,54.675673,25.1454,54.6264,8.19942,11.437000000000001
25.306424,54.713925,25.1454,54.6264,18.51765,28.344
25.23386,54.673057,25.1454,54.6264,10.21593,14.322833333333334
25.256402,54.658098,25.1454,54.6264,14.36686,20.354333333333333
25.30728,54.682365,25.1454,54.6264,14.38116,25.763166666666667
25.30955,54.68365,25.1454,54.6264,14.38607,26.233999999999998
25.2606,54.690062,25.1454,54.6264,12.83619,17.897499999999997
25.257314,54.673255,25.1454,54.6264,10.47006,17.704166666666666
25.243755,54.674644,25.1454,54.6264,10.85092,15.637166666666667
25.321667,54.726541,25.1454,54.6264,20.31606,32.3905
25.321667,54.726541,25.1454,54.6264,20.31606,32.3905
25.246583,54.675036,25.1454,54.6264,11.07508,16.240666666666666
25.253948,54.73968,25.1454,54.6264,19.34984,24.855166666666666
25.336445,54.763176,25.1454,54.6264,27.26928,36.10516666666667
25.278945,54.680022,25.1454,54.6264,12.37894,22.341
25.306149,54.696375,25.1454,54.6264,16.8605,27.360666666666667
25.244259,54.673239,25.1454,54.6264,10.66878,14.902999999999999
25.282188,54.720355,25.1454,54.6264,17.87401,27.128333333333334
25.24339,54.71113,25.1454,54.6264,14.63603,20.51033333333333
25.262933,54.683635,25.1454,54.6264,12.31335,19.230666666666664
25.30419,54.71722,25.1454,54.6264,18.555970000000002,28.641000000000002
25.277814,54.634542,25.1454,54.6264,13.25958,19.915333333333333
25.201137,54.675606,25.1454,54.6264,8.02596,11.168166666666668
25.28111,54.672397,25.1454,54.6264,11.434940000000001,19.381666666666668
25.28111,54.672397,25.1454,54.6264,11.434940000000001,19.381666666666668
25.28111,54.672397,25.1454,54.6264,11.434940000000001,19.381666666666668
25.28111,54.672397,25.1454,54.6264,11.434940000000001,19.381666666666668
25.28111,54.672397,25.1454,54.6264,11.434940000000001,19.381666666666668
25.307014,54.678207,25.1454,54.6264,13.63602,24.148500000000002
25.1756,54.70894,25.1454,54.6264,11.69735,15.2645
25.183205,54.713536,25.1454,54.6264,12.764299999999999,16.578833333333332
25.306846,54.692943,25.1454,54.6264,16.59352,26.020166666666668
25.283924,54.676136,25.1454,54.6264,12.31392,21.195333333333334
25.307978,54.702216,25.1454,54.6264,17.68796,28.269000000000002
25.29806,54.717621,25.1454,54.6264,17.87135,27.1465
25.2745,54.668792,25.1454,54.6264,12.45514,18.043
25.288025,54.724173,25.1454,54.6264,18.19132,27.859333333333332
25.27931,54.661747,25.1454,54.6264,13.622020000000001,19.69066666666667
25.287506,54.717581,25.1454,54.6264,17.77113,26.583833333333335
25.283489,54.696196,25.1454,54.6264,15.12305,23.613
25.317504,54.676134,25.1454,54.6264,14.38398,25.291833333333333
25.255916,54.697476,25.1454,54.6264,13.92347,19.25883333333333
25.260323,54.696307,25.1454,54.6264,14.487770000000001,21.246
25.093226,54.67275,25.1454,54.6264,8.10294,10.240833333333335
25.399701,54.700842,25.1454,54.6264,21.47033,35.27766666666666
25.314959,54.699568,25.1454,54.6264,17.32071,26.957833333333333
25.267716,54.731555,25.1454,54.6264,20.39016,25.499166666666667
25.299096,54.723161,25.1454,54.6264,18.634240000000002,28.709
25.27948,54.684957,25.1454,54.6264,14.816040000000001,22.899333333333335
25.298279,54.701044,25.1454,54.6264,18.39313,27.830666666666666
25.170716,54.708656,25.1454,54.6264,12.32841,16.747333333333334
25.231168,54.721201,25.1454,54.6264,14.18822,19.4355
25.261806,54.682804,25.1454,54.6264,12.224680000000001,18.9165
25.21137,54.723796,25.1454,54.6264,13.68018,16.534833333333335
25.27842,54.732336,25.1454,54.6264,19.02709,28.0115
25.280002,54.661689,25.1454,54.6264,13.60683,19.687666666666665
25.28487,54.716418,25.1454,54.6264,17.05113,25.00433333333333
25.2287,54.726878,25.1454,54.6264,16.88025,21.683
25.282143,54.69283,25.1454,54.6264,14.80499,22.7655
25.261648,54.757651,25.1454,54.6264,22.092,27.497333333333334
25.276825,54.634818,25.1454,54.6264,13.13786,19.63083333333333
25.265994,54.661093,25.1454,54.6264,13.63519,19.346166666666665
25.2567,54.718724,25.1454,54.6264,15.915389999999999,23.304
25.176464,54.711398,25.1454,54.6264,12.134229999999999,16.340333333333334
25.276569,54.690404,25.1454,54.6264,14.25609,21.171
25.21129,54.691254,25.1454,54.6264,10.20175,13.7745
25.348549,54.722628,25.1454,54.6264,22.1267,36.32083333333333
25.213471,54.720492,25.1454,54.6264,14.66373,18.094
25.224734,54.73215,25.1454,54.6264,15.99023,20.171333333333333
25.365724,54.668014,25.1454,54.6264,20.054599999999997,29.647333333333332
25.280181,54.677809,25.1454,54.6264,12.71196,23.436
25.164644,54.707291,25.1454,54.6264,12.85996,18.1075
25.412042,54.689899,25.1454,54.6264,21.30724,34.75666666666667
25.288111,54.704256,25.1454,54.6264,16.57629,24.472166666666666
25.219556,54.679188,25.1454,54.6264,9.216629999999999,13.781166666666667
25.312301,54.671512,25.1454,54.6264,14.44909,26.5455
25.303283,54.678149,25.1454,54.6264,13.80809,25.061500000000002
25.272585,54.681699,25.1454,54.6264,12.788260000000001,19.535
25.278913,54.670903,25.1454,54.6264,12.790709999999999,19.319666666666667
25.190723,54.661079,25.1454,54.6264,9.08057,13.588833333333334
25.194404,54.659477,25.1454,54.6264,9.36148,15.408
25.27702,54.675695,25.1454,54.6264,11.52369,19.356333333333335
25.274777,54.702989,25.1454,54.6264,15.670969999999999,22.412333333333333
25.214535,54.736942,25.1454,54.6264,14.865200000000002,17.008
25.312947,54.712566,25.1454,54.6264,18.59777,28.7605
25.273792,54.676833,25.1454,54.6264,11.58315,19.509
25.273792,54.676833,25.1454,54.6264,11.58315,19.509
25.261241,54.756577,25.1454,54.6264,20.99794,25.4355
25.308041,54.704456,25.1454,54.6264,18.111169999999998,27.96516666666667
25.274714,54.685698,25.1454,54.6264,13.71215,19.732666666666667
25.214535,54.736942,25.1454,54.6264,14.865200000000002,17.008
25.271556,54.662935,25.1454,54.6264,13.30969,18.6065
25.158895,54.71926,25.1454,54.6264,13.7395,19.181166666666666
25.279026,54.699711,25.1454,54.6264,15.84052,24.178
25.205543,54.640844,25.1454,54.6264,6.4967299999999994,10.963
25.372481,54.727453,25.1454,54.6264,24.61852,40.29383333333333
25.283721,54.712069,25.1454,54.6264,17.50509,26.541999999999998
25.274605,54.676307,25.1454,54.6264,11.449,19.1545
25.282678,54.684211,25.1454,54.6264,14.73601,22.942333333333334
25.289976,54.679454,25.1454,54.6264,14.13387,25.684
25.34218,54.66426,25.1454,54.6264,18.28773,25.905666666666665
25.277466,54.702177,25.1454,54.6264,15.535639999999999,22.694166666666668
25.263234,54.756363,25.1454,54.6264,20.91509,25.713833333333334
25.31848,54.67728,25.1454,54.6264,14.08007,25.073500000000003
25.255283,54.702824,25.1454,54.6264,14.006639999999999,19.39016666666667
25.273663,54.691121,25.1454,54.6264,13.92174,20.30183333333333
25.226767,54.738021,25.1454,54.6264,16.613349999999997,19.087
25.282143,54.69283,25.1454,54.6264,14.80499,22.7655
25.287373,54.720344,25.1454,54.6264,17.88689,26.608666666666668
25.102143,54.66932,25.1454,54.6264,7.13018,7.281666666666666
25.178422,54.712102,25.1454,54.6264,12.76767,16.442166666666665
25.280522,54.678465,25.1454,54.6264,11.9384,20.268666666666665
25.272878,54.686658,25.1454,54.6264,13.53668,19.3465
25.286001,54.674124,25.1454,54.6264,12.435469999999999,21.632333333333335
25.26242,54.683583,25.1454,54.6264,12.31507,19.2805
25.275795,54.680279,25.1454,54.6264,12.86903,19.738833333333332
25.279298,54.687467,25.1454,54.6264,14.399370000000001,21.180999999999997
25.27604,54.674645,25.1454,54.6264,11.31883,19.34
25.28747,54.678262,25.1454,54.6264,12.71485,23.39333333333333
25.294605,54.694735,25.1454,54.6264,15.730120000000001,25.16283333333333
25.3024,54.679159,25.1454,54.6264,14.059,25.596166666666665
25.30564,54.67756,25.1454,54.6264,13.591479999999999,24.19516666666667
25.303897,54.686322,25.1454,54.6264,15.24169,27.7605
25.282737,54.677562,25.1454,54.6264,12.52351,22.305333333333333
25.265318,54.680812,25.1454,54.6264,12.20301,18.492833333333333
25.265318,54.680812,25.1454,54.6264,12.20301,18.492833333333333
25.265318,54.680812,25.1454,54.6264,12.20301,18.492833333333333
25.265318,54.680812,25.1454,54.6264,12.20301,18.492833333333333
25.265318,54.680812,25.1454,54.6264,12.20301,18.492833333333333
25.265318,54.680812,25.1454,54.6264,12.20301,18.492833333333333
25.265318,54.680812,25.1454,54.6264,12.20301,18.492833333333333
25.265318,54.680812,25.1454,54.6264,12.20301,18.492833333333333
25.265318,54.680812,25.1454,54.6264,12.20301,18.492833333333333
25.265318,54.680812,25.1454,54.6264,12.20301,18.492833333333333
25.265318,54.680812,25.1454,54.6264,12.20301,18.492833333333333
25.265318,54.680812,25.1454,54.6264,12.20301,18.492833333333333
25.265318,54.680812,25.1454,54.6264,12.20301,18.492833333333333
25.265318,54.680812,25.1454,54.6264,12.20301,18.492833333333333
25.265318,54.680812,25.1454,54.6264,12.20301,18.492833333333333
25.282366,54.686647,25.1454,54.6264,14.460709999999999,21.283166666666666
25.246022,54.733007,25.1454,54.6264,18.562990000000003,22.975666666666665
25.210939,54.718504,25.1454,54.6264,14.39824,17.8905
25.223413,54.739168,25.1454,54.6264,16.14839,20.9985
25.21212,54.718666,25.1454,54.6264,14.21632,17.191
25.265116,54.756145,25.1454,54.6264,21.010830000000002,26.097666666666665
25.202993,54.675875,25.1454,54.6264,8.16872,11.585
25.401398,54.694659,25.1454,54.6264,20.809549999999998,34.0755
25.401398,54.694659,25.1454,54.6264,20.809549999999998,34.0755
25.401398,54.694659,25.1454,54.6264,20.809549999999998,34.0755
25.401398,54.694659,25.1454,54.6264,20.809549999999998,34.0755
25.401398,54.694659,25.1454,54.6264,20.809549999999998,34.0755
25.401398,54.694659,25.1454,54.6264,20.809549999999998,34.0755
25.218398,54.696013,25.1454,54.6264,10.96547,15.2245
25.175153,54.714443,25.1454,54.6264,12.41133,17.064333333333334
25.219979,54.710491,25.1454,54.6264,13.28047,18.138166666666667
25.288711,54.6914,25.1454,54.6264,15.3602,23.380333333333333
25.261562,54.672411,25.1454,54.6264,10.45709,17.71033333333333
25.18067,54.716384,25.1454,54.6264,13.18114,17.36
25.270824,54.678,25.1454,54.6264,11.49975,19.706
25.27677,54.702298,25.1454,54.6264,15.54575,22.7185
25.234115,54.732018,25.1454,54.6264,15.49602,21.498333333333335
25.277993,54.719296,25.1454,54.6264,17.17977,26.420166666666667
25.231253,54.725885,25.1454,54.6264,14.79585,20.143833333333337
25.231253,54.725885,25.1454,54.6264,14.79585,20.143833333333337
25.231253,54.725885,25.1454,54.6264,14.79585,20.143833333333337
25.231253,54.725885,25.1454,54.6264,14.79585,20.143833333333337
25.231253,54.725885,25.1454,54.6264,14.79585,20.143833333333337
25.231253,54.725885,25.1454,54.6264,14.79585,20.143833333333337
25.231253,54.725885,25.1454,54.6264,14.79585,20.143833333333337
25.231253,54.725885,25.1454,54.6264,14.79585,20.143833333333337
25.231253,54.725885,25.1454,54.6264,14.79585,20.143833333333337
25.231253,54.725885,25.1454,54.6264,14.79585,20.143833333333337
25.241196,54.669982,25.1454,54.6264,10.16298,14.120000000000001
25.26493,54.676879,25.1454,54.6264,10.91594,18.935333333333332
25.302833,54.679489,25.1454,54.6264,14.09615,25.744833333333336
25.291911,54.692309,25.1454,54.6264,15.60639,23.971166666666665
25.256516,54.681304,25.1454,54.6264,12.26717,19.125833333333333
25.391359,54.709976,25.1454,54.6264,20.869139999999998,35.999
25.252466,54.689083,25.1454,54.6264,13.4188,19.589
25.250425,54.699079,25.1454,54.6264,13.53122,18.338166666666666
25.253948,54.73968,25.1454,54.6264,19.34984,24.855166666666666
25.26583,54.673868,25.1454,54.6264,10.523520000000001,17.679
25.266365,54.686441,25.1454,54.6264,13.29236,19.154
25.266365,54.686441,25.1454,54.6264,13.29236,19.154
25.267796,54.675255,25.1454,54.6264,11.082790000000001,18.723000000000003
25.283588,54.708533,25.1454,54.6264,16.59991,25.220833333333335
25.165151,54.713529,25.1454,54.6264,13.43092,19.33966666666667
25.241079,54.66491,25.1454,54.6264,9.45434,15.139833333333334
25.15119,54.619174,25.1454,54.6264,1.4812100000000001,3.7408333333333332
25.267015,54.670351,25.1454,54.6264,12.05541,17.083833333333335
25.211887,54.707485,25.1454,54.6264,13.36197,18.369500000000002
25.262879,54.756139,25.1454,54.6264,20.88623,25.601666666666667
25.223195,54.738766,25.1454,54.6264,16.11852,20.854
25.241899,54.673009,25.1454,54.6264,10.49207,14.463
25.226808,54.73562,25.1454,54.6264,16.20709,20.836166666666667
25.289872,54.672233,25.1454,54.6264,12.00731,20.33966666666667
25.263342,54.692096,25.1454,54.6264,13.23624,18.132833333333334
25.205356,54.73307,25.1454,54.6264,14.726280000000001,17.100833333333334
25.228625,54.676533,25.1454,54.6264,10.09408,15.847166666666668
25.228437,54.677116,25.1454,54.6264,10.04995,15.7945
25.319942,54.713094,25.1454,54.6264,18.95741,29.690333333333335
25.277777,54.679897,25.1454,54.6264,13.00195,20.00433333333333
25.297939,54.72154,25.1454,54.6264,18.300819999999998,28.070833333333333
25.294238,54.676801,25.1454,54.6264,12.76495,22.7805
25.27737,54.687383,25.1454,54.6264,13.94,20.2495
25.269771,54.682136,25.1454,54.6264,12.75232,20.042666666666666
25.233443,54.671153,25.1454,54.6264,10.007760000000001,13.695
25.235432,54.670822,25.1454,54.6264,9.82189,13.151833333333334
25.235432,54.670822,25.1454,54.6264,9.82189,13.151833333333334
25.214198,54.721468,25.1454,54.6264,14.78031,18.398500000000002
25.260323,54.696307,25.1454,54.6264,14.487770000000001,21.246
25.280273,54.67313,25.1454,54.6264,11.55773,20.600166666666667
25.278581,54.664167,25.1454,54.6264,13.03774,19.913666666666664
25.241743,54.71652,25.1454,54.6264,14.5479,20.91783333333333
25.2668,54.68265,25.1454,54.6264,12.34723,18.778333333333332
25.28701,54.710757,25.1454,54.6264,17.140400000000003,25.9335
25.272292,54.702403,25.1454,54.6264,15.32135,22.479833333333332
25.265932,54.675131,25.1454,54.6264,10.72827,18.372333333333334
25.289431,54.683221,25.1454,54.6264,15.716149999999999,25.240166666666667
25.218183,54.702075,25.1454,54.6264,11.67535,15.198
25.262808,54.741412,25.1454,54.6264,20.20639,26.142999999999997
25.287597,54.679675,25.1454,54.6264,12.81282,23.911166666666666
25.263055,54.732104,25.1454,54.6264,19.82074,24.8155
25.289336,54.674566,25.1454,54.6264,12.947899999999999,24.346833333333333
25.221,54.739475,25.1454,54.6264,15.44762,18.895833333333332
25.174369,54.706552,25.1454,54.6264,11.453700000000001,14.910833333333333
25.23115,54.713098,25.1454,54.6264,14.09363,19.401666666666664
25.283002,54.678887,25.1454,54.6264,13.842459999999999,23.235166666666665
25.315915,54.71595,25.1454,54.6264,18.89762,28.829833333333333
25.248127,54.711761,25.1454,54.6264,14.7071,21.076166666666666
25.267015,54.670351,25.1454,54.6264,12.05541,17.083833333333335
25.207286,54.674394,25.1454,54.6264,8.2005,11.795333333333334
25.258321,54.757617,25.1454,54.6264,21.12059,25.544833333333333
25.275941,54.684972,25.1454,54.6264,13.83983,19.868333333333332
25.202917,54.709365,25.1454,54.6264,11.54362,14.315
25.181425,54.712428,25.1454,54.6264,12.61443,16.069166666666668
25.311521,54.696649,25.1454,54.6264,16.8982,26.160166666666665
25.423163,54.695341,25.1454,54.6264,21.75073,35.25633333333334
25.291979,54.694059,25.1454,54.6264,15.58742,24.848166666666668
25.267812,54.689362,25.1454,54.6264,13.35626,19.176166666666667
25.267812,54.689362,25.1454,54.6264,13.35626,19.176166666666667
25.267812,54.689362,25.1454,54.6264,13.35626,19.176166666666667
25.254659,54.696644,25.1454,54.6264,13.80216,18.6325
25.215484,54.682879,25.1454,54.6264,9.518540000000002,13.882
25.210939,54.718504,25.1454,54.6264,14.39824,17.8905
25.340467,54.649143,25.1454,54.6264,18.22323,27.096833333333333
25.177411,54.713819,25.1454,54.6264,12.975940000000001,17.115666666666666
25.177411,54.713819,25.1454,54.6264,12.975940000000001,17.115666666666666
25.177411,54.713819,25.1454,54.6264,12.975940000000001,17.115666666666666
25.177411,54.713819,25.1454,54.6264,12.975940000000001,17.115666666666666
25.177411,54.713819,25.1454,54.6264,12.975940000000001,17.115666666666666
25.296283,54.679862,25.1454,54.6264,13.92746,25.556500000000003
25.240782,54.719117,25.1454,54.6264,14.73344,21.560833333333335
25.212599,54.749126,25.1454,54.6264,16.46611,18.174833333333332
25.238901,54.722582,25.1454,54.6264,15.686200000000001,21.710500000000003
25.209986,54.723173,25.1454,54.6264,13.526209999999999,15.919
25.320703,54.724876,25.1454,54.6264,20.02549,31.220833333333335
25.182289,54.70393,25.1454,54.6264,10.97431,14.4705
25.227235,54.725863,25.1454,54.6264,16.78677,21.3455
25.29151,54.678153,25.1454,54.6264,14.2395,26.1065
25.282348,54.672158,25.1454,54.6264,11.486049999999999,19.212
25.3042,54.684394,25.1454,54.6264,15.04791,27.197
25.320594,54.708862,25.1454,54.6264,18.93975,29.272333333333332
25.320594,54.708862,25.1454,54.6264,18.93975,29.272333333333332
25.191602,54.663001,25.1454,54.6264,8.91933,13.310833333333333
25.323151,54.705462,25.1454,54.6264,18.75198,30.371333333333332
25.26493,54.676879,25.1454,54.6264,10.91594,18.935333333333332
25.217088,54.696282,25.1454,54.6264,10.902,15.160666666666666
25.298177,54.704947,25.1454,54.6264,17.0857,25.2325
25.288044,54.716137,25.1454,54.6264,17.573790000000002,26.3925
25.210794,54.717589,25.1454,54.6264,14.29803,17.713833333333334
25.302333,54.683861,25.1454,54.6264,15.00818,27.054
25.284648,54.673757,25.1454,54.6264,12.05612,20.645333333333333
25.27566,54.671443,25.1454,54.6264,12.571860000000001,18.46333333333333
25.253948,54.73968,25.1454,54.6264,19.34984,24.855166666666666
25.303957,54.675757,25.1454,54.6264,13.09693,22.55
25.202706,54.67402,25.1454,54.6264,7.9379,11.050333333333333
25.231373,54.714552,25.1454,54.6264,13.831629999999999,18.489166666666666
25.302833,54.679489,25.1454,54.6264,14.09615,25.744833333333336
25.307014,54.678207,25.1454,54.6264,13.63602,24.148500000000002
25.190723,54.661079,25.1454,54.6264,9.08057,13.588833333333334
25.27677,54.702298,25.1454,54.6264,15.54575,22.7185
25.28791,54.676685,25.1454,54.6264,12.74944,23.48933333333333
25.127278,54.637435,25.1454,54.6264,3.2501599999999997,7.114833333333333
25.25956,54.69623,25.1454,54.6264,14.25235,20.084166666666665
25.250768,54.682706,25.1454,54.6264,12.794120000000001,20.0865
25.316341,54.714778,25.1454,54.6264,18.85848,29.037666666666667
25.26422,54.68001,25.1454,54.6264,12.324440000000001,19.331333333333337
25.270604,54.69987,25.1454,54.6264,14.93734,21.263333333333332
25.228912,54.751839,25.1454,54.6264,16.88475,22.000333333333334
25.241079,54.66491,25.1454,54.6264,9.45434,15.139833333333334
25.28003,54.702816,25.1454,54.6264,15.9745,23.131166666666665
25.401398,54.694659,25.1454,54.6264,20.809549999999998,34.0755
25.212266,54.694766,25.1454,54.6264,11.68717,15.500166666666667
25.255905,54.726565,25.1454,54.6264,19.73267,24.473000000000003
25.261077,54.678571,25.1454,54.6264,12.1144,18.49116666666667
25.2711,54.752279,25.1454,54.6264,21.1717,25.9965
25.178752,54.705645,25.1454,54.6264,11.16294,15.4735
25.279632,54.672196,25.1454,54.6264,11.36784,19.057000000000002
25.278966,54.662332,25.1454,54.6264,13.49164,19.159
25.279632,54.672196,25.1454,54.6264,11.36784,19.057000000000002
25.249667,54.708185,25.1454,54.6264,15.281,22.923833333333334
25.287506,54.717581,25.1454,54.6264,17.77113,26.583833333333335
25.277376,54.675283,25.1454,54.6264,11.47606,19.242
25.217067,54.707288,25.1454,54.6264,13.373850000000001,18.5035
25.264553,54.673422,25.1454,54.6264,10.67195,18.272666666666666
25.324281,54.705858,25.1454,54.6264,18.87432,30.860666666666667
25.236553,54.727097,25.1454,54.6264,14.96092,20.457833333333333
25.26583,54.673868,25.1454,54.6264,10.523520000000001,17.679
25.222567,54.739023,25.1454,54.6264,16.07117,20.716333333333335
25.29739,54.717997,25.1454,54.6264,17.73063,26.665166666666668
25.28665,54.712811,25.1454,54.6264,17.23623,25.229499999999998
25.234285,54.674768,25.1454,54.6264,10.36749,15.0025
25.256152,54.69798,25.1454,54.6264,13.93656,19.365666666666666
25.280627,54.672126,25.1454,54.6264,11.43367,19.305999999999997
25.268808,54.739157,25.1454,54.6264,20.16723,25.178
25.247319,54.724112,25.1454,54.6264,16.184620000000002,23.69783333333333
25.281529,54.779307,25.1454,54.6264,24.58045,31.875
25.252232,54.653129,25.1454,54.6264,12.59285,20.1465
25.267323,54.736718,25.1454,54.6264,20.00116,24.883
25.28771,54.68198,25.1454,54.6264,15.31363,24.545666666666666
25.279557,54.68014,25.1454,54.6264,12.3375,22.175333333333334
25.27739,54.63608,25.1454,54.6264,13.03609,19.25433333333333
25.273491,54.741556,25.1454,54.6264,20.648139999999998,26.27766666666667
25.273491,54.741556,25.1454,54.6264,20.648139999999998,26.27766666666667
25.273491,54.741556,25.1454,54.6264,20.648139999999998,26.27766666666667
25.273491,54.741556,25.1454,54.6264,20.648139999999998,26.27766666666667
25.273491,54.741556,25.1454,54.6264,20.648139999999998,26.27766666666667
25.273491,54.741556,25.1454,54.6264,20.648139999999998,26.27766666666667
25.293813,54.676177,25.1454,54.6264,12.74025,22.684
25.261388,54.67013,25.1454,54.6264,11.78417,16.602999999999998
25.203102,54.687801,25.1454,54.6264,9.61468,12.8935
25.314125,54.674633,25.1454,54.6264,14.06882,24.3505
25.249828,54.695095,25.1454,54.6264,13.86331,18.898833333333336
25.29815,54.694437,25.1454,54.6264,16.34466,25.091666666666665
25.293312,54.729109,25.1454,54.6264,19.18394,28.861
25.295287,54.703746,25.1454,54.6264,16.99082,25.174
25.303013,54.709104,25.1454,54.6264,17.90014,27.488999999999997
25.272292,54.702403,25.1454,54.6264,15.32135,22.479833333333332
25.256402,54.658098,25.1454,54.6264,14.36686,20.354333333333333
25.274111,54.715595,25.1454,54.6264,18.44646,26.504833333333334
25.274111,54.715595,25.1454,54.6264,18.44646,26.504833333333334
25.275604,54.710746,25.1454,54.6264,16.20702,24.836333333333336
25.251634,54.69863,25.1454,54.6264,13.60183,18.44783333333333
25.274111,54.715595,25.1454,54.6264,18.44646,26.504833333333334
25.183491,54.712069,25.1454,54.6264,12.730709999999998,16.4755
25.286811,54.696344,25.1454,54.6264,15.50898,24.717499999999998
25.306149,54.696375,25.1454,54.6264,16.8605,27.360666666666667
25.287343,54.673921,25.1454,54.6264,12.40443,21.312666666666665
25.308997,54.701766,25.1454,54.6264,17.562009999999997,28.07633333333333
25.320477,54.725193,25.1454,54.6264,20.04291,31.2905
25.274111,54.715595,25.1454,54.6264,18.44646,26.504833333333334
25.224726,54.707841,25.1454,54.6264,12.62059,16.73
25.224726,54.707841,25.1454,54.6264,12.62059,16.73
25.224726,54.707841,25.1454,54.6264,12.62059,16.73
25.224726,54.707841,25.1454,54.6264,12.62059,16.73
25.224726,54.707841,25.1454,54.6264,12.62059,16.73
25.224726,54.707841,25.1454,54.6264,12.62059,16.73
25.356809,54.676781,25.1454,54.6264,17.055049999999998,29.580499999999997
25.255551,54.630742,25.1454,54.6264,10.97901,14.400166666666667
25.332988,54.745719,25.1454,54.6264,22.56767,37.09733333333334
25.163092,54.723557,25.1454,54.6264,15.820290000000002,23.750166666666665
25.260118,54.688972,25.1454,54.6264,12.67159,17.43566666666667
25.237235,54.735413,25.1454,54.6264,17.47004,20.357333333333333
25.277384,54.660577,25.1454,54.6264,13.279020000000001,18.483833333333333
25.216541,54.67653,25.1454,54.6264,9.11934,12.877333333333333
25.216516,54.737201,25.1454,54.6264,15.108559999999999,17.654999999999998
25.291819,54.675784,25.1454,54.6264,12.63335,22.209833333333332
25.223229,54.695908,25.1454,54.6264,11.27436,16.0735
25.31416,54.71355,25.1454,54.6264,18.71437,28.8945
25.29942,54.666424,25.1454,54.6264,13.07058,22.493166666666664
25.411995,54.688745,25.1454,54.6264,21.4683,35.38133333333334
25.210939,54.718504,25.1454,54.6264,14.39824,17.8905
25.281908,54.671934,25.1454,54.6264,11.46569,19.17716666666667
25.281625,54.699012,25.1454,54.6264,15.34978,23.825666666666667
25.415124,54.700591,25.1454,54.6264,22.40174,36.8555
25.281625,54.699012,25.1454,54.6264,15.34978,23.825666666666667
25.281625,54.699012,25.1454,54.6264,15.34978,23.825666666666667
25.215818,54.69608,25.1454,54.6264,10.8478,14.943833333333334
25.29494,54.673607,25.1454,54.6264,12.68736,22.200666666666667
25.29449,54.674094,25.1454,54.6264,12.62832,21.964499999999997
25.261467,54.682517,25.1454,54.6264,12.14368,18.552
25.183928,54.710568,25.1454,54.6264,12.782530000000001,16.483666666666668
25.300322,54.681149,25.1454,54.6264,16.2372,27.093166666666665
25.241431,54.672162,25.1454,54.6264,10.59056,14.675833333333333
25.272052,54.68081,25.1454,54.6264,12.65384,19.410500000000003
25.258321,54.757617,25.1454,54.6264,21.12059,25.544833333333333
25.279678,54.672046,25.1454,54.6264,11.37578,19.009833333333333
25.185787,54.663527,25.1454,54.6264,9.18156,14.263166666666667
25.272528,54.709505,25.1454,54.6264,15.80025,23.69816666666667
25.234656,54.722507,25.1454,54.6264,15.21645,20.943666666666665
25.278471,54.664556,25.1454,54.6264,13.00976,19.829666666666665
25.293382,54.702627,25.1454,54.6264,16.77973,25.0305
25.294238,54.676801,25.1454,54.6264,12.76495,22.7805
25.287893,54.678647,25.1454,54.6264,12.77789,23.742833333333333
25.29586,54.67649,25.1454,54.6264,12.81163,22.060166666666664
25.213594,54.694647,25.1454,54.6264,10.751,15.234666666666667
25.261013,54.668896,25.1454,54.6264,11.60835,16.011
25.244259,54.673239,25.1454,54.6264,10.66878,14.902999999999999
25.28295,54.721144,25.1454,54.6264,17.81887,27.1375
25.390725,54.710092,25.1454,54.6264,20.81868,35.7965
25.16352,54.707186,25.1454,54.6264,12.90709,18.248833333333334
25.23347,54.67438,25.1454,54.6264,10.40469,15.151333333333334
25.314616,54.678211,25.1454,54.6264,13.80959,23.991666666666667
25.314616,54.678211,25.1454,54.6264,13.80959,23.991666666666667
25.314616,54.678211,25.1454,54.6264,13.80959,23.991666666666667
25.314616,54.678211,25.1454,54.6264,13.80959,23.991666666666667
25.314616,54.678211,25.1454,54.6264,13.80959,23.991666666666667
25.314616,54.678211,25.1454,54.6264,13.80959,23.991666666666667
25.314616,54.678211,25.1454,54.6264,13.80959,23.991666666666667
25.314616,54.678211,25.1454,54.6264,13.80959,23.991666666666667
25.314616,54.678211,25.1454,54.6264,13.80959,23.991666666666667
25.279258,54.700329,25.1454,54.6264,15.92516,24.483
25.221216,54.711064,25.1454,54.6264,13.52666,18.2185
25.28749,54.679588,25.1454,54.6264,12.80097,23.863666666666667
25.30377,54.666765,25.1454,54.6264,16.16369,22.738333333333333
25.171398,54.714632,25.1454,54.6264,12.86501,18.371666666666666
25.237598,54.695036,25.1454,54.6264,13.78729,18.868666666666666
25.227996,54.734915,25.1454,54.6264,16.13023,20.6055
25.442351,54.694177,25.1454,54.6264,23.08027,38.25483333333333
25.258243,54.697586,25.1454,54.6264,14.15724,19.270666666666667
25.279515,54.666115,25.1454,54.6264,13.27267,20.02283333333333
25.309167,54.683774,25.1454,54.6264,14.41105,26.334
25.292412,54.6763,25.1454,54.6264,12.648200000000001,22.279333333333334
25.231168,54.721201,25.1454,54.6264,14.18822,19.4355
25.241079,54.66491,25.1454,54.6264,9.45434,15.139833333333334
25.28573,54.677294,25.1454,54.6264,12.50099,22.317666666666664
25.27566,54.671443,25.1454,54.6264,12.571860000000001,18.46333333333333
25.277408,54.67983,25.1454,54.6264,12.98042,19.961333333333336
25.257152,54.717124,25.1454,54.6264,15.68502,22.674833333333332
25.278553,54.67558,25.1454,54.6264,11.55701,19.436333333333334
25.17743,54.711814,25.1454,54.6264,12.16892,16.44783333333333
25.229778,54.718257,25.1454,54.6264,14.008610000000001,18.833666666666666
25.239441,54.669853,25.1454,54.6264,10.179170000000001,14.2415
25.252483,54.654109,25.1454,54.6264,12.63865,20.329666666666665
25.252483,54.654109,25.1454,54.6264,12.63865,20.329666666666665
25.252483,54.654109,25.1454,54.6264,12.63865,20.329666666666665
25.252483,54.654109,25.1454,54.6264,12.63865,20.329666666666665
25.252483,54.654109,25.1454,54.6264,12.63865,20.329666666666665
25.252483,54.654109,25.1454,54.6264,12.63865,20.329666666666665
25.252483,54.654109,25.1454,54.6264,12.63865,20.329666666666665
25.252483,54.654109,25.1454,54.6264,12.63865,20.329666666666665
25.252483,54.654109,25.1454,54.6264,12.63865,20.329666666666665
25.252483,54.654109,25.1454,54.6264,12.63865,20.329666666666665
25.252483,54.654109,25.1454,54.6264,12.63865,20.329666666666665
25.228437,54.677116,25.1454,54.6264,10.04995,15.7945
25.228437,54.677116,25.1454,54.6264,10.04995,15.7945
25.228437,54.677116,25.1454,54.6264,10.04995,15.7945
25.228437,54.677116,25.1454,54.6264,10.04995,15.7945
25.228625,54.676533,25.1454,54.6264,10.09408,15.847166666666668
25.228625,54.676533,25.1454,54.6264,10.09408,15.847166666666668
25.283876,54.710251,25.1454,54.6264,16.96743,25.445333333333334
25.281987,54.676235,25.1454,54.6264,12.1219,20.5405
25.277597,54.683044,25.1454,54.6264,14.071200000000001,20.262999999999998
25.272075,54.705477,25.1454,54.6264,15.40982,22.09283333333333
25.292046,54.684736,25.1454,54.6264,15.799280000000001,25.619000000000003
25.22456,54.727062,25.1454,54.6264,16.79618,21.487666666666666
25.320996,54.725691,25.1454,54.6264,19.93068,32.035
25.176464,54.711398,25.1454,54.6264,12.134229999999999,16.340333333333334
25.224284,54.718101,25.1454,54.6264,14.38293,19.959333333333333
25.315801,54.677433,25.1454,54.6264,13.90705,24.381333333333334
25.289577,54.708706,25.1454,54.6264,16.90946,24.951166666666666
25.26329,54.686407,25.1454,54.6264,13.39138,19.124166666666667
25.291345,54.706357,25.1454,54.6264,16.80548,24.824166666666667
25.28541,54.719834,25.1454,54.6264,17.681060000000002,26.624833333333335
25.218183,54.702075,25.1454,54.6264,11.67535,15.198
25.251348,54.70835,25.1454,54.6264,14.93354,21.012833333333333
25.189054,54.680391,25.1454,54.6264,8.72147,10.8395
25.252786,54.667496,25.1454,54.6264,9.606950000000001,15.284333333333333
25.302621,54.727049,25.1454,54.6264,19.18166,30.499833333333335
25.288025,54.724173,25.1454,54.6264,18.19132,27.859333333333332
25.305835,54.715532,25.1454,54.6264,18.600189999999998,28.419333333333334
25.368043,54.725525,25.1454,54.6264,23.09259,42.00716666666666
25.368043,54.725525,25.1454,54.6264,23.09259,42.00716666666666
25.411573,54.775075,25.1454,54.6264,29.04114,43.6905
25.215999,54.730686,25.1454,54.6264,15.63552,20.4175
25.279557,54.68014,25.1454,54.6264,12.3375,22.175333333333334
25.279557,54.68014,25.1454,54.6264,12.3375,22.175333333333334
25.252232,54.653129,25.1454,54.6264,12.59285,20.1465
25.275249,54.690009,25.1454,54.6264,13.96052,20.207833333333333
25.287651,54.683779,25.1454,54.6264,15.016200000000001,23.355999999999998
25.264339,54.690782,25.1454,54.6264,13.21729,18.868833333333335
25.259903,54.674233,25.1454,54.6264,10.44327,17.957833333333333
25.251474,54.679234,25.1454,54.6264,11.5968,17.428833333333333
25.256911,54.738625,25.1454,54.6264,19.418509999999998,25.13
25.299751,54.678796,25.1454,54.6264,14.043239999999999,25.6725
25.288323,54.694704,25.1454,54.6264,15.27377,23.93433333333333
25.313883,54.67805,25.1454,54.6264,13.769350000000001,23.834333333333333
25.20913,54.67206,25.1454,54.6264,8.44033,11.76
25.270466,54.675766,25.1454,54.6264,11.16672,18.761666666666667
25.265353,54.685579,25.1454,54.6264,13.38833,19.421833333333332
25.242265,54.71274,25.1454,54.6264,14.58342,19.991
25.313701,54.711788,25.1454,54.6264,18.49398,28.509666666666664
25.23092,54.742014,25.1454,54.6264,16.858259999999998,20.649833333333333
25.245631,54.711431,25.1454,54.6264,14.73577,21.278666666666666
25.228625,54.676533,25.1454,54.6264,10.09408,15.847166666666668
25.249667,54.708185,25.1454,54.6264,15.281,22.923833333333334
25.275827,54.696402,25.1454,54.6264,15.2023,21.798833333333334
25.287653,54.667523,25.1454,54.6264,13.65256,20.727833333333333
25.180795,54.715131,25.1454,54.6264,12.95421,17.075833333333332
25.23347,54.67438,25.1454,54.6264,10.40469,15.151333333333334
25.264068,54.677194,25.1454,54.6264,12.02864,19.031166666666664
25.188155,54.711145,25.1454,54.6264,12.950149999999999,16.874166666666667
25.265504,54.676719,25.1454,54.6264,10.9415,19.012
25.302244,54.681647,25.1454,54.6264,14.75231,27.034666666666666
25.279515,54.666115,25.1454,54.6264,13.27267,20.02283333333333
25.283804,54.662371,25.1454,54.6264,13.831040000000002,20.367
25.36608,54.67052,25.1454,54.6264,20.2479,29.75883333333333
25.277586,54.698469,25.1454,54.6264,15.6097,23.3265
25.429428,54.686559,25.1454,54.6264,22.77894,37.445
25.312301,54.671512,25.1454,54.6264,14.44909,26.5455
25.280002,54.661689,25.1454,54.6264,13.60683,19.687666666666665
25.312301,54.671512,25.1454,54.6264,14.44909,26.5455
25.315032,54.697481,25.1454,54.6264,17.18999,26.781333333333336
25.305279,54.695938,25.1454,54.6264,16.677220000000002,26.675333333333334
25.41808,54.698079,25.1454,54.6264,22.25873,37.954166666666666
25.270715,54.728605,25.1454,54.6264,20.94585,26.521
25.27003,54.680862,25.1454,54.6264,12.56415,19.505
25.343906,54.735844,25.1454,54.6264,22.03726,34.309666666666665
25.25181,54.654197,25.1454,54.6264,12.67028,20.456166666666665
25.288338,54.670173,25.1454,54.6264,13.64513,20.173000000000002
25.234285,54.674768,25.1454,54.6264,10.36749,15.0025
25.303588,54.681359,25.1454,54.6264,14.620659999999999,26.508166666666668
25.411573,54.775075,25.1454,54.6264,29.04114,43.6905
25.27759,54.68342,25.1454,54.6264,14.02883,20.1905
25.297956,54.680887,25.1454,54.6264,16.08184,26.471833333333333
25.258541,54.757936,25.1454,54.6264,21.15293,25.738
25.28798,54.724955,25.1454,54.6264,18.27805,28.206333333333337
25.296718,54.693197,25.1454,54.6264,15.84258,24.125666666666667
25.188807,54.663073,25.1454,54.6264,9.10209,13.865
25.216722,54.674157,25.1454,54.6264,8.87808,12.747000000000002
25.425925,54.68327,25.1454,54.6264,22.970110000000002,37.84883333333333
25.312016,54.727406,25.1454,54.6264,19.71665,31.21516666666667
25.281625,54.699012,25.1454,54.6264,15.34978,23.825666666666667
25.281625,54.699012,25.1454,54.6264,15.34978,23.825666666666667
25.281625,54.699012,25.1454,54.6264,15.34978,23.825666666666667
25.274297,54.674776,25.1454,54.6264,11.406649999999999,19.315833333333334
25.261417,54.643235,25.1454,54.6264,11.37392,15.1275
25.248918,54.676459,25.1454,54.6264,11.22606,16.164666666666665
25.208113,54.672208,25.1454,54.6264,8.372530000000001,11.701500000000001
25.289147,54.70725,25.1454,54.6264,16.920080000000002,25.0455
25.188083,54.662552,25.1454,54.6264,9.083309999999999,13.79
25.290216,54.682162,25.1454,54.6264,14.1244,25.779833333333332
25.215914,54.680776,25.1454,54.6264,9.34981,13.830166666666665
25.205473,54.748733,25.1454,54.6264,16.80318,19.524833333333333
25.205473,54.748733,25.1454,54.6264,16.80318,19.524833333333333
25.205473,54.748733,25.1454,54.6264,16.80318,19.524833333333333
25.205473,54.748733,25.1454,54.6264,16.80318,19.524833333333333
25.205473,54.748733,25.1454,54.6264,16.80318,19.524833333333333
25.205473,54.748733,25.1454,54.6264,16.80318,19.524833333333333
25.205473,54.748733,25.1454,54.6264,16.80318,19.524833333333333
25.205473,54.748733,25.1454,54.6264,16.80318,19.524833333333333
25.205473,54.748733,25.1454,54.6264,16.80318,19.524833333333333
25.205473,54.748733,25.1454,54.6264,16.80318,19.524833333333333
25.205473,54.748733,25.1454,54.6264,16.80318,19.524833333333333
25.272453,54.700617,25.1454,54.6264,15.11659,21.593666666666664
25.261746,54.756017,25.1454,54.6264,21.041040000000002,25.564833333333336
25.227411,54.740873,25.1454,54.6264,16.610169999999997,19.807000000000002
25.213414,54.716025,25.1454,54.6264,14.69925,18.300166666666666
25.28225,54.684908,25.1454,54.6264,14.653739999999999,22.440833333333334
25.210939,54.718504,25.1454,54.6264,14.39824,17.8905
25.210939,54.718504,25.1454,54.6264,14.39824,17.8905
25.273768,54.729281,25.1454,54.6264,21.136830000000003,26.899
25.30419,54.71722,25.1454,54.6264,18.555970000000002,28.641000000000002
25.278306,54.675587,25.1454,54.6264,11.541129999999999,19.39816666666667
25.294605,54.674411,25.1454,54.6264,12.61677,21.8495
25.249353,54.67504,25.1454,54.6264,10.93041,15.728
25.290851,54.728896,25.1454,54.6264,18.9705,31.103333333333335
25.094359,54.672105,25.1454,54.6264,8.19592,10.548833333333333
25.307553,54.681809,25.1454,54.6264,14.39935,25.894333333333336
25.281649,54.679706,25.1454,54.6264,12.179620000000002,21.362666666666666
25.226602,54.743512,25.1454,54.6264,16.455669999999998,19.44183333333333
25.177411,54.713819,25.1454,54.6264,12.975940000000001,17.115666666666666
25.281625,54.699012,25.1454,54.6264,15.34978,23.825666666666667
25.281088,54.690049,25.1454,54.6264,15.0246,24.2085
25.272327,54.70829,25.1454,54.6264,15.66643,23.16283333333333
25.24959,54.692483,25.1454,54.6264,14.219610000000001,19.787333333333333
25.301734,54.690696,25.1454,54.6264,16.01794,24.506333333333334
25.287506,54.717581,25.1454,54.6264,17.77113,26.583833333333335
25.287506,54.717581,25.1454,54.6264,17.77113,26.583833333333335
25.31974,54.70216,25.1454,54.6264,18.12916,29.180999999999997
25.277349,54.689718,25.1454,54.6264,14.68187,21.841333333333335
25.280399,54.672488,25.1454,54.6264,11.38373,19.1505
25.210939,54.718504,25.1454,54.6264,14.39824,17.8905
25.273256,54.741161,25.1454,54.6264,20.61895,26.1355
25.302409,54.679138,25.1454,54.6264,14.05545,25.582
25.273217,54.683485,25.1454,54.6264,13.14286,20.385166666666667
25.283,54.675654,25.1454,54.6264,12.21228,20.676
25.275827,54.696402,25.1454,54.6264,15.2023,21.798833333333334
25.273651,54.697696,25.1454,54.6264,15.21236,21.87683333333333
25.263342,54.692096,25.1454,54.6264,13.23624,18.132833333333334
25.254267,54.700338,25.1454,54.6264,13.92914,18.6555
25.25558,54.675338,25.1454,54.6264,11.53131,17.199666666666666
25.310346,54.703238,25.1454,54.6264,17.42748,26.651
25.259357,54.757426,25.1454,54.6264,21.18778,25.844833333333334
25.279515,54.666115,25.1454,54.6264,13.27267,20.02283333333333
25.356684,54.78385,25.1454,54.6264,28.922330000000002,39.718666666666664
25.093204,54.670937,25.1454,54.6264,8.01674,10.006333333333334
25.314211,54.678552,25.1454,54.6264,13.79552,24.1425
25.290547,54.682954,25.1454,54.6264,15.68713,25.124166666666667
25.284133,54.702157,25.1454,54.6264,16.3684,23.855999999999998
25.283273,54.673305,25.1454,54.6264,11.66067,19.478333333333335
25.246652,54.733912,25.1454,54.6264,18.32292,21.883333333333333
25.260379,54.754731,25.1454,54.6264,20.47993,24.738333333333333
25.27342,54.69682,25.1454,54.6264,15.02713,21.348000000000003
25.276251,54.702299,25.1454,54.6264,15.817680000000001,22.8145
25.253948,54.73968,25.1454,54.6264,19.34984,24.855166666666666
25.432366,54.687004,25.1454,54.6264,23.12863,37.81933333333333
25.280045,54.780134,25.1454,54.6264,24.450650000000003,31.41166666666667
25.37969,54.674207,25.1454,54.6264,21.84846,32.08083333333333
25.163092,54.723557,25.1454,54.6264,15.820290000000002,23.750166666666665
25.305112,54.681381,25.1454,54.6264,14.525780000000001,26.24416666666667
25.258243,54.697586,25.1454,54.6264,14.15724,19.270666666666667
25.218684,54.720214,25.1454,54.6264,15.177940000000001,19.6245
25.274497,54.673819,25.1454,54.6264,11.259879999999999,18.991666666666667
25.283092,54.688437,25.1454,54.6264,14.76372,22.570833333333333
25.245221,54.673279,25.1454,54.6264,10.64773,15.092333333333332
25.21939,54.736329,25.1454,54.6264,15.07939,17.64966666666667
25.309167,54.683774,25.1454,54.6264,14.41105,26.334
25.442351,54.694177,25.1454,54.6264,23.08027,38.25483333333333
25.281605,54.715901,25.1454,54.6264,16.87342,24.850166666666667
25.283288,54.675502,25.1454,54.6264,12.23737,20.718166666666665
25.285297,54.707885,25.1454,54.6264,16.56551,23.949333333333335
25.281625,54.699012,25.1454,54.6264,15.34978,23.825666666666667
25.281625,54.699012,25.1454,54.6264,15.34978,23.825666666666667
25.222567,54.739023,25.1454,54.6264,16.07117,20.716333333333335
25.210939,54.718504,25.1454,54.6264,14.39824,17.8905
25.281625,54.699012,25.1454,54.6264,15.34978,23.825666666666667
25.281625,54.699012,25.1454,54.6264,15.34978,23.825666666666667
25.2287,54.726878,25.1454,54.6264,16.88025,21.683
25.292903,54.680314,25.1454,54.6264,16.06035,26.433833333333332
25.282695,54.659889,25.1454,54.6264,13.62873,19.706833333333336
25.265296,54.691864,25.1454,54.6264,13.332030000000001,18.828
25.218398,54.696013,25.1454,54.6264,10.96547,15.2245
25.283181,54.704741,25.1454,54.6264,16.12514,23.268833333333337
25.284746,54.702952,25.1454,54.6264,16.3955,23.797166666666666
25.277309,54.690723,25.1454,54.6264,14.26724,21.215666666666667
25.314125,54.674633,25.1454,54.6264,14.06882,24.3505
25.212477,54.708381,25.1454,54.6264,13.26387,17.994000000000003
25.432488,54.687326,25.1454,54.6264,23.11762,37.775333333333336
25.432488,54.687326,25.1454,54.6264,23.11762,37.775333333333336
25.261746,54.676283,25.1454,54.6264,11.89832,18.509999999999998
25.298231,54.70887,25.1454,54.6264,17.67368,26.909333333333333
25.26493,54.676879,25.1454,54.6264,10.91594,18.935333333333332
25.257502,54.693829,25.1454,54.6264,13.50467,19.404999999999998
25.26493,54.676879,25.1454,54.6264,10.91594,18.935333333333332
25.266739,54.684834,25.1454,54.6264,12.56106,19.37183333333333
25.34371,54.736419,25.1454,54.6264,22.04982,34.385666666666665
25.372767,54.729234,25.1454,54.6264,24.459799999999998,39.659
25.250356,54.70282,25.1454,54.6264,13.66928,18.772333333333332
25.367547,54.728477,25.1454,54.6264,24.90559,41.480333333333334
25.217265,54.708913,25.1454,54.6264,13.258059999999999,18.156166666666664
25.272528,54.709505,25.1454,54.6264,15.80025,23.69816666666667
25.246029,54.674181,25.1454,54.6264,10.85725,15.468333333333334
25.284492,54.764435,25.1454,54.6264,23.24838,29.436
25.268528,54.688321,25.1454,54.6264,13.2805,18.948666666666668
25.211474,54.673039,25.1454,54.6264,8.60787,12.376
25.240431,54.698186,25.1454,54.6264,13.534,18.273833333333336
25.231555,54.731078,25.1454,54.6264,16.46425,21.134333333333334
25.290513,54.680836,25.1454,54.6264,13.92931,24.865666666666666
25.218247,54.731144,25.1454,54.6264,16.17909,19.991666666666667
25.414826,54.710186,25.1454,54.6264,23.007810000000003,37.40866666666667
25.414826,54.710186,25.1454,54.6264,23.007810000000003,37.40866666666667
25.265151,54.66072,25.1454,54.6264,13.744639999999999,19.834333333333333
25.284904,54.692878,25.1454,54.6264,15.00042,23.547166666666666
25.287933,54.673687,25.1454,54.6264,12.369459999999998,21.315833333333334
25.277047,54.664503,25.1454,54.6264,13.01338,19.840666666666667
25.30134,54.679162,25.1454,54.6264,13.98854,25.41916666666667
25.275604,54.710746,25.1454,54.6264,16.20702,24.836333333333336
25.289029,54.676399,25.1454,54.6264,12.81976,23.845833333333335
25.273355,54.741459,25.1454,54.6264,20.729599999999998,26.674500000000002
25.281767,54.674622,25.1454,54.6264,12.36897,21.525666666666666
25.261188,54.671246,25.1454,54.6264,10.101719999999998,16.508666666666667
25.275659,54.686687,25.1454,54.6264,13.89881,20.2245
25.390656,54.695723,25.1454,54.6264,19.63763,33.138999999999996
25.273651,54.697696,25.1454,54.6264,15.21236,21.87683333333333
25.22807,54.741668,25.1454,54.6264,16.51216,19.380666666666666
25.22807,54.741668,25.1454,54.6264,16.51216,19.380666666666666
25.22807,54.741668,25.1454,54.6264,16.51216,19.380666666666666
25.22807,54.741668,25.1454,54.6264,16.51216,19.380666666666666
25.22807,54.741668,25.1454,54.6264,16.51216,19.380666666666666
25.22807,54.741668,25.1454,54.6264,16.51216,19.380666666666666
25.22807,54.741668,25.1454,54.6264,16.51216,19.380666666666666
25.22807,54.741668,25.1454,54.6264,16.51216,19.380666666666666
25.22807,54.741668,25.1454,54.6264,16.51216,19.380666666666666
25.22807,54.741668,25.1454,54.6264,16.51216,19.380666666666666
25.22807,54.741668,25.1454,54.6264,16.51216,19.380666666666666
25.22807,54.741668,25.1454,54.6264,16.51216,19.380666666666666
25.22807,54.741668,25.1454,54.6264,16.51216,19.380666666666666
25.22807,54.741668,25.1454,54.6264,16.51216,19.380666666666666
25.17678,54.71164,25.1454,54.6264,12.106879999999999,16.229833333333332
25.284502,54.723527,25.1454,54.6264,18.271069999999998,27.85183333333333
25.317504,54.676134,25.1454,54.6264,14.38398,25.291833333333333
25.282414,54.685071,25.1454,54.6264,14.63439,22.332666666666668
25.241899,54.673009,25.1454,54.6264,10.49207,14.463
25.291375,54.728815,25.1454,54.6264,19.28851,29.279333333333334
25.28317,54.673048,25.1454,54.6264,11.631920000000001,19.435166666666664
25.231811,54.733288,25.1454,54.6264,16.70414,22.012166666666666
25.25471,54.698449,25.1454,54.6264,13.832049999999999,19.026
25.249738,54.717803,25.1454,54.6264,15.55328,22.39466666666667
25.351816,54.727978,25.1454,54.6264,22.37913,35.64783333333333
25.391831,54.710559,25.1454,54.6264,20.90286,36.133833333333335
25.264529,54.756974,25.1454,54.6264,21.95099,27.220666666666666
25.09095,54.669249,25.1454,54.6264,8.07058,10.143666666666666
25.268559,54.678397,25.1454,54.6264,11.43017,19.7285
25.257152,54.717124,25.1454,54.6264,15.68502,22.674833333333332
25.216995,54.665209,25.1454,54.6264,9.497879999999999,13.8935
25.272141,54.744994,25.1454,54.6264,21.01906,27.195833333333333
25.240525,54.695248,25.1454,54.6264,14.37665,20.34
25.228649,54.724945,25.1454,54.6264,15.050870000000002,21.229499999999998
25.226602,54.743512,25.1454,54.6264,16.455669999999998,19.44183333333333
25.309463,54.703099,25.1454,54.6264,17.415290000000002,26.690833333333334
25.274205,54.678618,25.1454,54.6264,11.69828,19.4115
25.281281,54.710476,25.1454,54.6264,16.573169999999998,24.878333333333334
25.281281,54.710476,25.1454,54.6264,16.573169999999998,24.878333333333334
25.281281,54.710476,25.1454,54.6264,16.573169999999998,24.878333333333334
25.281281,54.710476,25.1454,54.6264,16.573169999999998,24.878333333333334
25.241659,54.708342,25.1454,54.6264,13.99325,19.863999999999997
25.218507,54.732791,25.1454,54.6264,15.3628,18.88566666666667
25.291471,54.676506,25.1454,54.6264,12.984729999999999,24.503666666666668
25.40083,54.692489,25.1454,54.6264,20.776619999999998,33.89183333333333
25.174693,54.702586,25.1454,54.6264,11.04746,14.538333333333332
25.266661,54.678629,25.1454,54.6264,12.58523,19.583666666666666
25.246134,54.698914,25.1454,54.6264,13.228209999999999,17.715
25.276295,54.68264,25.1454,54.6264,13.04592,20.03216666666667
25.315276,54.678121,25.1454,54.6264,13.92058,24.380666666666666
25.268875,54.661868,25.1454,54.6264,13.28523,18.508666666666667
25.247954,54.722907,25.1454,54.6264,16.062379999999997,23.418333333333333
25.29253,54.702241,25.1454,54.6264,16.71896,24.87
25.266217,54.72837,25.1454,54.6264,17.79954,26.12366666666667
25.270159,54.663244,25.1454,54.6264,13.42894,19.0835
25.317993,54.677762,25.1454,54.6264,14.12301,25.245166666666666
25.281485,54.659172,25.1454,54.6264,13.571399999999999,19.477500000000003
25.214598,54.71047,25.1454,54.6264,13.010729999999999,17.449
25.32098,54.717369,25.1454,54.6264,19.33409,30.796499999999998
25.253841,54.669845,25.1454,54.6264,9.72406,15.752833333333333
25.316127,54.713168,25.1454,54.6264,18.63205,28.86616666666667
25.262432,54.677956,25.1454,54.6264,12.118319999999999,18.507
25.227717,54.705225,25.1454,54.6264,13.07156,17.745333333333335
25.294861,54.693295,25.1454,54.6264,15.962299999999999,24.946833333333334
25.294861,54.693295,25.1454,54.6264,15.962299999999999,24.946833333333334
25.294861,54.693295,25.1454,54.6264,15.962299999999999,24.946833333333334
25.294861,54.693295,25.1454,54.6264,15.962299999999999,24.946833333333334
25.294861,54.693295,25.1454,54.6264,15.962299999999999,24.946833333333334
25.294861,54.693295,25.1454,54.6264,15.962299999999999,24.946833333333334
25.294861,54.693295,25.1454,54.6264,15.962299999999999,24.946833333333334
25.294861,54.693295,25.1454,54.6264,15.962299999999999,24.946833333333334
25.294861,54.693295,25.1454,54.6264,15.962299999999999,24.946833333333334
25.306401,54.696552,25.1454,54.6264,16.84722,27.3075
25.301821,54.719108,25.1454,54.6264,18.058889999999998,27.798833333333334
25.251485,54.656315,25.1454,54.6264,12.88523,21.316
25.30419,54.71722,25.1454,54.6264,18.555970000000002,28.641000000000002
25.273768,54.729281,25.1454,54.6264,21.136830000000003,26.899
25.311521,54.696649,25.1454,54.6264,16.8982,26.160166666666665
25.272528,54.709505,25.1454,54.6264,15.80025,23.69816666666667
25.276987,54.675005,25.1454,54.6264,11.47248,19.557000000000002
25.323067,54.733755,25.1454,54.6264,20.38637,32.50716666666667
25.24339,54.71113,25.1454,54.6264,14.63603,20.51033333333333
25.216815,54.701586,25.1454,54.6264,11.508040000000001,14.718333333333334
25.257729,54.605984,25.1454,54.6264,9.20773,11.004333333333333
25.280557,54.67422,25.1454,54.6264,11.48139,20.2015
25.234285,54.674768,25.1454,54.6264,10.36749,15.0025
25.253663,54.716854,25.1454,54.6264,15.73825,22.76516666666667
25.221498,54.74038,25.1454,54.6264,16.25461,18.671
25.277345,54.635169,25.1454,54.6264,13.21537,19.940833333333334
25.251501,54.724701,25.1454,54.6264,16.67261,24.7745
25.282581,54.665995,25.1454,54.6264,13.26305,19.891000000000002
25.238358,54.697036,25.1454,54.6264,13.68592,18.618166666666664
25.23347,54.67438,25.1454,54.6264,10.40469,15.151333333333334
25.279901,54.664947,25.1454,54.6264,13.16265,20.400666666666666
25.22005,54.739931,25.1454,54.6264,15.47184,18.998
25.238694,54.718984,25.1454,54.6264,14.648959999999999,21.345166666666668
25.238694,54.718984,25.1454,54.6264,14.648959999999999,21.345166666666668
25.238694,54.718984,25.1454,54.6264,14.648959999999999,21.345166666666668
25.238694,54.718984,25.1454,54.6264,14.648959999999999,21.345166666666668
25.238694,54.718984,25.1454,54.6264,14.648959999999999,21.345166666666668
25.238694,54.718984,25.1454,54.6264,14.648959999999999,21.345166666666668
25.204597,54.635851,25.1454,54.6264,7.09905,13.019
25.368043,54.725525,25.1454,54.6264,23.09259,42.00716666666666
25.227631,54.681963,25.1454,54.6264,10.67195,18.267333333333333
25.227631,54.681963,25.1454,54.6264,10.67195,18.267333333333333
25.271884,54.681988,25.1454,54.6264,12.64198,19.537166666666668
25.268462,54.677055,25.1454,54.6264,11.25284,19.171333333333333
25.182608,54.702689,25.1454,54.6264,10.90181,14.304499999999999
25.279407,54.67197,25.1454,54.6264,11.40031,19.162166666666668
25.272766,54.674597,25.1454,54.6264,11.31838,19.200499999999998
25.287992,54.758824,25.1454,54.6264,22.82314,30.0085
25.307789,54.697604,25.1454,54.6264,16.85119,25.956
25.28798,54.724955,25.1454,54.6264,18.27805,28.206333333333337
25.088131,54.673206,25.1454,54.6264,8.25122,10.6855
25.2876,54.683979,25.1454,54.6264,15.00473,23.339
25.249683,54.674138,25.1454,54.6264,11.076870000000001,16.067333333333334
25.30419,54.71722,25.1454,54.6264,18.555970000000002,28.641000000000002
25.301476,54.726612,25.1454,54.6264,18.98411,30.534333333333333
25.16472,54.708189,25.1454,54.6264,12.75994,17.8075
25.242457,54.668629,25.1454,54.6264,10.317129999999999,14.625833333333333
25.276969,54.661605,25.1454,54.6264,13.26534,18.4515
25.305112,54.681381,25.1454,54.6264,14.525780000000001,26.24416666666667
25.316965,54.698274,25.1454,54.6264,17.477990000000002,28.211333333333336
25.271328,54.740761,25.1454,54.6264,20.44816,26.111833333333333
25.271328,54.740761,25.1454,54.6264,20.44816,26.111833333333333
25.271328,54.740761,25.1454,54.6264,20.44816,26.111833333333333
25.271328,54.740761,25.1454,54.6264,20.44816,26.111833333333333
25.271328,54.740761,25.1454,54.6264,20.44816,26.111833333333333
25.271328,54.740761,25.1454,54.6264,20.44816,26.111833333333333
25.271328,54.740761,25.1454,54.6264,20.44816,26.111833333333333
25.271328,54.740761,25.1454,54.6264,20.44816,26.111833333333333
25.271328,54.740761,25.1454,54.6264,20.44816,26.111833333333333
25.271328,54.740761,25.1454,54.6264,20.44816,26.111833333333333
25.271328,54.740761,25.1454,54.6264,20.44816,26.111833333333333
25.271328,54.740761,25.1454,54.6264,20.44816,26.111833333333333
25.271328,54.740761,25.1454,54.6264,20.44816,26.111833333333333
25.271328,54.740761,25.1454,54.6264,20.44816,26.111833333333333
25.271328,54.740761,25.1454,54.6264,20.44816,26.111833333333333
25.271328,54.740761,25.1454,54.6264,20.44816,26.111833333333333
25.271328,54.740761,25.1454,54.6264,20.44816,26.111833333333333
25.271328,54.740761,25.1454,54.6264,20.44816,26.111833333333333
25.266146,54.7378,25.1454,54.6264,20.007720000000003,24.86116666666667
25.22574,54.715467,25.1454,54.6264,13.97233,18.9695
25.259867,54.755776,25.1454,54.6264,20.874650000000003,25.108
25.260337,54.757348,25.1454,54.6264,21.24222,26.066333333333333
25.210939,54.718504,25.1454,54.6264,14.39824,17.8905
25.287057,54.699803,25.1454,54.6264,15.71388,24.668666666666663
25.210939,54.718504,25.1454,54.6264,14.39824,17.8905
25.283461,54.680584,25.1454,54.6264,14.033700000000001,24.25583333333333
25.238872,54.716279,25.1454,54.6264,14.64916,21.3595
25.264339,54.690782,25.1454,54.6264,13.21729,18.868833333333335
25.255283,54.702824,25.1454,54.6264,14.006639999999999,19.39016666666667
25.210939,54.718504,25.1454,54.6264,14.39824,17.8905
25.28067,54.685607,25.1454,54.6264,14.81567,23.025
25.267288,54.674236,25.1454,54.6264,10.657200000000001,18.19
25.210939,54.718504,25.1454,54.6264,14.39824,17.8905
25.26794,54.754667,25.1454,54.6264,20.94104,25.636000000000003
25.265891,54.671003,25.1454,54.6264,10.38833,16.8495
25.300999,54.707127,25.1454,54.6264,17.67645,26.98483333333333
25.271909,54.687253,25.1454,54.6264,13.457180000000001,19.206833333333336
25.27119,54.726075,25.1454,54.6264,21.11372,27.522666666666666
25.2606,54.690062,25.1454,54.6264,12.83619,17.897499999999997
25.258409,54.673741,25.1454,54.6264,10.446209999999999,17.588
25.258409,54.673741,25.1454,54.6264,10.446209999999999,17.588
25.258409,54.673741,25.1454,54.6264,10.446209999999999,17.588
25.258409,54.673741,25.1454,54.6264,10.446209999999999,17.588
25.258409,54.673741,25.1454,54.6264,10.446209999999999,17.588
25.258409,54.673741,25.1454,54.6264,10.446209999999999,17.588
25.276306,54.689888,25.1454,54.6264,14.03059,20.50316666666667
25.27737,54.687383,25.1454,54.6264,13.94,20.2495
25.177236,54.715567,25.1454,54.6264,12.42124,17.049666666666667
25.279632,54.684714,25.1454,54.6264,14.86788,23.260833333333334
25.267796,54.675255,25.1454,54.6264,11.082790000000001,18.723000000000003
25.264699,54.690035,25.1454,54.6264,13.17277,18.773500000000002
25.429007,54.792344,25.1454,54.6264,30.100830000000002,43.247
25.276306,54.689888,25.1454,54.6264,14.03059,20.50316666666667
25.15119,54.619174,25.1454,54.6264,1.4812100000000001,3.7408333333333332
25.221,54.739475,25.1454,54.6264,15.44762,18.895833333333332
25.261388,54.67013,25.1454,54.6264,11.78417,16.602999999999998
25.294912,54.676576,25.1454,54.6264,12.81297,22.938333333333333
25.259596,54.697811,25.1454,54.6264,14.20809,19.249666666666666
25.227235,54.725863,25.1454,54.6264,16.78677,21.3455
25.215818,54.69608,25.1454,54.6264,10.8478,14.943833333333334
25.275604,54.710746,25.1454,54.6264,16.20702,24.836333333333336
25.31066,54.67905,25.1454,54.6264,13.84057,24.322666666666667
25.39686,54.68134,25.1454,54.6264,22.92121,33.472166666666666
25.281583,54.682514,25.1454,54.6264,15.54318,25.70133333333333
25.274681,54.697375,25.1454,54.6264,15.30046,22.085500000000003
25.244122,54.729112,25.1454,54.6264,18.42514,22.924
25.21212,54.718666,25.1454,54.6264,14.21632,17.191
25.220585,54.710172,25.1454,54.6264,13.22865,17.930999999999997
25.213543,54.679932,25.1454,54.6264,9.51255,14.3185
25.271909,54.687253,25.1454,54.6264,13.457180000000001,19.206833333333336
25.220105,54.721852,25.1454,54.6264,15.04677,18.813166666666667
25.222022,54.73977,25.1454,54.6264,16.40258,19.178833333333333
25.320567,54.709343,25.1454,54.6264,18.929740000000002,29.212
25.215144,54.733105,25.1454,54.6264,15.67951,20.6895
25.215144,54.733105,25.1454,54.6264,15.67951,20.6895
25.283035,54.677178,25.1454,54.6264,12.48301,22.083833333333335
25.215144,54.733105,25.1454,54.6264,15.67951,20.6895
25.215144,54.733105,25.1454,54.6264,15.67951,20.6895
25.303756,54.676297,25.1454,54.6264,13.13537,22.703666666666667
25.283875,54.674294,25.1454,54.6264,11.78018,19.657666666666668
25.203967,54.642506,25.1454,54.6264,6.40137,10.513
25.348443,54.648712,25.1454,54.6264,18.529919999999997,27.272
25.332252,54.745477,25.1454,54.6264,22.5884,37.18033333333334
25.332252,54.745477,25.1454,54.6264,22.5884,37.18033333333334
25.336709,54.745793,25.1454,54.6264,24.69391,38.76016666666667
25.336709,54.745793,25.1454,54.6264,24.69391,38.76016666666667
25.275827,54.696402,25.1454,54.6264,15.2023,21.798833333333334
25.25202,54.655056,25.1454,54.6264,12.74249,20.745
25.272495,54.660317,25.1454,54.6264,13.211200000000002,18.074166666666667
25.31139,54.708343,25.1454,54.6264,18.08588,28.101499999999998
25.16365,54.708634,25.1454,54.6264,12.70722,17.598333333333336
25.286184,54.698953,25.1454,54.6264,15.615920000000001,24.35033333333333
25.243492,54.697523,25.1454,54.6264,13.39175,18.039499999999997
25.277189,54.672594,25.1454,54.6264,11.14299,18.590666666666667
25.273646,54.751455,25.1454,54.6264,21.43801,26.7375
25.240621,54.698804,25.1454,54.6264,13.60667,18.6125
25.21691,54.667977,25.1454,54.6264,9.21369,13.527
25.214865,54.694523,25.1454,54.6264,10.664459999999998,14.602166666666667
25.274204,54.678107,25.1454,54.6264,11.66635,19.444000000000003
25.296759,54.680809,25.1454,54.6264,16.00317,26.15716666666667
25.284638,54.691637,25.1454,54.6264,14.8293,22.262833333333333
25.311337,54.685025,25.1454,54.6264,14.541649999999999,25.467499999999998
25.265284,54.688246,25.1454,54.6264,13.361,19.2595
25.253948,54.73968,25.1454,54.6264,19.34984,24.855166666666666
25.318181,54.713092,25.1454,54.6264,18.908369999999998,29.49416666666667
25.279816,54.671688,25.1454,54.6264,11.42067,19.148833333333336
25.259596,54.697811,25.1454,54.6264,14.20809,19.249666666666666
25.29911,54.701683,25.1454,54.6264,18.36835,27.540333333333333
25.296914,54.694241,25.1454,54.6264,16.09899,25.446166666666667
25.249407,54.698415,25.1454,54.6264,13.43239,18.041666666666668
25.247674,54.724975,25.1454,54.6264,18.933049999999998,23.7415
25.296482,54.720077,25.1454,54.6264,17.8759,26.783666666666665
25.274497,54.673819,25.1454,54.6264,11.259879999999999,18.991666666666667
25.263367,54.6804,25.1454,54.6264,12.11338,18.590500000000002
25.196608,54.65522,25.1454,54.6264,11.28936,21.223833333333335
25.28938,54.683694,25.1454,54.6264,15.05983,23.5305
25.28938,54.683694,25.1454,54.6264,15.05983,23.5305
25.317504,54.676134,25.1454,54.6264,14.38398,25.291833333333333
25.19924,54.645144,25.1454,54.6264,6.91692,11.592666666666666
25.301095,54.703902,25.1454,54.6264,17.44031,26.217666666666666
25.305677,54.681739,25.1454,54.6264,14.47441,26.006666666666668
25.210692,54.716469,25.1454,54.6264,14.42414,18.218166666666665
25.210692,54.716469,25.1454,54.6264,14.42414,18.218166666666665
25.210692,54.716469,25.1454,54.6264,14.42414,18.218166666666665
25.210692,54.716469,25.1454,54.6264,14.42414,18.218166666666665
25.210692,54.716469,25.1454,54.6264,14.42414,18.218166666666665
25.210692,54.716469,25.1454,54.6264,14.42414,18.218166666666665
25.254314,54.670285,25.1454,54.6264,9.77615,15.961166666666665
25.21871,54.648942,25.1454,54.6264,6.50904,10.592
25.253948,54.73968,25.1454,54.6264,19.34984,24.855166666666666
25.226602,54.743512,25.1454,54.6264,16.455669999999998,19.44183333333333
25.264792,54.755827,25.1454,54.6264,20.978270000000002,25.967499999999998
25.247172,54.700898,25.1454,54.6264,13.308950000000001,17.514166666666664
25.329891,54.730497,25.1454,54.6264,20.779310000000002,33.036500000000004
25.25263,54.702166,25.1454,54.6264,13.6866,18.4205
25.248643,54.717207,25.1454,54.6264,15.35861,21.85033333333333
25.275202,54.699755,25.1454,54.6264,15.65386,22.899166666666666
25.31882,54.706559,25.1454,54.6264,18.42114,29.200333333333333
25.251126,54.720239,25.1454,54.6264,16.12235,23.387333333333334
25.315578,54.696918,25.1454,54.6264,17.2502,26.904333333333334
25.278507,54.680013,25.1454,54.6264,12.40628,22.450499999999998
25.272766,54.674597,25.1454,54.6264,11.31838,19.200499999999998
25.165151,54.713529,25.1454,54.6264,13.43092,19.33966666666667
25.164217,54.708521,25.1454,54.6264,12.72431,17.666666666666668
25.297461,54.699439,25.1454,54.6264,17.433919999999997,25.93616666666667
25.266432,54.689462,25.1454,54.6264,13.25446,18.7805
25.266432,54.689462,25.1454,54.6264,13.25446,18.7805
25.266432,54.689462,25.1454,54.6264,13.25446,18.7805
25.266432,54.689462,25.1454,54.6264,13.25446,18.7805
25.266432,54.689462,25.1454,54.6264,13.25446,18.7805
25.266432,54.689462,25.1454,54.6264,13.25446,18.7805
25.266432,54.689462,25.1454,54.6264,13.25446,18.7805
25.266432,54.689462,25.1454,54.6264,13.25446,18.7805
25.266432,54.689462,25.1454,54.6264,13.25446,18.7805
25.266432,54.689462,25.1454,54.6264,13.25446,18.7805
25.266432,54.689462,25.1454,54.6264,13.25446,18.7805
25.266432,54.689462,25.1454,54.6264,13.25446,18.7805
25.266432,54.689462,25.1454,54.6264,13.25446,18.7805
25.266432,54.689462,25.1454,54.6264,13.25446,18.7805
25.266432,54.689462,25.1454,54.6264,13.25446,18.7805
25.266432,54.689462,25.1454,54.6264,13.25446,18.7805
25.266432,54.689462,25.1454,54.6264,13.25446,18.7805
25.266432,54.689462,25.1454,54.6264,13.25446,18.7805
25.266432,54.689462,25.1454,54.6264,13.25446,18.7805
25.266432,54.689462,25.1454,54.6264,13.25446,18.7805
25.266432,54.689462,25.1454,54.6264,13.25446,18.7805
25.188879,54.711251,25.1454,54.6264,12.93778,16.824666666666666
25.191114,54.754266,25.1454,54.6264,20.12952,25.506666666666668
25.176476,54.71186,25.1454,54.6264,12.10195,16.285999999999998
25.279185,54.703499,25.1454,54.6264,15.836469999999998,22.751166666666666
25.277993,54.719296,25.1454,54.6264,17.17977,26.420166666666667
25.187043,54.714488,25.1454,54.6264,13.11465,17.2385
25.215068,54.736463,25.1454,54.6264,14.84516,17.036833333333334
25.2726,54.683084,25.1454,54.6264,13.194930000000001,20.5935
25.422153,54.682002,25.1454,54.6264,28.50148,37.903999999999996
25.21677,54.733913,25.1454,54.6264,15.28684,18.3245
25.249987,54.700162,25.1454,54.6264,13.77054,19.015833333333333
25.253381,54.701041,25.1454,54.6264,13.737309999999999,18.883
25.265685,54.75685,25.1454,54.6264,21.062189999999998,26.61733333333333
25.277364,54.682842,25.1454,54.6264,13.115549999999999,20.199333333333335
25.210095,54.681796,25.1454,54.6264,8.98395,12.872000000000002
25.221208,54.694804,25.1454,54.6264,11.13925,15.773333333333333
25.264196,54.687387,25.1454,54.6264,13.36915,19.220166666666668
25.274204,54.678107,25.1454,54.6264,11.66635,19.444000000000003
25.26583,54.673868,25.1454,54.6264,10.523520000000001,17.679
25.316684,54.677577,25.1454,54.6264,13.95788,24.581
25.31807,54.719759,25.1454,54.6264,19.47357,30.138166666666667
25.268022,54.660961,25.1454,54.6264,13.43982,18.934166666666666
25.268022,54.660961,25.1454,54.6264,13.43982,18.934166666666666
25.268022,54.660961,25.1454,54.6264,13.43982,18.934166666666666
25.268022,54.660961,25.1454,54.6264,13.43982,18.934166666666666
25.268022,54.660961,25.1454,54.6264,13.43982,18.934166666666666
25.268022,54.660961,25.1454,54.6264,13.43982,18.934166666666666
25.268022,54.660961,25.1454,54.6264,13.43982,18.934166666666666
25.268022,54.660961,25.1454,54.6264,13.43982,18.934166666666666
25.268022,54.660961,25.1454,54.6264,13.43982,18.934166666666666
25.268022,54.660961,25.1454,54.6264,13.43982,18.934166666666666
25.268022,54.660961,25.1454,54.6264,13.43982,18.934166666666666
25.268022,54.660961,25.1454,54.6264,13.43982,18.934166666666666
25.268022,54.660961,25.1454,54.6264,13.43982,18.934166666666666
25.268022,54.660961,25.1454,54.6264,13.43982,18.934166666666666
25.268022,54.660961,25.1454,54.6264,13.43982,18.934166666666666
25.217265,54.708913,25.1454,54.6264,13.258059999999999,18.156166666666664
25.221089,54.696438,25.1454,54.6264,11.3074,16.353166666666667
25.285048,54.699003,25.1454,54.6264,15.59924,24.64
25.253284,54.7352,25.1454,54.6264,18.91094,23.099666666666668
25.256139,54.689542,25.1454,54.6264,13.20342,18.851333333333333
25.279633,54.685923,25.1454,54.6264,14.89545,23.26383333333333
25.21856,54.722083,25.1454,54.6264,15.070170000000001,18.841666666666665
25.316041,54.704237,25.1454,54.6264,18.02457,28.099666666666668
25.39312,54.710831,25.1454,54.6264,21.00078,36.5255
25.39312,54.710831,25.1454,54.6264,21.00078,36.5255
25.279394,54.745738,25.1454,54.6264,22.33565,28.217499999999998
25.370044,54.729766,25.1454,54.6264,24.64945,40.417500000000004
25.282205,54.674613,25.1454,54.6264,12.35165,21.421666666666667
25.276381,54.709034,25.1454,54.6264,16.35312,25.384333333333334
25.216722,54.674157,25.1454,54.6264,8.87808,12.747000000000002
25.289961,54.707175,25.1454,54.6264,16.94809,25.035166666666665
25.091746,54.669545,25.1454,54.6264,8.07212,10.245000000000001
25.201911,54.710362,25.1454,54.6264,11.65192,14.570333333333334
25.182982,54.704235,25.1454,54.6264,11.30091,15.696833333333332
25.271112,54.675932,25.1454,54.6264,11.727799999999998,20.244500000000002
25.287795,54.676964,25.1454,54.6264,12.71718,23.338833333333334
25.266179,54.674341,25.1454,54.6264,10.664879999999998,18.199166666666667
25.218183,54.702075,25.1454,54.6264,11.67535,15.198
25.271503,54.682264,25.1454,54.6264,12.63678,19.555833333333332
25.171791,54.715849,25.1454,54.6264,13.20666,19.63083333333333
25.273651,54.697696,25.1454,54.6264,15.21236,21.87683333333333
25.25157,54.695527,25.1454,54.6264,13.8676,19.095666666666666
25.282406,54.67825,25.1454,54.6264,13.92342,23.607333333333333
25.291294,54.717309,25.1454,54.6264,17.512430000000002,26.6165
25.261388,54.67013,25.1454,54.6264,11.78417,16.602999999999998
25.261388,54.67013,25.1454,54.6264,11.78417,16.602999999999998
25.266114,54.755489,25.1454,54.6264,20.904490000000003,25.666166666666665
25.42498,54.686126,25.1454,54.6264,22.436490000000003,36.332
25.273651,54.697696,25.1454,54.6264,15.21236,21.87683333333333
25.273651,54.697696,25.1454,54.6264,15.21236,21.87683333333333
25.28067,54.685607,25.1454,54.6264,14.81567,23.025
25.29077,54.702676,25.1454,54.6264,16.64979,24.51066666666667
25.19924,54.645144,25.1454,54.6264,6.91692,11.592666666666666
25.236553,54.727097,25.1454,54.6264,14.96092,20.457833333333333
25.215015,54.694147,25.1454,54.6264,10.666139999999999,14.683833333333332
25.23347,54.67438,25.1454,54.6264,10.40469,15.151333333333334
25.217265,54.708913,25.1454,54.6264,13.258059999999999,18.156166666666664
25.226605,54.736735,25.1454,54.6264,15.897120000000001,20.020166666666668
25.226027,54.736248,25.1454,54.6264,15.77549,19.458166666666667
25.27175,54.70355,25.1454,54.6264,15.43895,21.955
25.21411,54.664732,25.1454,54.6264,9.51462,14.102666666666666
25.21715,54.720148,25.1454,54.6264,14.91021,18.623833333333334
25.293033,54.709315,25.1454,54.6264,17.18057,25.805999999999997
25.189566,54.680255,25.1454,54.6264,8.731440000000001,10.876166666666668
25.189566,54.680255,25.1454,54.6264,8.731440000000001,10.876166666666668
25.189566,54.680255,25.1454,54.6264,8.731440000000001,10.876166666666668
25.189566,54.680255,25.1454,54.6264,8.731440000000001,10.876166666666668
25.189566,54.680255,25.1454,54.6264,8.731440000000001,10.876166666666668
25.189566,54.680255,25.1454,54.6264,8.731440000000001,10.876166666666668
25.189566,54.680255,25.1454,54.6264,8.731440000000001,10.876166666666668
25.189566,54.680255,25.1454,54.6264,8.731440000000001,10.876166666666668
25.189566,54.680255,25.1454,54.6264,8.731440000000001,10.876166666666668
25.189566,54.680255,25.1454,54.6264,8.731440000000001,10.876166666666668
25.189566,54.680255,25.1454,54.6264,8.731440000000001,10.876166666666668
25.168734,54.67079,25.1454,54.6264,6.33247,8.0875
25.261224,54.609448,25.1454,54.6264,9.81631,12.480666666666668
25.224749,54.69846,25.1454,54.6264,12.07615,16.476
25.23351,54.731404,25.1454,54.6264,15.52273,21.605166666666666
25.203446,54.671979,25.1454,54.6264,7.92486,11.027666666666667
25.269238,54.660681,25.1454,54.6264,13.38031,18.8295
25.296581,54.679832,25.1454,54.6264,13.89377,25.338666666666665
25.34087,54.749523,25.1454,54.6264,24.12748,37.07383333333333
25.286303,54.672738,25.1454,54.6264,12.03359,20.32
25.213894,54.666201,25.1454,54.6264,9.415389999999999,13.930833333333334
25.281782,54.690531,25.1454,54.6264,14.49948,21.333333333333332
25.281782,54.690531,25.1454,54.6264,14.49948,21.333333333333332
25.29333,54.729119,25.1454,54.6264,19.18911,28.868666666666666
25.337374,54.734828,25.1454,54.6264,21.14294,32.7765
25.282212,54.763128,25.1454,54.6264,22.98321,28.625
25.274558,54.685995,25.1454,54.6264,13.666360000000001,19.567333333333334
25.295255,54.691797,25.1454,54.6264,15.67314,23.781
25.286314,54.680434,25.1454,54.6264,15.3535,24.766000000000002
25.306942,54.736814,25.1454,54.6264,20.5183,32.7395
25.283894,54.692445,25.1454,54.6264,14.904200000000001,23.162333333333333
25.253948,54.73968,25.1454,54.6264,19.34984,24.855166666666666
25.252914,54.635299,25.1454,54.6264,10.03141,12.306999999999999
25.28141,54.660144,25.1454,54.6264,13.81523,20.3165
25.429708,54.674997,25.1454,54.6264,28.30096,36.247
25.320219,54.721906,25.1454,54.6264,20.246950000000002,31.927500000000002
25.190267,54.667488,25.1454,54.6264,8.742120000000002,12.779833333333332
25.274111,54.715595,25.1454,54.6264,18.44646,26.504833333333334
25.31066,54.67905,25.1454,54.6264,13.84057,24.322666666666667
25.22456,54.727062,25.1454,54.6264,16.79618,21.487666666666666
25.25157,54.695527,25.1454,54.6264,13.8676,19.095666666666666
25.25157,54.695527,25.1454,54.6264,13.8676,19.095666666666666
25.237943,54.727271,25.1454,54.6264,15.072700000000001,20.555666666666664
25.297461,54.699439,25.1454,54.6264,17.433919999999997,25.93616666666667
25.266661,54.678629,25.1454,54.6264,12.58523,19.583666666666666
25.251348,54.70835,25.1454,54.6264,14.93354,21.012833333333333
25.253064,54.717563,25.1454,54.6264,15.880790000000001,23.192833333333333
25.320002,54.674811,25.1454,54.6264,14.56307,25.44633333333333
25.218183,54.702075,25.1454,54.6264,11.67535,15.198
25.17774,54.707002,25.1454,54.6264,11.697709999999999,15.354166666666666
25.229661,54.741616,25.1454,54.6264,16.77207,20.305166666666665
25.235313,54.714079,25.1454,54.6264,14.18109,19.236
25.235313,54.714079,25.1454,54.6264,14.18109,19.236
25.26583,54.673868,25.1454,54.6264,10.523520000000001,17.679
25.345699,54.721267,25.1454,54.6264,22.17785,36.5255
25.249978,54.720741,25.1454,54.6264,16.20147,23.703833333333332
25.226669,54.703767,25.1454,54.6264,13.61863,19.1525
25.274708,54.729271,25.1454,54.6264,21.14199,26.919666666666668
25.185235,54.62499,25.1454,54.6264,8.09654,10.938166666666666
25.251458,54.70067,25.1454,54.6264,13.717709999999999,18.861666666666668
25.251458,54.70067,25.1454,54.6264,13.717709999999999,18.861666666666668
25.251458,54.70067,25.1454,54.6264,13.717709999999999,18.861666666666668
25.251458,54.70067,25.1454,54.6264,13.717709999999999,18.861666666666668
25.251458,54.70067,25.1454,54.6264,13.717709999999999,18.861666666666668
25.263539,54.642068,25.1454,54.6264,11.55995,15.988166666666666
25.26202,54.673957,25.1454,54.6264,10.465290000000001,17.743166666666664
25.284895,54.672844,25.1454,54.6264,11.7318,19.845166666666668
25.247289,54.729425,25.1454,54.6264,18.669130000000003,23.240333333333336
25.31317,54.662149,25.1454,54.6264,16.86015,25.403333333333332
25.320219,54.721906,25.1454,54.6264,20.246950000000002,31.927500000000002
25.275057,54.663344,25.1454,54.6264,13.30797,18.323666666666668
25.259345,54.60568,25.1454,54.6264,9.279819999999999,11.0165
25.303169,54.68126,25.1454,54.6264,14.66155,26.724833333333333
25.255041,54.701755,25.1454,54.6264,14.065370000000001,19.720333333333333
25.219631,54.738797,25.1454,54.6264,15.33925,18.462333333333333
25.20328,54.708941,25.1454,54.6264,11.45838,14.611500000000001
25.303406,54.723493,25.1454,54.6264,18.69543,29.48616666666667
25.283641,54.708845,25.1454,54.6264,16.60859,25.255499999999998
25.248741,54.672589,25.1454,54.6264,10.82553,15.470333333333334
25.260513,54.67185,25.1454,54.6264,10.19186,16.949333333333335
25.246652,54.733912,25.1454,54.6264,18.32292,21.883333333333333
25.315056,54.707593,25.1454,54.6264,18.162740000000003,28.654666666666667
25.263624,54.689827,25.1454,54.6264,13.0699,18.3375
25.310892,54.67927,25.1454,54.6264,13.81193,24.208000000000002
25.253093,54.652153,25.1454,54.6264,12.418790000000001,19.450333333333333
25.177236,54.715567,25.1454,54.6264,12.42124,17.049666666666667
25.252936,54.653135,25.1454,54.6264,12.516290000000001,19.840333333333334
25.252936,54.653135,25.1454,54.6264,12.516290000000001,19.840333333333334
25.252936,54.653135,25.1454,54.6264,12.516290000000001,19.840333333333334
25.252936,54.653135,25.1454,54.6264,12.516290000000001,19.840333333333334
25.252936,54.653135,25.1454,54.6264,12.516290000000001,19.840333333333334
25.252936,54.653135,25.1454,54.6264,12.516290000000001,19.840333333333334
25.252936,54.653135,25.1454,54.6264,12.516290000000001,19.840333333333334
25.252936,54.653135,25.1454,54.6264,12.516290000000001,19.840333333333334
25.252936,54.653135,25.1454,54.6264,12.516290000000001,19.840333333333334
25.252936,54.653135,25.1454,54.6264,12.516290000000001,19.840333333333334
25.252936,54.653135,25.1454,54.6264,12.516290000000001,19.840333333333334
25.188593,54.711969,25.1454,54.6264,12.957450000000001,16.8795
25.259166,54.657314,25.1454,54.6264,14.2829,20.01833333333333
25.262469,54.642507,25.1454,54.6264,10.91511,13.783999999999999
25.232029,54.713966,25.1454,54.6264,13.90175,18.609333333333332
25.272685,54.750759,25.1454,54.6264,21.420939999999998,26.528000000000002
25.287213,54.76235,25.1454,54.6264,23.037779999999998,30.581
25.25181,54.702097,25.1454,54.6264,13.63548,18.297666666666665
25.195514,54.659981,25.1454,54.6264,9.30962,15.1715
25.228252,54.742343,25.1454,54.6264,16.47756,19.329166666666666
25.28516,54.760774,25.1454,54.6264,22.72741,29.47283333333333
25.188593,54.711969,25.1454,54.6264,12.957450000000001,16.8795
25.275057,54.663344,25.1454,54.6264,13.30797,18.323666666666668
25.277374,54.675276,25.1454,54.6264,11.475790000000002,19.241333333333333
25.255546,54.690494,25.1454,54.6264,13.1251,18.809833333333334
25.43004,54.693492,25.1454,54.6264,22.368380000000002,36.57366666666667
25.255478,54.715542,25.1454,54.6264,15.81472,23.03033333333333
25.26825,54.662449,25.1454,54.6264,13.34197,18.735666666666667
25.282143,54.69283,25.1454,54.6264,14.80499,22.7655
25.283563,54.67663,25.1454,54.6264,12.40586,21.628833333333333
25.296001,54.719642,25.1454,54.6264,17.82804,26.711833333333335
25.282824,54.684395,25.1454,54.6264,14.718969999999999,22.84016666666667
25.240391,54.669504,25.1454,54.6264,10.17177,14.187666666666667
25.240391,54.669504,25.1454,54.6264,10.17177,14.187666666666667
25.240391,54.669504,25.1454,54.6264,10.17177,14.187666666666667
25.240391,54.669504,25.1454,54.6264,10.17177,14.187666666666667
25.240391,54.669504,25.1454,54.6264,10.17177,14.187666666666667
25.240391,54.669504,25.1454,54.6264,10.17177,14.187666666666667
25.240391,54.669504,25.1454,54.6264,10.17177,14.187666666666667
25.240391,54.669504,25.1454,54.6264,10.17177,14.187666666666667
25.240391,54.669504,25.1454,54.6264,10.17177,14.187666666666667
25.240391,54.669504,25.1454,54.6264,10.17177,14.187666666666667
25.240391,54.669504,25.1454,54.6264,10.17177,14.187666666666667
25.240391,54.669504,25.1454,54.6264,10.17177,14.187666666666667
25.240391,54.669504,25.1454,54.6264,10.17177,14.187666666666667
25.240391,54.669504,25.1454,54.6264,10.17177,14.187666666666667
25.240391,54.669504,25.1454,54.6264,10.17177,14.187666666666667
25.240391,54.669504,25.1454,54.6264,10.17177,14.187666666666667
25.240391,54.669504,25.1454,54.6264,10.17177,14.187666666666667
25.240391,54.669504,25.1454,54.6264,10.17177,14.187666666666667
25.240391,54.669504,25.1454,54.6264,10.17177,14.187666666666667
25.240391,54.669504,25.1454,54.6264,10.17177,14.187666666666667
25.240391,54.669504,25.1454,54.6264,10.17177,14.187666666666667
25.240391,54.669504,25.1454,54.6264,10.17177,14.187666666666667
25.240391,54.669504,25.1454,54.6264,10.17177,14.187666666666667
25.21212,54.718666,25.1454,54.6264,14.21632,17.191
25.265956,54.687708,25.1454,54.6264,13.07247,18.421333333333333
25.295151,54.680468,25.1454,54.6264,15.912790000000001,25.842333333333332
25.284143,54.687732,25.1454,54.6264,14.98778,23.23966666666667
25.215818,54.69608,25.1454,54.6264,10.8478,14.943833333333334
25.287506,54.717581,25.1454,54.6264,17.77113,26.583833333333335
25.248958,54.673499,25.1454,54.6264,11.12788,16.15
25.29155,54.683396,25.1454,54.6264,15.62646,24.949666666666666
25.21664,54.735718,25.1454,54.6264,14.902959999999998,17.098666666666666
25.417397,54.68935,25.1454,54.6264,21.972669999999997,36.147666666666666
25.275982,54.672381,25.1454,54.6264,11.08303,18.600833333333334
25.293482,54.676252,25.1454,54.6264,12.72721,22.630666666666666
25.249611,54.692152,25.1454,54.6264,14.20867,19.738833333333332
25.244143,54.670463,25.1454,54.6264,10.44524,14.724166666666667
25.244143,54.670463,25.1454,54.6264,10.44524,14.724166666666667
25.276762,54.687503,25.1454,54.6264,13.89875,20.1505
25.276762,54.687503,25.1454,54.6264,13.89875,20.1505
25.31076,54.702543,25.1454,54.6264,18.08541,28.606833333333334
25.231988,54.702209,25.1454,54.6264,13.37453,17.984333333333332
25.31076,54.702543,25.1454,54.6264,18.08541,28.606833333333334
25.261608,54.642764,25.1454,54.6264,10.954469999999999,13.945
25.298825,54.666799,25.1454,54.6264,13.053799999999999,22.3705
25.253948,54.73968,25.1454,54.6264,19.34984,24.855166666666666
25.23096,54.716036,25.1454,54.6264,13.60115,18.101333333333333
25.316215,54.706428,25.1454,54.6264,18.41779,29.111333333333334
25.215925,54.731977,25.1454,54.6264,15.551120000000001,20.065333333333335
25.2205,54.735341,25.1454,54.6264,15.13876,17.792166666666667
25.274847,54.686878,25.1454,54.6264,13.89629,20.233
25.30377,54.666765,25.1454,54.6264,16.16369,22.738333333333333
25.30377,54.666765,25.1454,54.6264,16.16369,22.738333333333333
25.266661,54.678629,25.1454,54.6264,12.58523,19.583666666666666
25.2706,54.682336,25.1454,54.6264,12.56383,19.33533333333333
25.230967,54.716036,25.1454,54.6264,13.60101,18.101166666666664
25.230967,54.716036,25.1454,54.6264,13.60101,18.101166666666664
25.281472,54.674079,25.1454,54.6264,12.429290000000002,21.8875
25.424922,54.685564,25.1454,54.6264,22.37621,36.141
25.278924,54.67784,25.1454,54.6264,11.8019,19.8845
25.267796,54.675255,25.1454,54.6264,11.082790000000001,18.723000000000003
25.287635,54.708047,25.1454,54.6264,16.80665,24.666833333333333
25.30419,54.71722,25.1454,54.6264,18.555970000000002,28.641000000000002
25.28516,54.760774,25.1454,54.6264,22.72741,29.47283333333333
25.19924,54.645144,25.1454,54.6264,6.91692,11.592666666666666
25.267796,54.675255,25.1454,54.6264,11.082790000000001,18.723000000000003
25.313249,54.709495,25.1454,54.6264,18.18549,27.95266666666667
25.24125,54.672603,25.1454,54.6264,10.43093,14.218333333333334
25.284502,54.723527,25.1454,54.6264,18.271069999999998,27.85183333333333
25.300418,54.726446,25.1454,54.6264,19.05088,30.796666666666667
25.300418,54.726446,25.1454,54.6264,19.05088,30.796666666666667
25.238069,54.733833,25.1454,54.6264,17.44453,20.236333333333334
25.305521,54.711706,25.1454,54.6264,18.22076,27.750833333333333
25.265689,54.727816,25.1454,54.6264,17.832069999999998,26.313666666666666
25.21671,54.664621,25.1454,54.6264,9.55876,14.039666666666667
25.214117,54.664732,25.1454,54.6264,9.51506,14.1045
25.280816,54.680648,25.1454,54.6264,12.26665,21.8925
25.094456,54.66919,25.1454,54.6264,7.69024,9.091666666666667
25.286184,54.698953,25.1454,54.6264,15.615920000000001,24.35033333333333
25.25162,54.735086,25.1454,54.6264,18.81368,22.71066666666667
25.266661,54.678629,25.1454,54.6264,12.58523,19.583666666666666
25.241431,54.672162,25.1454,54.6264,10.59056,14.675833333333333
25.272543,54.66199,25.1454,54.6264,13.08816,17.6585
25.214923,54.734598,25.1454,54.6264,15.18687,17.961166666666667
25.260379,54.754731,25.1454,54.6264,20.47993,24.738333333333333
25.208713,54.67999,25.1454,54.6264,8.830350000000001,12.540666666666668
25.26627,54.687979,25.1454,54.6264,13.08138,18.332666666666668
25.273651,54.697696,25.1454,54.6264,15.21236,21.87683333333333
25.28787,54.715871,25.1454,54.6264,17.52474,26.009833333333333
25.28787,54.715871,25.1454,54.6264,17.52474,26.009833333333333
25.306987,54.700634,25.1454,54.6264,17.24141,26.9295
25.39652,54.711004,25.1454,54.6264,21.15529,36.98283333333333
25.390725,54.710092,25.1454,54.6264,20.81868,35.7965
25.216041,54.676789,25.1454,54.6264,9.03374,12.543833333333334
25.21633,54.665613,25.1454,54.6264,9.5617,14.414166666666667
25.25662,54.683286,25.1454,54.6264,12.709040000000002,17.64
25.320707,54.724607,25.1454,54.6264,20.00288,31.130499999999998
25.29815,54.694437,25.1454,54.6264,16.34466,25.091666666666665
25.291391,54.683594,25.1454,54.6264,15.647549999999999,25.012
25.286155,54.680217,25.1454,54.6264,15.38302,24.948500000000003
25.267812,54.689362,25.1454,54.6264,13.35626,19.176166666666667
25.276636,54.703704,25.1454,54.6264,15.81412,22.811
25.276636,54.703704,25.1454,54.6264,15.81412,22.811
25.263741,54.644127,25.1454,54.6264,11.11289,14.2245
25.32139,54.72321,25.1454,54.6264,20.024900000000002,31.15666666666667
25.294001,54.674337,25.1454,54.6264,12.614139999999999,21.907833333333333
25.237942,54.734538,25.1454,54.6264,17.48089,20.39
25.194804,54.66424,25.1454,54.6264,8.60826,12.166
25.281629,54.701431,25.1454,54.6264,15.915329999999999,23.731833333333334
25.274431,54.663916,25.1454,54.6264,13.33801,18.26066666666667
25.301287,54.681176,25.1454,54.6264,14.76896,27.101333333333333
25.27747,54.661118,25.1454,54.6264,13.25707,18.396
25.291911,54.692309,25.1454,54.6264,15.60639,23.971166666666665
25.273217,54.683485,25.1454,54.6264,13.14286,20.385166666666667
25.2745,54.668792,25.1454,54.6264,12.45514,18.043
25.259596,54.697811,25.1454,54.6264,14.20809,19.249666666666666
25.279026,54.699711,25.1454,54.6264,15.84052,24.178
25.29366,54.691136,25.1454,54.6264,15.55866,23.6325
25.29366,54.691136,25.1454,54.6264,15.55866,23.6325
25.26419,54.75632,25.1454,54.6264,20.95089,25.874000000000002
25.318383,54.702556,25.1454,54.6264,18.02337,28.766666666666666
25.257268,54.679063,25.1454,54.6264,11.86852,18.515666666666668
25.257268,54.679063,25.1454,54.6264,11.86852,18.515666666666668
25.2962,54.694025,25.1454,54.6264,16.04405,25.194666666666667
25.270694,54.674408,25.1454,54.6264,11.03504,18.577333333333335
25.243828,54.718889,25.1454,54.6264,15.45491,21.939166666666665
25.165242,54.713285,25.1454,54.6264,13.530479999999999,19.738
25.165242,54.713285,25.1454,54.6264,13.530479999999999,19.738
25.165242,54.713285,25.1454,54.6264,13.530479999999999,19.738
25.165242,54.713285,25.1454,54.6264,13.530479999999999,19.738
25.165242,54.713285,25.1454,54.6264,13.530479999999999,19.738
25.165242,54.713285,25.1454,54.6264,13.530479999999999,19.738
25.165242,54.713285,25.1454,54.6264,13.530479999999999,19.738
25.165242,54.713285,25.1454,54.6264,13.530479999999999,19.738
25.165242,54.713285,25.1454,54.6264,13.530479999999999,19.738
25.165242,54.713285,25.1454,54.6264,13.530479999999999,19.738
25.165242,54.713285,25.1454,54.6264,13.530479999999999,19.738
25.165242,54.713285,25.1454,54.6264,13.530479999999999,19.738
25.276135,54.664369,25.1454,54.6264,13.091719999999999,20.075666666666667
25.221819,54.720468,25.1454,54.6264,15.1733,19.360833333333336
25.189684,54.662823,25.1454,54.6264,8.99778,13.541666666666666
25.25662,54.683286,25.1454,54.6264,12.709040000000002,17.64
25.296779,54.710273,25.1454,54.6264,17.69277,26.901666666666664
25.27677,54.702298,25.1454,54.6264,15.54575,22.7185
25.292621,54.70553,25.1454,54.6264,16.96855,25.500999999999998
25.318304,54.712115,25.1454,54.6264,18.69205,28.937
25.216722,54.674157,25.1454,54.6264,8.87808,12.747000000000002
25.267755,54.66866,25.1454,54.6264,11.9063,16.726
25.277009,54.676328,25.1454,54.6264,11.593069999999999,19.52283333333333
25.216577,54.680005,25.1454,54.6264,9.39641,13.97
25.17541,54.711419,25.1454,54.6264,11.972809999999999,15.877999999999998
25.296482,54.720077,25.1454,54.6264,17.8759,26.783666666666665
25.266653,54.669679,25.1454,54.6264,12.02152,17.054
25.253948,54.73968,25.1454,54.6264,19.34984,24.855166666666666
25.233439,54.713945,25.1454,54.6264,13.99585,19.0135
25.289029,54.676399,25.1454,54.6264,12.81976,23.845833333333335
25.264639,54.677424,25.1454,54.6264,12.10361,19.331
25.257244,54.724884,25.1454,54.6264,20.048080000000002,25.38083333333333
25.287635,54.708047,25.1454,54.6264,16.80665,24.666833333333333
25.29077,54.702676,25.1454,54.6264,16.64979,24.51066666666667
25.282648,54.67498,25.1454,54.6264,12.30207,21.124333333333333
25.32139,54.72321,25.1454,54.6264,20.024900000000002,31.15666666666667
25.217088,54.696282,25.1454,54.6264,10.902,15.160666666666666
25.268491,54.693411,25.1454,54.6264,13.87737,20.076833333333333
25.22763,54.74312,25.1454,54.6264,16.46532,19.470833333333335
25.1871,54.713778,25.1454,54.6264,13.04025,17.022000000000002
25.252483,54.654109,25.1454,54.6264,12.63865,20.329666666666665
25.265956,54.687708,25.1454,54.6264,13.07247,18.421333333333333
25.23422,54.719593,25.1454,54.6264,14.088989999999999,19.584666666666667
25.26493,54.676879,25.1454,54.6264,10.91594,18.935333333333332
25.26282,54.680512,25.1454,54.6264,12.226469999999999,19.04283333333333
25.265328,54.675086,25.1454,54.6264,10.662120000000002,18.233333333333334
25.217499,54.731863,25.1454,54.6264,15.43943,19.395166666666668
25.292047,54.679713,25.1454,54.6264,13.76459,24.349
25.432488,54.687326,25.1454,54.6264,23.11762,37.775333333333336
25.23506,54.73484,25.1454,54.6264,17.204919999999998,19.749666666666666
25.391359,54.709976,25.1454,54.6264,20.869139999999998,35.999
25.264273,54.671723,25.1454,54.6264,10.61227,17.653833333333335
25.212266,54.694766,25.1454,54.6264,11.68717,15.500166666666667
25.420576,54.685658,25.1454,54.6264,22.0984,35.696000000000005
25.207286,54.674394,25.1454,54.6264,8.2005,11.795333333333334
25.215507,54.672675,25.1454,54.6264,8.824549999999999,12.822333333333335
25.30377,54.666765,25.1454,54.6264,16.16369,22.738333333333333
25.421596,54.690589,25.1454,54.6264,21.81584,35.99
25.421596,54.690589,25.1454,54.6264,21.81584,35.99
25.421596,54.690589,25.1454,54.6264,21.81584,35.99
25.421596,54.690589,25.1454,54.6264,21.81584,35.99
25.421596,54.690589,25.1454,54.6264,21.81584,35.99
25.421596,54.690589,25.1454,54.6264,21.81584,35.99
25.421596,54.690589,25.1454,54.6264,21.81584,35.99
25.421596,54.690589,25.1454,54.6264,21.81584,35.99
25.421596,54.690589,25.1454,54.6264,21.81584,35.99
25.421596,54.690589,25.1454,54.6264,21.81584,35.99
25.421596,54.690589,25.1454,54.6264,21.81584,35.99
25.421596,54.690589,25.1454,54.6264,21.81584,35.99
25.421596,54.690589,25.1454,54.6264,21.81584,35.99
25.421596,54.690589,25.1454,54.6264,21.81584,35.99
25.421596,54.690589,25.1454,54.6264,21.81584,35.99
25.421596,54.690589,25.1454,54.6264,21.81584,35.99
25.421596,54.690589,25.1454,54.6264,21.81584,35.99
25.421596,54.690589,25.1454,54.6264,21.81584,35.99
25.421596,54.690589,25.1454,54.6264,21.81584,35.99
25.421596,54.690589,25.1454,54.6264,21.81584,35.99
25.421596,54.690589,25.1454,54.6264,21.81584,35.99
25.421596,54.690589,25.1454,54.6264,21.81584,35.99
25.421596,54.690589,25.1454,54.6264,21.81584,35.99
25.2399,54.665217,25.1454,54.6264,9.44498,15.145999999999999
25.240085,54.694713,25.1454,54.6264,14.002510000000001,19.257333333333335
25.258883,54.672938,25.1454,54.6264,10.36413,17.259833333333333
25.258883,54.672938,25.1454,54.6264,10.36413,17.259833333333333
25.290938,54.706856,25.1454,54.6264,16.84366,24.97683333333333
25.234285,54.674768,25.1454,54.6264,10.36749,15.0025
25.234285,54.674768,25.1454,54.6264,10.36749,15.0025
25.281485,54.659172,25.1454,54.6264,13.571399999999999,19.477500000000003
25.240259,54.722449,25.1454,54.6264,15.60192,21.3735
25.246134,54.698914,25.1454,54.6264,13.228209999999999,17.715
25.275202,54.699755,25.1454,54.6264,15.65386,22.899166666666666
25.291286,54.714682,25.1454,54.6264,17.45205,26.041333333333334
25.31195,54.684109,25.1454,54.6264,14.65549,25.808833333333332
25.235313,54.714079,25.1454,54.6264,14.18109,19.236
25.235313,54.714079,25.1454,54.6264,14.18109,19.236
25.276636,54.703704,25.1454,54.6264,15.81412,22.811
25.2726,54.683084,25.1454,54.6264,13.194930000000001,20.5935
25.2726,54.683084,25.1454,54.6264,13.194930000000001,20.5935
25.222488,54.734813,25.1454,54.6264,15.483229999999999,18.8045
25.099926,54.668728,25.1454,54.6264,7.443689999999999,8.473333333333333
25.218465,54.732511,25.1454,54.6264,15.36862,18.908833333333334
25.214535,54.736942,25.1454,54.6264,14.865200000000002,17.008
25.165242,54.713285,25.1454,54.6264,13.530479999999999,19.738
25.165242,54.713285,25.1454,54.6264,13.530479999999999,19.738
25.165242,54.713285,25.1454,54.6264,13.530479999999999,19.738
25.165242,54.713285,25.1454,54.6264,13.530479999999999,19.738
25.165242,54.713285,25.1454,54.6264,13.530479999999999,19.738
25.165242,54.713285,25.1454,54.6264,13.530479999999999,19.738
25.165242,54.713285,25.1454,54.6264,13.530479999999999,19.738
25.165242,54.713285,25.1454,54.6264,13.530479999999999,19.738
25.165242,54.713285,25.1454,54.6264,13.530479999999999,19.738
25.165242,54.713285,25.1454,54.6264,13.530479999999999,19.738
25.165242,54.713285,25.1454,54.6264,13.530479999999999,19.738
25.165242,54.713285,25.1454,54.6264,13.530479999999999,19.738
25.165242,54.713285,25.1454,54.6264,13.530479999999999,19.738
25.165242,54.713285,25.1454,54.6264,13.530479999999999,19.738
25.165242,54.713285,25.1454,54.6264,13.530479999999999,19.738
25.165242,54.713285,25.1454,54.6264,13.530479999999999,19.738
25.165242,54.713285,25.1454,54.6264,13.530479999999999,19.738
25.165242,54.713285,25.1454,54.6264,13.530479999999999,19.738
25.165242,54.713285,25.1454,54.6264,13.530479999999999,19.738
25.165242,54.713285,25.1454,54.6264,13.530479999999999,19.738
25.165242,54.713285,25.1454,54.6264,13.530479999999999,19.738
25.165242,54.713285,25.1454,54.6264,13.530479999999999,19.738
25.165242,54.713285,25.1454,54.6264,13.530479999999999,19.738
25.165242,54.713285,25.1454,54.6264,13.530479999999999,19.738
25.165242,54.713285,25.1454,54.6264,13.530479999999999,19.738
25.165242,54.713285,25.1454,54.6264,13.530479999999999,19.738
25.187461,54.710788,25.1454,54.6264,12.42963,16.1305
25.402263,54.690677,25.1454,54.6264,20.931459999999998,34.2635
25.22763,54.74312,25.1454,54.6264,16.46532,19.470833333333335
25.229534,54.70679,25.1454,54.6264,12.70076,16.614166666666666
25.290168,54.70309,25.1454,54.6264,16.72747,24.875666666666667
25.273066,54.676067,25.1454,54.6264,11.26411,18.884166666666665
25.235313,54.714079,25.1454,54.6264,14.18109,19.236
25.222269,54.738465,25.1454,54.6264,16.03508,20.625666666666667
25.224665,54.705118,25.1454,54.6264,12.33741,16.217
25.223398,54.726737,25.1454,54.6264,16.80876,21.538
25.312301,54.671512,25.1454,54.6264,14.44909,26.5455
25.285353,54.704541,25.1454,54.6264,16.27111,23.573500000000003
25.26559,54.688497,25.1454,54.6264,13.33336,19.1905
25.195413,54.66185,25.1454,54.6264,9.04565,13.5335
25.300373,54.67856,25.1454,54.6264,14.00508,25.607333333333333
25.218603,54.6506,25.1454,54.6264,6.44783,10.338833333333334
25.238077,54.717467,25.1454,54.6264,14.484729999999999,20.664166666666667
25.429074,54.675335,25.1454,54.6264,28.20089,35.84683333333333
25.429289,54.674826,25.1454,54.6264,28.15353,35.657333333333334
25.164972,54.707872,25.1454,54.6264,12.79426,17.910500000000003
25.252483,54.654109,25.1454,54.6264,12.63865,20.329666666666665
25.299743,54.718756,25.1454,54.6264,17.90864,27.236666666666668
25.302432,54.692825,25.1454,54.6264,16.08653,24.29283333333333
25.302432,54.692825,25.1454,54.6264,16.08653,24.29283333333333
25.302432,54.692825,25.1454,54.6264,16.08653,24.29283333333333
25.302432,54.692825,25.1454,54.6264,16.08653,24.29283333333333
25.302432,54.692825,25.1454,54.6264,16.08653,24.29283333333333
25.302432,54.692825,25.1454,54.6264,16.08653,24.29283333333333
25.302432,54.692825,25.1454,54.6264,16.08653,24.29283333333333
25.302432,54.692825,25.1454,54.6264,16.08653,24.29283333333333
25.302432,54.692825,25.1454,54.6264,16.08653,24.29283333333333
25.302432,54.692825,25.1454,54.6264,16.08653,24.29283333333333
25.302432,54.692825,25.1454,54.6264,16.08653,24.29283333333333
25.302432,54.692825,25.1454,54.6264,16.08653,24.29283333333333
25.302432,54.692825,25.1454,54.6264,16.08653,24.29283333333333
25.302432,54.692825,25.1454,54.6264,16.08653,24.29283333333333
25.302432,54.692825,25.1454,54.6264,16.08653,24.29283333333333
25.302432,54.692825,25.1454,54.6264,16.08653,24.29283333333333
