origin_lon,origin_lat,destination_lon,destination_lat,distance_km,duration_min
25.399667,54.69468,25.2842,54.6704,9.29579,15.364666666666666
25.426335,54.687064,25.2842,54.6704,11.32682,18.739833333333333
25.249142,54.690532,25.2842,54.6704,4.1372,8.533999999999999
25.248883,54.734687,25.2842,54.6704,9.638290000000001,18.273333333333333
25.282966,54.696846,25.2842,54.6704,4.2123800000000005,9.310666666666666
25.282496,54.680436,25.2842,54.6704,2.6490500000000003,6.425833333333333
25.246695,54.632741,25.2842,54.6704,5.41614,12.744166666666667
25.288049,54.676779,25.2842,54.6704,1.47908,5.821833333333333
25.254827,54.67664,25.2842,54.6704,3.1112100000000003,6.818
25.237943,54.727271,25.2842,54.6704,8.265799999999999,15.367333333333333
25.225473,54.707901,25.2842,54.6704,7.665100000000001,15.138166666666667
25.255551,54.630742,25.2842,54.6704,5.2372,12.251
25.246652,54.733912,25.2842,54.6704,9.45225,17.880333333333333
25.299153,54.701126,25.2842,54.6704,5.63238,12.551166666666667
25.362956,54.649853,25.2842,54.6704,7.5992299999999995,11.967333333333332
25.423163,54.695341,25.2842,54.6704,10.33286,16.799500000000002
25.281568,54.664279,25.2842,54.6704,1.7049,4.615666666666667
25.274693,54.679066,25.2842,54.6704,1.53896,3.3578333333333332
25.237943,54.727271,25.2842,54.6704,8.265799999999999,15.367333333333333
25.264218,54.741667,25.2842,54.6704,9.72081,16.939833333333333
25.280155,54.666716,25.2842,54.6704,1.53268,3.4536666666666664
25.273809,54.658394,25.2842,54.6704,1.8888099999999999,4.396166666666667
25.280659,54.698949,25.2842,54.6704,4.41454,9.628166666666667
25.40234,54.692728,25.2842,54.6704,9.21224,15.107666666666667
25.292104,54.729413,25.2842,54.6704,8.20843,18.050333333333334
25.320296,54.675341,25.2842,54.6704,3.19995,7.208333333333333
25.30843,54.669677,25.2842,54.6704,2.73595,6.723333333333333
25.290753,54.679467,25.2842,54.6704,2.67109,7.063833333333333
25.186363,54.711056,25.2842,54.6704,9.735899999999999,19.444333333333336
25.276907,54.701718,25.2842,54.6704,4.86906,11.109333333333332
25.303743,54.672785,25.2842,54.6704,1.7048699999999999,5.037999999999999
25.31668,54.711695,25.2842,54.6704,6.49378,12.631
25.31668,54.711695,25.2842,54.6704,6.49378,12.631
25.39652,54.711004,25.2842,54.6704,9.73742,18.52583333333333
25.247819,54.675908,25.2842,54.6704,2.96029,7.693833333333333
25.312367,54.727647,25.2842,54.6704,8.712819999999999,16.912333333333333
25.280558,54.733002,25.2842,54.6704,9.541649999999999,18.489833333333333
25.279182,54.699243,25.2842,54.6704,4.48365,10.232833333333334
25.356684,54.78385,25.2842,54.6704,18.76014,32.0905
25.393985,54.694518,25.2842,54.6704,9.2999,15.692
25.275008,54.699185,25.2842,54.6704,4.74701,10.4555
25.236553,54.727097,25.2842,54.6704,8.38614,15.491833333333334
25.26282,54.680512,25.2842,54.6704,2.52481,5.628833333333334
25.286034,54.680384,25.2842,54.6704,4.37787,10.4535
25.266432,54.689462,25.2842,54.6704,2.9796300000000002,5.909833333333333
25.267814,54.671349,25.2842,54.6704,1.26362,3.3685
25.23347,54.67438,25.2842,54.6704,4.641649999999999,11.073166666666667
25.317072,54.67535,25.2842,54.6704,2.85832,6.403833333333334
25.286901,54.672497,25.2842,54.6704,0.57259,1.7983333333333333
25.275848,54.6793,25.2842,54.6704,1.40099,3.7281666666666666
25.29184,54.716837,25.2842,54.6704,6.55459,15.208666666666666
25.281369,54.675043,25.2842,54.6704,0.85336,3.6115
25.272052,54.685827,25.2842,54.6704,2.3105599999999997,4.535666666666667
25.272052,54.685827,25.2842,54.6704,2.3105599999999997,4.535666666666667
25.272052,54.685827,25.2842,54.6704,2.3105599999999997,4.535666666666667
25.275875,54.749851,25.2842,54.6704,11.50244,19.075499999999998
25.292412,54.6763,25.2842,54.6704,1.23034,3.8223333333333334
25.314589,54.683106,25.2842,54.6704,3.7645,9.101166666666668
25.30419,54.71722,25.2842,54.6704,7.33699,15.050333333333333
25.214463,54.665973,25.2842,54.6704,6.84669,12.881833333333333
25.27885,54.701229,25.2842,54.6704,4.7265299999999995,11.204333333333333
25.278913,54.670903,25.2842,54.6704,0.63344,1.977
25.263367,54.6804,25.2842,54.6704,2.41172,5.176333333333333
25.271418,54.752431,25.2842,54.6704,11.02841,18.425
25.283894,54.692445,25.2842,54.6704,3.9120999999999997,8.746666666666666
25.25202,54.655056,25.2842,54.6704,4.156020000000001,10.444666666666667
25.210195,54.646792,25.2842,54.6704,6.1812,11.333499999999999
25.239079,54.697609,25.2842,54.6704,5.71444,11.398166666666667
25.288097,54.676613,25.2842,54.6704,1.49731,5.931166666666667
25.23115,54.713098,25.2842,54.6704,7.69637,14.690833333333334
25.2714,54.681445,25.2842,54.6704,1.791,3.5953333333333335
25.29586,54.67649,25.2842,54.6704,1.3937599999999999,3.6031666666666666
25.271672,54.676127,25.2842,54.6704,1.7858699999999998,4.5535
25.172427,54.704551,25.2842,54.6704,10.9274,18.575166666666668
25.172427,54.704551,25.2842,54.6704,10.9274,18.575166666666668
25.100793,54.669503,25.2842,54.6704,14.5764,19.343666666666664
25.100793,54.669503,25.2842,54.6704,14.5764,19.343666666666664
25.100793,54.669503,25.2842,54.6704,14.5764,19.343666666666664
25.100793,54.669503,25.2842,54.6704,14.5764,19.343666666666664
25.100793,54.669503,25.2842,54.6704,14.5764,19.343666666666664
25.100793,54.669503,25.2842,54.6704,14.5764,19.343666666666664
25.100793,54.669503,25.2842,54.6704,14.5764,19.343666666666664
25.100793,54.669503,25.2842,54.6704,14.5764,19.343666666666664
25.100793,54.669503,25.2842,54.6704,14.5764,19.343666666666664
25.100793,54.669503,25.2842,54.6704,14.5764,19.343666666666664
25.100793,54.669503,25.2842,54.6704,14.5764,19.343666666666664
25.280671,54.673085,25.2842,54.6704,0.83075,3.4836666666666667
25.294944,54.673607,25.2842,54.6704,1.26949,3.743666666666667
25.288703,54.691391,25.2842,54.6704,4.3681,8.964666666666666
25.278418,54.663824,25.2842,54.6704,1.58011,4.0145
25.301399,54.682373,25.2842,54.6704,3.61745,8.725833333333332
25.272052,54.685827,25.2842,54.6704,2.3105599999999997,4.535666666666667
25.25263,54.702166,25.2842,54.6704,5.54899,10.8505
25.25263,54.702166,25.2842,54.6704,5.54899,10.8505
25.227319,54.718879,25.2842,54.6704,8.53836,15.596333333333332
25.40234,54.692728,25.2842,54.6704,9.21224,15.107666666666667
25.277367,54.675282,25.2842,54.6704,0.86565,2.4435000000000002
25.284895,54.672844,25.2842,54.6704,0.49976,1.7901666666666667
25.314956,54.71405,25.2842,54.6704,6.6417600000000006,12.930333333333333
25.247524,54.699149,25.2842,54.6704,5.00066,10.0525
25.309373,54.666892,25.2842,54.6704,2.36887,5.307166666666666
25.26583,54.673868,25.2842,54.6704,1.87828,4.579
25.432488,54.687326,25.2842,54.6704,11.69975,19.31833333333333
25.286773,54.679815,25.2842,54.6704,4.45176,10.779333333333334
25.301821,54.719108,25.2842,54.6704,7.8241000000000005,15.864
25.26583,54.673868,25.2842,54.6704,1.87828,4.579
25.19924,54.645144,25.2842,54.6704,7.35565,13.785
25.281732,54.672257,25.2842,54.6704,0.33744999999999997,1.3001666666666667
25.318485,54.67728,25.2842,54.6704,2.6622,6.6165
25.196207,54.746916,25.2842,54.6704,12.74178,26.295
25.281583,54.682514,25.2842,54.6704,4.55108,11.285666666666666
25.27737,54.687383,25.2842,54.6704,2.9479,5.833666666666667
25.303866,54.725506,25.2842,54.6704,8.32376,17.80216666666667
25.265362,54.670898,25.2842,54.6704,1.4287100000000001,3.6515
25.247908,54.70049,25.2842,54.6704,6.4418299999999995,13.541
25.278657,54.671292,25.2842,54.6704,0.6140399999999999,1.9455
25.291691,54.707993,25.2842,54.6704,5.78368,12.4375
25.29469,54.692566,25.2842,54.6704,4.77691,9.758000000000001
25.248832,54.700672,25.2842,54.6704,5.90038,11.9965
25.28573,54.677294,25.2842,54.6704,1.2378399999999998,4.6935
25.40213,54.690595,25.2842,54.6704,9.507040000000002,15.790833333333333
25.31066,54.67905,25.2842,54.6704,2.42271,5.865666666666667
25.187043,54.714488,25.2842,54.6704,10.30861,20.356833333333334
25.254635,54.698721,25.2842,54.6704,4.72091,9.665333333333333
25.212599,54.749126,25.2842,54.6704,11.378440000000001,20.87066666666667
25.212599,54.749126,25.2842,54.6704,11.378440000000001,20.87066666666667
25.212599,54.749126,25.2842,54.6704,11.378440000000001,20.87066666666667
25.212599,54.749126,25.2842,54.6704,11.378440000000001,20.87066666666667
25.215513,54.735995,25.2842,54.6704,10.971440000000001,19.894333333333336
25.267279,54.66963,25.2842,54.6704,1.42117,3.2696666666666667
25.18188,54.704654,25.2842,54.6704,10.509559999999999,18.1055
25.25124,54.697783,25.2842,54.6704,4.6248000000000005,9.225833333333332
25.287548,54.669491,25.2842,54.6704,1.19893,3.4939999999999998
25.25761,54.692924,25.2842,54.6704,3.97545,8.123333333333333
25.410792,54.689285,25.2842,54.6704,10.023219999999998,16.62816666666667
25.237246,54.734259,25.2842,54.6704,9.19368,16.822166666666668
25.410792,54.689285,25.2842,54.6704,10.023219999999998,16.62816666666667
25.23347,54.67438,25.2842,54.6704,4.641649999999999,11.073166666666667
25.215053,54.738404,25.2842,54.6704,11.15525,20.326999999999998
25.40145,54.692202,25.2842,54.6704,9.316870000000002,15.334333333333332
25.267812,54.689362,25.2842,54.6704,2.92616,5.933000000000001
25.273651,54.697696,25.2842,54.6704,4.71083,10.171333333333333
25.278854,54.698918,25.2842,54.6704,4.44483,10.077666666666666
25.28191,54.675289,25.2842,54.6704,0.8826900000000001,3.7953333333333332
25.294871,54.723452,25.2842,54.6704,7.42058,16.420333333333335
25.276533,54.677028,25.2842,54.6704,1.06526,2.9225
25.243492,54.697523,25.2842,54.6704,5.15199,10.565
25.060396,54.62532,25.2842,54.6704,17.18588,26.199
25.272052,54.685827,25.2842,54.6704,2.3105599999999997,4.535666666666667
25.243721,54.668352,25.2842,54.6704,3.16145,7.6705000000000005
25.432488,54.687326,25.2842,54.6704,11.69975,19.31833333333333
25.267425,54.682291,25.2842,54.6704,2.10287,4.294666666666667
25.165151,54.713529,25.2842,54.6704,12.883899999999999,22.725833333333334
25.228685,54.741477,25.2842,54.6704,9.89707,18.317
25.28168,54.68087,25.2842,54.6704,2.57345,6.123333333333333
25.25202,54.701565,25.2842,54.6704,5.84205,11.814166666666667
25.284594,54.676247,25.2842,54.6704,1.08264,3.7623333333333333
25.215718,54.714454,25.2842,54.6704,9.41034,17.191333333333333
25.17549,54.713655,25.2842,54.6704,11.67558,19.946166666666667
25.437656,54.695315,25.2842,54.6704,11.274389999999999,18.75183333333333
25.09564,54.666969,25.2842,54.6704,15.10006,20.959166666666665
25.161998,54.706027,25.2842,54.6704,12.69461,22.823500000000003
25.207286,54.674394,25.2842,54.6704,6.8241499999999995,13.154666666666666
25.213616,54.715653,25.2842,54.6704,9.35129,17.171333333333333
25.275263,54.701861,25.2842,54.6704,5.07907,11.076833333333333
25.277993,54.719296,25.2842,54.6704,7.72903,16.095833333333335
25.276636,54.703704,25.2842,54.6704,5.42177,11.456
25.22359,54.719625,25.2842,54.6704,9.21556,16.7485
25.264132,54.6866,25.2842,54.6704,2.9932800000000004,6.012166666666667
25.278657,54.671292,25.2842,54.6704,0.6140399999999999,1.9455
25.286817,54.704503,25.2842,54.6704,5.16421,11.469
25.109999,54.651305,25.2842,54.6704,13.72946,24.000833333333333
25.429428,54.686559,25.2842,54.6704,11.36107,18.988
25.429428,54.686559,25.2842,54.6704,11.36107,18.988
25.429428,54.686559,25.2842,54.6704,11.36107,18.988
25.429428,54.686559,25.2842,54.6704,11.36107,18.988
25.429428,54.686559,25.2842,54.6704,11.36107,18.988
25.429428,54.686559,25.2842,54.6704,11.36107,18.988
25.429428,54.686559,25.2842,54.6704,11.36107,18.988
25.429428,54.686559,25.2842,54.6704,11.36107,18.988
25.429428,54.686559,25.2842,54.6704,11.36107,18.988
25.429428,54.686559,25.2842,54.6704,11.36107,18.988
25.429428,54.686559,25.2842,54.6704,11.36107,18.988
25.429428,54.686559,25.2842,54.6704,11.36107,18.988
25.429428,54.686559,25.2842,54.6704,11.36107,18.988
25.429428,54.686559,25.2842,54.6704,11.36107,18.988
25.429428,54.686559,25.2842,54.6704,11.36107,18.988
25.429428,54.686559,25.2842,54.6704,11.36107,18.988
25.429428,54.686559,25.2842,54.6704,11.36107,18.988
25.429428,54.686559,25.2842,54.6704,11.36107,18.988
25.429428,54.686559,25.2842,54.6704,11.36107,18.988
25.320296,54.675341,25.2842,54.6704,3.19995,7.208333333333333
25.293989,54.67646,25.2842,54.6704,1.3315899999999998,4.227333333333333
25.293989,54.67646,25.2842,54.6704,1.3315899999999998,4.227333333333333
25.376965,54.694597,25.2842,54.6704,7.32904,12.872166666666667
25.281075,54.702403,25.2842,54.6704,4.86749,10.562166666666666
25.253948,54.73968,25.2842,54.6704,10.03373,19.320333333333334
25.17456,54.711894,25.2842,54.6704,11.48791,19.470000000000002
25.295876,54.693449,25.2842,54.6704,4.7975900000000005,10.609333333333332
25.28599,54.675016,25.2842,54.6704,1.35318,5.3854999999999995
25.26946,54.693368,25.2842,54.6704,3.2796399999999997,6.431166666666667
25.322964,54.734012,25.2842,54.6704,9.48621,18.618833333333335
25.280608,54.661395,25.2842,54.6704,2.05708,5.357666666666666
25.243492,54.697523,25.2842,54.6704,5.15199,10.565
25.243492,54.697523,25.2842,54.6704,5.15199,10.565
25.27248,54.703189,25.2842,54.6704,5.785399999999999,11.968166666666667
25.267015,54.670351,25.2842,54.6704,1.50299,3.466
25.277748,54.67723,25.2842,54.6704,1.6443299999999998,4.482166666666667
25.246886,54.668959,25.2842,54.6704,2.9077800000000003,6.749833333333333
25.410792,54.689285,25.2842,54.6704,10.023219999999998,16.62816666666667
25.272424,54.664057,25.2842,54.6704,1.96837,5.0975
25.284137,54.68647,25.2842,54.6704,3.5831399999999998,7.211
25.218183,54.702075,25.2842,54.6704,7.30188,15.2765
25.267288,54.674236,25.2842,54.6704,1.84296,4.470833333333333
25.1871,54.713778,25.2842,54.6704,10.23421,20.140333333333334
25.39652,54.711004,25.2842,54.6704,9.73742,18.52583333333333
25.267288,54.674236,25.2842,54.6704,1.84296,4.470833333333333
25.307491,54.700492,25.2842,54.6704,5.110390000000001,10.741000000000001
25.278551,54.670363,25.2842,54.6704,0.7045800000000001,2.1816666666666666
25.316896,54.677245,25.2842,54.6704,2.58463,6.397833333333334
25.282647,54.688517,25.2842,54.6704,3.80892,8.423666666666668
25.289063,54.717603,25.2842,54.6704,6.79554,16.319499999999998
25.304856,54.692219,25.2842,54.6704,3.91364,7.968500000000001
25.22362,54.726128,25.2842,54.6704,9.50367,17.8365
25.275827,54.696402,25.2842,54.6704,4.34112,9.196
25.29041,54.679483,25.2842,54.6704,2.6880900000000003,7.115333333333334
25.2557,54.694315,25.2842,54.6704,4.074739999999999,8.176
25.301821,54.719108,25.2842,54.6704,7.8241000000000005,15.864
25.240621,54.698804,25.2842,54.6704,5.4948999999999995,11.536833333333334
25.267288,54.674236,25.2842,54.6704,1.84296,4.470833333333333
25.239079,54.697609,25.2842,54.6704,5.71444,11.398166666666667
25.297939,54.72154,25.2842,54.6704,7.44564,16.584166666666665
25.226092,54.694364,25.2842,54.6704,8.72359,15.607666666666667
25.273839,54.682559,25.2842,54.6704,1.90646,3.694666666666667
25.21129,54.691254,25.2842,54.6704,7.5555200000000005,13.8915
25.263796,54.754269,25.2842,54.6704,11.11168,18.329333333333334
25.269207,54.688142,25.2842,54.6704,2.90253,5.833666666666667
25.268391,54.664229,25.2842,54.6704,1.40849,3.629
25.268391,54.664229,25.2842,54.6704,1.40849,3.629
25.268391,54.664229,25.2842,54.6704,1.40849,3.629
25.268391,54.664229,25.2842,54.6704,1.40849,3.629
25.348443,54.648712,25.2842,54.6704,6.61416,13.119166666666667
25.351816,54.727978,25.2842,54.6704,10.277280000000001,19.630999999999997
25.273651,54.697696,25.2842,54.6704,4.71083,10.171333333333333
25.241411,54.69706,25.2842,54.6704,5.3902600000000005,11.101166666666668
25.40234,54.692728,25.2842,54.6704,9.21224,15.107666666666667
25.271468,54.679168,25.2842,54.6704,2.27377,4.669833333333333
25.234285,54.674768,25.2842,54.6704,4.60445,10.9245
25.212391,54.710955,25.2842,54.6704,8.90127,17.186333333333334
25.27677,54.702298,25.2842,54.6704,4.89269,11.133833333333333
25.281484,54.679972,25.2842,54.6704,1.647,4.9815
25.277814,54.634542,25.2842,54.6704,4.89993,11.193166666666666
25.273663,54.691121,25.2842,54.6704,2.92964,5.886166666666667
25.222482,54.704649,25.2842,54.6704,7.397810000000001,14.801666666666668
25.2884,54.678688,25.2842,54.6704,1.5447899999999999,6.252
25.296192,54.708972,25.2842,54.6704,6.20485,13.334666666666667
25.252078,54.725048,25.2842,54.6704,8.67096,16.546666666666667
25.226027,54.736248,25.2842,54.6704,9.65436,17.58833333333333
25.266828,54.673275,25.2842,54.6704,1.8174000000000001,4.286166666666667
25.276935,54.688818,25.2842,54.6704,3.61822,7.1395
25.275662,54.670301,25.2842,54.6704,1.1374300000000002,2.542666666666667
25.310892,54.67927,25.2842,54.6704,2.39407,5.751166666666666
25.312301,54.671512,25.2842,54.6704,3.03123,8.088666666666667
25.274728,54.729849,25.2842,54.6704,9.22315,16.736
25.27502,54.691028,25.2842,54.6704,3.00643,6.1165
25.416475,54.751617,25.2842,54.6704,16.41235,29.617
25.416475,54.751617,25.2842,54.6704,16.41235,29.617
25.220766,54.682515,25.2842,54.6704,6.48893,12.848
25.220766,54.682515,25.2842,54.6704,6.48893,12.848
25.220766,54.682515,25.2842,54.6704,6.48893,12.848
25.287748,54.683698,25.2842,54.6704,4.04064,9.010166666666667
25.302307,54.739693,25.2842,54.6704,10.13251,20.191166666666668
25.323262,54.686331,25.2842,54.6704,3.40925,7.013
25.218603,54.6506,25.2842,54.6704,5.50697,10.554166666666667
25.212599,54.749126,25.2842,54.6704,11.378440000000001,20.87066666666667
25.274738,54.675007,25.2842,54.6704,1.00834,2.4074999999999998
25.415472,54.689572,25.2842,54.6704,10.10918,17.121666666666666
25.282496,54.680436,25.2842,54.6704,2.6490500000000003,6.425833333333333
25.202822,54.685816,25.2842,54.6704,7.81576,13.982666666666667
25.251169,54.674738,25.2842,54.6704,2.80848,7.430666666666666
25.429428,54.686559,25.2842,54.6704,11.36107,18.988
25.317404,54.700192,25.2842,54.6704,5.68866,12.8665
25.257268,54.679063,25.2842,54.6704,3.11799,7.643833333333333
25.317597,54.716268,25.2842,54.6704,6.9543,13.382
25.245515,54.725559,25.2842,54.6704,7.91556,15.274666666666667
25.407952,54.689731,25.2842,54.6704,10.03357,16.905833333333334
25.31807,54.719759,25.2842,54.6704,7.37172,14.121333333333332
25.319622,54.722127,25.2842,54.6704,8.14146,15.952333333333334
25.30154,54.708502,25.2842,54.6704,7.0216899999999995,13.976166666666668
25.234285,54.674768,25.2842,54.6704,4.60445,10.9245
25.234285,54.674768,25.2842,54.6704,4.60445,10.9245
25.246029,54.674181,25.2842,54.6704,3.34069,8.697666666666667
25.348549,54.722628,25.2842,54.6704,10.02485,20.304
25.19924,54.645144,25.2842,54.6704,7.35565,13.785
25.308997,54.701766,25.2842,54.6704,5.46016,12.059333333333333
25.295512,54.699561,25.2842,54.6704,6.04357,12.381666666666666
25.278945,54.680022,25.2842,54.6704,1.82308,5.813
25.23347,54.67438,25.2842,54.6704,4.641649999999999,11.073166666666667
25.265362,54.670898,25.2842,54.6704,1.4287100000000001,3.6515
25.27509,54.687908,25.2842,54.6704,2.79093,5.457
25.215533,54.6899,25.2842,54.6704,8.11645,15.477666666666666
25.258643,54.680986,25.2842,54.6704,2.91131,6.817166666666666
25.23879,54.719117,25.2842,54.6704,8.20503,16.0835
25.264534,54.691743,25.2842,54.6704,3.38889,6.692666666666667
25.27334,54.726895,25.2842,54.6704,9.278780000000001,16.915499999999998
25.270212,54.68802,25.2842,54.6704,2.96698,5.988333333333333
25.276591,54.700376,25.2842,54.6704,4.676,10.613833333333334
25.342399,54.717036,25.2842,54.6704,9.1081,18.625666666666667
25.182581,54.712851,25.2842,54.6704,9.847520000000001,19.285166666666665
25.279457,54.687761,25.2842,54.6704,3.37086,6.572333333333333
25.302833,54.679489,25.2842,54.6704,2.67829,7.287833333333333
25.211866,54.671477,25.2842,54.6704,6.81009,13.030333333333335
25.26583,54.673868,25.2842,54.6704,1.87828,4.579
25.274966,54.681238,25.2842,54.6704,1.88275,3.969666666666667
25.274966,54.681238,25.2842,54.6704,1.88275,3.969666666666667
25.274966,54.681238,25.2842,54.6704,1.88275,3.969666666666667
25.293515,54.672047,25.2842,54.6704,1.44723,4.633166666666667
25.234656,54.722507,25.2842,54.6704,8.342450000000001,15.6645
25.313788,54.678233,25.2842,54.6704,2.37321,5.4295
25.239067,54.723146,25.2842,54.6704,7.84466,14.576666666666666
25.320906,54.724429,25.2842,54.6704,8.20448,15.991333333333333
25.210939,54.718504,25.2842,54.6704,9.15875,16.971333333333334
25.282369,54.684251,25.2842,54.6704,2.83791,8.004166666666666
25.279619,54.720352,25.2842,54.6704,7.87287,16.652833333333334
25.274204,54.678107,25.2842,54.6704,1.3638,3.0058333333333334
25.274531,54.744354,25.2842,54.6704,10.70409,18.743166666666664
25.277702,54.732708,25.2842,54.6704,9.29526,17.682666666666666
25.274729,54.674277,25.2842,54.6704,0.92118,2.3041666666666667
25.31076,54.702543,25.2842,54.6704,5.983560000000001,12.589833333333333
25.280181,54.677809,25.2842,54.6704,1.44881,5.8116666666666665
25.220239,54.708649,25.2842,54.6704,8.02434,15.889000000000001
25.337374,54.734828,25.2842,54.6704,9.51312,18.186333333333334
25.28787,54.715871,25.2842,54.6704,6.69155,15.349833333333333
25.116631,54.648183,25.2842,54.6704,12.88049,21.863
25.274869,54.703606,25.2842,54.6704,5.52597,11.591666666666667
25.306524,54.693036,25.2842,54.6704,4.39789,9.7225
25.21751,54.730497,25.2842,54.6704,10.02677,18.119000000000003
25.24425,54.724453,25.2842,54.6704,7.821680000000001,15.059333333333333
25.35866,54.714202,25.2842,54.6704,7.9711300000000005,17.65216666666667
25.288258,54.708266,25.2842,54.6704,5.75991,12.055833333333334
25.297038,54.698147,25.2842,54.6704,5.95465,12.191166666666668
25.261758,54.67183,25.2842,54.6704,1.75943,4.467666666666667
25.319622,54.722127,25.2842,54.6704,8.14146,15.952333333333334
25.391831,54.710559,25.2842,54.6704,9.48499,17.67683333333333
25.260323,54.696307,25.2842,54.6704,4.9636700000000005,10.364833333333333
25.210426,54.696146,25.2842,54.6704,7.72725,15.222666666666667
25.228574,54.731438,25.2842,54.6704,9.13293,17.233
25.290807,54.674321,25.2842,54.6704,0.9020900000000001,2.7103333333333333
25.225343,54.712074,25.2842,54.6704,8.35017,15.279333333333334
25.300391,54.678996,25.2842,54.6704,2.50746,6.7155000000000005
25.219358,54.740383,25.2842,54.6704,10.464379999999998,19.59466666666667
25.219358,54.740383,25.2842,54.6704,10.464379999999998,19.59466666666667
25.293033,54.709315,25.2842,54.6704,5.89511,12.644499999999999
25.291286,54.714682,25.2842,54.6704,6.61886,15.381333333333334
25.310732,54.703783,25.2842,54.6704,5.42246,10.846
25.224717,54.694109,25.2842,54.6704,8.63536,15.417166666666667
25.421545,54.685933,25.2842,54.6704,10.78598,17.674333333333333
25.40083,54.692489,25.2842,54.6704,9.35875,15.434833333333334
25.223768,54.708497,25.2842,54.6704,7.94559,15.836166666666665
25.263426,54.754527,25.2842,54.6704,11.17142,18.494833333333336
25.279457,54.687761,25.2842,54.6704,3.37086,6.572333333333333
25.421296,54.686702,25.2842,54.6704,10.854370000000001,17.948
25.267834,54.731217,25.2842,54.6704,9.034180000000001,16.29
25.319928,54.689123,25.2842,54.6704,3.8875100000000002,8.870666666666667
25.283358,54.684977,25.2842,54.6704,3.8666,8.323833333333333
25.240431,54.698186,25.2842,54.6704,5.42223,11.198
25.181673,54.712007,25.2842,54.6704,9.77701,19.115666666666666
25.25414,54.682088,25.2842,54.6704,3.04636,6.352833333333334
25.249467,54.701191,25.2842,54.6704,5.8091099999999996,11.726666666666667
25.204654,54.688144,25.2842,54.6704,7.614850000000001,13.829
25.277597,54.683044,25.2842,54.6704,3.07911,5.847333333333333
25.277466,54.702177,25.2842,54.6704,4.88258,11.1095
25.28787,54.715871,25.2842,54.6704,6.69155,15.349833333333333
25.274361,54.700342,25.2842,54.6704,5.080760000000001,11.081666666666667
25.283894,54.692445,25.2842,54.6704,3.9120999999999997,8.746666666666666
25.429428,54.686559,25.2842,54.6704,11.36107,18.988
25.303881,54.686971,25.2842,54.6704,3.5241700000000002,7.733666666666666
25.177236,54.715567,25.2842,54.6704,11.874229999999999,20.435833333333335
25.286694,54.687068,25.2842,54.6704,3.8560700000000003,8.281166666666667
25.284905,54.660137,25.2842,54.6704,2.57051,6.1705000000000005
25.317993,54.677762,25.2842,54.6704,2.70515,6.788333333333333
25.265717,54.676179,25.2842,54.6704,2.04259,5.038833333333333
25.27574,54.679871,25.2842,54.6704,1.4614200000000002,3.9498333333333333
25.393602,54.793776,25.2842,54.6704,18.35419,28.787166666666668
25.277597,54.683044,25.2842,54.6704,3.07911,5.847333333333333
25.265891,54.671003,25.2842,54.6704,1.39275,3.5900000000000003
25.21925,54.741841,25.2842,54.6704,10.43045,19.572499999999998
25.21212,54.718666,25.2842,54.6704,9.03608,16.361
25.21212,54.718666,25.2842,54.6704,9.03608,16.361
25.289548,54.67914,25.2842,54.6704,2.76911,7.524166666666667
25.278913,54.670903,25.2842,54.6704,0.63344,1.977
25.234393,54.717802,25.2842,54.6704,8.10375,15.991833333333334
25.189628,54.707283,25.2842,54.6704,9.0942,18.08966666666667
25.256211,54.737953,25.2842,54.6704,9.842450000000001,18.555333333333333
25.220426,54.727783,25.2842,54.6704,10.054770000000001,18.2865
25.225748,54.715467,25.2842,54.6704,8.22499,15.081
25.29896,54.720673,25.2842,54.6704,7.220470000000001,15.815166666666666
25.241359,54.736461,25.2842,54.6704,9.81117,18.215333333333334
25.269826,54.664068,25.2842,54.6704,1.73247,4.334333333333333
25.416864,54.68593,25.2842,54.6704,10.632280000000002,17.447333333333333
25.26292,54.672587,25.2842,54.6704,1.88848,4.875666666666667
25.203102,54.687801,25.2842,54.6704,7.73745,14.172500000000001
25.289,54.682918,25.2842,54.6704,2.74946,7.360666666666666
25.223195,54.738766,25.2842,54.6704,10.20205,19.47533333333333
25.432488,54.687326,25.2842,54.6704,11.69975,19.31833333333333
25.173775,54.702832,25.2842,54.6704,10.65058,18.026
25.302998,54.683836,25.2842,54.6704,3.53468,8.473
25.283905,54.712915,25.2842,54.6704,6.0670399999999995,14.315333333333333
25.27101,54.659601,25.2842,54.6704,1.8835899999999999,4.446166666666667
25.291907,54.684913,25.2842,54.6704,2.99285,8.1505
25.336995,54.729879,25.2842,54.6704,9.5576,18.83216666666667
25.336995,54.729879,25.2842,54.6704,9.5576,18.83216666666667
25.27702,54.675695,25.2842,54.6704,0.91388,2.559166666666667
25.262432,54.677956,25.2842,54.6704,2.71548,6.233666666666666
25.267288,54.674236,25.2842,54.6704,1.84296,4.470833333333333
25.305124,54.676143,25.2842,54.6704,1.82486,4.6370000000000005
25.259989,54.657545,25.2842,54.6704,3.54414,7.997166666666667
25.2745,54.668792,25.2842,54.6704,0.85745,1.8708333333333333
25.266737,54.690506,25.2842,54.6704,3.1664299999999996,6.3581666666666665
25.302833,54.679489,25.2842,54.6704,2.67829,7.287833333333333
25.262019,54.679031,25.2842,54.6704,2.64896,5.852166666666666
25.253652,54.700598,25.2842,54.6704,5.657520000000001,11.993
25.264073,54.673128,25.2842,54.6704,2.02671,5.172666666666667
25.270498,54.660656,25.2842,54.6704,1.85229,4.556
25.323262,54.686331,25.2842,54.6704,3.40925,7.013
25.196748,54.655796,25.2842,54.6704,8.66175,19.971666666666668
25.269899,54.739413,25.2842,54.6704,9.630690000000001,17.204
25.270715,54.728605,25.2842,54.6704,8.98935,16.242666666666665
25.263342,54.692096,25.2842,54.6704,3.77654,7.5405
25.249667,54.708185,25.2842,54.6704,6.91614,13.736833333333333
25.272052,54.685827,25.2842,54.6704,2.3105599999999997,4.535666666666667
25.250184,54.723758,25.2842,54.6704,8.63991,16.644833333333334
25.267288,54.674236,25.2842,54.6704,1.84296,4.470833333333333
25.318738,54.729931,25.2842,54.6704,8.82546,16.762666666666668
25.250503,54.677158,25.2842,54.6704,2.85305,7.541833333333333
25.255405,54.700448,25.2842,54.6704,5.54922,11.559666666666667
25.267288,54.674236,25.2842,54.6704,1.84296,4.470833333333333
25.275827,54.696402,25.2842,54.6704,4.34112,9.196
25.21877,54.732013,25.2842,54.6704,10.1671,18.175333333333334
25.221441,54.726271,25.2842,54.6704,9.70501,18.305666666666664
25.261224,54.609448,25.2842,54.6704,10.909370000000001,17.796
25.257314,54.673255,25.2842,54.6704,2.29842,6.489166666666667
25.294338,54.674848,25.2842,54.6704,1.15063,3.247666666666667
25.275123,54.684905,25.2842,54.6704,2.8360700000000003,5.5391666666666675
25.226602,54.743512,25.2842,54.6704,10.2675,19.516333333333332
25.4221,54.690137,25.2842,54.6704,10.479149999999999,17.793666666666663
25.26732,54.661184,25.2842,54.6704,1.9306400000000001,5.069500000000001
25.229111,54.705263,25.2842,54.6704,8.01694,15.423
25.287506,54.717581,25.2842,54.6704,6.937939999999999,15.923833333333333
25.09095,54.669249,25.2842,54.6704,15.47191,22.074666666666666
25.265342,54.686123,25.2842,54.6704,3.0065999999999997,6.3261666666666665
25.188841,54.659938,25.2842,54.6704,7.85558,15.288833333333335
25.307773,54.701332,25.2842,54.6704,5.3393999999999995,11.576333333333334
25.316702,54.727529,25.2842,54.6704,8.13704,15.657666666666668
25.282496,54.680436,25.2842,54.6704,2.6490500000000003,6.425833333333333
25.275953,54.738167,25.2842,54.6704,9.875680000000001,18.882166666666667
25.252215,54.67813,25.2842,54.6704,3.1191,7.6483333333333325
25.286184,54.698953,25.2842,54.6704,4.62383,9.934666666666667
25.378973,54.692531,25.2842,54.6704,9.867899999999999,16.081
25.212093,54.710143,25.2842,54.6704,8.88997,17.152333333333335
25.287795,54.676964,25.2842,54.6704,1.45402,5.7145
25.294861,54.693295,25.2842,54.6704,4.9702,10.531
25.294861,54.693295,25.2842,54.6704,4.9702,10.531
25.294861,54.693295,25.2842,54.6704,4.9702,10.531
25.294861,54.693295,25.2842,54.6704,4.9702,10.531
25.294861,54.693295,25.2842,54.6704,4.9702,10.531
25.294861,54.693295,25.2842,54.6704,4.9702,10.531
25.282911,54.698434,25.2842,54.6704,4.27403,9.234666666666667
25.277957,54.740581,25.2842,54.6704,10.20442,18.227833333333333
25.267428,54.68195,25.2842,54.6704,2.02635,3.9366666666666665
25.27119,54.726075,25.2842,54.6704,9.157219999999999,17.244333333333334
25.250287,54.728055,25.2842,54.6704,9.18412,17.791999999999998
25.219798,54.74231,25.2842,54.6704,10.53838,20.004166666666666
25.39652,54.711004,25.2842,54.6704,9.73742,18.52583333333333
25.290859,54.697788,25.2842,54.6704,4.82036,11.099
25.240028,54.671503,25.2842,54.6704,3.52399,8.1995
25.272205,54.682213,25.2842,54.6704,1.98614,3.9515000000000002
25.188029,54.660121,25.2842,54.6704,7.92984,15.618500000000001
25.286241,54.707286,25.2842,54.6704,5.60947,12.541166666666667
25.343981,54.774919,25.2842,54.6704,17.42906,28.784166666666668
25.280282,54.6769,25.2842,54.6704,1.45261,3.9103333333333334
25.277865,54.67651,25.2842,54.6704,1.09742,3.231666666666667
25.295876,54.693449,25.2842,54.6704,4.7975900000000005,10.609333333333332
25.295249,54.709115,25.2842,54.6704,6.26748,13.5225
25.305024,54.71313,25.2842,54.6704,6.75253,13.331999999999999
25.259636,54.754066,25.2842,54.6704,11.37739,18.811833333333333
25.286184,54.698953,25.2842,54.6704,4.62383,9.934666666666667
25.274204,54.678107,25.2842,54.6704,1.3638,3.0058333333333334
25.299057,54.725847,25.2842,54.6704,8.380040000000001,16.885666666666665
25.210692,54.716469,25.2842,54.6704,9.412270000000001,17.669666666666668
25.307414,54.716731,25.2842,54.6704,7.26361,14.749500000000001
25.28075,54.674204,25.2842,54.6704,0.74281,2.9560000000000004
25.302273,54.704927,25.2842,54.6704,6.09114,12.947000000000001
25.193148,54.666636,25.2842,54.6704,6.95789,12.854333333333333
25.183617,54.703924,25.2842,54.6704,10.756879999999999,19.094833333333334
25.254304,54.727157,25.2842,54.6704,8.7968,16.477333333333334
25.214162,54.718778,25.2842,54.6704,8.90443,16.163833333333333
25.284895,54.672844,25.2842,54.6704,0.49976,1.7901666666666667
25.222893,54.722082,25.2842,54.6704,9.30214,17.028833333333335
25.257268,54.679063,25.2842,54.6704,3.11799,7.643833333333333
25.300065,54.708763,25.2842,54.6704,6.44535,13.807333333333334
25.300065,54.708763,25.2842,54.6704,6.44535,13.807333333333334
25.300065,54.708763,25.2842,54.6704,6.44535,13.807333333333334
25.300065,54.708763,25.2842,54.6704,6.44535,13.807333333333334
25.300065,54.708763,25.2842,54.6704,6.44535,13.807333333333334
25.300065,54.708763,25.2842,54.6704,6.44535,13.807333333333334
25.300065,54.708763,25.2842,54.6704,6.44535,13.807333333333334
25.300065,54.708763,25.2842,54.6704,6.44535,13.807333333333334
25.300065,54.708763,25.2842,54.6704,6.44535,13.807333333333334
25.300065,54.708763,25.2842,54.6704,6.44535,13.807333333333334
25.300065,54.708763,25.2842,54.6704,6.44535,13.807333333333334
25.255429,54.692191,25.2842,54.6704,3.9151100000000003,7.9695
25.309825,54.682775,25.2842,54.6704,2.8568000000000002,7.117333333333334
25.253421,54.711127,25.2842,54.6704,6.811109999999999,12.991166666666667
25.302833,54.679489,25.2842,54.6704,2.67829,7.287833333333333
25.2567,54.703957,25.2842,54.6704,5.320600000000001,10.415666666666668
25.2567,54.703957,25.2842,54.6704,5.320600000000001,10.415666666666668
25.2567,54.703957,25.2842,54.6704,5.320600000000001,10.415666666666668
25.2567,54.703957,25.2842,54.6704,5.320600000000001,10.415666666666668
25.2567,54.703957,25.2842,54.6704,5.320600000000001,10.415666666666668
25.2567,54.703957,25.2842,54.6704,5.320600000000001,10.415666666666668
25.2567,54.703957,25.2842,54.6704,5.320600000000001,10.415666666666668
25.2567,54.703957,25.2842,54.6704,5.320600000000001,10.415666666666668
25.2567,54.703957,25.2842,54.6704,5.320600000000001,10.415666666666668
25.2567,54.703957,25.2842,54.6704,5.320600000000001,10.415666666666668
25.293006,54.674926,25.2842,54.6704,1.0586099999999998,3.0001666666666664
25.30377,54.666765,25.2842,54.6704,1.9482300000000001,4.333833333333333
25.186105,54.706551,25.2842,54.6704,9.19315,18.216
25.215484,54.682879,25.2842,54.6704,6.68755,12.850833333333332
25.283095,54.66133,25.2842,54.6704,2.17198,5.7175
25.276281,54.670056,25.2842,54.6704,1.18308,2.6521666666666666
25.282648,54.67498,25.2842,54.6704,0.9895,4.436166666666667
25.39683,54.695052,25.2842,54.6704,9.08193,14.834
25.278748,54.728788,25.2842,54.6704,8.78576,16.977833333333333
25.284399,54.665804,25.2842,54.6704,2.1666,4.955166666666667
25.23115,54.713098,25.2842,54.6704,7.69637,14.690833333333334
25.23115,54.713098,25.2842,54.6704,7.69637,14.690833333333334
25.214295,54.722866,25.2842,54.6704,9.54958,17.641833333333334
25.289613,54.674014,25.2842,54.6704,0.8127300000000001,2.3983333333333334
25.249667,54.708185,25.2842,54.6704,6.91614,13.736833333333333
25.261746,54.676283,25.2842,54.6704,2.21665,6.1955
25.261746,54.676283,25.2842,54.6704,2.21665,6.1955
25.20913,54.67206,25.2842,54.6704,6.72255,12.822833333333334
25.319184,54.718579,25.2842,54.6704,7.26618,13.859166666666665
25.373154,54.729184,25.2842,54.6704,12.332510000000001,23.540333333333333
25.279712,54.705628,25.2842,54.6704,5.560359999999999,12.614
25.209325,54.676164,25.2842,54.6704,6.379899999999999,12.693333333333333
25.18604,54.70381,25.2842,54.6704,10.4915,17.973833333333335
25.259166,54.657314,25.2842,54.6704,3.54536,8.002
25.259166,54.657314,25.2842,54.6704,3.54536,8.002
25.259166,54.657314,25.2842,54.6704,3.54536,8.002
25.259166,54.657314,25.2842,54.6704,3.54536,8.002
25.259166,54.657314,25.2842,54.6704,3.54536,8.002
25.259166,54.657314,25.2842,54.6704,3.54536,8.002
25.291332,54.67504,25.2842,54.6704,1.3038699999999999,4.283166666666667
25.281732,54.672257,25.2842,54.6704,0.33744999999999997,1.3001666666666667
25.317703,54.687796,25.2842,54.6704,3.70491,8.421666666666667
25.177236,54.715567,25.2842,54.6704,11.874229999999999,20.435833333333335
25.307014,54.678207,25.2842,54.6704,2.2181599999999997,5.6915000000000004
25.270457,54.739803,25.2842,54.6704,9.742899999999999,17.652833333333334
25.309538,54.682236,25.2842,54.6704,2.8022,6.786666666666666
25.15119,54.619174,25.2842,54.6704,13.82873,24.078833333333332
25.289309,54.706433,25.2842,54.6704,5.54239,11.738
25.308644,54.672977,25.2842,54.6704,2.9952199999999998,7.645833333333333
25.308644,54.672977,25.2842,54.6704,2.9952199999999998,7.645833333333333
25.25263,54.702166,25.2842,54.6704,5.54899,10.8505
25.25263,54.702166,25.2842,54.6704,5.54899,10.8505
25.259242,54.677696,25.2842,54.6704,2.8911599999999997,6.9365
25.15119,54.619174,25.2842,54.6704,13.82873,24.078833333333332
25.272528,54.709505,25.2842,54.6704,5.99734,13.085
25.317504,54.676134,25.2842,54.6704,2.96612,6.835
25.283212,54.763339,25.2842,54.6704,12.8845,21.187333333333335
25.254267,54.700338,25.2842,54.6704,5.608560000000001,11.797
25.306063,54.693124,25.2842,54.6704,4.32273,9.480500000000001
25.32038,54.677276,25.2842,54.6704,2.78569,7.1105
25.266661,54.678629,25.2842,54.6704,1.9543199999999998,5.133333333333334
25.306216,54.684639,25.2842,54.6704,3.19931,7.098666666666667
25.175874,54.702045,25.2842,54.6704,10.40544,17.639666666666667
25.214841,54.672588,25.2842,54.6704,6.6275200000000005,13.052999999999999
25.266801,54.739966,25.2842,54.6704,9.60058,16.966
25.275827,54.696402,25.2842,54.6704,4.34112,9.196
25.263342,54.692096,25.2842,54.6704,3.77654,7.5405
25.263342,54.692096,25.2842,54.6704,3.77654,7.5405
25.319422,54.677381,25.2842,54.6704,2.76805,7.053333333333333
25.442351,54.694177,25.2842,54.6704,11.66241,19.797833333333333
25.26963,54.690842,25.2842,54.6704,3.04731,6.151666666666667
25.320704,54.706684,25.2842,54.6704,6.508220000000001,13.757666666666667
25.28541,54.719834,25.2842,54.6704,6.8478699999999995,15.964833333333333
25.391359,54.709976,25.2842,54.6704,9.451270000000001,17.541999999999998
25.274218,54.703008,25.2842,54.6704,5.255199999999999,11.654833333333332
25.391359,54.709976,25.2842,54.6704,9.451270000000001,17.541999999999998
25.391359,54.709976,25.2842,54.6704,9.451270000000001,17.541999999999998
25.200472,54.673357,25.2842,54.6704,6.78106,12.881333333333334
25.272052,54.685827,25.2842,54.6704,2.3105599999999997,4.535666666666667
25.279554,54.71085,25.2842,54.6704,5.99747,13.523166666666667
25.217371,54.731053,25.2842,54.6704,10.03724,18.127
25.208849,54.67535,25.2842,54.6704,6.30538,12.395166666666666
25.245574,54.673509,25.2842,54.6704,3.16747,8.169500000000001
25.267622,54.689569,25.2842,54.6704,2.93848,5.9875
25.258872,54.678795,25.2842,54.6704,2.71845,5.874666666666667
25.247216,54.733224,25.2842,54.6704,9.5782,18.4325
25.26493,54.676879,25.2842,54.6704,2.1016999999999997,5.216166666666667
25.196207,54.746916,25.2842,54.6704,12.74178,26.295
25.288939,54.696589,25.2842,54.6704,4.71036,10.866999999999999
25.288939,54.696589,25.2842,54.6704,4.71036,10.866999999999999
25.288939,54.696589,25.2842,54.6704,4.71036,10.866999999999999
25.288939,54.696589,25.2842,54.6704,4.71036,10.866999999999999
25.288939,54.696589,25.2842,54.6704,4.71036,10.866999999999999
25.288939,54.696589,25.2842,54.6704,4.71036,10.866999999999999
25.31732,54.705869,25.2842,54.6704,6.12198,12.555833333333334
25.314823,54.713686,25.2842,54.6704,6.60039,12.806333333333333
25.267949,54.679214,25.2842,54.6704,2.28545,4.717333333333333
25.277407,54.745554,25.2842,54.6704,10.69519,18.755499999999998
25.352586,54.715863,25.2842,54.6704,8.35108,18.1625
25.210692,54.716469,25.2842,54.6704,9.412270000000001,17.669666666666668
25.266739,54.684834,25.2842,54.6704,2.62428,5.371833333333333
25.284895,54.672844,25.2842,54.6704,0.49976,1.7901666666666667
25.27737,54.687383,25.2842,54.6704,2.9479,5.833666666666667
25.26501,54.754202,25.2842,54.6704,11.12033,18.431500000000003
25.315377,54.707038,25.2842,54.6704,6.03632,12.597333333333333
25.239751,54.693498,25.2842,54.6704,5.29979,10.480666666666668
25.28385,54.678864,25.2842,54.6704,1.5328199999999998,6.318833333333333
25.101064,54.66717,25.2842,54.6704,14.69509,19.957333333333334
25.424911,54.685564,25.2842,54.6704,10.95764,17.682833333333335
25.310606,54.684142,25.2842,54.6704,2.87012,6.505166666666667
25.323262,54.686331,25.2842,54.6704,3.40925,7.013
25.234656,54.722507,25.2842,54.6704,8.342450000000001,15.6645
25.221089,54.696438,25.2842,54.6704,7.08476,14.164
25.348852,54.648801,25.2842,54.6704,6.61928,13.139666666666667
25.280608,54.661395,25.2842,54.6704,2.05708,5.357666666666666
25.279489,54.684957,25.2842,54.6704,3.82336,8.482000000000001
25.2166,54.701217,25.2842,54.6704,7.16535,14.905166666666666
25.317993,54.677762,25.2842,54.6704,2.70515,6.788333333333333
25.317993,54.677762,25.2842,54.6704,2.70515,6.788333333333333
25.317993,54.677762,25.2842,54.6704,2.70515,6.788333333333333
25.317993,54.677762,25.2842,54.6704,2.70515,6.788333333333333
25.317993,54.677762,25.2842,54.6704,2.70515,6.788333333333333
25.317993,54.677762,25.2842,54.6704,2.70515,6.788333333333333
25.317993,54.677762,25.2842,54.6704,2.70515,6.788333333333333
25.289091,54.679304,25.2842,54.6704,1.6396300000000001,6.5605
25.163655,54.705335,25.2842,54.6704,11.21495,20.438499999999998
25.241079,54.66491,25.2842,54.6704,3.32017,7.996833333333333
25.227951,54.681441,25.2842,54.6704,6.17692,14.2245
25.196207,54.746916,25.2842,54.6704,12.74178,26.295
25.196207,54.746916,25.2842,54.6704,12.74178,26.295
25.177236,54.715567,25.2842,54.6704,11.874229999999999,20.435833333333335
25.19924,54.645144,25.2842,54.6704,7.35565,13.785
25.216135,54.672763,25.2842,54.6704,6.70975,13.295833333333333
25.219106,54.716704,25.2842,54.6704,8.64046,15.880666666666666
25.307553,54.681809,25.2842,54.6704,2.98148,7.437333333333333
25.27973,54.677548,25.2842,54.6704,1.3575899999999999,3.7626666666666666
25.266048,54.683686,25.2842,54.6704,2.31225,5.024500000000001
25.263342,54.692096,25.2842,54.6704,3.77654,7.5405
25.293832,54.67512,25.2842,54.6704,1.12542,3.1758333333333337
25.202163,54.67229,25.2842,54.6704,6.9155500000000005,13.2415
25.262243,54.756452,25.2842,54.6704,11.62108,19.366
25.426009,54.686449,25.2842,54.6704,11.15975,18.298333333333336
25.267288,54.674236,25.2842,54.6704,1.84296,4.470833333333333
25.273918,54.672382,25.2842,54.6704,0.8501299999999999,2.3845
25.23386,54.673057,25.2842,54.6704,4.464390000000001,10.291500000000001
25.256957,54.647465,25.2842,54.6704,4.15904,10.711
25.256957,54.647465,25.2842,54.6704,4.15904,10.711
25.286564,54.679986,25.2842,54.6704,4.4287,10.687000000000001
25.286564,54.679986,25.2842,54.6704,4.4287,10.687000000000001
25.286564,54.679986,25.2842,54.6704,4.4287,10.687000000000001
25.176378,54.715913,25.2842,54.6704,12.01444,21.050833333333333
25.415778,54.730762,25.2842,54.6704,12.94325,22.399
25.251748,54.700839,25.2842,54.6704,5.94416,12.490499999999999
25.27954,54.683068,25.2842,54.6704,2.57619,6.434
25.305757,54.71824,25.2842,54.6704,7.4287,15.302333333333333
25.406784,54.724294,25.2842,54.6704,12.142059999999999,21.515
25.263539,54.642068,25.2842,54.6704,4.623939999999999,9.9505
25.303091,54.709839,25.2842,54.6704,6.93083,13.843833333333333
25.323452,54.705591,25.2842,54.6704,6.67209,14.442166666666667
25.256133,54.703821,25.2842,54.6704,5.29615,10.281666666666666
25.283273,54.673305,25.2842,54.6704,0.42862,1.4233333333333333
25.291753,54.679544,25.2842,54.6704,2.7279400000000003,7.374
25.25263,54.702166,25.2842,54.6704,5.54899,10.8505
25.27109,54.699125,25.2842,54.6704,4.864739999999999,10.565166666666666
25.254922,54.725287,25.2842,54.6704,8.7625,16.693833333333334
25.22089,54.727145,25.2842,54.6704,10.35011,18.984166666666667
25.293989,54.67646,25.2842,54.6704,1.3315899999999998,4.227333333333333
25.26916,54.708141,25.2842,54.6704,7.11713,13.874
25.317718,54.718848,25.2842,54.6704,7.16566,13.456999999999999
25.429708,54.674997,25.2842,54.6704,12.80019,20.301166666666667
25.270694,54.674408,25.2842,54.6704,1.31585,3.3400000000000003
25.321777,54.705742,25.2842,54.6704,6.57843,14.067666666666666
25.416864,54.68593,25.2842,54.6704,10.632280000000002,17.447333333333333
25.259345,54.60568,25.2842,54.6704,10.372879999999999,16.331833333333332
25.221793,54.734331,25.2842,54.6704,10.01884,18.432333333333336
25.286112,54.694449,25.2842,54.6704,4.13263,9.078
25.277352,54.682836,25.2842,54.6704,2.13519,4.2435
25.277352,54.682836,25.2842,54.6704,2.13519,4.2435
25.27702,54.675695,25.2842,54.6704,0.91388,2.559166666666667
25.205197,54.673747,25.2842,54.6704,6.78167,13.0995
25.429167,54.69868,25.2842,54.6704,11.3876,20.556333333333335
25.26785,54.681629,25.2842,54.6704,2.01263,3.9131666666666667
25.26785,54.681629,25.2842,54.6704,2.01263,3.9131666666666667
25.264703,54.679138,25.2842,54.6704,2.4706599999999996,5.254499999999999
25.253841,54.669845,25.2842,54.6704,2.70612,6.861833333333333
25.246392,54.711868,25.2842,54.6704,6.50996,12.588833333333334
25.230168,54.719484,25.2842,54.6704,8.32838,14.970666666666666
25.203921,54.718616,25.2842,54.6704,9.64542,21.22683333333333
25.220609,54.72838,25.2842,54.6704,9.961030000000001,17.959
25.270984,54.682684,25.2842,54.6704,2.02443,3.9776666666666665
25.293003,54.678237,25.2842,54.6704,2.23446,5.623500000000001
25.204721,54.679138,25.2842,54.6704,6.59881,12.242166666666666
25.28168,54.68087,25.2842,54.6704,2.57345,6.123333333333333
25.293993,54.704553,25.2842,54.6704,5.529100000000001,11.606333333333334
25.294238,54.676801,25.2842,54.6704,1.3470799999999998,4.323666666666667
25.26269,54.682542,25.2842,54.6704,2.46583,4.992333333333334
25.27702,54.675695,25.2842,54.6704,0.91388,2.559166666666667
25.27702,54.675695,25.2842,54.6704,0.91388,2.559166666666667
25.271557,54.659942,25.2842,54.6704,1.8451199999999999,4.330666666666667
25.297238,54.680824,25.2842,54.6704,2.94468,8.073500000000001
25.297238,54.680824,25.2842,54.6704,2.94468,8.073500000000001
25.297238,54.680824,25.2842,54.6704,2.94468,8.073500000000001
25.297238,54.680824,25.2842,54.6704,2.94468,8.073500000000001
25.297238,54.680824,25.2842,54.6704,2.94468,8.073500000000001
25.297238,54.680824,25.2842,54.6704,2.94468,8.073500000000001
25.280077,54.706114,25.2842,54.6704,5.342560000000001,11.742833333333333
25.246893,54.669956,25.2842,54.6704,2.95342,6.777333333333333
25.267288,54.674236,25.2842,54.6704,1.84296,4.470833333333333
25.283092,54.679923,25.2842,54.6704,2.71776,6.700666666666667
25.163368,54.704867,25.2842,54.6704,11.210139999999999,20.419333333333334
25.176378,54.715913,25.2842,54.6704,12.01444,21.050833333333333
25.283905,54.712915,25.2842,54.6704,6.0670399999999995,14.315333333333333
25.248863,54.699099,25.2842,54.6704,4.90845,9.905166666666666
25.284838,54.676755,25.2842,54.6704,1.14103,4.112666666666667
25.23347,54.67438,25.2842,54.6704,4.641649999999999,11.073166666666667
25.223195,54.738766,25.2842,54.6704,10.20205,19.47533333333333
25.25402,54.702194,25.2842,54.6704,5.5226999999999995,10.7875
25.267781,54.671687,25.2842,54.6704,1.25374,3.3516666666666666
25.317149,54.675538,25.2842,54.6704,2.8720100000000004,6.4585
25.225337,54.706865,25.2842,54.6704,7.67596,15.270666666666667
25.094456,54.66919,25.2842,54.6704,15.09156,21.022666666666666
25.267814,54.671349,25.2842,54.6704,1.26362,3.3685
25.290967,54.666249,25.2842,54.6704,1.72376,5.131333333333333
25.279489,54.684957,25.2842,54.6704,3.82336,8.482000000000001
25.276251,54.702299,25.2842,54.6704,5.34416,11.603166666666668
25.297939,54.72154,25.2842,54.6704,7.44564,16.584166666666665
25.297939,54.72154,25.2842,54.6704,7.44564,16.584166666666665
25.297939,54.72154,25.2842,54.6704,7.44564,16.584166666666665
25.297939,54.72154,25.2842,54.6704,7.44564,16.584166666666665
25.297939,54.72154,25.2842,54.6704,7.44564,16.584166666666665
25.297939,54.72154,25.2842,54.6704,7.44564,16.584166666666665
25.297939,54.72154,25.2842,54.6704,7.44564,16.584166666666665
25.297939,54.72154,25.2842,54.6704,7.44564,16.584166666666665
25.297939,54.72154,25.2842,54.6704,7.44564,16.584166666666665
25.297939,54.72154,25.2842,54.6704,7.44564,16.584166666666665
25.297939,54.72154,25.2842,54.6704,7.44564,16.584166666666665
25.297939,54.72154,25.2842,54.6704,7.44564,16.584166666666665
25.297939,54.72154,25.2842,54.6704,7.44564,16.584166666666665
25.297939,54.72154,25.2842,54.6704,7.44564,16.584166666666665
25.25478,54.669718,25.2842,54.6704,2.83614,7.382000000000001
25.242903,54.728128,25.2842,54.6704,8.357899999999999,17.532
25.316227,54.681794,25.2842,54.6704,2.99763,7.633833333333333
25.425725,54.689249,25.2842,54.6704,10.87458,18.898500000000002
25.260995,54.610029,25.2842,54.6704,10.94679,17.756500000000003
25.220489,54.695276,25.2842,54.6704,7.035010000000001,13.979000000000001
25.273365,54.740546,25.2842,54.6704,9.97091,17.7345
25.20328,54.708941,25.2842,54.6704,8.65234,17.729833333333332
25.215903,54.732399,25.2842,54.6704,10.280209999999999,19.3205
25.221867,54.719231,25.2842,54.6704,8.83558,16.0365
25.285644,54.713088,25.2842,54.6704,5.96245,13.627333333333333
25.253948,54.73968,25.2842,54.6704,10.03373,19.320333333333334
25.283844,54.683946,25.2842,54.6704,4.01291,9.005666666666666
25.28109,54.719572,25.2842,54.6704,6.95101,16.402666666666665
25.275263,54.701861,25.2842,54.6704,5.07907,11.076833333333333
25.306401,54.696552,25.2842,54.6704,4.74537,11.290666666666668
25.255551,54.630742,25.2842,54.6704,5.2372,12.251
25.300391,54.678996,25.2842,54.6704,2.50746,6.7155000000000005
25.300391,54.678996,25.2842,54.6704,2.50746,6.7155000000000005
25.263123,54.683748,25.2842,54.6704,2.61779,5.293833333333334
25.263123,54.683748,25.2842,54.6704,2.61779,5.293833333333334
25.263123,54.683748,25.2842,54.6704,2.61779,5.293833333333334
25.263123,54.683748,25.2842,54.6704,2.61779,5.293833333333334
25.263123,54.683748,25.2842,54.6704,2.61779,5.293833333333334
25.263123,54.683748,25.2842,54.6704,2.61779,5.293833333333334
25.263123,54.683748,25.2842,54.6704,2.61779,5.293833333333334
25.263123,54.683748,25.2842,54.6704,2.61779,5.293833333333334
25.263123,54.683748,25.2842,54.6704,2.61779,5.293833333333334
25.263123,54.683748,25.2842,54.6704,2.61779,5.293833333333334
25.263123,54.683748,25.2842,54.6704,2.61779,5.293833333333334
25.234285,54.674768,25.2842,54.6704,4.60445,10.9245
25.29082,54.683739,25.2842,54.6704,2.86659,7.547
25.253948,54.73968,25.2842,54.6704,10.03373,19.320333333333334
25.280442,54.712762,25.2842,54.6704,6.654100000000001,15.247666666666667
25.28937,54.681694,25.2842,54.6704,2.6652199999999997,7.023833333333333
25.40083,54.692489,25.2842,54.6704,9.35875,15.434833333333334
25.278495,54.679861,25.2842,54.6704,1.59809,5.0233333333333325
25.285354,54.673462,25.2842,54.6704,0.71502,2.011833333333333
25.19385,54.659512,25.2842,54.6704,7.7809099999999995,16.0865
25.281782,54.690531,25.2842,54.6704,3.50739,6.9175
25.281782,54.690531,25.2842,54.6704,3.50739,6.9175
25.297038,54.698147,25.2842,54.6704,5.95465,12.191166666666668
25.312947,54.712566,25.2842,54.6704,6.49592,12.743666666666666
25.425085,54.688698,25.2842,54.6704,11.271180000000001,19.049500000000002
25.390725,54.710092,25.2842,54.6704,9.40082,17.339499999999997
25.317147,54.717395,25.2842,54.6704,7.005649999999999,13.514666666666667
25.303169,54.68126,25.2842,54.6704,3.24368,8.267999999999999
25.285354,54.673462,25.2842,54.6704,0.71502,2.011833333333333
25.316215,54.706428,25.2842,54.6704,6.315939999999999,13.094333333333333
25.316544,54.675397,25.2842,54.6704,2.8215700000000004,6.285
25.269804,54.658958,25.2842,54.6704,2.03186,5.026666666666667
25.218058,54.73194,25.2842,54.6704,10.13301,18.437333333333335
25.297302,54.722203,25.2842,54.6704,7.37301,16.293666666666667
25.292658,54.675065,25.2842,54.6704,1.06428,3.072166666666667
25.292658,54.675065,25.2842,54.6704,1.06428,3.072166666666667
25.292658,54.675065,25.2842,54.6704,1.06428,3.072166666666667
25.288891,54.681538,25.2842,54.6704,1.7922,7.436833333333333
25.302002,54.726132,25.2842,54.6704,8.37225,17.947499999999998
25.265631,54.72837,25.2842,54.6704,7.99314,15.496666666666666
25.25263,54.702166,25.2842,54.6704,5.54899,10.8505
25.344468,54.666347,25.2842,54.6704,5.278560000000001,10.052833333333332
25.344468,54.666347,25.2842,54.6704,5.278560000000001,10.052833333333332
25.2668,54.68265,25.2842,54.6704,2.1422399999999997,4.389166666666667
25.282427,54.680576,25.2842,54.6704,2.63293,6.3613333333333335
25.31034,54.70754,25.2842,54.6704,5.87524,11.758166666666666
25.27871,54.681492,25.2842,54.6704,2.33702,4.999
25.280671,54.673085,25.2842,54.6704,0.83075,3.4836666666666667
25.276086,54.727496,25.2842,54.6704,9.31238,16.722166666666666
25.287895,54.698334,25.2842,54.6704,4.7766,10.361166666666666
25.250994,54.677096,25.2842,54.6704,3.0451599999999996,7.910166666666667
25.232229,54.733803,25.2842,54.6704,9.20819,17.443499999999997
25.28168,54.68087,25.2842,54.6704,2.57345,6.123333333333333
25.214746,54.71836,25.2842,54.6704,9.02786,16.48
25.261608,54.642764,25.2842,54.6704,3.9127899999999998,9.221
25.265958,54.739974,25.2842,54.6704,9.59316,16.948166666666665
25.304595,54.676207,25.2842,54.6704,1.8243699999999998,4.635166666666667
25.32139,54.72321,25.2842,54.6704,7.92305,15.139833333333334
25.22541,54.717404,25.2842,54.6704,8.46865,15.604666666666667
25.210939,54.718504,25.2842,54.6704,9.15875,16.971333333333334
25.280002,54.661689,25.2842,54.6704,2.12141,5.558833333333333
25.312586,54.708986,25.2842,54.6704,6.02212,12.0635
25.312586,54.708986,25.2842,54.6704,6.02212,12.0635
25.312586,54.708986,25.2842,54.6704,6.02212,12.0635
25.312586,54.708986,25.2842,54.6704,6.02212,12.0635
25.307014,54.678207,25.2842,54.6704,2.2181599999999997,5.6915000000000004
25.286089,54.674812,25.2842,54.6704,0.9432699999999999,2.878
25.30039,54.704701,25.2842,54.6704,6.05018,12.681000000000001
25.2184,54.716557,25.2842,54.6704,8.66866,16.0165
25.30449,54.681404,25.2842,54.6704,3.14367,7.814666666666667
25.221886,54.738302,25.2842,54.6704,10.07997,19.109166666666667
25.284395,54.712,25.2842,54.6704,6.08658,14.320166666666667
25.378973,54.692531,25.2842,54.6704,9.867899999999999,16.081
25.291691,54.707993,25.2842,54.6704,5.78368,12.4375
25.19924,54.645144,25.2842,54.6704,7.35565,13.785
25.29016,54.683104,25.2842,54.6704,2.89513,7.587833333333333
25.210095,54.681796,25.2842,54.6704,6.56684,12.676166666666667
25.220585,54.710172,25.2842,54.6704,8.65591,15.908999999999999
25.21684,54.705749,25.2842,54.6704,8.40199,16.583000000000002
25.168734,54.67079,25.2842,54.6704,8.96064,15.511166666666666
25.282419,54.713136,25.2842,54.6704,6.18963,14.536
25.26583,54.673868,25.2842,54.6704,1.87828,4.579
25.168734,54.67079,25.2842,54.6704,8.96064,15.511166666666666
25.212067,54.666885,25.2842,54.6704,7.11492,13.911166666666666
25.297302,54.722203,25.2842,54.6704,7.37301,16.293666666666667
25.283757,54.713416,25.2842,54.6704,6.2078299999999995,14.608666666666666
25.31999,54.711739,25.2842,54.6704,6.71125,13.364
25.418568,54.694299,25.2842,54.6704,10.09904,16.475166666666667
25.231811,54.733288,25.2842,54.6704,9.2842,17.7475
25.231811,54.733288,25.2842,54.6704,9.2842,17.7475
25.231811,54.733288,25.2842,54.6704,9.2842,17.7475
25.231811,54.733288,25.2842,54.6704,9.2842,17.7475
25.231811,54.733288,25.2842,54.6704,9.2842,17.7475
25.231811,54.733288,25.2842,54.6704,9.2842,17.7475
25.231811,54.733288,25.2842,54.6704,9.2842,17.7475
25.231811,54.733288,25.2842,54.6704,9.2842,17.7475
25.231811,54.733288,25.2842,54.6704,9.2842,17.7475
25.231811,54.733288,25.2842,54.6704,9.2842,17.7475
25.231811,54.733288,25.2842,54.6704,9.2842,17.7475
25.191114,54.754266,25.2842,54.6704,15.04185,28.2025
25.19924,54.645144,25.2842,54.6704,7.35565,13.785
25.263342,54.692096,25.2842,54.6704,3.77654,7.5405
25.274853,54.712128,25.2842,54.6704,7.25188,14.619333333333334
25.19922,54.647668,25.2842,54.6704,7.55399,14.889000000000001
25.212526,54.698676,25.2842,54.6704,7.4075500000000005,14.693000000000001
25.418568,54.694299,25.2842,54.6704,10.09904,16.475166666666667
25.095033,54.666756,25.2842,54.6704,15.16399,21.151
25.395612,54.711193,25.2842,54.6704,9.74373,18.711833333333335
25.27677,54.702298,25.2842,54.6704,4.89269,11.133833333333333
25.218489,54.720767,25.2842,54.6704,9.10527,17.10183333333333
25.40932,54.68882,25.2842,54.6704,10.10813,17.1375
25.316896,54.677245,25.2842,54.6704,2.58463,6.397833333333334
25.280707,54.676367,25.2842,54.6704,1.53489,4.038
25.091746,54.669545,25.2842,54.6704,15.473450000000001,22.176
25.228746,54.721298,25.2842,54.6704,8.5315,15.535
25.295876,54.693449,25.2842,54.6704,4.7975900000000005,10.609333333333332
25.234984,54.726463,25.2842,54.6704,8.450709999999999,15.470333333333334
25.246029,54.674181,25.2842,54.6704,3.34069,8.697666666666667
25.27702,54.675695,25.2842,54.6704,0.91388,2.559166666666667
25.27671,54.677265,25.2842,54.6704,1.09051,2.9829999999999997
25.250953,54.701196,25.2842,54.6704,5.784979999999999,11.534833333333333
25.215826,54.720613,25.2842,54.6704,9.31211,16.87066666666667
25.279816,54.671688,25.2842,54.6704,0.54306,1.7913333333333334
25.210448,54.67335,25.2842,54.6704,6.52247,13.069166666666666
25.289029,54.676399,25.2842,54.6704,1.5566099999999998,6.221500000000001
25.282698,54.672476,25.2842,54.6704,0.32948,1.2746666666666668
25.305124,54.676143,25.2842,54.6704,1.82486,4.6370000000000005
25.192139,54.661182,25.2842,54.6704,7.42108,13.946333333333333
25.248348,54.697013,25.2842,54.6704,4.89196,9.728833333333334
25.287288,54.674281,25.2842,54.6704,0.89927,2.5606666666666666
25.28051,54.677085,25.2842,54.6704,1.4278,3.805
25.275795,54.680279,25.2842,54.6704,1.88951,3.7849999999999997
25.391359,54.709976,25.2842,54.6704,9.451270000000001,17.541999999999998
25.391359,54.709976,25.2842,54.6704,9.451270000000001,17.541999999999998
25.217262,54.712749,25.2842,54.6704,8.67222,16.958000000000002
25.391831,54.710559,25.2842,54.6704,9.48499,17.67683333333333
25.288818,54.715776,25.2842,54.6704,6.677449999999999,15.4835
25.288405,54.68012,25.2842,54.6704,1.62133,6.5735
25.264342,54.677051,25.2842,54.6704,1.99607,5.3875
25.301399,54.682373,25.2842,54.6704,3.61745,8.725833333333332
25.242764,54.718167,25.2842,54.6704,7.34992,14.362833333333333
25.275057,54.663344,25.2842,54.6704,1.45514,3.4665000000000004
25.29082,54.683739,25.2842,54.6704,2.86659,7.547
25.25904,54.757779,25.2842,54.6704,11.71898,19.441333333333333
25.274011,54.689976,25.2842,54.6704,3.1509099999999997,6.235333333333333
25.283502,54.674812,25.2842,54.6704,0.60577,1.8423333333333334
25.274378,54.741092,25.2842,54.6704,9.97619,17.746166666666667
25.284102,54.677292,25.2842,54.6704,1.24553,4.7396666666666665
25.214749,54.664796,25.2842,54.6704,7.01102,13.368833333333333
25.214749,54.664796,25.2842,54.6704,7.01102,13.368833333333333
25.214749,54.664796,25.2842,54.6704,7.01102,13.368833333333333
25.214749,54.664796,25.2842,54.6704,7.01102,13.368833333333333
25.214749,54.664796,25.2842,54.6704,7.01102,13.368833333333333
25.214749,54.664796,25.2842,54.6704,7.01102,13.368833333333333
25.214749,54.664796,25.2842,54.6704,7.01102,13.368833333333333
25.258883,54.672938,25.2842,54.6704,2.15569,5.918166666666666
25.280093,54.672237,25.2842,54.6704,0.49515,1.7803333333333333
25.299096,54.723161,25.2842,54.6704,8.3779,17.080499999999997
25.310612,54.704198,25.2842,54.6704,5.43424,10.820166666666667
25.283876,54.710251,25.2842,54.6704,5.724189999999999,12.955833333333334
25.3212,54.712814,25.2842,54.6704,6.94177,14.018333333333334
25.282012,54.660999,25.2842,54.6704,2.15704,5.739999999999999
25.273651,54.697696,25.2842,54.6704,4.71083,10.171333333333333
25.240295,54.73654,25.2842,54.6704,9.75471,17.9895
25.271503,54.682264,25.2842,54.6704,2.0349,4.048166666666666
25.270472,54.687484,25.2842,54.6704,2.53231,4.909666666666666
25.376965,54.694597,25.2842,54.6704,7.32904,12.872166666666667
25.264483,54.69237,25.2842,54.6704,3.45527,6.881
25.289619,54.674009,25.2842,54.6704,0.8121499999999999,2.397
25.203209,54.718814,25.2842,54.6704,9.78783,18.157
25.21732,54.7206,25.2842,54.6704,9.39767,17.268833333333337
25.28003,54.702816,25.2842,54.6704,5.01775,11.004999999999999
25.275795,54.680279,25.2842,54.6704,1.88951,3.7849999999999997
25.314616,54.678211,25.2842,54.6704,2.39173,5.534666666666666
25.248458,54.674068,25.2842,54.6704,2.87088,7.2895
25.225981,54.698713,25.2842,54.6704,7.03316,14.581166666666666
25.213379,54.731072,25.2842,54.6704,10.27333,18.956333333333337
25.357013,54.654815,25.2842,54.6704,6.353680000000001,12.9045
25.357013,54.654815,25.2842,54.6704,6.353680000000001,12.9045
25.20369,54.68923,25.2842,54.6704,7.581989999999999,13.632
25.214746,54.71836,25.2842,54.6704,9.02786,16.48
25.210426,54.690778,25.2842,54.6704,7.48864,13.722000000000001
25.291322,54.716499,25.2842,54.6704,6.52475,15.029666666666666
25.289872,54.672233,25.2842,54.6704,0.58945,1.8826666666666665
25.29957,54.681024,25.2842,54.6704,3.0958200000000002,8.677
25.287506,54.717581,25.2842,54.6704,6.937939999999999,15.923833333333333
25.258501,54.674365,25.2842,54.6704,2.27096,6.424833333333334
25.2599,54.69037,25.2842,54.6704,3.41705,6.959666666666666
25.273717,54.701612,25.2842,54.6704,5.1512,11.509500000000001
25.397936,54.70207,25.2842,54.6704,10.123479999999999,16.94033333333333
25.29082,54.683739,25.2842,54.6704,2.86659,7.547
25.291033,54.676453,25.2842,54.6704,1.68603,6.712999999999999
25.22777,54.71849,25.2842,54.6704,8.58583,15.786166666666666
25.289979,54.681081,25.2842,54.6704,2.56824,6.635833333333333
25.296482,54.720077,25.2842,54.6704,7.02072,15.297166666666667
25.24821,54.691987,25.2842,54.6704,4.38475,9.145000000000001
25.336995,54.729879,25.2842,54.6704,9.5576,18.83216666666667
25.336995,54.729879,25.2842,54.6704,9.5576,18.83216666666667
25.43004,54.693492,25.2842,54.6704,10.95051,18.116666666666667
25.318217,54.71786,25.2842,54.6704,7.38608,14.338666666666667
25.19924,54.645144,25.2842,54.6704,7.35565,13.785
25.336193,54.761402,25.2842,54.6704,17.35961,29.246333333333332
25.336193,54.761402,25.2842,54.6704,17.35961,29.246333333333332
25.336193,54.761402,25.2842,54.6704,17.35961,29.246333333333332
25.336193,54.761402,25.2842,54.6704,17.35961,29.246333333333332
25.336193,54.761402,25.2842,54.6704,17.35961,29.246333333333332
25.336193,54.761402,25.2842,54.6704,17.35961,29.246333333333332
25.336193,54.761402,25.2842,54.6704,17.35961,29.246333333333332
25.336193,54.761402,25.2842,54.6704,17.35961,29.246333333333332
25.336193,54.761402,25.2842,54.6704,17.35961,29.246333333333332
25.336193,54.761402,25.2842,54.6704,17.35961,29.246333333333332
25.336193,54.761402,25.2842,54.6704,17.35961,29.246333333333332
25.336193,54.761402,25.2842,54.6704,17.35961,29.246333333333332
25.336193,54.761402,25.2842,54.6704,17.35961,29.246333333333332
25.336193,54.761402,25.2842,54.6704,17.35961,29.246333333333332
25.336193,54.761402,25.2842,54.6704,17.35961,29.246333333333332
25.336193,54.761402,25.2842,54.6704,17.35961,29.246333333333332
25.336193,54.761402,25.2842,54.6704,17.35961,29.246333333333332
25.336193,54.761402,25.2842,54.6704,17.35961,29.246333333333332
25.336193,54.761402,25.2842,54.6704,17.35961,29.246333333333332
25.273717,54.701612,25.2842,54.6704,5.1512,11.509500000000001
25.216535,54.73856,25.2842,54.6704,11.12776,20.908833333333334
25.273066,54.676067,25.2842,54.6704,1.2451400000000001,2.8361666666666663
25.267814,54.671349,25.2842,54.6704,1.26362,3.3685
25.271156,54.740008,25.2842,54.6704,9.79472,17.576666666666664
25.285354,54.673462,25.2842,54.6704,0.71502,2.011833333333333
25.285354,54.673462,25.2842,54.6704,0.71502,2.011833333333333
25.253325,54.697456,25.2842,54.6704,4.484859999999999,9.016
25.308382,54.712698,25.2842,54.6704,7.1069700000000005,14.5025
25.280721,54.677804,25.2842,54.6704,1.4128,5.595666666666667
25.217111,54.739098,25.2842,54.6704,11.18158,21.139
25.258501,54.674365,25.2842,54.6704,2.27096,6.424833333333334
25.224996,54.696651,25.2842,54.6704,7.01074,14.595
25.276306,54.689888,25.2842,54.6704,3.03849,6.0875
25.425583,54.684393,25.2842,54.6704,11.10484,18.196
25.28384,54.688147,25.2842,54.6704,3.71313,7.808666666666666
25.177411,54.713819,25.2842,54.6704,10.1699,20.233999999999998
25.176264,54.709706,25.2842,54.6704,9.92176,19.671499999999998
25.218183,54.702075,25.2842,54.6704,7.30188,15.2765
25.173846,54.704652,25.2842,54.6704,10.74874,18.083666666666666
25.234115,54.732018,25.2842,54.6704,8.87783,16.636166666666664
25.312301,54.671512,25.2842,54.6704,3.03123,8.088666666666667
25.419712,54.687144,25.2842,54.6704,10.89838,18.124000000000002
25.30468,54.679111,25.2842,54.6704,2.429,6.959833333333333
25.212813,54.711611,25.2842,54.6704,8.761040000000001,16.883666666666667
25.230967,54.716036,25.2842,54.6704,7.77082,13.815833333333334
25.208375,54.675765,25.2842,54.6704,6.37688,12.681166666666666
25.29896,54.720673,25.2842,54.6704,7.220470000000001,15.815166666666666
25.272327,54.70829,25.2842,54.6704,5.86352,12.549833333333334
25.289331,54.66468,25.2842,54.6704,2.01195,5.489
25.226092,54.694364,25.2842,54.6704,8.72359,15.607666666666667
25.267796,54.675255,25.2842,54.6704,1.75176,4.325833333333334
25.247569,54.721189,25.2842,54.6704,7.62504,14.758166666666666
25.282143,54.69283,25.2842,54.6704,3.8129,8.349833333333333
25.27212,54.739687,25.2842,54.6704,9.740920000000001,17.318833333333334
25.318304,54.712115,25.2842,54.6704,6.590199999999999,12.920166666666667
25.275827,54.696402,25.2842,54.6704,4.34112,9.196
25.303413,54.677751,25.2842,54.6704,2.2879099999999997,6.195333333333334
25.289406,54.717109,25.2842,54.6704,6.6898599999999995,15.900166666666667
25.215944,54.701856,25.2842,54.6704,7.22738,15.017166666666666
25.094359,54.672105,25.2842,54.6704,15.59724,22.479833333333332
25.230754,54.712376,25.2842,54.6704,8.31888,15.1465
25.258872,54.678795,25.2842,54.6704,2.71845,5.874666666666667
25.218183,54.702075,25.2842,54.6704,7.30188,15.2765
25.217083,54.712214,25.2842,54.6704,8.65898,16.904999999999998
25.239781,54.718981,25.2842,54.6704,8.274629999999998,16.292333333333332
25.277296,54.7015,25.2842,54.6704,4.80738,10.929166666666667
25.272052,54.68081,25.2842,54.6704,1.7761099999999999,3.6093333333333333
25.165242,54.713285,25.2842,54.6704,12.983469999999999,23.124000000000002
25.165242,54.713285,25.2842,54.6704,12.983469999999999,23.124000000000002
25.165242,54.713285,25.2842,54.6704,12.983469999999999,23.124000000000002
25.165242,54.713285,25.2842,54.6704,12.983469999999999,23.124000000000002
25.165242,54.713285,25.2842,54.6704,12.983469999999999,23.124000000000002
25.165242,54.713285,25.2842,54.6704,12.983469999999999,23.124000000000002
25.165242,54.713285,25.2842,54.6704,12.983469999999999,23.124000000000002
25.165242,54.713285,25.2842,54.6704,12.983469999999999,23.124000000000002
25.165242,54.713285,25.2842,54.6704,12.983469999999999,23.124000000000002
25.165242,54.713285,25.2842,54.6704,12.983469999999999,23.124000000000002
25.272707,54.680872,25.2842,54.6704,1.6756600000000001,3.3233333333333333
25.309383,54.682683,25.2842,54.6704,2.8556399999999997,7.1105
25.369454,54.720045,25.2842,54.6704,9.42691,22.493333333333332
25.293714,54.694706,25.2842,54.6704,4.6968000000000005,10.829833333333333
25.291914,54.674215,25.2842,54.6704,0.95859,2.8001666666666667
25.319422,54.677381,25.2842,54.6704,2.76805,7.053333333333333
25.319422,54.677381,25.2842,54.6704,2.76805,7.053333333333333
25.266067,54.678944,25.2842,54.6704,2.39046,4.933666666666666
25.244372,54.717176,25.2842,54.6704,7.3146,14.304499999999999
25.2287,54.726878,25.2842,54.6704,9.50124,17.925333333333334
25.276626,54.676709,25.2842,54.6704,1.02929,2.8361666666666663
25.272141,54.744994,25.2842,54.6704,10.44086,18.9615
25.30377,54.666765,25.2842,54.6704,1.9482300000000001,4.333833333333333
25.30377,54.666765,25.2842,54.6704,1.9482300000000001,4.333833333333333
25.414512,54.688452,25.2842,54.6704,10.24106,16.811833333333333
25.093443,54.671635,25.2842,54.6704,15.62729,22.6135
25.261077,54.678571,25.2842,54.6704,2.71156,6.218
25.283563,54.67663,25.2842,54.6704,1.1427,4.0045
25.304247,54.681494,25.2842,54.6704,3.1585799999999997,7.874333333333333
25.275827,54.696402,25.2842,54.6704,4.34112,9.196
25.27566,54.671443,25.2842,54.6704,0.87678,2.3306666666666667
25.272776,54.663503,25.2842,54.6704,1.96173,5.182666666666666
25.23099,54.715363,25.2842,54.6704,7.75881,14.292833333333334
25.23099,54.715363,25.2842,54.6704,7.75881,14.292833333333334
25.23099,54.715363,25.2842,54.6704,7.75881,14.292833333333334
25.23099,54.715363,25.2842,54.6704,7.75881,14.292833333333334
25.23099,54.715363,25.2842,54.6704,7.75881,14.292833333333334
25.23099,54.715363,25.2842,54.6704,7.75881,14.292833333333334
25.259166,54.657314,25.2842,54.6704,3.54536,8.002
25.300235,54.700086,25.2842,54.6704,5.24465,11.7035
25.32327,54.734083,25.2842,54.6704,9.506350000000001,18.6995
25.294772,54.73408,25.2842,54.6704,9.982280000000001,19.613833333333332
25.266198,54.682573,25.2842,54.6704,2.18822,4.528333333333333
25.272696,54.670873,25.2842,54.6704,1.06213,3.0465
25.258842,54.675051,25.2842,54.6704,2.3420300000000003,6.7091666666666665
25.187182,54.711039,25.2842,54.6704,9.7316,19.423833333333334
25.368043,54.725525,25.2842,54.6704,9.8074,23.812666666666665
25.303413,54.677751,25.2842,54.6704,2.2879099999999997,6.195333333333334
25.303413,54.677751,25.2842,54.6704,2.2879099999999997,6.195333333333334
25.297388,54.679995,25.2842,54.6704,2.45242,6.740666666666667
25.312037,54.674886,25.2842,54.6704,2.52593,5.640333333333333
25.275322,54.680412,25.2842,54.6704,1.85652,3.719
25.348619,54.798727,25.2842,54.6704,19.427509999999998,30.92866666666667
25.16365,54.708634,25.2842,54.6704,12.160200000000001,20.984333333333332
25.21251,54.700989,25.2842,54.6704,7.70305,15.444333333333333
25.28074,54.658728,25.2842,54.6704,2.3476399999999997,6.231333333333334
25.27665,54.676012,25.2842,54.6704,1.0164,2.8271666666666664
25.184398,54.658914,25.2842,54.6704,8.190109999999999,16.92866666666667
25.184398,54.658914,25.2842,54.6704,8.190109999999999,16.92866666666667
25.293482,54.676252,25.2842,54.6704,1.30935,4.173666666666667
25.248162,54.698887,25.2842,54.6704,4.89538,9.9155
25.25395,54.681236,25.2842,54.6704,3.1713400000000003,6.818833333333333
25.302307,54.739693,25.2842,54.6704,10.13251,20.191166666666668
25.243758,54.6987,25.2842,54.6704,5.122439999999999,10.541
25.29494,54.673607,25.2842,54.6704,1.26949,3.743666666666667
25.224099,54.733836,25.2842,54.6704,9.68423,18.76833333333333
25.320748,54.720184,25.2842,54.6704,7.5077799999999995,14.8255
25.28937,54.681694,25.2842,54.6704,2.6652199999999997,7.023833333333333
25.226605,54.736735,25.2842,54.6704,9.980649999999999,18.641666666666666
25.238872,54.716279,25.2842,54.6704,7.42219,14.965166666666667
25.218183,54.702075,25.2842,54.6704,7.30188,15.2765
25.259166,54.657314,25.2842,54.6704,3.54536,8.002
25.301617,54.679381,25.2842,54.6704,2.5909299999999997,7.049333333333333
25.27737,54.687383,25.2842,54.6704,2.9479,5.833666666666667
25.252232,54.653129,25.2842,54.6704,4.4080900000000005,11.453
25.265578,54.677406,25.2842,54.6704,2.01997,5.4830000000000005
25.28298,54.672908,25.2842,54.6704,0.38073,1.3515000000000001
25.29184,54.716837,25.2842,54.6704,6.55459,15.208666666666666
25.296914,54.694241,25.2842,54.6704,4.71273,10.441666666666666
25.275604,54.710746,25.2842,54.6704,6.404109999999999,14.223166666666666
25.194191,54.659794,25.2842,54.6704,7.75157,15.969166666666666
25.307949,54.703469,25.2842,54.6704,5.49535,11.979833333333334
25.282427,54.683549,25.2842,54.6704,2.7653499999999998,7.568833333333333
25.259926,54.675006,25.2842,54.6704,2.3025300000000004,6.592833333333333
25.288976,54.675257,25.2842,54.6704,1.66279,6.634666666666666
25.206511,54.675673,25.2842,54.6704,6.4336,12.253166666666667
25.306424,54.713925,25.2842,54.6704,6.93726,14.002166666666666
25.23386,54.673057,25.2842,54.6704,4.464390000000001,10.291500000000001
25.256402,54.658098,25.2842,54.6704,3.6293200000000003,8.337833333333332
25.30728,54.682365,25.2842,54.6704,2.9632899999999998,7.306333333333333
25.30955,54.68365,25.2842,54.6704,2.96821,7.777166666666667
25.2606,54.690062,25.2842,54.6704,3.47416,7.234166666666667
25.257314,54.673255,25.2842,54.6704,2.29842,6.489166666666667
25.243755,54.674644,25.2842,54.6704,3.59597,8.739166666666668
25.321667,54.726541,25.2842,54.6704,8.21421,16.3735
25.321667,54.726541,25.2842,54.6704,8.21421,16.3735
25.246583,54.675036,25.2842,54.6704,3.03504,7.9046666666666665
25.253948,54.73968,25.2842,54.6704,10.03373,19.320333333333334
25.336445,54.763176,25.2842,54.6704,17.10709,28.476999999999997
25.278945,54.680022,25.2842,54.6704,1.82308,5.813
25.306149,54.696375,25.2842,54.6704,4.758649999999999,11.343666666666667
25.244259,54.673239,25.2842,54.6704,3.5574,8.2425
25.282188,54.720355,25.2842,54.6704,7.04082,16.46816666666667
25.24339,54.71113,25.2842,54.6704,7.48284,14.458833333333333
25.262933,54.683635,25.2842,54.6704,2.63136,5.348166666666667
25.30419,54.71722,25.2842,54.6704,7.33699,15.050333333333333
25.277814,54.634542,25.2842,54.6704,4.89993,11.193166666666666
25.201137,54.675606,25.2842,54.6704,7.20442,13.1705
25.28111,54.672397,25.2842,54.6704,0.47766000000000003,1.833
25.28111,54.672397,25.2842,54.6704,0.47766000000000003,1.833
25.28111,54.672397,25.2842,54.6704,0.47766000000000003,1.833
25.28111,54.672397,25.2842,54.6704,0.47766000000000003,1.833
25.28111,54.672397,25.2842,54.6704,0.47766000000000003,1.833
25.307014,54.678207,25.2842,54.6704,2.2181599999999997,5.6915000000000004
25.1756,54.70894,25.2842,54.6704,11.15033,18.650666666666666
25.183205,54.713536,25.2842,54.6704,9.958260000000001,19.697166666666664
25.306846,54.692943,25.2842,54.6704,4.379569999999999,9.673499999999999
25.283924,54.676136,25.2842,54.6704,1.75806,4.667166666666666
25.307978,54.702216,25.2842,54.6704,5.58611,12.252166666666666
25.29806,54.717621,25.2842,54.6704,7.01616,15.66
25.2745,54.668792,25.2842,54.6704,0.85745,1.8708333333333333
25.288025,54.724173,25.2842,54.6704,7.35813,17.199333333333335
25.27931,54.661747,25.2842,54.6704,2.13661,5.561833333333333
25.287506,54.717581,25.2842,54.6704,6.937939999999999,15.923833333333333
25.283489,54.696196,25.2842,54.6704,4.1309499999999995,9.197333333333335
25.317504,54.676134,25.2842,54.6704,2.96612,6.835
25.255916,54.697476,25.2842,54.6704,4.46132,9.338833333333334
25.260323,54.696307,25.2842,54.6704,4.9636700000000005,10.364833333333333
25.093226,54.67275,25.2842,54.6704,15.50426,22.171833333333332
25.399701,54.700842,25.2842,54.6704,10.05247,16.820666666666668
25.314959,54.699568,25.2842,54.6704,5.218859999999999,10.941
25.267716,54.731555,25.2842,54.6704,8.974860000000001,15.942333333333332
25.299096,54.723161,25.2842,54.6704,8.3779,17.080499999999997
25.27948,54.684957,25.2842,54.6704,3.82394,8.483666666666666
25.298279,54.701044,25.2842,54.6704,5.69413,12.809500000000002
25.170716,54.708656,25.2842,54.6704,11.7814,20.133333333333333
25.231168,54.721201,25.2842,54.6704,8.44088,15.547
25.261806,54.682804,25.2842,54.6704,2.632,5.516333333333334
25.21137,54.723796,25.2842,54.6704,9.76057,18.286333333333335
25.27842,54.732336,25.2842,54.6704,9.22418,17.398333333333333
25.280002,54.661689,25.2842,54.6704,2.12141,5.558833333333333
25.28487,54.716418,25.2842,54.6704,7.60038,14.679833333333333
25.2287,54.726878,25.2842,54.6704,9.50124,17.925333333333334
25.282143,54.69283,25.2842,54.6704,3.8129,8.349833333333333
25.261648,54.757651,25.2842,54.6704,11.92981,19.869333333333334
25.276825,54.634818,25.2842,54.6704,4.77821,10.908666666666667
25.265994,54.661093,25.2842,54.6704,1.98858,5.2508333333333335
25.2567,54.718724,25.2842,54.6704,7.87849,14.908999999999999
25.176464,54.711398,25.2842,54.6704,11.587219999999999,19.726499999999998
25.276569,54.690404,25.2842,54.6704,3.2639899999999997,6.755333333333334
25.21129,54.691254,25.2842,54.6704,7.5555200000000005,13.8915
25.348549,54.722628,25.2842,54.6704,10.02485,20.304
25.213471,54.720492,25.2842,54.6704,9.21692,16.864
25.224734,54.73215,25.2842,54.6704,9.54497,18.185
25.365724,54.668014,25.2842,54.6704,6.504569999999999,12.555
25.280181,54.677809,25.2842,54.6704,1.44881,5.8116666666666665
25.164644,54.707291,25.2842,54.6704,12.31295,21.493499999999997
25.412042,54.689899,25.2842,54.6704,9.88938,16.299666666666667
25.288111,54.704256,25.2842,54.6704,5.29083,11.310833333333333
25.219556,54.679188,25.2842,54.6704,6.1826099999999995,12.120166666666668
25.312301,54.671512,25.2842,54.6704,3.03123,8.088666666666667
25.303283,54.678149,25.2842,54.6704,2.39023,6.6045
25.272585,54.681699,25.2842,54.6704,1.80874,3.581166666666667
25.278913,54.670903,25.2842,54.6704,0.63344,1.977
25.190723,54.661079,25.2842,54.6704,7.50697,14.295166666666667
25.194404,54.659477,25.2842,54.6704,7.78788,16.114333333333335
25.27702,54.675695,25.2842,54.6704,0.91388,2.559166666666667
25.274777,54.702989,25.2842,54.6704,5.25819,11.662
25.214535,54.736942,25.2842,54.6704,10.99635,19.897499999999997
25.312947,54.712566,25.2842,54.6704,6.49592,12.743666666666666
25.273792,54.676833,25.2842,54.6704,1.2806,3.0708333333333333
25.273792,54.676833,25.2842,54.6704,1.2806,3.0708333333333333
25.261241,54.756577,25.2842,54.6704,11.555950000000001,19.170666666666666
25.308041,54.704456,25.2842,54.6704,5.8145500000000006,12.1405
25.274714,54.685698,25.2842,54.6704,2.72005,5.316999999999999
25.214535,54.736942,25.2842,54.6704,10.99635,19.897499999999997
25.271556,54.662935,25.2842,54.6704,1.85172,4.5873333333333335
25.158895,54.71926,25.2842,54.6704,13.19248,22.567333333333334
25.279026,54.699711,25.2842,54.6704,4.542470000000001,10.468166666666667
25.205543,54.640844,25.2842,54.6704,6.93546,13.155166666666666
25.372481,54.727453,25.2842,54.6704,12.516680000000001,24.276999999999997
25.283721,54.712069,25.2842,54.6704,6.08658,14.320166666666667
25.274605,54.676307,25.2842,54.6704,1.14646,2.716333333333333
25.282678,54.684211,25.2842,54.6704,2.82811,7.945333333333334
25.289976,54.679454,25.2842,54.6704,2.7160100000000003,7.227
25.34218,54.66426,25.2842,54.6704,4.7377,8.813333333333333
25.277466,54.702177,25.2842,54.6704,4.88258,11.1095
25.263234,54.756363,25.2842,54.6704,11.4731,19.449
25.31848,54.67728,25.2842,54.6704,2.6622,6.6165
25.255283,54.702824,25.2842,54.6704,5.40035,10.695333333333334
25.273663,54.691121,25.2842,54.6704,2.92964,5.886166666666667
25.226767,54.738021,25.2842,54.6704,9.88245,18.042166666666667
25.282143,54.69283,25.2842,54.6704,3.8129,8.349833333333333
25.287373,54.720344,25.2842,54.6704,7.0537,15.9485
25.102143,54.66932,25.2842,54.6704,14.5315,19.212833333333332
25.178422,54.712102,25.2842,54.6704,9.96163,19.56066666666667
25.280522,54.678465,25.2842,54.6704,1.3825399999999999,3.740666666666667
25.272878,54.686658,25.2842,54.6704,2.54458,4.930666666666666
25.286001,54.674124,25.2842,54.6704,1.01761,3.1753333333333336
25.26242,54.683583,25.2842,54.6704,2.67259,5.556
25.275795,54.680279,25.2842,54.6704,1.88951,3.7849999999999997
25.279298,54.687467,25.2842,54.6704,3.40727,6.765333333333333
25.27604,54.674645,25.2842,54.6704,0.85085,2.6536666666666666
25.28747,54.678262,25.2842,54.6704,1.4517,5.769166666666666
25.294605,54.694735,25.2842,54.6704,4.738020000000001,10.747000000000002
25.3024,54.679159,25.2842,54.6704,2.64114,7.139333333333334
25.30564,54.67756,25.2842,54.6704,2.17361,5.738166666666667
25.303897,54.686322,25.2842,54.6704,3.82383,9.303666666666667
25.282737,54.677562,25.2842,54.6704,1.2603499999999999,4.681
25.265318,54.680812,25.2842,54.6704,2.22708,4.346
25.265318,54.680812,25.2842,54.6704,2.22708,4.346
25.265318,54.680812,25.2842,54.6704,2.22708,4.346
25.265318,54.680812,25.2842,54.6704,2.22708,4.346
25.265318,54.680812,25.2842,54.6704,2.22708,4.346
25.265318,54.680812,25.2842,54.6704,2.22708,4.346
25.265318,54.680812,25.2842,54.6704,2.22708,4.346
25.265318,54.680812,25.2842,54.6704,2.22708,4.346
25.265318,54.680812,25.2842,54.6704,2.22708,4.346
25.265318,54.680812,25.2842,54.6704,2.22708,4.346
25.265318,54.680812,25.2842,54.6704,2.22708,4.346
25.265318,54.680812,25.2842,54.6704,2.22708,4.346
25.265318,54.680812,25.2842,54.6704,2.22708,4.346
25.265318,54.680812,25.2842,54.6704,2.22708,4.346
25.265318,54.680812,25.2842,54.6704,2.22708,4.346
25.282366,54.686647,25.2842,54.6704,3.46861,6.867500000000001
25.246022,54.733007,25.2842,54.6704,8.92156,18.153666666666666
25.210939,54.718504,25.2842,54.6704,9.15875,16.971333333333334
25.223413,54.739168,25.2842,54.6704,10.23192,19.619833333333336
25.21212,54.718666,25.2842,54.6704,9.03608,16.361
25.265116,54.756145,25.2842,54.6704,11.29368,19.319333333333336
25.202993,54.675875,25.2842,54.6704,6.57988,12.637166666666667
25.401398,54.694659,25.2842,54.6704,9.391680000000001,15.618500000000001
25.401398,54.694659,25.2842,54.6704,9.391680000000001,15.618500000000001
25.401398,54.694659,25.2842,54.6704,9.391680000000001,15.618500000000001
25.401398,54.694659,25.2842,54.6704,9.391680000000001,15.618500000000001
25.401398,54.694659,25.2842,54.6704,9.391680000000001,15.618500000000001
25.401398,54.694659,25.2842,54.6704,9.391680000000001,15.618500000000001
25.218398,54.696013,25.2842,54.6704,8.37415,15.033666666666667
25.175153,54.714443,25.2842,54.6704,11.86432,20.450333333333333
25.219979,54.710491,25.2842,54.6704,8.70773,16.11616666666667
25.288711,54.6914,25.2842,54.6704,4.3681,8.964666666666666
25.261562,54.672411,25.2842,54.6704,2.04515,5.5023333333333335
25.18067,54.716384,25.2842,54.6704,10.3751,20.478333333333335
25.270824,54.678,25.2842,54.6704,1.5664200000000001,4.018166666666667
25.27677,54.702298,25.2842,54.6704,4.89269,11.133833333333333
25.234115,54.732018,25.2842,54.6704,8.87783,16.636166666666664
25.277993,54.719296,25.2842,54.6704,7.72903,16.095833333333335
25.231253,54.725885,25.2842,54.6704,9.04851,16.255333333333333
25.231253,54.725885,25.2842,54.6704,9.04851,16.255333333333333
25.231253,54.725885,25.2842,54.6704,9.04851,16.255333333333333
25.231253,54.725885,25.2842,54.6704,9.04851,16.255333333333333
25.231253,54.725885,25.2842,54.6704,9.04851,16.255333333333333
25.231253,54.725885,25.2842,54.6704,9.04851,16.255333333333333
25.231253,54.725885,25.2842,54.6704,9.04851,16.255333333333333
25.231253,54.725885,25.2842,54.6704,9.04851,16.255333333333333
25.231253,54.725885,25.2842,54.6704,9.04851,16.255333333333333
25.231253,54.725885,25.2842,54.6704,9.04851,16.255333333333333
25.241196,54.669982,25.2842,54.6704,3.45281,8.012166666666667
25.26493,54.676879,25.2842,54.6704,2.1016999999999997,5.216166666666667
25.302833,54.679489,25.2842,54.6704,2.67829,7.287833333333333
25.291911,54.692309,25.2842,54.6704,4.6143,9.555333333333333
25.256516,54.681304,25.2842,54.6704,3.02271,7.262833333333333
25.391359,54.709976,25.2842,54.6704,9.451270000000001,17.541999999999998
25.252466,54.689083,25.2842,54.6704,3.84814,7.7275
25.250425,54.699079,25.2842,54.6704,4.85755,9.799166666666668
25.253948,54.73968,25.2842,54.6704,10.03373,19.320333333333334
25.26583,54.673868,25.2842,54.6704,1.87828,4.579
25.266365,54.686441,25.2842,54.6704,2.9491199999999997,6.173500000000001
25.266365,54.686441,25.2842,54.6704,2.9491199999999997,6.173500000000001
25.267796,54.675255,25.2842,54.6704,1.75176,4.325833333333334
25.283588,54.708533,25.2842,54.6704,5.73504,13.184
25.165151,54.713529,25.2842,54.6704,12.883899999999999,22.725833333333334
25.241079,54.66491,25.2842,54.6704,3.32017,7.996833333333333
25.15119,54.619174,25.2842,54.6704,13.82873,24.078833333333332
25.267015,54.670351,25.2842,54.6704,1.50299,3.466
25.211887,54.707485,25.2842,54.6704,9.08221,17.714
25.262879,54.756139,25.2842,54.6704,11.44424,19.336833333333335
25.223195,54.738766,25.2842,54.6704,10.20205,19.47533333333333
25.241899,54.673009,25.2842,54.6704,3.4712899999999998,8.02
25.226808,54.73562,25.2842,54.6704,9.51942,18.14966666666667
25.289872,54.672233,25.2842,54.6704,0.58945,1.8826666666666665
25.263342,54.692096,25.2842,54.6704,3.77654,7.5405
25.205356,54.73307,25.2842,54.6704,14.17927,20.487000000000002
25.228625,54.676533,25.2842,54.6704,5.5774,11.869166666666667
25.228437,54.677116,25.2842,54.6704,5.63955,12.075166666666666
25.319942,54.713094,25.2842,54.6704,6.8555600000000005,13.673499999999999
25.277777,54.679897,25.2842,54.6704,2.02243,4.0505
25.297939,54.72154,25.2842,54.6704,7.44564,16.584166666666665
25.294238,54.676801,25.2842,54.6704,1.3470799999999998,4.323666666666667
25.27737,54.687383,25.2842,54.6704,2.9479,5.833666666666667
25.269771,54.682136,25.2842,54.6704,2.18145,4.609333333333334
25.233443,54.671153,25.2842,54.6704,4.266100000000001,9.668166666666668
25.235432,54.670822,25.2842,54.6704,4.07566,9.114
25.235432,54.670822,25.2842,54.6704,4.07566,9.114
25.214198,54.721468,25.2842,54.6704,9.3335,17.168499999999998
25.260323,54.696307,25.2842,54.6704,4.9636700000000005,10.364833333333333
25.280273,54.67313,25.2842,54.6704,0.83477,3.507833333333333
25.278581,54.664167,25.2842,54.6704,1.54145,3.8579999999999997
25.241743,54.71652,25.2842,54.6704,7.142720000000001,13.988833333333334
25.2668,54.68265,25.2842,54.6704,2.1422399999999997,4.389166666666667
25.28701,54.710757,25.2842,54.6704,5.8971599999999995,13.443999999999999
25.272292,54.702403,25.2842,54.6704,5.53919,12.241833333333334
25.265932,54.675131,25.2842,54.6704,1.91403,4.6531666666666665
25.289431,54.683221,25.2842,54.6704,2.89568,7.59
25.218183,54.702075,25.2842,54.6704,7.30188,15.2765
25.262808,54.741412,25.2842,54.6704,9.401729999999999,17.520500000000002
25.287597,54.679675,25.2842,54.6704,1.54966,6.286833333333333
25.263055,54.732104,25.2842,54.6704,9.987260000000001,18.2695
25.289336,54.674566,25.2842,54.6704,1.68475,6.7225
25.221,54.739475,25.2842,54.6704,10.40216,19.459333333333333
25.174369,54.706552,25.2842,54.6704,10.90668,18.296833333333332
25.23115,54.713098,25.2842,54.6704,7.69637,14.690833333333334
25.283002,54.678887,25.2842,54.6704,1.62848,6.647666666666667
25.315915,54.71595,25.2842,54.6704,6.79577,12.812833333333334
25.248127,54.711761,25.2842,54.6704,6.40995,12.395333333333333
25.267015,54.670351,25.2842,54.6704,1.50299,3.466
25.207286,54.674394,25.2842,54.6704,6.8241499999999995,13.154666666666666
25.258321,54.757617,25.2842,54.6704,11.678600000000001,19.279833333333332
25.275941,54.684972,25.2842,54.6704,2.84773,5.4525
25.202917,54.709365,25.2842,54.6704,8.73758,17.433333333333334
25.181425,54.712428,25.2842,54.6704,9.80839,19.187666666666665
25.311521,54.696649,25.2842,54.6704,4.79635,10.143166666666668
25.423163,54.695341,25.2842,54.6704,10.33286,16.799500000000002
25.291979,54.694059,25.2842,54.6704,4.59532,10.432500000000001
25.267812,54.689362,25.2842,54.6704,2.92616,5.933000000000001
25.267812,54.689362,25.2842,54.6704,2.92616,5.933000000000001
25.267812,54.689362,25.2842,54.6704,2.92616,5.933000000000001
25.254659,54.696644,25.2842,54.6704,4.36292,8.833166666666667
25.215484,54.682879,25.2842,54.6704,6.68755,12.850833333333332
25.210939,54.718504,25.2842,54.6704,9.15875,16.971333333333334
25.340467,54.649143,25.2842,54.6704,6.30747,12.943833333333334
25.177411,54.713819,25.2842,54.6704,10.1699,20.233999999999998
25.177411,54.713819,25.2842,54.6704,10.1699,20.233999999999998
25.177411,54.713819,25.2842,54.6704,10.1699,20.233999999999998
25.177411,54.713819,25.2842,54.6704,10.1699,20.233999999999998
25.177411,54.713819,25.2842,54.6704,10.1699,20.233999999999998
25.296283,54.679862,25.2842,54.6704,2.5096,7.099500000000001
25.240782,54.719117,25.2842,54.6704,8.30568,16.363666666666667
25.212599,54.749126,25.2842,54.6704,11.378440000000001,20.87066666666667
25.238901,54.722582,25.2842,54.6704,7.83434,14.925999999999998
25.209986,54.723173,25.2842,54.6704,9.6066,17.6705
25.320703,54.724876,25.2842,54.6704,7.923640000000001,15.204
25.182289,54.70393,25.2842,54.6704,10.427299999999999,17.85666666666667
25.227235,54.725863,25.2842,54.6704,9.36041,17.474333333333334
25.29151,54.678153,25.2842,54.6704,2.82164,7.649500000000001
25.282348,54.672158,25.2842,54.6704,0.29572000000000004,1.2286666666666666
25.3042,54.684394,25.2842,54.6704,3.63004,8.74
25.320594,54.708862,25.2842,54.6704,6.83791,13.255500000000001
25.320594,54.708862,25.2842,54.6704,6.83791,13.255500000000001
25.191602,54.663001,25.2842,54.6704,7.34574,14.017166666666666
25.323151,54.705462,25.2842,54.6704,6.65013,14.354333333333333
25.26493,54.676879,25.2842,54.6704,2.1016999999999997,5.216166666666667
25.217088,54.696282,25.2842,54.6704,8.31068,14.969833333333334
25.298177,54.704947,25.2842,54.6704,5.80025,12.071
25.288044,54.716137,25.2842,54.6704,6.74059,15.7325
25.210794,54.717589,25.2842,54.6704,9.28616,17.165333333333333
25.302333,54.683861,25.2842,54.6704,3.59032,8.597000000000001
25.284648,54.673757,25.2842,54.6704,0.86514,2.4123333333333337
25.27566,54.671443,25.2842,54.6704,0.87678,2.3306666666666667
25.253948,54.73968,25.2842,54.6704,10.03373,19.320333333333334
25.303957,54.675757,25.2842,54.6704,1.6790699999999998,4.093
25.202706,54.67402,25.2842,54.6704,6.85574,13.105833333333333
25.231373,54.714552,25.2842,54.6704,7.64442,13.898333333333333
25.302833,54.679489,25.2842,54.6704,2.67829,7.287833333333333
25.307014,54.678207,25.2842,54.6704,2.2181599999999997,5.6915000000000004
25.190723,54.661079,25.2842,54.6704,7.50697,14.295166666666667
25.27677,54.702298,25.2842,54.6704,4.89269,11.133833333333333
25.28791,54.676685,25.2842,54.6704,1.48629,5.864999999999999
25.127278,54.637435,25.2842,54.6704,13.2812,22.918166666666664
25.25956,54.69623,25.2842,54.6704,4.42452,9.194333333333333
25.250768,54.682706,25.2842,54.6704,3.2014299999999998,6.686333333333334
25.316341,54.714778,25.2842,54.6704,6.75663,13.020833333333334
25.26422,54.68001,25.2842,54.6704,2.7112399999999997,6.216833333333333
25.270604,54.69987,25.2842,54.6704,5.1551800000000005,11.025333333333332
25.228912,54.751839,25.2842,54.6704,11.68318,23.6
25.241079,54.66491,25.2842,54.6704,3.32017,7.996833333333333
25.28003,54.702816,25.2842,54.6704,5.01775,11.004999999999999
25.401398,54.694659,25.2842,54.6704,9.391680000000001,15.618500000000001
25.212266,54.694766,25.2842,54.6704,8.55834,15.647
25.255905,54.726565,25.2842,54.6704,8.91024,16.931
25.261077,54.678571,25.2842,54.6704,2.71156,6.218
25.2711,54.752279,25.2842,54.6704,11.00951,18.368166666666664
25.178752,54.705645,25.2842,54.6704,10.61593,18.859666666666666
25.279632,54.672196,25.2842,54.6704,0.49023,1.6995
25.278966,54.662332,25.2842,54.6704,1.7423,4.855833333333334
25.279632,54.672196,25.2842,54.6704,0.49023,1.6995
25.249667,54.708185,25.2842,54.6704,6.91614,13.736833333333333
25.287506,54.717581,25.2842,54.6704,6.937939999999999,15.923833333333333
25.277376,54.675283,25.2842,54.6704,0.86624,2.4448333333333334
25.217067,54.707288,25.2842,54.6704,8.444469999999999,17.119000000000003
25.264553,54.673422,25.2842,54.6704,2.02671,5.172666666666667
25.324281,54.705858,25.2842,54.6704,6.77247,14.843833333333333
25.236553,54.727097,25.2842,54.6704,8.38614,15.491833333333334
25.26583,54.673868,25.2842,54.6704,1.87828,4.579
25.222567,54.739023,25.2842,54.6704,10.1547,19.337666666666667
25.29739,54.717997,25.2842,54.6704,6.875439999999999,15.178500000000001
25.28665,54.712811,25.2842,54.6704,6.03164,13.5725
25.234285,54.674768,25.2842,54.6704,4.60445,10.9245
25.256152,54.69798,25.2842,54.6704,4.58335,9.7725
25.280627,54.672126,25.2842,54.6704,0.42484,1.6336666666666666
25.268808,54.739157,25.2842,54.6704,9.589030000000001,16.943833333333334
25.247319,54.724112,25.2842,54.6704,7.88591,15.349833333333333
25.281529,54.779307,25.2842,54.6704,14.41826,24.24683333333333
25.252232,54.653129,25.2842,54.6704,4.4080900000000005,11.453
25.267323,54.736718,25.2842,54.6704,9.42296,16.648666666666667
25.28771,54.68198,25.2842,54.6704,4.32153,10.129999999999999
25.279557,54.68014,25.2842,54.6704,1.7816400000000001,5.647166666666666
25.27739,54.63608,25.2842,54.6704,4.67645,10.532166666666665
25.273491,54.741556,25.2842,54.6704,10.06994,18.043499999999998
25.273491,54.741556,25.2842,54.6704,10.06994,18.043499999999998
25.273491,54.741556,25.2842,54.6704,10.06994,18.043499999999998
25.273491,54.741556,25.2842,54.6704,10.06994,18.043499999999998
25.273491,54.741556,25.2842,54.6704,10.06994,18.043499999999998
25.273491,54.741556,25.2842,54.6704,10.06994,18.043499999999998
25.293813,54.676177,25.2842,54.6704,1.32238,4.227
25.261388,54.67013,25.2842,54.6704,1.94525,4.9205000000000005
25.203102,54.687801,25.2842,54.6704,7.73745,14.172500000000001
25.314125,54.674633,25.2842,54.6704,2.65096,5.8935
25.249828,54.695095,25.2842,54.6704,4.58351,9.065333333333333
25.29815,54.694437,25.2842,54.6704,4.61644,10.066
25.293312,54.729109,25.2842,54.6704,8.09242,17.586333333333336
25.295287,54.703746,25.2842,54.6704,5.70536,12.0125
25.303013,54.709104,25.2842,54.6704,6.94651,13.890833333333335
25.272292,54.702403,25.2842,54.6704,5.53919,12.241833333333334
25.256402,54.658098,25.2842,54.6704,3.6293200000000003,8.337833333333332
25.274111,54.715595,25.2842,54.6704,8.64355,15.891666666666667
25.274111,54.715595,25.2842,54.6704,8.64355,15.891666666666667
25.275604,54.710746,25.2842,54.6704,6.404109999999999,14.223166666666666
25.251634,54.69863,25.2842,54.6704,4.717029999999999,9.479833333333334
25.274111,54.715595,25.2842,54.6704,8.64355,15.891666666666667
25.183491,54.712069,25.2842,54.6704,9.92467,19.593833333333336
25.286811,54.696344,25.2842,54.6704,4.5168800000000005,10.301666666666668
25.306149,54.696375,25.2842,54.6704,4.758649999999999,11.343666666666667
25.287343,54.673921,25.2842,54.6704,0.9865700000000001,2.8556666666666666
25.308997,54.701766,25.2842,54.6704,5.46016,12.059333333333333
25.320477,54.725193,25.2842,54.6704,7.94106,15.273666666666665
25.274111,54.715595,25.2842,54.6704,8.64355,15.891666666666667
25.224726,54.707841,25.2842,54.6704,7.69121,15.345333333333334
25.224726,54.707841,25.2842,54.6704,7.69121,15.345333333333334
25.224726,54.707841,25.2842,54.6704,7.69121,15.345333333333334
25.224726,54.707841,25.2842,54.6704,7.69121,15.345333333333334
25.224726,54.707841,25.2842,54.6704,7.69121,15.345333333333334
25.224726,54.707841,25.2842,54.6704,7.69121,15.345333333333334
25.356809,54.676781,25.2842,54.6704,5.6371899999999995,11.1235
25.255551,54.630742,25.2842,54.6704,5.2372,12.251
25.332988,54.745719,25.2842,54.6704,11.65363,23.153666666666666
25.163092,54.723557,25.2842,54.6704,13.01425,26.868499999999997
25.260118,54.688972,25.2842,54.6704,3.30956,6.772166666666666
25.237235,54.735413,25.2842,54.6704,9.24517,16.976666666666667
25.277384,54.660577,25.2842,54.6704,1.79361,4.355
25.216541,54.67653,25.2842,54.6704,5.998069999999999,11.622166666666667
25.216516,54.737201,25.2842,54.6704,10.99511,20.262833333333333
25.291819,54.675784,25.2842,54.6704,1.21549,3.7528333333333332
25.223229,54.695908,25.2842,54.6704,7.00092,14.281166666666667
25.31416,54.71355,25.2842,54.6704,6.612520000000001,12.8775
25.29942,54.666424,25.2842,54.6704,1.6527100000000001,4.0361666666666665
25.411995,54.688745,25.2842,54.6704,10.05043,16.924333333333333
25.210939,54.718504,25.2842,54.6704,9.15875,16.971333333333334
25.281908,54.671934,25.2842,54.6704,0.31607999999999997,1.2635
25.281625,54.699012,25.2842,54.6704,4.35768,9.409833333333333
25.415124,54.700591,25.2842,54.6704,10.98388,18.398666666666667
25.281625,54.699012,25.2842,54.6704,4.35768,9.409833333333333
25.281625,54.699012,25.2842,54.6704,4.35768,9.409833333333333
25.215818,54.69608,25.2842,54.6704,8.25648,14.752999999999998
25.29494,54.673607,25.2842,54.6704,1.26949,3.743666666666667
25.29449,54.674094,25.2842,54.6704,1.21046,3.5076666666666667
25.261467,54.682517,25.2842,54.6704,2.5509899999999996,5.151833333333333
25.183928,54.710568,25.2842,54.6704,9.97649,19.601999999999997
25.300322,54.681149,25.2842,54.6704,3.14026,8.7795
25.241431,54.672162,25.2842,54.6704,3.39641,7.816833333333333
25.272052,54.68081,25.2842,54.6704,1.7761099999999999,3.6093333333333333
25.258321,54.757617,25.2842,54.6704,11.678600000000001,19.279833333333332
25.279678,54.672046,25.2842,54.6704,0.49817,1.6525
25.185787,54.663527,25.2842,54.6704,7.60797,14.9695
25.272528,54.709505,25.2842,54.6704,5.99734,13.085
25.234656,54.722507,25.2842,54.6704,8.342450000000001,15.6645
25.278471,54.664556,25.2842,54.6704,1.51347,3.774
25.293382,54.702627,25.2842,54.6704,5.49428,11.869
25.294238,54.676801,25.2842,54.6704,1.3470799999999998,4.323666666666667
25.287893,54.678647,25.2842,54.6704,1.51473,6.118666666666667
25.29586,54.67649,25.2842,54.6704,1.3937599999999999,3.6031666666666666
25.213594,54.694647,25.2842,54.6704,8.39944,15.247000000000002
25.261013,54.668896,25.2842,54.6704,1.8968699999999998,4.411166666666667
25.244259,54.673239,25.2842,54.6704,3.5574,8.2425
25.28295,54.721144,25.2842,54.6704,6.98568,16.4775
25.390725,54.710092,25.2842,54.6704,9.40082,17.339499999999997
25.16352,54.707186,25.2842,54.6704,12.36007,21.634999999999998
25.23347,54.67438,25.2842,54.6704,4.641649999999999,11.073166666666667
25.314616,54.678211,25.2842,54.6704,2.39173,5.534666666666666
25.314616,54.678211,25.2842,54.6704,2.39173,5.534666666666666
25.314616,54.678211,25.2842,54.6704,2.39173,5.534666666666666
25.314616,54.678211,25.2842,54.6704,2.39173,5.534666666666666
25.314616,54.678211,25.2842,54.6704,2.39173,5.534666666666666
25.314616,54.678211,25.2842,54.6704,2.39173,5.534666666666666
25.314616,54.678211,25.2842,54.6704,2.39173,5.534666666666666
25.314616,54.678211,25.2842,54.6704,2.39173,5.534666666666666
25.314616,54.678211,25.2842,54.6704,2.39173,5.534666666666666
25.279258,54.700329,25.2842,54.6704,4.62711,10.773166666666667
25.221216,54.711064,25.2842,54.6704,8.55908,15.748666666666667
25.28749,54.679588,25.2842,54.6704,1.53781,6.239333333333334
25.30377,54.666765,25.2842,54.6704,1.9482300000000001,4.333833333333333
25.171398,54.714632,25.2842,54.6704,12.318,21.757833333333334
25.237598,54.695036,25.2842,54.6704,5.64937,11.230666666666668
25.227996,54.734915,25.2842,54.6704,9.44256,17.91916666666667
25.442351,54.694177,25.2842,54.6704,11.66241,19.797833333333333
25.258243,54.697586,25.2842,54.6704,4.55042,9.628333333333334
25.279515,54.666115,25.2842,54.6704,1.77638,3.9671666666666665
25.309167,54.683774,25.2842,54.6704,2.9931799999999997,7.877
25.292412,54.6763,25.2842,54.6704,1.23034,3.8223333333333334
25.231168,54.721201,25.2842,54.6704,8.44088,15.547
25.241079,54.66491,25.2842,54.6704,3.32017,7.996833333333333
25.28573,54.677294,25.2842,54.6704,1.2378399999999998,4.6935
25.27566,54.671443,25.2842,54.6704,0.87678,2.3306666666666667
25.277408,54.67983,25.2842,54.6704,2.00091,4.007499999999999
25.257152,54.717124,25.2842,54.6704,7.64812,14.279833333333332
25.278553,54.67558,25.2842,54.6704,0.9471900000000001,2.6391666666666667
25.17743,54.711814,25.2842,54.6704,10.002690000000001,19.653833333333335
25.229778,54.718257,25.2842,54.6704,8.26127,14.945166666666667
25.239441,54.669853,25.2842,54.6704,3.53863,8.214333333333334
25.252483,54.654109,25.2842,54.6704,4.25987,10.860166666666666
25.252483,54.654109,25.2842,54.6704,4.25987,10.860166666666666
25.252483,54.654109,25.2842,54.6704,4.25987,10.860166666666666
25.252483,54.654109,25.2842,54.6704,4.25987,10.860166666666666
25.252483,54.654109,25.2842,54.6704,4.25987,10.860166666666666
25.252483,54.654109,25.2842,54.6704,4.25987,10.860166666666666
25.252483,54.654109,25.2842,54.6704,4.25987,10.860166666666666
25.252483,54.654109,25.2842,54.6704,4.25987,10.860166666666666
25.252483,54.654109,25.2842,54.6704,4.25987,10.860166666666666
25.252483,54.654109,25.2842,54.6704,4.25987,10.860166666666666
25.252483,54.654109,25.2842,54.6704,4.25987,10.860166666666666
25.228437,54.677116,25.2842,54.6704,5.63955,12.075166666666666
25.228437,54.677116,25.2842,54.6704,5.63955,12.075166666666666
25.228437,54.677116,25.2842,54.6704,5.63955,12.075166666666666
25.228437,54.677116,25.2842,54.6704,5.63955,12.075166666666666
25.228625,54.676533,25.2842,54.6704,5.5774,11.869166666666667
25.228625,54.676533,25.2842,54.6704,5.5774,11.869166666666667
25.283876,54.710251,25.2842,54.6704,5.724189999999999,12.955833333333334
25.281987,54.676235,25.2842,54.6704,1.56603,4.012333333333333
25.277597,54.683044,25.2842,54.6704,3.07911,5.847333333333333
25.272075,54.705477,25.2842,54.6704,5.60691,11.479833333333334
25.292046,54.684736,25.2842,54.6704,2.9788099999999997,7.968666666666667
25.22456,54.727062,25.2842,54.6704,9.555299999999999,18.061666666666667
25.320996,54.725691,25.2842,54.6704,8.11211,16.089000000000002
25.176464,54.711398,25.2842,54.6704,11.587219999999999,19.726499999999998
25.224284,54.718101,25.2842,54.6704,9.29872,17.293833333333335
25.315801,54.677433,25.2842,54.6704,2.4891799999999997,5.9245
25.289577,54.708706,25.2842,54.6704,5.83704,12.229999999999999
25.26329,54.686407,25.2842,54.6704,3.04813,6.143666666666666
25.291345,54.706357,25.2842,54.6704,5.520020000000001,11.662666666666667
25.28541,54.719834,25.2842,54.6704,6.8478699999999995,15.964833333333333
25.218183,54.702075,25.2842,54.6704,7.30188,15.2765
25.251348,54.70835,25.2842,54.6704,6.06568,11.631666666666666
25.189054,54.680391,25.2842,54.6704,8.17445,14.2255
25.252786,54.667496,25.2842,54.6704,2.58902,6.3935
25.302621,54.727049,25.2842,54.6704,8.42215,18.195666666666668
25.288025,54.724173,25.2842,54.6704,7.35813,17.199333333333335
25.305835,54.715532,25.2842,54.6704,7.0198,14.077499999999999
25.368043,54.725525,25.2842,54.6704,9.8074,23.812666666666665
25.368043,54.725525,25.2842,54.6704,9.8074,23.812666666666665
25.411573,54.775075,25.2842,54.6704,17.41132,29.100166666666667
25.215999,54.730686,25.2842,54.6704,10.149479999999999,18.588833333333334
25.279557,54.68014,25.2842,54.6704,1.7816400000000001,5.647166666666666
25.279557,54.68014,25.2842,54.6704,1.7816400000000001,5.647166666666666
25.252232,54.653129,25.2842,54.6704,4.4080900000000005,11.453
25.275249,54.690009,25.2842,54.6704,2.9684299999999997,5.792166666666666
25.287651,54.683779,25.2842,54.6704,4.0241,8.940333333333333
25.264339,54.690782,25.2842,54.6704,3.28449,6.720666666666667
25.259903,54.674233,25.2842,54.6704,2.2831599999999996,6.4766666666666675
25.251474,54.679234,25.2842,54.6704,3.22569,8.074666666666667
25.256911,54.738625,25.2842,54.6704,9.793520000000001,18.359666666666666
25.299751,54.678796,25.2842,54.6704,2.6253800000000003,7.2155000000000005
25.288323,54.694704,25.2842,54.6704,4.281680000000001,9.518666666666666
25.313883,54.67805,25.2842,54.6704,2.35148,5.3773333333333335
25.20913,54.67206,25.2842,54.6704,6.72255,12.822833333333334
25.270466,54.675766,25.2842,54.6704,1.48148,3.5145
25.265353,54.685579,25.2842,54.6704,3.04509,6.441333333333334
25.242265,54.71274,25.2842,54.6704,7.43023,13.9395
25.313701,54.711788,25.2842,54.6704,6.39213,12.492833333333333
25.23092,54.742014,25.2842,54.6704,10.053,19.015833333333333
25.245631,54.711431,25.2842,54.6704,6.54653,12.941666666666666
25.228625,54.676533,25.2842,54.6704,5.5774,11.869166666666667
25.249667,54.708185,25.2842,54.6704,6.91614,13.736833333333333
25.275827,54.696402,25.2842,54.6704,4.34112,9.196
25.287653,54.667523,25.2842,54.6704,1.5232999999999999,4.281499999999999
25.180795,54.715131,25.2842,54.6704,10.14817,20.194166666666668
25.23347,54.67438,25.2842,54.6704,4.641649999999999,11.073166666666667
25.264068,54.677194,25.2842,54.6704,2.02677,5.510166666666667
25.188155,54.711145,25.2842,54.6704,10.144110000000001,19.9925
25.265504,54.676719,25.2842,54.6704,1.98168,5.257833333333334
25.302244,54.681647,25.2842,54.6704,3.33445,8.577666666666666
25.279515,54.666115,25.2842,54.6704,1.77638,3.9671666666666665
25.283804,54.662371,25.2842,54.6704,2.1978,5.004499999999999
25.36608,54.67052,25.2842,54.6704,6.6978599999999995,12.666500000000001
25.277586,54.698469,25.2842,54.6704,4.412310000000001,9.875833333333333
25.429428,54.686559,25.2842,54.6704,11.36107,18.988
25.312301,54.671512,25.2842,54.6704,3.03123,8.088666666666667
25.280002,54.661689,25.2842,54.6704,2.12141,5.558833333333333
25.312301,54.671512,25.2842,54.6704,3.03123,8.088666666666667
25.315032,54.697481,25.2842,54.6704,5.08814,10.7645
25.305279,54.695938,25.2842,54.6704,4.57538,10.6585
25.41808,54.698079,25.2842,54.6704,10.840860000000001,19.497166666666665
25.270715,54.728605,25.2842,54.6704,8.98935,16.242666666666665
25.27003,54.680862,25.2842,54.6704,2.01631,4.198666666666666
25.343906,54.735844,25.2842,54.6704,10.407440000000001,19.7195
25.25181,54.654197,25.2842,54.6704,4.22823,10.7335
25.288338,54.670173,25.2842,54.6704,1.05766,2.944166666666667
25.234285,54.674768,25.2842,54.6704,4.60445,10.9245
25.303588,54.681359,25.2842,54.6704,3.2028000000000003,8.051166666666667
25.411573,54.775075,25.2842,54.6704,17.41132,29.100166666666667
25.27759,54.68342,25.2842,54.6704,3.03673,5.774666666666667
25.297956,54.680887,25.2842,54.6704,2.9849099999999997,8.158
25.258541,54.757936,25.2842,54.6704,11.71094,19.473166666666668
25.28798,54.724955,25.2842,54.6704,7.444859999999999,17.546166666666668
25.296718,54.693197,25.2842,54.6704,4.85049,9.71
25.188807,54.663073,25.2842,54.6704,7.52849,14.571333333333333
25.216722,54.674157,25.2842,54.6704,6.31548,12.281333333333333
25.425925,54.68327,25.2842,54.6704,11.55225,19.391833333333334
25.312016,54.727406,25.2842,54.6704,8.8026,17.2715
25.281625,54.699012,25.2842,54.6704,4.35768,9.409833333333333
25.281625,54.699012,25.2842,54.6704,4.35768,9.409833333333333
25.281625,54.699012,25.2842,54.6704,4.35768,9.409833333333333
25.274297,54.674776,25.2842,54.6704,1.1040999999999999,2.877666666666667
25.261417,54.643235,25.2842,54.6704,3.85993,9.371166666666666
25.248918,54.676459,25.2842,54.6704,2.8343499999999997,7.342333333333333
25.208113,54.672208,25.2842,54.6704,6.77707,12.9275
25.289147,54.70725,25.2842,54.6704,5.721520000000001,12.0215
25.188083,54.662552,25.2842,54.6704,7.50971,14.496166666666666
25.290216,54.682162,25.2842,54.6704,2.70654,7.3228333333333335
25.215914,54.680776,25.2842,54.6704,6.31579,12.169166666666666
25.205473,54.748733,25.2842,54.6704,11.71551,22.220833333333335
25.205473,54.748733,25.2842,54.6704,11.71551,22.220833333333335
25.205473,54.748733,25.2842,54.6704,11.71551,22.220833333333335
25.205473,54.748733,25.2842,54.6704,11.71551,22.220833333333335
25.205473,54.748733,25.2842,54.6704,11.71551,22.220833333333335
25.205473,54.748733,25.2842,54.6704,11.71551,22.220833333333335
25.205473,54.748733,25.2842,54.6704,11.71551,22.220833333333335
25.205473,54.748733,25.2842,54.6704,11.71551,22.220833333333335
25.205473,54.748733,25.2842,54.6704,11.71551,22.220833333333335
25.205473,54.748733,25.2842,54.6704,11.71551,22.220833333333335
25.205473,54.748733,25.2842,54.6704,11.71551,22.220833333333335
25.272453,54.700617,25.2842,54.6704,5.169149999999999,11.218
25.261746,54.756017,25.2842,54.6704,11.59905,19.3
25.227411,54.740873,25.2842,54.6704,10.03398,18.86
25.213414,54.716025,25.2842,54.6704,9.25244,17.07016666666667
25.28225,54.684908,25.2842,54.6704,3.66164,8.025166666666667
25.210939,54.718504,25.2842,54.6704,9.15875,16.971333333333334
25.210939,54.718504,25.2842,54.6704,9.15875,16.971333333333334
25.273768,54.729281,25.2842,54.6704,9.18033,16.6205
25.30419,54.71722,25.2842,54.6704,7.33699,15.050333333333333
25.278306,54.675587,25.2842,54.6704,0.93132,2.601
25.294605,54.674411,25.2842,54.6704,1.1989,3.3925
25.249353,54.67504,25.2842,54.6704,2.88363,7.497
25.290851,54.728896,25.2842,54.6704,8.137310000000001,20.44333333333333
25.094359,54.672105,25.2842,54.6704,15.59724,22.479833333333332
25.307553,54.681809,25.2842,54.6704,2.98148,7.437333333333333
25.281649,54.679706,25.2842,54.6704,1.62376,4.8345
25.226602,54.743512,25.2842,54.6704,10.2675,19.516333333333332
25.177411,54.713819,25.2842,54.6704,10.1699,20.233999999999998
25.281625,54.699012,25.2842,54.6704,4.35768,9.409833333333333
25.281088,54.690049,25.2842,54.6704,4.0325,9.792833333333334
25.272327,54.70829,25.2842,54.6704,5.86352,12.549833333333334
25.24959,54.692483,25.2842,54.6704,4.29446,8.860166666666666
25.301734,54.690696,25.2842,54.6704,4.49505,9.588666666666667
25.287506,54.717581,25.2842,54.6704,6.937939999999999,15.923833333333333
25.287506,54.717581,25.2842,54.6704,6.937939999999999,15.923833333333333
25.31974,54.70216,25.2842,54.6704,6.027310000000001,13.164166666666667
25.277349,54.689718,25.2842,54.6704,3.6897699999999998,7.425666666666667
25.280399,54.672488,25.2842,54.6704,0.42645,1.6018333333333332
25.210939,54.718504,25.2842,54.6704,9.15875,16.971333333333334
25.273256,54.741161,25.2842,54.6704,10.04075,17.901166666666665
25.302409,54.679138,25.2842,54.6704,2.63758,7.125
25.273217,54.683485,25.2842,54.6704,2.1633400000000003,4.4315
25.283,54.675654,25.2842,54.6704,1.65642,4.148
25.275827,54.696402,25.2842,54.6704,4.34112,9.196
25.273651,54.697696,25.2842,54.6704,4.71083,10.171333333333333
25.263342,54.692096,25.2842,54.6704,3.77654,7.5405
25.254267,54.700338,25.2842,54.6704,5.608560000000001,11.797
25.25558,54.675338,25.2842,54.6704,2.58777,6.985166666666667
25.310346,54.703238,25.2842,54.6704,5.32563,10.633999999999999
25.259357,54.757426,25.2842,54.6704,11.74578,19.58
25.279515,54.666115,25.2842,54.6704,1.77638,3.9671666666666665
25.356684,54.78385,25.2842,54.6704,18.76014,32.0905
25.093204,54.670937,25.2842,54.6704,15.418059999999999,21.937333333333335
25.314211,54.678552,25.2842,54.6704,2.3776599999999997,5.6855
25.290547,54.682954,25.2842,54.6704,2.86665,7.473833333333333
25.284133,54.702157,25.2842,54.6704,4.84838,10.951333333333334
25.283273,54.673305,25.2842,54.6704,0.42862,1.4233333333333333
25.246652,54.733912,25.2842,54.6704,9.45225,17.880333333333333
25.260379,54.754731,25.2842,54.6704,11.42348,19.06833333333333
25.27342,54.69682,25.2842,54.6704,4.7503400000000005,10.141333333333334
25.276251,54.702299,25.2842,54.6704,5.34416,11.603166666666668
25.253948,54.73968,25.2842,54.6704,10.03373,19.320333333333334
25.432366,54.687004,25.2842,54.6704,11.71076,19.362333333333332
25.280045,54.780134,25.2842,54.6704,14.28847,23.7835
25.37969,54.674207,25.2842,54.6704,8.29843,14.988333333333333
25.163092,54.723557,25.2842,54.6704,13.01425,26.868499999999997
25.305112,54.681381,25.2842,54.6704,3.10792,7.787166666666667
25.258243,54.697586,25.2842,54.6704,4.55042,9.628333333333334
25.218684,54.720214,25.2842,54.6704,9.135200000000001,17.281333333333336
25.274497,54.673819,25.2842,54.6704,0.9573400000000001,2.5535
25.283092,54.688437,25.2842,54.6704,3.77162,8.155166666666666
25.245221,54.673279,25.2842,54.6704,3.14893,8.063166666666667
25.21939,54.736329,25.2842,54.6704,10.87343,19.730166666666666
25.309167,54.683774,25.2842,54.6704,2.9931799999999997,7.877
25.442351,54.694177,25.2842,54.6704,11.66241,19.797833333333333
25.281605,54.715901,25.2842,54.6704,7.422680000000001,14.525666666666666
25.283288,54.675502,25.2842,54.6704,1.6815,4.19
25.285297,54.707885,25.2842,54.6704,5.3222700000000005,11.459833333333334
25.281625,54.699012,25.2842,54.6704,4.35768,9.409833333333333
25.281625,54.699012,25.2842,54.6704,4.35768,9.409833333333333
25.222567,54.739023,25.2842,54.6704,10.1547,19.337666666666667
25.210939,54.718504,25.2842,54.6704,9.15875,16.971333333333334
25.281625,54.699012,25.2842,54.6704,4.35768,9.409833333333333
25.281625,54.699012,25.2842,54.6704,4.35768,9.409833333333333
25.2287,54.726878,25.2842,54.6704,9.50124,17.925333333333334
25.292903,54.680314,25.2842,54.6704,2.96342,8.120166666666666
25.282695,54.659889,25.2842,54.6704,2.6222800000000004,6.3774999999999995
25.265296,54.691864,25.2842,54.6704,3.4328000000000003,6.858833333333333
25.218398,54.696013,25.2842,54.6704,8.37415,15.033666666666667
25.283181,54.704741,25.2842,54.6704,5.09068,11.057666666666668
25.284746,54.702952,25.2842,54.6704,4.87548,10.892666666666665
25.277309,54.690723,25.2842,54.6704,3.27514,6.799833333333334
25.314125,54.674633,25.2842,54.6704,2.65096,5.8935
25.212477,54.708381,25.2842,54.6704,8.984110000000001,17.3385
25.432488,54.687326,25.2842,54.6704,11.69975,19.31833333333333
25.432488,54.687326,25.2842,54.6704,11.69975,19.31833333333333
25.261746,54.676283,25.2842,54.6704,2.21665,6.1955
25.298231,54.70887,25.2842,54.6704,6.3882200000000005,13.747833333333334
25.26493,54.676879,25.2842,54.6704,2.1016999999999997,5.216166666666667
25.257502,54.693829,25.2842,54.6704,4.07526,8.177166666666666
25.26493,54.676879,25.2842,54.6704,2.1016999999999997,5.216166666666667
25.266739,54.684834,25.2842,54.6704,2.62428,5.371833333333333
25.34371,54.736419,25.2842,54.6704,10.42,19.795333333333335
25.372767,54.729234,25.2842,54.6704,12.35795,23.642166666666665
25.250356,54.70282,25.2842,54.6704,5.753430000000001,11.734666666666667
25.367547,54.728477,25.2842,54.6704,12.80374,25.4635
25.217265,54.708913,25.2842,54.6704,8.32868,16.7715
25.272528,54.709505,25.2842,54.6704,5.99734,13.085
25.246029,54.674181,25.2842,54.6704,3.34069,8.697666666666667
25.284492,54.764435,25.2842,54.6704,13.086200000000002,21.807833333333335
25.268528,54.688321,25.2842,54.6704,2.78871,5.537999999999999
25.211474,54.673039,25.2842,54.6704,6.58697,13.327166666666667
25.240431,54.698186,25.2842,54.6704,5.42223,11.198
25.231555,54.731078,25.2842,54.6704,8.85042,16.404333333333334
25.290513,54.680836,25.2842,54.6704,2.51145,6.408666666666666
25.218247,54.731144,25.2842,54.6704,10.04356,18.152333333333335
25.414826,54.710186,25.2842,54.6704,11.58995,18.951833333333333
25.414826,54.710186,25.2842,54.6704,11.58995,18.951833333333333
25.265151,54.66072,25.2842,54.6704,2.09802,5.739
25.284904,54.692878,25.2842,54.6704,4.00833,9.131499999999999
25.287933,54.673687,25.2842,54.6704,0.9516,2.8588333333333336
25.277047,54.664503,25.2842,54.6704,1.5171,3.7849999999999997
25.30134,54.679162,25.2842,54.6704,2.57068,6.962166666666667
25.275604,54.710746,25.2842,54.6704,6.404109999999999,14.223166666666666
25.289029,54.676399,25.2842,54.6704,1.5566099999999998,6.221500000000001
25.273355,54.741459,25.2842,54.6704,10.151399999999999,18.440333333333335
25.281767,54.674622,25.2842,54.6704,1.0563900000000002,4.8375
25.261188,54.671246,25.2842,54.6704,1.76487,4.480833333333334
25.275659,54.686687,25.2842,54.6704,2.90672,5.808833333333333
25.390656,54.695723,25.2842,54.6704,8.21977,14.681999999999999
25.273651,54.697696,25.2842,54.6704,4.71083,10.171333333333333
25.22807,54.741668,25.2842,54.6704,9.93717,18.437333333333335
25.22807,54.741668,25.2842,54.6704,9.93717,18.437333333333335
25.22807,54.741668,25.2842,54.6704,9.93717,18.437333333333335
25.22807,54.741668,25.2842,54.6704,9.93717,18.437333333333335
25.22807,54.741668,25.2842,54.6704,9.93717,18.437333333333335
25.22807,54.741668,25.2842,54.6704,9.93717,18.437333333333335
25.22807,54.741668,25.2842,54.6704,9.93717,18.437333333333335
25.22807,54.741668,25.2842,54.6704,9.93717,18.437333333333335
25.22807,54.741668,25.2842,54.6704,9.93717,18.437333333333335
25.22807,54.741668,25.2842,54.6704,9.93717,18.437333333333335
25.22807,54.741668,25.2842,54.6704,9.93717,18.437333333333335
25.22807,54.741668,25.2842,54.6704,9.93717,18.437333333333335
25.22807,54.741668,25.2842,54.6704,9.93717,18.437333333333335
25.22807,54.741668,25.2842,54.6704,9.93717,18.437333333333335
25.17678,54.71164,25.2842,54.6704,11.55987,19.615833333333335
25.284502,54.723527,25.2842,54.6704,7.43788,17.191666666666666
25.317504,54.676134,25.2842,54.6704,2.96612,6.835
25.282414,54.685071,25.2842,54.6704,3.64229,7.917
25.241899,54.673009,25.2842,54.6704,3.4712899999999998,8.02
25.291375,54.728815,25.2842,54.6704,8.19699,18.0045
25.28317,54.673048,25.2842,54.6704,0.39988,1.3803333333333332
25.231811,54.733288,25.2842,54.6704,9.2842,17.7475
25.25471,54.698449,25.2842,54.6704,4.74225,9.750666666666666
25.249738,54.717803,25.2842,54.6704,8.1127,15.336666666666668
25.351816,54.727978,25.2842,54.6704,10.277280000000001,19.630999999999997
25.391831,54.710559,25.2842,54.6704,9.48499,17.67683333333333
25.264529,54.756974,25.2842,54.6704,11.788799999999998,19.592499999999998
25.09095,54.669249,25.2842,54.6704,15.47191,22.074666666666666
25.268559,54.678397,25.2842,54.6704,1.88392,4.987166666666667
25.257152,54.717124,25.2842,54.6704,7.64812,14.279833333333332
25.216995,54.665209,25.2842,54.6704,6.9553400000000005,13.003833333333334
25.272141,54.744994,25.2842,54.6704,10.44086,18.9615
25.240525,54.695248,25.2842,54.6704,5.34399,11.068166666666666
25.228649,54.724945,25.2842,54.6704,9.30353,17.341
25.226602,54.743512,25.2842,54.6704,10.2675,19.516333333333332
25.309463,54.703099,25.2842,54.6704,5.31344,10.674000000000001
25.274205,54.678618,25.2842,54.6704,1.39573,2.9733333333333336
25.281281,54.710476,25.2842,54.6704,5.8339300000000005,13.060833333333333
25.281281,54.710476,25.2842,54.6704,5.8339300000000005,13.060833333333333
25.281281,54.710476,25.2842,54.6704,5.8339300000000005,13.060833333333333
25.281281,54.710476,25.2842,54.6704,5.8339300000000005,13.060833333333333
25.241659,54.708342,25.2842,54.6704,6.80518,12.7
25.218507,54.732791,25.2842,54.6704,10.28923,19.324833333333334
25.291471,54.676506,25.2842,54.6704,1.72157,6.879333333333333
25.40083,54.692489,25.2842,54.6704,9.35875,15.434833333333334
25.174693,54.702586,25.2842,54.6704,10.500440000000001,17.924333333333333
25.266661,54.678629,25.2842,54.6704,1.9543199999999998,5.133333333333334
25.246134,54.698914,25.2842,54.6704,5.01272,10.1455
25.276295,54.68264,25.2842,54.6704,2.0664000000000002,4.078333333333333
25.315276,54.678121,25.2842,54.6704,2.5027199999999996,5.923666666666667
25.268875,54.661868,25.2842,54.6704,1.8272599999999999,4.4896666666666665
25.247954,54.722907,25.2842,54.6704,7.76367,15.070333333333334
25.29253,54.702241,25.2842,54.6704,5.4335,11.708499999999999
25.266217,54.72837,25.2842,54.6704,7.99664,15.510666666666667
25.270159,54.663244,25.2842,54.6704,1.7299,4.324
25.317993,54.677762,25.2842,54.6704,2.70515,6.788333333333333
25.281485,54.659172,25.2842,54.6704,2.39813,6.433166666666667
25.214598,54.71047,25.2842,54.6704,8.73097,16.7935
25.32098,54.717369,25.2842,54.6704,7.23224,14.779666666666666
25.253841,54.669845,25.2842,54.6704,2.70612,6.861833333333333
25.316127,54.713168,25.2842,54.6704,6.53021,12.849333333333334
25.262432,54.677956,25.2842,54.6704,2.71548,6.233666666666666
25.227717,54.705225,25.2842,54.6704,8.198979999999999,15.969
25.294861,54.693295,25.2842,54.6704,4.9702,10.531
25.294861,54.693295,25.2842,54.6704,4.9702,10.531
25.294861,54.693295,25.2842,54.6704,4.9702,10.531
25.294861,54.693295,25.2842,54.6704,4.9702,10.531
25.294861,54.693295,25.2842,54.6704,4.9702,10.531
25.294861,54.693295,25.2842,54.6704,4.9702,10.531
25.294861,54.693295,25.2842,54.6704,4.9702,10.531
25.294861,54.693295,25.2842,54.6704,4.9702,10.531
25.294861,54.693295,25.2842,54.6704,4.9702,10.531
25.306401,54.696552,25.2842,54.6704,4.74537,11.290666666666668
25.301821,54.719108,25.2842,54.6704,7.8241000000000005,15.864
25.251485,54.656315,25.2842,54.6704,4.01329,9.873833333333332
25.30419,54.71722,25.2842,54.6704,7.33699,15.050333333333333
25.273768,54.729281,25.2842,54.6704,9.18033,16.6205
25.311521,54.696649,25.2842,54.6704,4.79635,10.143166666666668
25.272528,54.709505,25.2842,54.6704,5.99734,13.085
25.276987,54.675005,25.2842,54.6704,0.85998,2.6540000000000004
25.323067,54.733755,25.2842,54.6704,9.47233,18.563333333333333
25.24339,54.71113,25.2842,54.6704,7.48284,14.458833333333333
25.216815,54.701586,25.2842,54.6704,7.22884,15.023
25.257729,54.605984,25.2842,54.6704,10.57693,16.87183333333333
25.280557,54.67422,25.2842,54.6704,0.7584299999999999,3.109166666666667
25.234285,54.674768,25.2842,54.6704,4.60445,10.9245
25.253663,54.716854,25.2842,54.6704,7.838970000000001,14.758333333333333
25.221498,54.74038,25.2842,54.6704,10.298200000000001,19.043499999999998
25.277345,54.635169,25.2842,54.6704,4.855729999999999,11.218666666666667
25.251501,54.724701,25.2842,54.6704,8.63571,16.3795
25.282581,54.665995,25.2842,54.6704,1.76677,3.8353333333333333
25.238358,54.697036,25.2842,54.6704,5.76199,11.408166666666666
25.23347,54.67438,25.2842,54.6704,4.641649999999999,11.073166666666667
25.279901,54.664947,25.2842,54.6704,1.66637,4.345
25.22005,54.739931,25.2842,54.6704,10.39694,19.474666666666668
25.238694,54.718984,25.2842,54.6704,8.221200000000001,16.148166666666665
25.238694,54.718984,25.2842,54.6704,8.221200000000001,16.148166666666665
25.238694,54.718984,25.2842,54.6704,8.221200000000001,16.148166666666665
25.238694,54.718984,25.2842,54.6704,8.221200000000001,16.148166666666665
25.238694,54.718984,25.2842,54.6704,8.221200000000001,16.148166666666665
25.238694,54.718984,25.2842,54.6704,8.221200000000001,16.148166666666665
25.204597,54.635851,25.2842,54.6704,7.53779,15.211166666666665
25.368043,54.725525,25.2842,54.6704,9.8074,23.812666666666665
25.227631,54.681963,25.2842,54.6704,6.261550000000001,14.547833333333333
25.227631,54.681963,25.2842,54.6704,6.261550000000001,14.547833333333333
25.271884,54.681988,25.2842,54.6704,1.85558,3.8729999999999998
25.268462,54.677055,25.2842,54.6704,1.92181,4.774166666666667
25.182608,54.702689,25.2842,54.6704,10.354790000000001,17.69066666666667
25.279407,54.67197,25.2842,54.6704,0.5227,1.8046666666666666
25.272766,54.674597,25.2842,54.6704,1.26237,3.2031666666666667
25.287992,54.758824,25.2842,54.6704,12.660950000000001,22.380333333333333
25.307789,54.697604,25.2842,54.6704,4.74934,9.939
25.28798,54.724955,25.2842,54.6704,7.444859999999999,17.546166666666668
25.088131,54.673206,25.2842,54.6704,15.65254,22.6165
25.2876,54.683979,25.2842,54.6704,4.01264,8.923333333333334
25.249683,54.674138,25.2842,54.6704,2.89461,7.604166666666667
25.30419,54.71722,25.2842,54.6704,7.33699,15.050333333333333
25.301476,54.726612,25.2842,54.6704,8.42999,18.12066666666667
25.16472,54.708189,25.2842,54.6704,12.21293,21.193499999999997
25.242457,54.668629,25.2842,54.6704,3.32666,7.847833333333333
25.276969,54.661605,25.2842,54.6704,1.77993,4.322666666666667
25.305112,54.681381,25.2842,54.6704,3.10792,7.787166666666667
25.316965,54.698274,25.2842,54.6704,5.37615,12.194333333333333
25.271328,54.740761,25.2842,54.6704,9.869959999999999,17.877666666666666
25.271328,54.740761,25.2842,54.6704,9.869959999999999,17.877666666666666
25.271328,54.740761,25.2842,54.6704,9.869959999999999,17.877666666666666
25.271328,54.740761,25.2842,54.6704,9.869959999999999,17.877666666666666
25.271328,54.740761,25.2842,54.6704,9.869959999999999,17.877666666666666
25.271328,54.740761,25.2842,54.6704,9.869959999999999,17.877666666666666
25.271328,54.740761,25.2842,54.6704,9.869959999999999,17.877666666666666
25.271328,54.740761,25.2842,54.6704,9.869959999999999,17.877666666666666
25.271328,54.740761,25.2842,54.6704,9.869959999999999,17.877666666666666
25.271328,54.740761,25.2842,54.6704,9.869959999999999,17.877666666666666
25.271328,54.740761,25.2842,54.6704,9.869959999999999,17.877666666666666
25.271328,54.740761,25.2842,54.6704,9.869959999999999,17.877666666666666
25.271328,54.740761,25.2842,54.6704,9.869959999999999,17.877666666666666
25.271328,54.740761,25.2842,54.6704,9.869959999999999,17.877666666666666
25.271328,54.740761,25.2842,54.6704,9.869959999999999,17.877666666666666
25.271328,54.740761,25.2842,54.6704,9.869959999999999,17.877666666666666
25.271328,54.740761,25.2842,54.6704,9.869959999999999,17.877666666666666
25.271328,54.740761,25.2842,54.6704,9.869959999999999,17.877666666666666
25.266146,54.7378,25.2842,54.6704,9.42952,16.627
25.22574,54.715467,25.2842,54.6704,8.22499,15.081
25.259867,54.755776,25.2842,54.6704,11.43266,18.843
25.260337,54.757348,25.2842,54.6704,11.800229999999999,19.801333333333332
25.210939,54.718504,25.2842,54.6704,9.15875,16.971333333333334
25.287057,54.699803,25.2842,54.6704,4.72179,10.252833333333333
25.210939,54.718504,25.2842,54.6704,9.15875,16.971333333333334
25.283461,54.680584,25.2842,54.6704,1.72692,7.275833333333334
25.238872,54.716279,25.2842,54.6704,7.42219,14.965166666666667
25.264339,54.690782,25.2842,54.6704,3.28449,6.720666666666667
25.255283,54.702824,25.2842,54.6704,5.40035,10.695333333333334
25.210939,54.718504,25.2842,54.6704,9.15875,16.971333333333334
25.28067,54.685607,25.2842,54.6704,3.82357,8.609166666666665
25.267288,54.674236,25.2842,54.6704,1.84296,4.470833333333333
25.210939,54.718504,25.2842,54.6704,9.15875,16.971333333333334
25.26794,54.754667,25.2842,54.6704,11.07461,18.619500000000002
25.265891,54.671003,25.2842,54.6704,1.39275,3.5900000000000003
25.300999,54.707127,25.2842,54.6704,6.3909899999999995,13.823333333333332
25.271909,54.687253,25.2842,54.6704,2.46509,4.7909999999999995
25.27119,54.726075,25.2842,54.6704,9.157219999999999,17.244333333333334
25.2606,54.690062,25.2842,54.6704,3.47416,7.234166666666667
25.258409,54.673741,25.2842,54.6704,2.21867,6.215833333333333
25.258409,54.673741,25.2842,54.6704,2.21867,6.215833333333333
25.258409,54.673741,25.2842,54.6704,2.21867,6.215833333333333
25.258409,54.673741,25.2842,54.6704,2.21867,6.215833333333333
25.258409,54.673741,25.2842,54.6704,2.21867,6.215833333333333
25.258409,54.673741,25.2842,54.6704,2.21867,6.215833333333333
25.276306,54.689888,25.2842,54.6704,3.03849,6.0875
25.27737,54.687383,25.2842,54.6704,2.9479,5.833666666666667
25.177236,54.715567,25.2842,54.6704,11.874229999999999,20.435833333333335
25.279632,54.684714,25.2842,54.6704,3.8757800000000002,8.845166666666668
25.267796,54.675255,25.2842,54.6704,1.75176,4.325833333333334
25.264699,54.690035,25.2842,54.6704,3.13889,6.481166666666667
25.429007,54.792344,25.2842,54.6704,18.47101,28.656833333333335
25.276306,54.689888,25.2842,54.6704,3.03849,6.0875
25.15119,54.619174,25.2842,54.6704,13.82873,24.078833333333332
25.221,54.739475,25.2842,54.6704,10.40216,19.459333333333333
25.261388,54.67013,25.2842,54.6704,1.94525,4.9205000000000005
25.294912,54.676576,25.2842,54.6704,1.3951,4.481333333333334
25.259596,54.697811,25.2842,54.6704,4.64235,9.853666666666667
25.227235,54.725863,25.2842,54.6704,9.36041,17.474333333333334
25.215818,54.69608,25.2842,54.6704,8.25648,14.752999999999998
25.275604,54.710746,25.2842,54.6704,6.404109999999999,14.223166666666666
25.31066,54.67905,25.2842,54.6704,2.42271,5.865666666666667
25.39686,54.68134,25.2842,54.6704,9.37117,16.379833333333334
25.281583,54.682514,25.2842,54.6704,4.55108,11.285666666666666
25.274681,54.697375,25.2842,54.6704,4.61918,9.9485
25.244122,54.729112,25.2842,54.6704,8.550040000000001,17.338166666666666
25.21212,54.718666,25.2842,54.6704,9.03608,16.361
25.220585,54.710172,25.2842,54.6704,8.65591,15.908999999999999
25.213543,54.679932,25.2842,54.6704,6.47853,12.657333333333334
25.271909,54.687253,25.2842,54.6704,2.46509,4.7909999999999995
25.220105,54.721852,25.2842,54.6704,9.13645,16.697166666666668
25.222022,54.73977,25.2842,54.6704,10.108,18.955
25.320567,54.709343,25.2842,54.6704,6.82789,13.195
25.215144,54.733105,25.2842,54.6704,10.46832,19.710166666666666
25.215144,54.733105,25.2842,54.6704,10.46832,19.710166666666666
25.283035,54.677178,25.2842,54.6704,1.21986,4.4595
25.215144,54.733105,25.2842,54.6704,10.46832,19.710166666666666
25.215144,54.733105,25.2842,54.6704,10.46832,19.710166666666666
25.303756,54.676297,25.2842,54.6704,1.71751,4.246833333333333
25.283875,54.674294,25.2842,54.6704,0.54813,1.6026666666666667
25.203967,54.642506,25.2842,54.6704,6.8401000000000005,12.705166666666665
25.348443,54.648712,25.2842,54.6704,6.61416,13.119166666666667
25.332252,54.745477,25.2842,54.6704,11.67435,23.2365
25.332252,54.745477,25.2842,54.6704,11.67435,23.2365
25.336709,54.745793,25.2842,54.6704,13.06409,24.169833333333333
25.336709,54.745793,25.2842,54.6704,13.06409,24.169833333333333
25.275827,54.696402,25.2842,54.6704,4.34112,9.196
25.25202,54.655056,25.2842,54.6704,4.156020000000001,10.444666666666667
25.272495,54.660317,25.2842,54.6704,1.75323,4.055000000000001
25.31139,54.708343,25.2842,54.6704,5.98403,12.084666666666667
25.16365,54.708634,25.2842,54.6704,12.160200000000001,20.984333333333332
25.286184,54.698953,25.2842,54.6704,4.62383,9.934666666666667
25.243492,54.697523,25.2842,54.6704,5.15199,10.565
25.277189,54.672594,25.2842,54.6704,0.6380800000000001,1.8488333333333336
25.273646,54.751455,25.2842,54.6704,11.27582,19.109333333333332
25.240621,54.698804,25.2842,54.6704,5.4948999999999995,11.536833333333334
25.21691,54.667977,25.2842,54.6704,6.67115,12.637333333333334
25.214865,54.694523,25.2842,54.6704,8.2187,14.629666666666667
25.274204,54.678107,25.2842,54.6704,1.3638,3.0058333333333334
25.296759,54.680809,25.2842,54.6704,2.90623,7.843333333333334
25.284638,54.691637,25.2842,54.6704,3.8372100000000002,7.847166666666666
25.311337,54.685025,25.2842,54.6704,3.12378,7.0104999999999995
25.265284,54.688246,25.2842,54.6704,3.15232,6.547666666666667
25.253948,54.73968,25.2842,54.6704,10.03373,19.320333333333334
25.318181,54.713092,25.2842,54.6704,6.806520000000001,13.477333333333332
25.279816,54.671688,25.2842,54.6704,0.54306,1.7913333333333334
25.259596,54.697811,25.2842,54.6704,4.64235,9.853666666666667
25.29911,54.701683,25.2842,54.6704,5.669359999999999,12.519166666666667
25.296914,54.694241,25.2842,54.6704,4.71273,10.441666666666666
25.249407,54.698415,25.2842,54.6704,4.75871,9.502666666666666
25.247674,54.724975,25.2842,54.6704,8.049949999999999,15.736666666666668
25.296482,54.720077,25.2842,54.6704,7.02072,15.297166666666667
25.274497,54.673819,25.2842,54.6704,0.9573400000000001,2.5535
25.263367,54.6804,25.2842,54.6704,2.41172,5.176333333333333
25.196608,54.65522,25.2842,54.6704,8.74683,20.334166666666665
25.28938,54.683694,25.2842,54.6704,4.06774,9.114833333333333
25.28938,54.683694,25.2842,54.6704,4.06774,9.114833333333333
25.317504,54.676134,25.2842,54.6704,2.96612,6.835
25.19924,54.645144,25.2842,54.6704,7.35565,13.785
25.301095,54.703902,25.2842,54.6704,6.154859999999999,13.056333333333333
25.305677,54.681739,25.2842,54.6704,3.05655,7.549666666666667
25.210692,54.716469,25.2842,54.6704,9.412270000000001,17.669666666666668
25.210692,54.716469,25.2842,54.6704,9.412270000000001,17.669666666666668
25.210692,54.716469,25.2842,54.6704,9.412270000000001,17.669666666666668
25.210692,54.716469,25.2842,54.6704,9.412270000000001,17.669666666666668
25.210692,54.716469,25.2842,54.6704,9.412270000000001,17.669666666666668
25.210692,54.716469,25.2842,54.6704,9.412270000000001,17.669666666666668
25.254314,54.670285,25.2842,54.6704,2.7582199999999997,7.070166666666666
25.21871,54.648942,25.2842,54.6704,5.7579899999999995,11.032666666666668
25.253948,54.73968,25.2842,54.6704,10.03373,19.320333333333334
25.226602,54.743512,25.2842,54.6704,10.2675,19.516333333333332
25.264792,54.755827,25.2842,54.6704,11.26113,19.189166666666665
25.247172,54.700898,25.2842,54.6704,5.926609999999999,11.756833333333333
25.329891,54.730497,25.2842,54.6704,9.30106,18.768833333333337
25.25263,54.702166,25.2842,54.6704,5.54899,10.8505
25.248643,54.717207,25.2842,54.6704,7.47229,14.8305
25.275202,54.699755,25.2842,54.6704,5.34431,11.6545
25.31882,54.706559,25.2842,54.6704,6.31929,13.183333333333334
25.251126,54.720239,25.2842,54.6704,7.82364,15.039333333333333
25.315578,54.696918,25.2842,54.6704,5.148350000000001,10.887333333333334
25.278507,54.680013,25.2842,54.6704,1.8504200000000002,5.922333333333333
25.272766,54.674597,25.2842,54.6704,1.26237,3.2031666666666667
25.165151,54.713529,25.2842,54.6704,12.883899999999999,22.725833333333334
25.164217,54.708521,25.2842,54.6704,12.177299999999999,21.052833333333336
25.297461,54.699439,25.2842,54.6704,6.1484700000000005,12.774666666666667
25.266432,54.689462,25.2842,54.6704,2.9796300000000002,5.909833333333333
25.266432,54.689462,25.2842,54.6704,2.9796300000000002,5.909833333333333
25.266432,54.689462,25.2842,54.6704,2.9796300000000002,5.909833333333333
25.266432,54.689462,25.2842,54.6704,2.9796300000000002,5.909833333333333
25.266432,54.689462,25.2842,54.6704,2.9796300000000002,5.909833333333333
25.266432,54.689462,25.2842,54.6704,2.9796300000000002,5.909833333333333
25.266432,54.689462,25.2842,54.6704,2.9796300000000002,5.909833333333333
25.266432,54.689462,25.2842,54.6704,2.9796300000000002,5.909833333333333
25.266432,54.689462,25.2842,54.6704,2.9796300000000002,5.909833333333333
25.266432,54.689462,25.2842,54.6704,2.9796300000000002,5.909833333333333
25.266432,54.689462,25.2842,54.6704,2.9796300000000002,5.909833333333333
25.266432,54.689462,25.2842,54.6704,2.9796300000000002,5.909833333333333
25.266432,54.689462,25.2842,54.6704,2.9796300000000002,5.909833333333333
25.266432,54.689462,25.2842,54.6704,2.9796300000000002,5.909833333333333
25.266432,54.689462,25.2842,54.6704,2.9796300000000002,5.909833333333333
25.266432,54.689462,25.2842,54.6704,2.9796300000000002,5.909833333333333
25.266432,54.689462,25.2842,54.6704,2.9796300000000002,5.909833333333333
25.266432,54.689462,25.2842,54.6704,2.9796300000000002,5.909833333333333
25.266432,54.689462,25.2842,54.6704,2.9796300000000002,5.909833333333333
25.266432,54.689462,25.2842,54.6704,2.9796300000000002,5.909833333333333
25.266432,54.689462,25.2842,54.6704,2.9796300000000002,5.909833333333333
25.188879,54.711251,25.2842,54.6704,10.13174,19.942999999999998
25.191114,54.754266,25.2842,54.6704,15.04185,28.2025
25.176476,54.71186,25.2842,54.6704,11.55493,19.672
25.279185,54.703499,25.2842,54.6704,5.23816,11.1215
25.277993,54.719296,25.2842,54.6704,7.72903,16.095833333333335
25.187043,54.714488,25.2842,54.6704,10.30861,20.356833333333334
25.215068,54.736463,25.2842,54.6704,10.97632,19.926333333333332
25.2726,54.683084,25.2842,54.6704,2.21542,4.639666666666667
25.422153,54.682002,25.2842,54.6704,11.586379999999998,21.571833333333334
25.21677,54.733913,25.2842,54.6704,10.564969999999999,18.97416666666667
25.249987,54.700162,25.2842,54.6704,5.9575,12.225
25.253381,54.701041,25.2842,54.6704,5.924270000000001,12.092
25.265685,54.75685,25.2842,54.6704,11.68177,19.709666666666667
25.277364,54.682842,25.2842,54.6704,2.13604,4.2455
25.210095,54.681796,25.2842,54.6704,6.56684,12.676166666666667
25.221208,54.694804,25.2842,54.6704,7.0918,14.104666666666667
25.264196,54.687387,25.2842,54.6704,3.0259099999999997,6.239833333333333
25.274204,54.678107,25.2842,54.6704,1.3638,3.0058333333333334
25.26583,54.673868,25.2842,54.6704,1.87828,4.579
25.316684,54.677577,25.2842,54.6704,2.54001,6.124
25.31807,54.719759,25.2842,54.6704,7.37172,14.121333333333332
25.268022,54.660961,25.2842,54.6704,1.98185,4.915166666666667
25.268022,54.660961,25.2842,54.6704,1.98185,4.915166666666667
25.268022,54.660961,25.2842,54.6704,1.98185,4.915166666666667
25.268022,54.660961,25.2842,54.6704,1.98185,4.915166666666667
25.268022,54.660961,25.2842,54.6704,1.98185,4.915166666666667
25.268022,54.660961,25.2842,54.6704,1.98185,4.915166666666667
25.268022,54.660961,25.2842,54.6704,1.98185,4.915166666666667
25.268022,54.660961,25.2842,54.6704,1.98185,4.915166666666667
25.268022,54.660961,25.2842,54.6704,1.98185,4.915166666666667
25.268022,54.660961,25.2842,54.6704,1.98185,4.915166666666667
25.268022,54.660961,25.2842,54.6704,1.98185,4.915166666666667
25.268022,54.660961,25.2842,54.6704,1.98185,4.915166666666667
25.268022,54.660961,25.2842,54.6704,1.98185,4.915166666666667
25.268022,54.660961,25.2842,54.6704,1.98185,4.915166666666667
25.268022,54.660961,25.2842,54.6704,1.98185,4.915166666666667
25.217265,54.708913,25.2842,54.6704,8.32868,16.7715
25.221089,54.696438,25.2842,54.6704,7.08476,14.164
25.285048,54.699003,25.2842,54.6704,4.60714,10.224166666666667
25.253284,54.7352,25.2842,54.6704,10.19459,18.610500000000002
25.256139,54.689542,25.2842,54.6704,3.54594,7.1675
25.279633,54.685923,25.2842,54.6704,3.90336,8.848166666666666
25.21856,54.722083,25.2842,54.6704,9.15985,16.7255
25.316041,54.704237,25.2842,54.6704,5.92272,12.082833333333333
25.39312,54.710831,25.2842,54.6704,9.58292,18.068666666666665
25.39312,54.710831,25.2842,54.6704,9.58292,18.068666666666665
25.279394,54.745738,25.2842,54.6704,12.173459999999999,20.589333333333332
25.370044,54.729766,25.2842,54.6704,12.547600000000001,24.400666666666666
25.282205,54.674613,25.2842,54.6704,1.03907,4.7335
25.276381,54.709034,25.2842,54.6704,6.55021,14.771333333333333
25.216722,54.674157,25.2842,54.6704,6.31548,12.281333333333333
25.289961,54.707175,25.2842,54.6704,5.66263,11.873666666666667
25.091746,54.669545,25.2842,54.6704,15.473450000000001,22.176
25.201911,54.710362,25.2842,54.6704,8.845870000000001,17.68883333333333
25.182982,54.704235,25.2842,54.6704,10.7539,19.082833333333333
25.271112,54.675932,25.2842,54.6704,1.79934,4.5858333333333325
25.287795,54.676964,25.2842,54.6704,1.45402,5.7145
25.266179,54.674341,25.2842,54.6704,1.85064,4.48
25.218183,54.702075,25.2842,54.6704,7.30188,15.2765
25.271503,54.682264,25.2842,54.6704,2.0349,4.048166666666666
25.171791,54.715849,25.2842,54.6704,12.65965,23.017
25.273651,54.697696,25.2842,54.6704,4.71083,10.171333333333333
25.25157,54.695527,25.2842,54.6704,4.53908,9.126
25.282406,54.67825,25.2842,54.6704,1.7094500000000001,7.019833333333334
25.291294,54.717309,25.2842,54.6704,6.67924,15.9565
25.261388,54.67013,25.2842,54.6704,1.94525,4.9205000000000005
25.261388,54.67013,25.2842,54.6704,1.94525,4.9205000000000005
25.266114,54.755489,25.2842,54.6704,11.179170000000001,18.861333333333334
25.42498,54.686126,25.2842,54.6704,11.01862,17.875
25.273651,54.697696,25.2842,54.6704,4.71083,10.171333333333333
25.273651,54.697696,25.2842,54.6704,4.71083,10.171333333333333
25.28067,54.685607,25.2842,54.6704,3.82357,8.609166666666665
25.29077,54.702676,25.2842,54.6704,5.36433,11.349166666666667
25.19924,54.645144,25.2842,54.6704,7.35565,13.785
25.236553,54.727097,25.2842,54.6704,8.38614,15.491833333333334
25.215015,54.694147,25.2842,54.6704,8.22037,14.711500000000001
25.23347,54.67438,25.2842,54.6704,4.641649999999999,11.073166666666667
25.217265,54.708913,25.2842,54.6704,8.32868,16.7715
25.226605,54.736735,25.2842,54.6704,9.980649999999999,18.641666666666666
25.226027,54.736248,25.2842,54.6704,9.65436,17.58833333333333
25.27175,54.70355,25.2842,54.6704,5.63604,11.342
25.21411,54.664732,25.2842,54.6704,6.97208,13.213
25.21715,54.720148,25.2842,54.6704,9.44617,17.27283333333333
25.293033,54.709315,25.2842,54.6704,5.89511,12.644499999999999
25.189566,54.680255,25.2842,54.6704,8.18443,14.262166666666667
25.189566,54.680255,25.2842,54.6704,8.18443,14.262166666666667
25.189566,54.680255,25.2842,54.6704,8.18443,14.262166666666667
25.189566,54.680255,25.2842,54.6704,8.18443,14.262166666666667
25.189566,54.680255,25.2842,54.6704,8.18443,14.262166666666667
25.189566,54.680255,25.2842,54.6704,8.18443,14.262166666666667
25.189566,54.680255,25.2842,54.6704,8.18443,14.262166666666667
25.189566,54.680255,25.2842,54.6704,8.18443,14.262166666666667
25.189566,54.680255,25.2842,54.6704,8.18443,14.262166666666667
25.189566,54.680255,25.2842,54.6704,8.18443,14.262166666666667
25.189566,54.680255,25.2842,54.6704,8.18443,14.262166666666667
25.168734,54.67079,25.2842,54.6704,8.96064,15.511166666666666
25.261224,54.609448,25.2842,54.6704,10.909370000000001,17.796
25.224749,54.69846,25.2842,54.6704,6.9124799999999995,14.178833333333333
25.23351,54.731404,25.2842,54.6704,8.904549999999999,16.743000000000002
25.203446,54.671979,25.2842,54.6704,7.00166,13.4415
25.269238,54.660681,25.2842,54.6704,1.92234,4.810333333333333
25.296581,54.679832,25.2842,54.6704,2.47591,6.881666666666666
25.34087,54.749523,25.2842,54.6704,12.49766,22.4835
25.286303,54.672738,25.2842,54.6704,0.61572,1.863
25.213894,54.666201,25.2842,54.6704,6.872859999999999,13.041166666666667
25.281782,54.690531,25.2842,54.6704,3.50739,6.9175
25.281782,54.690531,25.2842,54.6704,3.50739,6.9175
25.29333,54.729119,25.2842,54.6704,8.09759,17.593833333333336
25.337374,54.734828,25.2842,54.6704,9.51312,18.186333333333334
25.282212,54.763128,25.2842,54.6704,12.82102,20.99683333333333
25.274558,54.685995,25.2842,54.6704,2.6742600000000003,5.151666666666667
25.295255,54.691797,25.2842,54.6704,4.68104,9.365166666666665
25.286314,54.680434,25.2842,54.6704,4.36141,10.350333333333333
25.306942,54.736814,25.2842,54.6704,9.60426,18.795666666666666
25.283894,54.692445,25.2842,54.6704,3.9120999999999997,8.746666666666666
25.253948,54.73968,25.2842,54.6704,10.03373,19.320333333333334
25.252914,54.635299,25.2842,54.6704,4.860189999999999,11.1095
25.28141,54.660144,25.2842,54.6704,2.70849,6.586
25.429708,54.674997,25.2842,54.6704,12.80019,20.301166666666667
25.320219,54.721906,25.2842,54.6704,8.145100000000001,15.9105
25.190267,54.667488,25.2842,54.6704,7.16852,13.486166666666666
25.274111,54.715595,25.2842,54.6704,8.64355,15.891666666666667
25.31066,54.67905,25.2842,54.6704,2.42271,5.865666666666667
25.22456,54.727062,25.2842,54.6704,9.555299999999999,18.061666666666667
25.25157,54.695527,25.2842,54.6704,4.53908,9.126
25.25157,54.695527,25.2842,54.6704,4.53908,9.126
25.237943,54.727271,25.2842,54.6704,8.265799999999999,15.367333333333333
25.297461,54.699439,25.2842,54.6704,6.1484700000000005,12.774666666666667
25.266661,54.678629,25.2842,54.6704,1.9543199999999998,5.133333333333334
25.251348,54.70835,25.2842,54.6704,6.06568,11.631666666666666
25.253064,54.717563,25.2842,54.6704,7.98151,15.185833333333333
25.320002,54.674811,25.2842,54.6704,3.14521,6.989333333333334
25.218183,54.702075,25.2842,54.6704,7.30188,15.2765
25.17774,54.707002,25.2842,54.6704,11.15069,18.740166666666667
25.229661,54.741616,25.2842,54.6704,9.966809999999999,18.671
25.235313,54.714079,25.2842,54.6704,7.52481,13.841000000000001
25.235313,54.714079,25.2842,54.6704,7.52481,13.841000000000001
25.26583,54.673868,25.2842,54.6704,1.87828,4.579
25.345699,54.721267,25.2842,54.6704,10.076,20.5085
25.249978,54.720741,25.2842,54.6704,7.90276,15.355833333333333
25.226669,54.703767,25.2842,54.6704,8.19233,16.545833333333334
25.274708,54.729271,25.2842,54.6704,9.18548,16.641166666666667
25.185235,54.62499,25.2842,54.6704,12.89091,21.106833333333334
25.251458,54.70067,25.2842,54.6704,5.90467,12.070833333333333
25.251458,54.70067,25.2842,54.6704,5.90467,12.070833333333333
25.251458,54.70067,25.2842,54.6704,5.90467,12.070833333333333
25.251458,54.70067,25.2842,54.6704,5.90467,12.070833333333333
25.251458,54.70067,25.2842,54.6704,5.90467,12.070833333333333
25.263539,54.642068,25.2842,54.6704,4.623939999999999,9.9505
25.26202,54.673957,25.2842,54.6704,2.05335,5.535166666666667
25.284895,54.672844,25.2842,54.6704,0.49976,1.7901666666666667
25.247289,54.729425,25.2842,54.6704,8.96243,18.2225
25.31317,54.662149,25.2842,54.6704,2.86914,7.5375
25.320219,54.721906,25.2842,54.6704,8.145100000000001,15.9105
25.275057,54.663344,25.2842,54.6704,1.45514,3.4665000000000004
25.259345,54.60568,25.2842,54.6704,10.372879999999999,16.331833333333332
25.303169,54.68126,25.2842,54.6704,3.24368,8.267999999999999
25.255041,54.701755,25.2842,54.6704,5.39407,10.8875
25.219631,54.738797,25.2842,54.6704,10.51051,19.892666666666667
25.20328,54.708941,25.2842,54.6704,8.65234,17.729833333333332
25.303406,54.723493,25.2842,54.6704,8.14131,17.072333333333333
25.283641,54.708845,25.2842,54.6704,5.68961,13.002333333333333
25.248741,54.672589,25.2842,54.6704,3.03639,7.836166666666667
25.260513,54.67185,25.2842,54.6704,2.03176,5.468166666666666
25.246652,54.733912,25.2842,54.6704,9.45225,17.880333333333333
25.315056,54.707593,25.2842,54.6704,6.0608900000000006,12.637833333333333
25.263624,54.689827,25.2842,54.6704,3.1643499999999998,6.353166666666667
25.310892,54.67927,25.2842,54.6704,2.39407,5.751166666666666
25.253093,54.652153,25.2842,54.6704,4.31072,11.0635
25.177236,54.715567,25.2842,54.6704,11.874229999999999,20.435833333333335
25.252936,54.653135,25.2842,54.6704,4.381399999999999,11.346333333333332
25.252936,54.653135,25.2842,54.6704,4.381399999999999,11.346333333333332
25.252936,54.653135,25.2842,54.6704,4.381399999999999,11.346333333333332
25.252936,54.653135,25.2842,54.6704,4.381399999999999,11.346333333333332
25.252936,54.653135,25.2842,54.6704,4.381399999999999,11.346333333333332
25.252936,54.653135,25.2842,54.6704,4.381399999999999,11.346333333333332
25.252936,54.653135,25.2842,54.6704,4.381399999999999,11.346333333333332
25.252936,54.653135,25.2842,54.6704,4.381399999999999,11.346333333333332
25.252936,54.653135,25.2842,54.6704,4.381399999999999,11.346333333333332
25.252936,54.653135,25.2842,54.6704,4.381399999999999,11.346333333333332
25.252936,54.653135,25.2842,54.6704,4.381399999999999,11.346333333333332
25.188593,54.711969,25.2842,54.6704,10.15141,19.997833333333332
25.259166,54.657314,25.2842,54.6704,3.54536,8.002
25.262469,54.642507,25.2842,54.6704,3.79909,8.922833333333333
25.232029,54.713966,25.2842,54.6704,7.57428,13.777999999999999
25.272685,54.750759,25.2842,54.6704,11.25876,18.899833333333333
25.287213,54.76235,25.2842,54.6704,12.8756,22.952833333333334
25.25181,54.702097,25.2842,54.6704,5.60011,10.973166666666666
25.195514,54.659981,25.2842,54.6704,7.7360299999999995,15.877833333333333
25.228252,54.742343,25.2842,54.6704,10.07642,18.907500000000002
25.28516,54.760774,25.2842,54.6704,12.56523,21.84466666666667
25.188593,54.711969,25.2842,54.6704,10.15141,19.997833333333332
25.275057,54.663344,25.2842,54.6704,1.45514,3.4665000000000004
25.277374,54.675276,25.2842,54.6704,0.86597,2.444166666666667
25.255546,54.690494,25.2842,54.6704,3.6957,7.582166666666667
25.43004,54.693492,25.2842,54.6704,10.95051,18.116666666666667
25.255478,54.715542,25.2842,54.6704,7.767399999999999,14.668166666666668
25.26825,54.662449,25.2842,54.6704,1.884,4.7165
25.282143,54.69283,25.2842,54.6704,3.8129,8.349833333333333
25.283563,54.67663,25.2842,54.6704,1.1427,4.0045
25.296001,54.719642,25.2842,54.6704,6.97286,15.225333333333333
25.282824,54.684395,25.2842,54.6704,2.84514,8.047500000000001
25.240391,54.669504,25.2842,54.6704,3.53123,8.1605
25.240391,54.669504,25.2842,54.6704,3.53123,8.1605
25.240391,54.669504,25.2842,54.6704,3.53123,8.1605
25.240391,54.669504,25.2842,54.6704,3.53123,8.1605
25.240391,54.669504,25.2842,54.6704,3.53123,8.1605
25.240391,54.669504,25.2842,54.6704,3.53123,8.1605
25.240391,54.669504,25.2842,54.6704,3.53123,8.1605
25.240391,54.669504,25.2842,54.6704,3.53123,8.1605
25.240391,54.669504,25.2842,54.6704,3.53123,8.1605
25.240391,54.669504,25.2842,54.6704,3.53123,8.1605
25.240391,54.669504,25.2842,54.6704,3.53123,8.1605
25.240391,54.669504,25.2842,54.6704,3.53123,8.1605
25.240391,54.669504,25.2842,54.6704,3.53123,8.1605
25.240391,54.669504,25.2842,54.6704,3.53123,8.1605
25.240391,54.669504,25.2842,54.6704,3.53123,8.1605
25.240391,54.669504,25.2842,54.6704,3.53123,8.1605
25.240391,54.669504,25.2842,54.6704,3.53123,8.1605
25.240391,54.669504,25.2842,54.6704,3.53123,8.1605
25.240391,54.669504,25.2842,54.6704,3.53123,8.1605
25.240391,54.669504,25.2842,54.6704,3.53123,8.1605
25.240391,54.669504,25.2842,54.6704,3.53123,8.1605
25.240391,54.669504,25.2842,54.6704,3.53123,8.1605
25.240391,54.669504,25.2842,54.6704,3.53123,8.1605
25.21212,54.718666,25.2842,54.6704,9.03608,16.361
25.265956,54.687708,25.2842,54.6704,2.83719,5.761666666666667
25.295151,54.680468,25.2842,54.6704,2.8158499999999997,7.528499999999999
25.284143,54.687732,25.2842,54.6704,3.9956799999999997,8.823833333333333
25.215818,54.69608,25.2842,54.6704,8.25648,14.752999999999998
25.287506,54.717581,25.2842,54.6704,6.937939999999999,15.923833333333333
25.248958,54.673499,25.2842,54.6704,2.94563,7.6866666666666665
25.29155,54.683396,25.2842,54.6704,2.80599,7.299333333333333
25.21664,54.735718,25.2842,54.6704,10.688559999999999,19.159
25.417397,54.68935,25.2842,54.6704,10.554799999999998,17.690833333333334
25.275982,54.672381,25.2842,54.6704,0.78049,2.1626666666666665
25.293482,54.676252,25.2842,54.6704,1.30935,4.173666666666667
25.249611,54.692152,25.2842,54.6704,4.28352,8.811666666666667
25.244143,54.670463,25.2842,54.6704,3.12252,7.202333333333333
25.244143,54.670463,25.2842,54.6704,3.12252,7.202333333333333
25.276762,54.687503,25.2842,54.6704,2.90666,5.734666666666667
25.276762,54.687503,25.2842,54.6704,2.90666,5.734666666666667
25.31076,54.702543,25.2842,54.6704,5.983560000000001,12.589833333333333
25.231988,54.702209,25.2842,54.6704,7.94823,15.377666666666666
25.31076,54.702543,25.2842,54.6704,5.983560000000001,12.589833333333333
25.261608,54.642764,25.2842,54.6704,3.9127899999999998,9.221
25.298825,54.666799,25.2842,54.6704,1.63593,3.9135
25.253948,54.73968,25.2842,54.6704,10.03373,19.320333333333334
25.23096,54.716036,25.2842,54.6704,7.77096,13.816
25.316215,54.706428,25.2842,54.6704,6.315939999999999,13.094333333333333
25.215925,54.731977,25.2842,54.6704,10.27207,19.271666666666665
25.2205,54.735341,25.2842,54.6704,10.932799999999999,19.872666666666664
25.274847,54.686878,25.2842,54.6704,2.9042,5.817333333333334
25.30377,54.666765,25.2842,54.6704,1.9482300000000001,4.333833333333333
25.30377,54.666765,25.2842,54.6704,1.9482300000000001,4.333833333333333
25.266661,54.678629,25.2842,54.6704,1.9543199999999998,5.133333333333334
25.2706,54.682336,25.2842,54.6704,2.0510300000000004,4.0415
25.230967,54.716036,25.2842,54.6704,7.77082,13.815833333333334
25.230967,54.716036,25.2842,54.6704,7.77082,13.815833333333334
25.281472,54.674079,25.2842,54.6704,1.11671,5.199333333333333
25.424922,54.685564,25.2842,54.6704,10.95834,17.684
25.278924,54.67784,25.2842,54.6704,1.24604,3.356333333333333
25.267796,54.675255,25.2842,54.6704,1.75176,4.325833333333334
25.287635,54.708047,25.2842,54.6704,5.78789,12.139833333333334
25.30419,54.71722,25.2842,54.6704,7.33699,15.050333333333333
25.28516,54.760774,25.2842,54.6704,12.56523,21.84466666666667
25.19924,54.645144,25.2842,54.6704,7.35565,13.785
25.267796,54.675255,25.2842,54.6704,1.75176,4.325833333333334
25.313249,54.709495,25.2842,54.6704,6.08364,11.935833333333333
25.24125,54.672603,25.2842,54.6704,3.4101399999999997,7.775333333333333
25.284502,54.723527,25.2842,54.6704,7.43788,17.191666666666666
25.300418,54.726446,25.2842,54.6704,8.49675,18.382833333333334
25.300418,54.726446,25.2842,54.6704,8.49675,18.382833333333334
25.238069,54.733833,25.2842,54.6704,9.21965,16.855666666666668
25.305521,54.711706,25.2842,54.6704,6.64037,13.408999999999999
25.265689,54.727816,25.2842,54.6704,8.02916,15.7005
25.21671,54.664621,25.2842,54.6704,7.016220000000001,13.15
25.214117,54.664732,25.2842,54.6704,6.97253,13.214833333333333
25.280816,54.680648,25.2842,54.6704,1.71079,5.364333333333334
25.094456,54.66919,25.2842,54.6704,15.09156,21.022666666666666
25.286184,54.698953,25.2842,54.6704,4.62383,9.934666666666667
25.25162,54.735086,25.2842,54.6704,10.09733,18.2215
25.266661,54.678629,25.2842,54.6704,1.9543199999999998,5.133333333333334
25.241431,54.672162,25.2842,54.6704,3.39641,7.816833333333333
25.272543,54.66199,25.2842,54.6704,1.63019,3.6393333333333335
25.214923,54.734598,25.2842,54.6704,10.648299999999999,19.050666666666665
25.260379,54.754731,25.2842,54.6704,11.42348,19.06833333333333
25.208713,54.67999,25.2842,54.6704,6.67581,12.765833333333335
25.26627,54.687979,25.2842,54.6704,2.80884,5.617
25.273651,54.697696,25.2842,54.6704,4.71083,10.171333333333333
25.28787,54.715871,25.2842,54.6704,6.69155,15.349833333333333
25.28787,54.715871,25.2842,54.6704,6.69155,15.349833333333333
25.306987,54.700634,25.2842,54.6704,5.13956,10.9125
25.39652,54.711004,25.2842,54.6704,9.73742,18.52583333333333
25.390725,54.710092,25.2842,54.6704,9.40082,17.339499999999997
25.216041,54.676789,25.2842,54.6704,5.91967,11.2995
25.21633,54.665613,25.2842,54.6704,7.01917,13.524666666666667
25.25662,54.683286,25.2842,54.6704,3.8367,7.711166666666667
25.320707,54.724607,25.2842,54.6704,7.9010299999999996,15.113499999999998
25.29815,54.694437,25.2842,54.6704,4.61644,10.066
25.291391,54.683594,25.2842,54.6704,2.82708,7.361833333333333
25.286155,54.680217,25.2842,54.6704,4.39093,10.532666666666668
25.267812,54.689362,25.2842,54.6704,2.92616,5.933000000000001
25.276636,54.703704,25.2842,54.6704,5.42177,11.456
25.276636,54.703704,25.2842,54.6704,5.42177,11.456
25.263741,54.644127,25.2842,54.6704,3.6012399999999998,8.482166666666666
25.32139,54.72321,25.2842,54.6704,7.92305,15.139833333333334
25.294001,54.674337,25.2842,54.6704,1.19627,3.4508333333333336
25.237942,54.734538,25.2842,54.6704,9.256020000000001,17.009166666666665
25.194804,54.66424,25.2842,54.6704,7.03466,12.872333333333334
25.281629,54.701431,25.2842,54.6704,4.8313500000000005,10.619499999999999
25.274431,54.663916,25.2842,54.6704,1.4851800000000002,3.4036666666666666
25.301287,54.681176,25.2842,54.6704,3.3510999999999997,8.644333333333332
25.27747,54.661118,25.2842,54.6704,1.77166,4.267166666666666
25.291911,54.692309,25.2842,54.6704,4.6143,9.555333333333333
25.273217,54.683485,25.2842,54.6704,2.1633400000000003,4.4315
25.2745,54.668792,25.2842,54.6704,0.85745,1.8708333333333333
25.259596,54.697811,25.2842,54.6704,4.64235,9.853666666666667
25.279026,54.699711,25.2842,54.6704,4.542470000000001,10.468166666666667
25.29366,54.691136,25.2842,54.6704,4.56657,9.216666666666667
25.29366,54.691136,25.2842,54.6704,4.56657,9.216666666666667
25.26419,54.75632,25.2842,54.6704,11.508899999999999,19.609166666666667
25.318383,54.702556,25.2842,54.6704,5.92152,12.749833333333333
25.257268,54.679063,25.2842,54.6704,3.11799,7.643833333333333
25.257268,54.679063,25.2842,54.6704,3.11799,7.643833333333333
25.2962,54.694025,25.2842,54.6704,4.748399999999999,10.461833333333335
25.270694,54.674408,25.2842,54.6704,1.31585,3.3400000000000003
25.243828,54.718889,25.2842,54.6704,7.15619,13.591166666666668
25.165242,54.713285,25.2842,54.6704,12.983469999999999,23.124000000000002
25.165242,54.713285,25.2842,54.6704,12.983469999999999,23.124000000000002
25.165242,54.713285,25.2842,54.6704,12.983469999999999,23.124000000000002
25.165242,54.713285,25.2842,54.6704,12.983469999999999,23.124000000000002
25.165242,54.713285,25.2842,54.6704,12.983469999999999,23.124000000000002
25.165242,54.713285,25.2842,54.6704,12.983469999999999,23.124000000000002
25.165242,54.713285,25.2842,54.6704,12.983469999999999,23.124000000000002
25.165242,54.713285,25.2842,54.6704,12.983469999999999,23.124000000000002
25.165242,54.713285,25.2842,54.6704,12.983469999999999,23.124000000000002
25.165242,54.713285,25.2842,54.6704,12.983469999999999,23.124000000000002
25.165242,54.713285,25.2842,54.6704,12.983469999999999,23.124000000000002
25.165242,54.713285,25.2842,54.6704,12.983469999999999,23.124000000000002
25.276135,54.664369,25.2842,54.6704,1.59544,4.02
25.221819,54.720468,25.2842,54.6704,9.13056,17.017666666666667
25.189684,54.662823,25.2842,54.6704,7.424189999999999,14.248
25.25662,54.683286,25.2842,54.6704,3.8367,7.711166666666667
25.296779,54.710273,25.2842,54.6704,6.407310000000001,13.740166666666665
25.27677,54.702298,25.2842,54.6704,4.89269,11.133833333333333
25.292621,54.70553,25.2842,54.6704,5.6831000000000005,12.3395
25.318304,54.712115,25.2842,54.6704,6.590199999999999,12.920166666666667
25.216722,54.674157,25.2842,54.6704,6.31548,12.281333333333333
25.267755,54.66866,25.2842,54.6704,1.31271,3.009333333333333
25.277009,54.676328,25.2842,54.6704,0.98326,2.7256666666666667
25.216577,54.680005,25.2842,54.6704,6.36239,12.308833333333332
25.17541,54.711419,25.2842,54.6704,11.425790000000001,19.264
25.296482,54.720077,25.2842,54.6704,7.02072,15.297166666666667
25.266653,54.669679,25.2842,54.6704,1.4690999999999999,3.4363333333333332
25.253948,54.73968,25.2842,54.6704,10.03373,19.320333333333334
25.233439,54.713945,25.2842,54.6704,7.6926000000000005,14.2235
25.289029,54.676399,25.2842,54.6704,1.5566099999999998,6.221500000000001
25.264639,54.677424,25.2842,54.6704,1.98123,5.328166666666666
25.257244,54.724884,25.2842,54.6704,8.65359,17.206166666666665
25.287635,54.708047,25.2842,54.6704,5.78789,12.139833333333334
25.29077,54.702676,25.2842,54.6704,5.36433,11.349166666666667
25.282648,54.67498,25.2842,54.6704,0.9895,4.436166666666667
25.32139,54.72321,25.2842,54.6704,7.92305,15.139833333333334
25.217088,54.696282,25.2842,54.6704,8.31068,14.969833333333334
25.268491,54.693411,25.2842,54.6704,3.43423,7.062166666666667
25.22763,54.74312,25.2842,54.6704,10.17521,19.2395
25.1871,54.713778,25.2842,54.6704,10.23421,20.140333333333334
25.252483,54.654109,25.2842,54.6704,4.25987,10.860166666666666
25.265956,54.687708,25.2842,54.6704,2.83719,5.761666666666667
25.23422,54.719593,25.2842,54.6704,8.34165,15.696166666666667
25.26493,54.676879,25.2842,54.6704,2.1016999999999997,5.216166666666667
25.26282,54.680512,25.2842,54.6704,2.52481,5.628833333333334
25.265328,54.675086,25.2842,54.6704,2.01688,5.1335
25.217499,54.731863,25.2842,54.6704,10.16281,18.61616666666667
25.292047,54.679713,25.2842,54.6704,2.34672,5.8919999999999995
25.432488,54.687326,25.2842,54.6704,11.69975,19.31833333333333
25.23506,54.73484,25.2842,54.6704,9.141860000000001,16.582833333333333
25.391359,54.709976,25.2842,54.6704,9.451270000000001,17.541999999999998
25.264273,54.671723,25.2842,54.6704,1.53667,4.257
25.212266,54.694766,25.2842,54.6704,8.55834,15.647
25.420576,54.685658,25.2842,54.6704,10.680530000000001,17.238999999999997
25.207286,54.674394,25.2842,54.6704,6.8241499999999995,13.154666666666666
25.215507,54.672675,25.2842,54.6704,6.66725,13.161166666666666
25.30377,54.666765,25.2842,54.6704,1.9482300000000001,4.333833333333333
25.421596,54.690589,25.2842,54.6704,10.39798,17.533
25.421596,54.690589,25.2842,54.6704,10.39798,17.533
25.421596,54.690589,25.2842,54.6704,10.39798,17.533
25.421596,54.690589,25.2842,54.6704,10.39798,17.533
25.421596,54.690589,25.2842,54.6704,10.39798,17.533
25.421596,54.690589,25.2842,54.6704,10.39798,17.533
25.421596,54.690589,25.2842,54.6704,10.39798,17.533
25.421596,54.690589,25.2842,54.6704,10.39798,17.533
25.421596,54.690589,25.2842,54.6704,10.39798,17.533
25.421596,54.690589,25.2842,54.6704,10.39798,17.533
25.421596,54.690589,25.2842,54.6704,10.39798,17.533
25.421596,54.690589,25.2842,54.6704,10.39798,17.533
25.421596,54.690589,25.2842,54.6704,10.39798,17.533
25.421596,54.690589,25.2842,54.6704,10.39798,17.533
25.421596,54.690589,25.2842,54.6704,10.39798,17.533
25.421596,54.690589,25.2842,54.6704,10.39798,17.533
25.421596,54.690589,25.2842,54.6704,10.39798,17.533
25.421596,54.690589,25.2842,54.6704,10.39798,17.533
25.421596,54.690589,25.2842,54.6704,10.39798,17.533
25.421596,54.690589,25.2842,54.6704,10.39798,17.533
25.421596,54.690589,25.2842,54.6704,10.39798,17.533
25.421596,54.690589,25.2842,54.6704,10.39798,17.533
25.421596,54.690589,25.2842,54.6704,10.39798,17.533
25.2399,54.665217,25.2842,54.6704,3.31081,8.003
25.240085,54.694713,25.2842,54.6704,5.2788900000000005,10.515333333333333
25.258883,54.672938,25.2842,54.6704,2.15569,5.918166666666666
25.258883,54.672938,25.2842,54.6704,2.15569,5.918166666666666
25.290938,54.706856,25.2842,54.6704,5.5582,11.815333333333333
25.234285,54.674768,25.2842,54.6704,4.60445,10.9245
25.234285,54.674768,25.2842,54.6704,4.60445,10.9245
25.281485,54.659172,25.2842,54.6704,2.39813,6.433166666666667
25.240259,54.722449,25.2842,54.6704,7.75006,14.589
25.246134,54.698914,25.2842,54.6704,5.01272,10.1455
25.275202,54.699755,25.2842,54.6704,5.34431,11.6545
25.291286,54.714682,25.2842,54.6704,6.61886,15.381333333333334
25.31195,54.684109,25.2842,54.6704,3.2376199999999997,7.351833333333333
25.235313,54.714079,25.2842,54.6704,7.52481,13.841000000000001
25.235313,54.714079,25.2842,54.6704,7.52481,13.841000000000001
25.276636,54.703704,25.2842,54.6704,5.42177,11.456
25.2726,54.683084,25.2842,54.6704,2.21542,4.639666666666667
25.2726,54.683084,25.2842,54.6704,2.21542,4.639666666666667
25.222488,54.734813,25.2842,54.6704,9.95141,18.34783333333333
25.099926,54.668728,25.2842,54.6704,14.84501,20.404333333333334
25.218465,54.732511,25.2842,54.6704,10.29505,19.348166666666668
25.214535,54.736942,25.2842,54.6704,10.99635,19.897499999999997
25.165242,54.713285,25.2842,54.6704,12.983469999999999,23.124000000000002
25.165242,54.713285,25.2842,54.6704,12.983469999999999,23.124000000000002
25.165242,54.713285,25.2842,54.6704,12.983469999999999,23.124000000000002
25.165242,54.713285,25.2842,54.6704,12.983469999999999,23.124000000000002
25.165242,54.713285,25.2842,54.6704,12.983469999999999,23.124000000000002
25.165242,54.713285,25.2842,54.6704,12.983469999999999,23.124000000000002
25.165242,54.713285,25.2842,54.6704,12.983469999999999,23.124000000000002
25.165242,54.713285,25.2842,54.6704,12.983469999999999,23.124000000000002
25.165242,54.713285,25.2842,54.6704,12.983469999999999,23.124000000000002
25.165242,54.713285,25.2842,54.6704,12.983469999999999,23.124000000000002
25.165242,54.713285,25.2842,54.6704,12.983469999999999,23.124000000000002
25.165242,54.713285,25.2842,54.6704,12.983469999999999,23.124000000000002
25.165242,54.713285,25.2842,54.6704,12.983469999999999,23.124000000000002
25.165242,54.713285,25.2842,54.6704,12.983469999999999,23.124000000000002
25.165242,54.713285,25.2842,54.6704,12.983469999999999,23.124000000000002
25.165242,54.713285,25.2842,54.6704,12.983469999999999,23.124000000000002
25.165242,54.713285,25.2842,54.6704,12.983469999999999,23.124000000000002
25.165242,54.713285,25.2842,54.6704,12.983469999999999,23.124000000000002
25.165242,54.713285,25.2842,54.6704,12.983469999999999,23.124000000000002
25.165242,54.713285,25.2842,54.6704,12.983469999999999,23.124000000000002
25.165242,54.713285,25.2842,54.6704,12.983469999999999,23.124000000000002
25.165242,54.713285,25.2842,54.6704,12.983469999999999,23.124000000000002
25.165242,54.713285,25.2842,54.6704,12.983469999999999,23.124000000000002
25.165242,54.713285,25.2842,54.6704,12.983469999999999,23.124000000000002
25.165242,54.713285,25.2842,54.6704,12.983469999999999,23.124000000000002
25.165242,54.713285,25.2842,54.6704,12.983469999999999,23.124000000000002
25.187461,54.710788,25.2842,54.6704,9.62359,19.248833333333334
25.402263,54.690677,25.2842,54.6704,9.51359,15.8065
25.22763,54.74312,25.2842,54.6704,10.17521,19.2395
25.229534,54.70679,25.2842,54.6704,7.828180000000001,14.838
25.290168,54.70309,25.2842,54.6704,5.44202,11.714166666666667
25.273066,54.676067,25.2842,54.6704,1.2451400000000001,2.8361666666666663
25.235313,54.714079,25.2842,54.6704,7.52481,13.841000000000001
25.222269,54.738465,25.2842,54.6704,10.1186,19.247166666666665
25.224665,54.705118,25.2842,54.6704,7.40803,14.832333333333334
25.223398,54.726737,25.2842,54.6704,9.567879999999999,18.112000000000002
25.312301,54.671512,25.2842,54.6704,3.03123,8.088666666666667
25.285353,54.704541,25.2842,54.6704,5.02787,11.084
25.26559,54.688497,25.2842,54.6704,3.12467,6.478666666666667
25.195413,54.66185,25.2842,54.6704,7.47205,14.239666666666666
25.300373,54.67856,25.2842,54.6704,2.58722,7.150333333333333
25.218603,54.6506,25.2842,54.6704,5.50697,10.554166666666667
25.238077,54.717467,25.2842,54.6704,8.00796,15.527333333333333
25.429074,54.675335,25.2842,54.6704,12.70013,19.90083333333333
25.429289,54.674826,25.2842,54.6704,12.65276,19.7115
25.164972,54.707872,25.2842,54.6704,12.24725,21.296499999999998
25.252483,54.654109,25.2842,54.6704,4.25987,10.860166666666666
25.299743,54.718756,25.2842,54.6704,7.05346,15.750166666666667
25.302432,54.692825,25.2842,54.6704,4.17467,8.8565
25.302432,54.692825,25.2842,54.6704,4.17467,8.8565
25.302432,54.692825,25.2842,54.6704,4.17467,8.8565
25.302432,54.692825,25.2842,54.6704,4.17467,8.8565
25.302432,54.692825,25.2842,54.6704,4.17467,8.8565
25.302432,54.692825,25.2842,54.6704,4.17467,8.8565
25.302432,54.692825,25.2842,54.6704,4.17467,8.8565
25.302432,54.692825,25.2842,54.6704,4.17467,8.8565
25.302432,54.692825,25.2842,54.6704,4.17467,8.8565
25.302432,54.692825,25.2842,54.6704,4.17467,8.8565
25.302432,54.692825,25.2842,54.6704,4.17467,8.8565
25.302432,54.692825,25.2842,54.6704,4.17467,8.8565
25.302432,54.692825,25.2842,54.6704,4.17467,8.8565
25.302432,54.692825,25.2842,54.6704,4.17467,8.8565
25.302432,54.692825,25.2842,54.6704,4.17467,8.8565
25.302432,54.692825,25.2842,54.6704,4.17467,8.8565
