origin_lon,origin_lat,destination_lon,destination_lat,distance_km,duration_min
25.399667,54.69468,25.2774,54.6962,10.257190000000001,17.562833333333334
25.426335,54.687064,25.2774,54.6962,12.288219999999999,20.938
25.249142,54.690532,25.2774,54.6962,2.9089699999999996,6.564666666666667
25.248883,54.734687,25.2774,54.6962,6.63029,13.262666666666666
25.282966,54.696846,25.2774,54.6962,0.68837,1.8818333333333332
25.282496,54.680436,25.2774,54.6962,2.6172600000000004,7.7675
25.246695,54.632741,25.2774,54.6962,8.82551,21.455666666666666
25.288049,54.676779,25.2774,54.6962,3.5500100000000003,9.996666666666666
25.254827,54.67664,25.2774,54.6962,4.93722,9.187999999999999
25.237943,54.727271,25.2774,54.6962,5.2578000000000005,10.356666666666666
25.225473,54.707901,25.2774,54.6962,5.1405,10.356666666666666
25.255551,54.630742,25.2774,54.6962,8.64657,20.9625
25.246652,54.733912,25.2774,54.6962,6.44424,12.869666666666665
25.299153,54.701126,25.2774,54.6962,2.40781,6.168333333333334
25.362956,54.649853,25.2774,54.6962,11.040370000000001,19.645166666666668
25.423163,54.695341,25.2774,54.6962,11.294270000000001,18.9975
25.281568,54.664279,25.2774,54.6962,5.11428,13.327166666666667
25.274693,54.679066,25.2774,54.6962,3.41244,8.178
25.237943,54.727271,25.2774,54.6962,5.2578000000000005,10.356666666666666
25.264218,54.741667,25.2774,54.6962,6.71281,11.929166666666667
25.280155,54.666716,25.2774,54.6962,4.94205,12.165166666666666
25.273809,54.658394,25.2774,54.6962,5.29818,13.107666666666667
25.280659,54.698949,25.2774,54.6962,0.89054,2.1993333333333336
25.40234,54.692728,25.2774,54.6962,10.173639999999999,17.305666666666664
25.292104,54.729413,25.2774,54.6962,4.68442,10.6215
25.320296,54.675341,25.2774,54.6962,5.25096,12.343666666666667
25.30843,54.669677,25.2774,54.6962,5.43349,12.650333333333332
25.290753,54.679467,25.2774,54.6962,3.1056500000000002,8.833499999999999
25.186363,54.711056,25.2774,54.6962,7.21131,14.662833333333333
25.276907,54.701718,25.2774,54.6962,1.2567300000000001,3.1858333333333335
25.303743,54.672785,25.2774,54.6962,4.75317,12.651166666666667
25.31668,54.711695,25.2774,54.6962,4.06663,8.122333333333334
25.31668,54.711695,25.2774,54.6962,4.06663,8.122333333333334
25.39652,54.711004,25.2774,54.6962,9.66477,19.1205
25.247819,54.675908,25.2774,54.6962,4.54539,8.514666666666667
25.312367,54.727647,25.2774,54.6962,5.24768,11.940666666666667
25.280558,54.733002,25.2774,54.6962,5.08311,11.557166666666665
25.279182,54.699243,25.2774,54.6962,0.9596399999999999,2.8041666666666667
25.356684,54.78385,25.2774,54.6962,13.908059999999999,26.31116666666667
25.393985,54.694518,25.2774,54.6962,10.26131,17.89
25.275008,54.699185,25.2774,54.6962,0.8314600000000001,2.3531666666666666
25.236553,54.727097,25.2774,54.6962,5.37814,10.481166666666667
25.26282,54.680512,25.2774,54.6962,3.2452199999999998,8.485166666666666
25.286034,54.680384,25.2774,54.6962,2.36477,7.318333333333333
25.266432,54.689462,25.2774,54.6962,2.3934,5.204833333333334
25.267814,54.671349,25.2774,54.6962,3.86526,9.469666666666665
25.23347,54.67438,25.2774,54.6962,6.667140000000001,13.799666666666667
25.317072,54.67535,25.2774,54.6962,4.90933,11.539166666666667
25.286901,54.672497,25.2774,54.6962,3.4632899999999998,8.336333333333334
25.275848,54.6793,25.2774,54.6962,2.84183,7.058333333333334
25.29184,54.716837,25.2774,54.6962,3.03058,7.779833333333333
25.281369,54.675043,25.2774,54.6962,3.44544,9.680666666666667
25.272052,54.685827,25.2774,54.6962,2.79649,7.119666666666666
25.272052,54.685827,25.2774,54.6962,2.79649,7.119666666666666
25.272052,54.685827,25.2774,54.6962,2.79649,7.119666666666666
25.275875,54.749851,25.2774,54.6962,6.99638,13.879833333333332
25.292412,54.6763,25.2774,54.6962,3.93832,10.236166666666666
25.314589,54.683106,25.2774,54.6962,3.90535,9.741000000000001
25.30419,54.71722,25.2774,54.6962,4.10792,8.801833333333333
25.214463,54.665973,25.2774,54.6962,7.8322899999999995,16.1165
25.27885,54.701229,25.2774,54.6962,1.2025299999999999,3.7756666666666665
25.278913,54.670903,25.2774,54.6962,3.66967,8.887833333333333
25.263367,54.6804,25.2774,54.6962,3.13213,8.032833333333334
25.271418,54.752431,25.2774,54.6962,8.0204,13.414166666666667
25.283894,54.692445,25.2774,54.6962,0.72208,2.3366666666666664
25.25202,54.655056,25.2774,54.6962,7.5653999999999995,19.156166666666664
25.210195,54.646792,25.2774,54.6962,8.53616,14.158
25.239079,54.697609,25.2774,54.6962,3.2438000000000002,7.440666666666667
25.288097,54.676613,25.2774,54.6962,3.5682300000000002,10.106
25.23115,54.713098,25.2774,54.6962,4.68837,9.680166666666667
25.2714,54.681445,25.2774,54.6962,2.90748,7.174833333333334
25.29586,54.67649,25.2774,54.6962,4.10175,10.017166666666666
25.271672,54.676127,25.2774,54.6962,3.6401399999999997,8.743666666666666
25.172427,54.704551,25.2774,54.6962,7.91331,15.664333333333333
25.172427,54.704551,25.2774,54.6962,7.91331,15.664333333333333
25.100793,54.669503,25.2774,54.6962,16.01359,20.803833333333333
25.100793,54.669503,25.2774,54.6962,16.01359,20.803833333333333
25.100793,54.669503,25.2774,54.6962,16.01359,20.803833333333333
25.100793,54.669503,25.2774,54.6962,16.01359,20.803833333333333
25.100793,54.669503,25.2774,54.6962,16.01359,20.803833333333333
25.100793,54.669503,25.2774,54.6962,16.01359,20.803833333333333
25.100793,54.669503,25.2774,54.6962,16.01359,20.803833333333333
25.100793,54.669503,25.2774,54.6962,16.01359,20.803833333333333
25.100793,54.669503,25.2774,54.6962,16.01359,20.803833333333333
25.100793,54.669503,25.2774,54.6962,16.01359,20.803833333333333
25.100793,54.669503,25.2774,54.6962,16.01359,20.803833333333333
25.280671,54.673085,25.2774,54.6962,3.364,9.199666666666667
25.294944,54.673607,25.2774,54.6962,3.97748,10.157666666666668
25.288703,54.691391,25.2774,54.6962,1.2121600000000001,3.1301666666666668
25.278418,54.663824,25.2774,54.6962,4.9894799999999995,12.725999999999999
25.301399,54.682373,25.2774,54.6962,3.6526,9.224833333333333
25.272052,54.685827,25.2774,54.6962,2.79649,7.119666666666666
25.25263,54.702166,25.2774,54.6962,2.54099,5.839833333333333
25.25263,54.702166,25.2774,54.6962,2.54099,5.839833333333333
25.227319,54.718879,25.2774,54.6962,5.53036,10.585666666666667
25.40234,54.692728,25.2774,54.6962,10.173639999999999,17.305666666666664
25.277367,54.675282,25.2774,54.6962,3.07773,7.558166666666667
25.284895,54.672844,25.2774,54.6962,3.51276,8.702666666666666
25.314956,54.71405,25.2774,54.6962,4.2146099999999995,8.421833333333334
25.247524,54.699149,25.2774,54.6962,2.5601700000000003,6.156833333333334
25.309373,54.666892,25.2774,54.6962,5.81,12.985000000000001
25.26583,54.673868,25.2774,54.6962,3.7517600000000004,9.399166666666668
25.432488,54.687326,25.2774,54.6962,12.66116,21.5165
25.286773,54.679815,25.2774,54.6962,2.43866,7.644166666666666
25.301821,54.719108,25.2774,54.6962,3.6797,8.8835
25.26583,54.673868,25.2774,54.6962,3.7517600000000004,9.399166666666668
25.19924,54.645144,25.2774,54.6962,9.71061,16.6095
25.281732,54.672257,25.2774,54.6962,3.59277,8.575999999999999
25.318485,54.67728,25.2774,54.6962,4.54796,11.043000000000001
25.196207,54.746916,25.2774,54.6962,9.733780000000001,21.284333333333333
25.281583,54.682514,25.2774,54.6962,2.53798,8.1505
25.27737,54.687383,25.2774,54.6962,1.34802,4.051666666666667
25.303866,54.725506,25.2774,54.6962,4.49869,11.3005
25.265362,54.670898,25.2774,54.6962,4.03035,9.752666666666666
25.247908,54.70049,25.2774,54.6962,3.4338200000000003,8.530333333333333
25.278657,54.671292,25.2774,54.6962,3.65027,8.856333333333334
25.291691,54.707993,25.2774,54.6962,2.2596700000000003,5.008833333333333
25.29469,54.692566,25.2774,54.6962,1.37835,4.258666666666667
25.248832,54.700672,25.2774,54.6962,2.89238,6.985833333333333
25.28573,54.677294,25.2774,54.6962,3.3087600000000004,8.868333333333334
25.40213,54.690595,25.2774,54.6962,10.468440000000001,17.988833333333332
25.31066,54.67905,25.2774,54.6962,4.308470000000001,10.292166666666667
25.187043,54.714488,25.2774,54.6962,7.78401,15.575333333333333
25.254635,54.698721,25.2774,54.6962,2.20936,5.402666666666667
25.212599,54.749126,25.2774,54.6962,8.37044,15.860000000000001
25.212599,54.749126,25.2774,54.6962,8.37044,15.860000000000001
25.212599,54.749126,25.2774,54.6962,8.37044,15.860000000000001
25.212599,54.749126,25.2774,54.6962,8.37044,15.860000000000001
25.215513,54.735995,25.2774,54.6962,7.963439999999999,14.883666666666667
25.267279,54.66963,25.2774,54.6962,4.14765,10.086166666666665
25.18188,54.704654,25.2774,54.6962,7.22757,14.550333333333333
25.25124,54.697783,25.2774,54.6962,2.2145900000000003,5.375666666666667
25.287548,54.669491,25.2774,54.6962,4.64006,11.171833333333332
25.25761,54.692924,25.2774,54.6962,2.14392,5.189166666666667
25.410792,54.689285,25.2774,54.6962,10.984620000000001,18.82633333333333
25.237246,54.734259,25.2774,54.6962,6.18567,11.8115
25.410792,54.689285,25.2774,54.6962,10.984620000000001,18.82633333333333
25.23347,54.67438,25.2774,54.6962,6.667140000000001,13.799666666666667
25.215053,54.738404,25.2774,54.6962,8.14725,15.316333333333334
25.40145,54.692202,25.2774,54.6962,10.278270000000001,17.532500000000002
25.267812,54.689362,25.2774,54.6962,2.49521,5.600666666666667
25.273651,54.697696,25.2774,54.6962,0.79528,2.069
25.278854,54.698918,25.2774,54.6962,0.92083,2.6488333333333336
25.28191,54.675289,25.2774,54.6962,3.47477,9.864333333333333
25.294871,54.723452,25.2774,54.6962,3.89657,8.9915
25.276533,54.677028,25.2774,54.6962,2.87448,7.0705
25.243492,54.697523,25.2774,54.6962,2.7253499999999997,6.699333333333333
25.060396,54.62532,25.2774,54.6962,21.47054,28.635166666666667
25.272052,54.685827,25.2774,54.6962,2.79649,7.119666666666666
25.243721,54.668352,25.2774,54.6962,5.56108,10.643333333333334
25.432488,54.687326,25.2774,54.6962,12.66116,21.5165
25.267425,54.682291,25.2774,54.6962,2.74116,7.1155
25.165151,54.713529,25.2774,54.6962,9.03675,18.16283333333333
25.228685,54.741477,25.2774,54.6962,6.889060000000001,13.306333333333333
25.28168,54.68087,25.2774,54.6962,2.54166,7.465
25.25202,54.701565,25.2774,54.6962,2.8340500000000004,6.8035
25.284594,54.676247,25.2774,54.6962,3.15357,7.937166666666667
25.215718,54.714454,25.2774,54.6962,6.402340000000001,12.180666666666667
25.17549,54.713655,25.2774,54.6962,7.82843,15.383166666666666
25.437656,54.695315,25.2774,54.6962,12.235790000000001,20.95
25.09564,54.666969,25.2774,54.6962,16.53726,22.419333333333334
25.161998,54.706027,25.2774,54.6962,8.84746,18.26066666666667
25.207286,54.674394,25.2774,54.6962,7.92126,15.402
25.213616,54.715653,25.2774,54.6962,6.34329,12.160666666666666
25.275263,54.701861,25.2774,54.6962,1.1635199999999999,2.9745
25.277993,54.719296,25.2774,54.6962,3.91536,9.365333333333332
25.276636,54.703704,25.2774,54.6962,1.89776,4.027166666666667
25.22359,54.719625,25.2774,54.6962,6.20756,11.737833333333333
25.264132,54.6866,25.2774,54.6962,2.6451,5.411166666666667
25.278657,54.671292,25.2774,54.6962,3.65027,8.856333333333334
25.286817,54.704503,25.2774,54.6962,1.64021,4.040333333333333
25.109999,54.651305,25.2774,54.6962,16.599259999999997,25.822499999999998
25.429428,54.686559,25.2774,54.6962,12.32247,21.18616666666667
25.429428,54.686559,25.2774,54.6962,12.32247,21.18616666666667
25.429428,54.686559,25.2774,54.6962,12.32247,21.18616666666667
25.429428,54.686559,25.2774,54.6962,12.32247,21.18616666666667
25.429428,54.686559,25.2774,54.6962,12.32247,21.18616666666667
25.429428,54.686559,25.2774,54.6962,12.32247,21.18616666666667
25.429428,54.686559,25.2774,54.6962,12.32247,21.18616666666667
25.429428,54.686559,25.2774,54.6962,12.32247,21.18616666666667
25.429428,54.686559,25.2774,54.6962,12.32247,21.18616666666667
25.429428,54.686559,25.2774,54.6962,12.32247,21.18616666666667
25.429428,54.686559,25.2774,54.6962,12.32247,21.18616666666667
25.429428,54.686559,25.2774,54.6962,12.32247,21.18616666666667
25.429428,54.686559,25.2774,54.6962,12.32247,21.18616666666667
25.429428,54.686559,25.2774,54.6962,12.32247,21.18616666666667
25.429428,54.686559,25.2774,54.6962,12.32247,21.18616666666667
25.429428,54.686559,25.2774,54.6962,12.32247,21.18616666666667
25.429428,54.686559,25.2774,54.6962,12.32247,21.18616666666667
25.429428,54.686559,25.2774,54.6962,12.32247,21.18616666666667
25.429428,54.686559,25.2774,54.6962,12.32247,21.18616666666667
25.320296,54.675341,25.2774,54.6962,5.25096,12.343666666666667
25.293989,54.67646,25.2774,54.6962,4.03958,10.641166666666667
25.293989,54.67646,25.2774,54.6962,4.03958,10.641166666666667
25.376965,54.694597,25.2774,54.6962,8.29044,15.070333333333334
25.281075,54.702403,25.2774,54.6962,1.34348,3.1333333333333333
25.253948,54.73968,25.2774,54.6962,7.025729999999999,14.309666666666667
25.17456,54.711894,25.2774,54.6962,7.64075,14.907166666666665
25.295876,54.693449,25.2774,54.6962,1.3802699999999999,3.9531666666666667
25.28599,54.675016,25.2774,54.6962,3.8308299999999997,11.292
25.26946,54.693368,25.2774,54.6962,1.62989,4.392166666666666
25.322964,54.734012,25.2774,54.6962,6.02107,13.647333333333334
25.280608,54.661395,25.2774,54.6962,5.46645,14.069166666666666
25.243492,54.697523,25.2774,54.6962,2.7253499999999997,6.699333333333333
25.243492,54.697523,25.2774,54.6962,2.7253499999999997,6.699333333333333
25.27248,54.703189,25.2774,54.6962,1.66551,4.474166666666666
25.267015,54.670351,25.2774,54.6962,4.065840000000001,9.889833333333334
25.277748,54.67723,25.2774,54.6962,3.00797,7.560833333333333
25.246886,54.668959,25.2774,54.6962,5.56008,10.525833333333333
25.410792,54.689285,25.2774,54.6962,10.984620000000001,18.82633333333333
25.272424,54.664057,25.2774,54.6962,5.37775,13.809
25.284137,54.68647,25.2774,54.6962,1.51009,4.652
25.218183,54.702075,25.2774,54.6962,4.777279999999999,10.495000000000001
25.267288,54.674236,25.2774,54.6962,3.71644,9.291
25.1871,54.713778,25.2774,54.6962,7.70961,15.358833333333333
25.39652,54.711004,25.2774,54.6962,9.66477,19.1205
25.267288,54.674236,25.2774,54.6962,3.71644,9.291
25.307491,54.700492,25.2774,54.6962,2.96898,7.247
25.278551,54.670363,25.2774,54.6962,3.7408200000000003,9.0925
25.316896,54.677245,25.2774,54.6962,4.47039,10.8245
25.282647,54.688517,25.2774,54.6962,1.7358699999999998,5.8646666666666665
25.289063,54.717603,25.2774,54.6962,3.2715300000000003,8.890833333333335
25.304856,54.692219,25.2774,54.6962,2.19307,5.942833333333334
25.22362,54.726128,25.2774,54.6962,6.49566,12.825833333333332
25.275827,54.696402,25.2774,54.6962,0.54118,1.1441666666666668
25.29041,54.679483,25.2774,54.6962,3.12264,8.885
25.2557,54.694315,25.2774,54.6962,2.13431,5.0264999999999995
25.301821,54.719108,25.2774,54.6962,3.6797,8.8835
25.240621,54.698804,25.2774,54.6962,3.2319,7.4845
25.267288,54.674236,25.2774,54.6962,3.71644,9.291
25.239079,54.697609,25.2774,54.6962,3.2438000000000002,7.440666666666667
25.297939,54.72154,25.2774,54.6962,3.92164,9.1555
25.226092,54.694364,25.2774,54.6962,5.26404,10.842166666666666
25.273839,54.682559,25.2774,54.6962,2.32922,6.127
25.21129,54.691254,25.2774,54.6962,5.8604899999999995,11.678666666666667
25.263796,54.754269,25.2774,54.6962,8.10368,13.318666666666667
25.269207,54.688142,25.2774,54.6962,2.00016,5.595166666666667
25.268391,54.664229,25.2774,54.6962,4.81787,12.340499999999999
25.268391,54.664229,25.2774,54.6962,4.81787,12.340499999999999
25.268391,54.664229,25.2774,54.6962,4.81787,12.340499999999999
25.268391,54.664229,25.2774,54.6962,4.81787,12.340499999999999
25.348443,54.648712,25.2774,54.6962,9.379430000000001,20.657
25.351816,54.727978,25.2774,54.6962,7.85013,15.122333333333334
25.273651,54.697696,25.2774,54.6962,0.79528,2.069
25.241411,54.69706,25.2774,54.6962,3.12726,7.0488333333333335
25.40234,54.692728,25.2774,54.6962,10.173639999999999,17.305666666666664
25.271468,54.679168,25.2774,54.6962,3.39025,8.249333333333333
25.234285,54.674768,25.2774,54.6962,6.6299399999999995,13.650833333333333
25.212391,54.710955,25.2774,54.6962,6.58767,12.179333333333334
25.27677,54.702298,25.2774,54.6962,1.32065,3.3713333333333333
25.281484,54.679972,25.2774,54.6962,3.01063,8.060166666666667
25.277814,54.634542,25.2774,54.6962,8.30931,19.904666666666667
25.273663,54.691121,25.2774,54.6962,1.3089000000000002,3.894833333333333
25.222482,54.704649,25.2774,54.6962,4.87322,10.020166666666666
25.2884,54.678688,25.2774,54.6962,3.61571,10.426833333333333
25.296192,54.708972,25.2774,54.6962,2.6808400000000003,5.906000000000001
25.252078,54.725048,25.2774,54.6962,5.6629499999999995,11.536
25.226027,54.736248,25.2774,54.6962,6.64635,12.577666666666666
25.266828,54.673275,25.2774,54.6962,3.69088,9.106166666666667
25.276935,54.688818,25.2774,54.6962,1.28586,3.942833333333333
25.275662,54.670301,25.2774,54.6962,3.77828,9.24
25.310892,54.67927,25.2774,54.6962,4.27983,10.177666666666665
25.312301,54.671512,25.2774,54.6962,5.08224,13.224
25.274728,54.729849,25.2774,54.6962,4.73026,10.832666666666666
25.27502,54.691028,25.2774,54.6962,1.23123,3.7161666666666666
25.416475,54.751617,25.2774,54.6962,14.643120000000001,25.491
25.416475,54.751617,25.2774,54.6962,14.643120000000001,25.491
25.220766,54.682515,25.2774,54.6962,7.32024,13.954833333333333
25.220766,54.682515,25.2774,54.6962,7.32024,13.954833333333333
25.220766,54.682515,25.2774,54.6962,7.32024,13.954833333333333
25.287748,54.683698,25.2774,54.6962,2.02753,5.875
25.302307,54.739693,25.2774,54.6962,6.66737,15.2195
25.323262,54.686331,25.2774,54.6962,4.3706499999999995,9.211166666666665
25.218603,54.6506,25.2774,54.6962,7.86193,13.378666666666668
25.212599,54.749126,25.2774,54.6962,8.37044,15.860000000000001
25.274738,54.675007,25.2774,54.6962,3.2458899999999997,7.961833333333333
25.415472,54.689572,25.2774,54.6962,11.07058,19.319833333333335
25.282496,54.680436,25.2774,54.6962,2.6172600000000004,7.7675
25.202822,54.685816,25.2774,54.6962,7.45557,12.241000000000001
25.251169,54.674738,25.2774,54.6962,4.67466,8.673333333333334
25.429428,54.686559,25.2774,54.6962,12.32247,21.18616666666667
25.317404,54.700192,25.2774,54.6962,3.54725,9.372666666666667
25.257268,54.679063,25.2774,54.6962,4.886640000000001,10.251333333333333
25.317597,54.716268,25.2774,54.6962,4.52715,8.873333333333333
25.245515,54.725559,25.2774,54.6962,4.90756,10.264000000000001
25.407952,54.689731,25.2774,54.6962,10.994969999999999,19.104
25.31807,54.719759,25.2774,54.6962,4.94457,9.612833333333333
25.319622,54.722127,25.2774,54.6962,5.714300000000001,11.443833333333334
25.30154,54.708502,25.2774,54.6962,3.01475,6.602666666666667
25.234285,54.674768,25.2774,54.6962,6.6299399999999995,13.650833333333333
25.234285,54.674768,25.2774,54.6962,6.6299399999999995,13.650833333333333
25.246029,54.674181,25.2774,54.6962,5.01027,9.587166666666667
25.348549,54.722628,25.2774,54.6962,7.5977,15.7955
25.19924,54.645144,25.2774,54.6962,9.71061,16.6095
25.308997,54.701766,25.2774,54.6962,3.31875,8.565499999999998
25.295512,54.699561,25.2774,54.6962,2.5195700000000003,4.953
25.278945,54.680022,25.2774,54.6962,3.18671,8.891666666666667
25.23347,54.67438,25.2774,54.6962,6.667140000000001,13.799666666666667
25.265362,54.670898,25.2774,54.6962,4.03035,9.752666666666666
25.27509,54.687908,25.2774,54.6962,1.45879,4.235833333333334
25.215533,54.6899,25.2774,54.6962,5.419359999999999,11.315666666666667
25.258643,54.680986,25.2774,54.6962,3.6317199999999996,9.673666666666666
25.23879,54.719117,25.2774,54.6962,5.19702,11.072666666666667
25.264534,54.691743,25.2774,54.6962,1.9861300000000002,4.424833333333334
25.27334,54.726895,25.2774,54.6962,4.89163,11.1935
25.270212,54.68802,25.2774,54.6962,2.06461,5.749833333333333
25.276591,54.700376,25.2774,54.6962,1.06504,2.970833333333333
25.342399,54.717036,25.2774,54.6962,6.68095,14.117166666666666
25.182581,54.712851,25.2774,54.6962,7.32292,14.503666666666668
25.279457,54.687761,25.2774,54.6962,1.1506500000000002,3.5998333333333337
25.302833,54.679489,25.2774,54.6962,3.65665,10.623
25.211866,54.671477,25.2774,54.6962,8.11209,15.343833333333333
25.26583,54.673868,25.2774,54.6962,3.7517600000000004,9.399166666666668
25.274966,54.681238,25.2774,54.6962,2.82228,7.1245
25.274966,54.681238,25.2774,54.6962,2.82228,7.1245
25.274966,54.681238,25.2774,54.6962,2.82228,7.1245
25.293515,54.672047,25.2774,54.6962,4.88836,12.311
25.234656,54.722507,25.2774,54.6962,5.3344499999999995,10.653833333333333
25.313788,54.678233,25.2774,54.6962,4.258970000000001,9.856
25.239067,54.723146,25.2774,54.6962,4.83666,9.566
25.320906,54.724429,25.2774,54.6962,5.77733,11.482833333333334
25.210939,54.718504,25.2774,54.6962,6.15075,11.960666666666667
25.282369,54.684251,25.2774,54.6962,1.66105,5.908833333333333
25.279619,54.720352,25.2774,54.6962,3.64855,9.566333333333334
25.274204,54.678107,25.2774,54.6962,3.23728,7.825833333333334
25.274531,54.744354,25.2774,54.6962,6.243399999999999,12.820666666666666
25.277702,54.732708,25.2774,54.6962,4.83671,10.75
25.274729,54.674277,25.2774,54.6962,3.6923000000000004,8.7605
25.31076,54.702543,25.2774,54.6962,3.55641,8.081333333333333
25.280181,54.677809,25.2774,54.6962,3.51973,9.986500000000001
25.220239,54.708649,25.2774,54.6962,5.78165,10.9415
25.337374,54.734828,25.2774,54.6962,7.0859700000000005,13.677666666666665
25.28787,54.715871,25.2774,54.6962,3.16754,7.921
25.116631,54.648183,25.2774,54.6962,15.750290000000001,23.684666666666665
25.274869,54.703606,25.2774,54.6962,1.4113699999999998,3.7246666666666663
25.306524,54.693036,25.2774,54.6962,2.25648,6.228666666666667
25.21751,54.730497,25.2774,54.6962,7.018770000000001,13.108333333333333
25.24425,54.724453,25.2774,54.6962,4.813680000000001,10.048666666666666
25.35866,54.714202,25.2774,54.6962,7.25713,16.470666666666666
25.288258,54.708266,25.2774,54.6962,2.23591,4.627166666666667
25.297038,54.698147,25.2774,54.6962,2.43065,4.762333333333333
25.261758,54.67183,25.2774,54.6962,3.9863899999999997,9.886
25.319622,54.722127,25.2774,54.6962,5.714300000000001,11.443833333333334
25.391831,54.710559,25.2774,54.6962,9.41234,18.2715
25.260323,54.696307,25.2774,54.6962,1.93492,4.979166666666667
25.210426,54.696146,25.2774,54.6962,5.202649999999999,10.441166666666668
25.228574,54.731438,25.2774,54.6962,6.12493,12.222333333333333
25.290807,54.674321,25.2774,54.6962,3.6100700000000003,9.124166666666667
25.225343,54.712074,25.2774,54.6962,5.34217,10.268666666666666
25.300391,54.678996,25.2774,54.6962,3.48583,10.050666666666666
25.219358,54.740383,25.2774,54.6962,7.45638,14.584
25.219358,54.740383,25.2774,54.6962,7.45638,14.584
25.293033,54.709315,25.2774,54.6962,2.3711100000000003,5.2156666666666665
25.291286,54.714682,25.2774,54.6962,3.09486,7.9525
25.310732,54.703783,25.2774,54.6962,3.2332899999999998,6.745333333333334
25.224717,54.694109,25.2774,54.6962,5.17581,10.651666666666667
25.421545,54.685933,25.2774,54.6962,11.74739,19.8725
25.40083,54.692489,25.2774,54.6962,10.32015,17.633
25.223768,54.708497,25.2774,54.6962,5.42099,11.054666666666666
25.263426,54.754527,25.2774,54.6962,8.16341,13.484166666666665
25.279457,54.687761,25.2774,54.6962,1.1506500000000002,3.5998333333333337
25.421296,54.686702,25.2774,54.6962,11.81577,20.146
25.267834,54.731217,25.2774,54.6962,6.02618,11.279333333333334
25.319928,54.689123,25.2774,54.6962,4.02836,9.5105
25.283358,54.684977,25.2774,54.6962,1.9704000000000002,5.656333333333333
25.240431,54.698186,25.2774,54.6962,3.15923,7.145666666666667
25.181673,54.712007,25.2774,54.6962,7.25241,14.334166666666667
25.25414,54.682088,25.2774,54.6962,3.52903,8.654
25.249467,54.701191,25.2774,54.6962,2.8011,6.715833333333333
25.204654,54.688144,25.2774,54.6962,6.25708,12.344333333333333
25.277597,54.683044,25.2774,54.6962,2.0819,5.547166666666667
25.277466,54.702177,25.2774,54.6962,1.31054,3.347166666666667
25.28787,54.715871,25.2774,54.6962,3.16754,7.921
25.274361,54.700342,25.2774,54.6962,1.16521,2.9793333333333334
25.283894,54.692445,25.2774,54.6962,0.72208,2.3366666666666664
25.429428,54.686559,25.2774,54.6962,12.32247,21.18616666666667
25.303881,54.686971,25.2774,54.6962,2.8419299999999996,7.2655
25.177236,54.715567,25.2774,54.6962,8.02708,15.872833333333334
25.286694,54.687068,25.2774,54.6962,1.60502,4.2556666666666665
25.284905,54.660137,25.2774,54.6962,5.97992,14.420333333333334
25.317993,54.677762,25.2774,54.6962,4.59091,11.214833333333333
25.265717,54.676179,25.2774,54.6962,3.57847,9.081833333333332
25.27574,54.679871,25.2774,54.6962,2.90225,7.28
25.393602,54.793776,25.2774,54.6962,15.927040000000002,24.278666666666666
25.277597,54.683044,25.2774,54.6962,2.0819,5.547166666666667
25.265891,54.671003,25.2774,54.6962,3.9944,9.691
25.21925,54.741841,25.2774,54.6962,7.42244,14.561833333333334
25.21212,54.718666,25.2774,54.6962,6.02808,11.350166666666667
25.21212,54.718666,25.2774,54.6962,6.02808,11.350166666666667
25.289548,54.67914,25.2774,54.6962,3.2036700000000002,9.293833333333334
25.278913,54.670903,25.2774,54.6962,3.66967,8.887833333333333
25.234393,54.717802,25.2774,54.6962,5.09574,10.981166666666667
25.189628,54.707283,25.2774,54.6962,6.5696,13.308166666666667
25.256211,54.737953,25.2774,54.6962,6.8344499999999995,13.544666666666666
25.220426,54.727783,25.2774,54.6962,7.04677,13.275666666666666
25.225748,54.715467,25.2774,54.6962,5.21699,10.070333333333334
25.29896,54.720673,25.2774,54.6962,3.69646,8.386333333333333
25.241359,54.736461,25.2774,54.6962,6.80316,13.204666666666666
25.269826,54.664068,25.2774,54.6962,5.14184,13.045833333333333
25.416864,54.68593,25.2774,54.6962,11.59368,19.645500000000002
25.26292,54.672587,25.2774,54.6962,3.98006,9.969
25.203102,54.687801,25.2774,54.6962,6.255,12.500833333333333
25.289,54.682918,25.2774,54.6962,2.41501,7.511166666666667
25.223195,54.738766,25.2774,54.6962,7.19405,14.464666666666666
25.432488,54.687326,25.2774,54.6962,12.66116,21.5165
25.173775,54.702832,25.2774,54.6962,8.13107,15.545
25.302998,54.683836,25.2774,54.6962,3.56983,8.972000000000001
25.283905,54.712915,25.2774,54.6962,2.54304,6.8865
25.27101,54.659601,25.2774,54.6962,5.29297,13.157666666666668
25.291907,54.684913,25.2774,54.6962,2.8081300000000002,8.25
25.336995,54.729879,25.2774,54.6962,7.13045,14.323666666666666
25.336995,54.729879,25.2774,54.6962,7.13045,14.323666666666666
25.27702,54.675695,25.2774,54.6962,3.02582,7.433666666666666
25.262432,54.677956,25.2774,54.6962,3.4863899999999997,9.176666666666668
25.267288,54.674236,25.2774,54.6962,3.71644,9.291
25.305124,54.676143,25.2774,54.6962,3.91239,10.704833333333333
25.259989,54.657545,25.2774,54.6962,6.95352,16.708666666666666
25.2745,54.668792,25.2774,54.6962,3.9897,9.746666666666666
25.266737,54.690506,25.2774,54.6962,2.24031,5.1525
25.302833,54.679489,25.2774,54.6962,3.65665,10.623
25.262019,54.679031,25.2774,54.6962,3.36937,8.708499999999999
25.253652,54.700598,25.2774,54.6962,2.50246,6.776
25.264073,54.673128,25.2774,54.6962,3.9001900000000003,9.992833333333333
25.270498,54.660656,25.2774,54.6962,5.26166,13.2675
25.323262,54.686331,25.2774,54.6962,4.3706499999999995,9.211166666666665
25.196748,54.655796,25.2774,54.6962,9.64734,23.206333333333337
25.269899,54.739413,25.2774,54.6962,6.62268,12.193333333333333
25.270715,54.728605,25.2774,54.6962,4.84891,10.9435
25.263342,54.692096,25.2774,54.6962,3.42681,7.619
25.249667,54.708185,25.2774,54.6962,3.90814,8.726166666666668
25.272052,54.685827,25.2774,54.6962,2.79649,7.119666666666666
25.250184,54.723758,25.2774,54.6962,5.6319099999999995,11.634166666666665
25.267288,54.674236,25.2774,54.6962,3.71644,9.291
25.318738,54.729931,25.2774,54.6962,5.36032,11.791166666666667
25.250503,54.677158,25.2774,54.6962,4.537649999999999,8.512
25.255405,54.700448,25.2774,54.6962,2.39416,6.342833333333333
25.267288,54.674236,25.2774,54.6962,3.71644,9.291
25.275827,54.696402,25.2774,54.6962,0.54118,1.1441666666666668
25.21877,54.732013,25.2774,54.6962,7.1591000000000005,13.164666666666667
25.221441,54.726271,25.2774,54.6962,6.697010000000001,13.295
25.261224,54.609448,25.2774,54.6962,14.3505,25.473833333333335
25.257314,54.673255,25.2774,54.6962,5.314979999999999,10.550833333333333
25.294338,54.674848,25.2774,54.6962,3.85861,9.661666666666667
25.275123,54.684905,25.2774,54.6962,1.8388699999999998,5.239
25.226602,54.743512,25.2774,54.6962,7.2594899999999996,14.505666666666666
25.4221,54.690137,25.2774,54.6962,11.44055,19.991666666666667
25.26732,54.661184,25.2774,54.6962,5.34001,13.780833333333334
25.229111,54.705263,25.2774,54.6962,5.00894,10.412333333333333
25.287506,54.717581,25.2774,54.6962,3.41394,8.495
25.09095,54.669249,25.2774,54.6962,16.9091,23.53483333333333
25.265342,54.686123,25.2774,54.6962,2.9354299999999998,6.39
25.188841,54.659938,25.2774,54.6962,10.497819999999999,18.341166666666666
25.307773,54.701332,25.2774,54.6962,3.19799,8.0825
25.316702,54.727529,25.2774,54.6962,5.709890000000001,11.149166666666668
25.282496,54.680436,25.2774,54.6962,2.6172600000000004,7.7675
25.275953,54.738167,25.2774,54.6962,5.41713,11.9495
25.252215,54.67813,25.2774,54.6962,4.51264,8.755500000000001
25.286184,54.698953,25.2774,54.6962,1.09982,2.5058333333333334
25.378973,54.692531,25.2774,54.6962,10.82931,18.279166666666665
25.212093,54.710143,25.2774,54.6962,6.576359999999999,12.145333333333333
25.287795,54.676964,25.2774,54.6962,3.52494,9.889333333333333
25.294861,54.693295,25.2774,54.6962,1.3866800000000001,4.0088333333333335
25.294861,54.693295,25.2774,54.6962,1.3866800000000001,4.0088333333333335
25.294861,54.693295,25.2774,54.6962,1.3866800000000001,4.0088333333333335
25.294861,54.693295,25.2774,54.6962,1.3866800000000001,4.0088333333333335
25.294861,54.693295,25.2774,54.6962,1.3866800000000001,4.0088333333333335
25.294861,54.693295,25.2774,54.6962,1.3866800000000001,4.0088333333333335
25.282911,54.698434,25.2774,54.6962,0.75003,1.806
25.277957,54.740581,25.2774,54.6962,5.74374,12.305333333333333
25.267428,54.68195,25.2774,54.6962,2.80432,7.316333333333334
25.27119,54.726075,25.2774,54.6962,6.14921,12.233666666666666
25.250287,54.728055,25.2774,54.6962,6.1761099999999995,12.781333333333333
25.219798,54.74231,25.2774,54.6962,7.53038,14.993500000000001
25.39652,54.711004,25.2774,54.6962,9.66477,19.1205
25.290859,54.697788,25.2774,54.6962,1.29636,3.6703333333333332
25.240028,54.671503,25.2774,54.6962,5.09209,9.634166666666665
25.272205,54.682213,25.2774,54.6962,2.47207,6.535666666666667
25.188029,54.660121,25.2774,54.6962,10.57208,18.670833333333334
25.286241,54.707286,25.2774,54.6962,2.08547,5.112333333333334
25.343981,54.774919,25.2774,54.6962,12.57697,23.004833333333334
25.280282,54.6769,25.2774,54.6962,2.8162399999999996,6.989
25.277865,54.67651,25.2774,54.6962,2.93834,7.4558333333333335
25.295876,54.693449,25.2774,54.6962,1.3802699999999999,3.9531666666666667
25.295249,54.709115,25.2774,54.6962,2.74347,6.093833333333333
25.305024,54.71313,25.2774,54.6962,3.52346,7.0835
25.259636,54.754066,25.2774,54.6962,8.36938,13.801166666666667
25.286184,54.698953,25.2774,54.6962,1.09982,2.5058333333333334
25.274204,54.678107,25.2774,54.6962,3.23728,7.825833333333334
25.299057,54.725847,25.2774,54.6962,4.25718,9.598666666666666
25.210692,54.716469,25.2774,54.6962,6.40426,12.658999999999999
25.307414,54.716731,25.2774,54.6962,4.03454,8.501
25.28075,54.674204,25.2774,54.6962,3.3348899999999997,9.025
25.302273,54.704927,25.2774,54.6962,2.5671399999999998,5.518166666666667
25.193148,54.666636,25.2774,54.6962,9.60013,15.906666666666666
25.183617,54.703924,25.2774,54.6962,6.96859,14.482833333333334
25.254304,54.727157,25.2774,54.6962,5.7888,11.4665
25.214162,54.718778,25.2774,54.6962,5.8964300000000005,11.153166666666667
25.284895,54.672844,25.2774,54.6962,3.51276,8.702666666666666
25.222893,54.722082,25.2774,54.6962,6.2941400000000005,12.018166666666668
25.257268,54.679063,25.2774,54.6962,4.886640000000001,10.251333333333333
25.300065,54.708763,25.2774,54.6962,2.92135,6.3785
25.300065,54.708763,25.2774,54.6962,2.92135,6.3785
25.300065,54.708763,25.2774,54.6962,2.92135,6.3785
25.300065,54.708763,25.2774,54.6962,2.92135,6.3785
25.300065,54.708763,25.2774,54.6962,2.92135,6.3785
25.300065,54.708763,25.2774,54.6962,2.92135,6.3785
25.300065,54.708763,25.2774,54.6962,2.92135,6.3785
25.300065,54.708763,25.2774,54.6962,2.92135,6.3785
25.300065,54.708763,25.2774,54.6962,2.92135,6.3785
25.300065,54.708763,25.2774,54.6962,2.92135,6.3785
25.300065,54.708763,25.2774,54.6962,2.92135,6.3785
25.255429,54.692191,25.2774,54.6962,2.41655,5.577166666666667
25.309825,54.682775,25.2774,54.6962,3.4809200000000002,8.955
25.253421,54.711127,25.2774,54.6962,3.80311,7.9805
25.302833,54.679489,25.2774,54.6962,3.65665,10.623
25.2567,54.703957,25.2774,54.6962,2.3125999999999998,5.405
25.2567,54.703957,25.2774,54.6962,2.3125999999999998,5.405
25.2567,54.703957,25.2774,54.6962,2.3125999999999998,5.405
25.2567,54.703957,25.2774,54.6962,2.3125999999999998,5.405
25.2567,54.703957,25.2774,54.6962,2.3125999999999998,5.405
25.2567,54.703957,25.2774,54.6962,2.3125999999999998,5.405
25.2567,54.703957,25.2774,54.6962,2.3125999999999998,5.405
25.2567,54.703957,25.2774,54.6962,2.3125999999999998,5.405
25.2567,54.703957,25.2774,54.6962,2.3125999999999998,5.405
25.2567,54.703957,25.2774,54.6962,2.3125999999999998,5.405
25.293006,54.674926,25.2774,54.6962,3.7666,9.414166666666667
25.30377,54.666765,25.2774,54.6962,5.38936,12.011666666666667
25.186105,54.706551,25.2774,54.6962,6.66855,13.434500000000002
25.215484,54.682879,25.2774,54.6962,6.86693,13.0885
25.283095,54.66133,25.2774,54.6962,5.58136,14.429
25.276281,54.670056,25.2774,54.6962,3.82392,9.3495
25.282648,54.67498,25.2774,54.6962,3.10984,7.674833333333334
25.39683,54.695052,25.2774,54.6962,10.04333,17.032166666666665
25.278748,54.728788,25.2774,54.6962,4.32721,10.045166666666667
25.284399,54.665804,25.2774,54.6962,5.21642,12.7255
25.23115,54.713098,25.2774,54.6962,4.68837,9.680166666666667
25.23115,54.713098,25.2774,54.6962,4.68837,9.680166666666667
25.214295,54.722866,25.2774,54.6962,6.54158,12.631166666666667
25.289613,54.674014,25.2774,54.6962,3.52772,8.829166666666667
25.249667,54.708185,25.2774,54.6962,3.90814,8.726166666666668
25.261746,54.676283,25.2774,54.6962,3.7664400000000002,9.878666666666668
25.261746,54.676283,25.2774,54.6962,3.7664400000000002,9.878666666666668
25.20913,54.67206,25.2774,54.6962,8.02454,15.136333333333333
25.319184,54.718579,25.2774,54.6962,4.83903,9.3505
25.373154,54.729184,25.2774,54.6962,9.90536,19.031833333333335
25.279712,54.705628,25.2774,54.6962,2.0363599999999997,5.185333333333333
25.209325,54.676164,25.2774,54.6962,7.90557,15.528333333333334
25.18604,54.70381,25.2774,54.6962,6.81062,13.850999999999999
25.259166,54.657314,25.2774,54.6962,6.95473,16.7135
25.259166,54.657314,25.2774,54.6962,6.95473,16.7135
25.259166,54.657314,25.2774,54.6962,6.95473,16.7135
25.259166,54.657314,25.2774,54.6962,6.95473,16.7135
25.259166,54.657314,25.2774,54.6962,6.95473,16.7135
25.259166,54.657314,25.2774,54.6962,6.95473,16.7135
25.291332,54.67504,25.2774,54.6962,4.01185,10.697166666666668
25.281732,54.672257,25.2774,54.6962,3.59277,8.575999999999999
25.317703,54.687796,25.2774,54.6962,3.8457600000000003,9.0615
25.177236,54.715567,25.2774,54.6962,8.02708,15.872833333333334
25.307014,54.678207,25.2774,54.6962,4.62729,11.42
25.270457,54.739803,25.2774,54.6962,6.73489,12.642166666666666
25.309538,54.682236,25.2774,54.6962,3.53756,9.291833333333333
25.15119,54.619174,25.2774,54.6962,19.38209,26.340666666666667
25.289309,54.706433,25.2774,54.6962,2.01839,4.309166666666667
25.308644,54.672977,25.2774,54.6962,4.880979999999999,12.072333333333335
25.308644,54.672977,25.2774,54.6962,4.880979999999999,12.072333333333335
25.25263,54.702166,25.2774,54.6962,2.54099,5.839833333333333
25.25263,54.702166,25.2774,54.6962,2.54099,5.839833333333333
25.259242,54.677696,25.2774,54.6962,3.66208,9.879333333333333
25.15119,54.619174,25.2774,54.6962,19.38209,26.340666666666667
25.272528,54.709505,25.2774,54.6962,2.34192,6.303
25.317504,54.676134,25.2774,54.6962,4.67974,11.570166666666667
25.283212,54.763339,25.2774,54.6962,9.87649,16.176666666666666
25.254267,54.700338,25.2774,54.6962,2.4535,6.580166666666667
25.306063,54.693124,25.2774,54.6962,2.1813200000000004,5.9865
25.32038,54.677276,25.2774,54.6962,4.67144,11.537
25.266661,54.678629,25.2774,54.6962,3.32971,8.293166666666666
25.306216,54.684639,25.2774,54.6962,3.23446,7.597666666666667
25.175874,54.702045,25.2774,54.6962,7.88593,15.1585
25.214841,54.672588,25.2774,54.6962,7.9295100000000005,15.3665
25.266801,54.739966,25.2774,54.6962,6.59258,11.955333333333334
25.275827,54.696402,25.2774,54.6962,0.54118,1.1441666666666668
25.263342,54.692096,25.2774,54.6962,3.42681,7.619
25.263342,54.692096,25.2774,54.6962,3.42681,7.619
25.319422,54.677381,25.2774,54.6962,4.65381,11.479833333333334
25.442351,54.694177,25.2774,54.6962,12.623809999999999,21.996
25.26963,54.690842,25.2774,54.6962,1.6716600000000001,4.742333333333334
25.320704,54.706684,25.2774,54.6962,4.08107,9.249
25.28541,54.719834,25.2774,54.6962,3.3238600000000003,8.536
25.391359,54.709976,25.2774,54.6962,9.378620000000002,18.136666666666667
25.274218,54.703008,25.2774,54.6962,1.33965,3.5525
25.391359,54.709976,25.2774,54.6962,9.378620000000002,18.136666666666667
25.391359,54.709976,25.2774,54.6962,9.378620000000002,18.136666666666667
25.200472,54.673357,25.2774,54.6962,8.73709,14.017
25.272052,54.685827,25.2774,54.6962,2.79649,7.119666666666666
25.279554,54.71085,25.2774,54.6962,2.47347,6.094333333333334
25.217371,54.731053,25.2774,54.6962,7.029229999999999,13.116333333333333
25.208849,54.67535,25.2774,54.6962,7.83105,15.230333333333334
25.245574,54.673509,25.2774,54.6962,5.03366,9.412
25.267622,54.689569,25.2774,54.6962,2.50753,5.655166666666667
25.258872,54.678795,25.2774,54.6962,3.43886,8.731
25.247216,54.733224,25.2774,54.6962,6.5702,13.421833333333332
25.26493,54.676879,25.2774,54.6962,3.55703,9.0175
25.196207,54.746916,25.2774,54.6962,9.733780000000001,21.284333333333333
25.288939,54.696589,25.2774,54.6962,1.1863599999999999,3.4383333333333335
25.288939,54.696589,25.2774,54.6962,1.1863599999999999,3.4383333333333335
25.288939,54.696589,25.2774,54.6962,1.1863599999999999,3.4383333333333335
25.288939,54.696589,25.2774,54.6962,1.1863599999999999,3.4383333333333335
25.288939,54.696589,25.2774,54.6962,1.1863599999999999,3.4383333333333335
25.288939,54.696589,25.2774,54.6962,1.1863599999999999,3.4383333333333335
25.31732,54.705869,25.2774,54.6962,3.69483,8.047333333333333
25.314823,54.713686,25.2774,54.6962,4.17324,8.297666666666666
25.267949,54.679214,25.2774,54.6962,3.23353,8.136166666666666
25.277407,54.745554,25.2774,54.6962,6.23451,12.832833333333333
25.352586,54.715863,25.2774,54.6962,7.107270000000001,15.8315
25.210692,54.716469,25.2774,54.6962,6.40426,12.658999999999999
25.266739,54.684834,25.2774,54.6962,2.69163,6.9135
25.284895,54.672844,25.2774,54.6962,3.51276,8.702666666666666
25.27737,54.687383,25.2774,54.6962,1.34802,4.051666666666667
25.26501,54.754202,25.2774,54.6962,8.11233,13.420833333333333
25.315377,54.707038,25.2774,54.6962,3.60917,8.088666666666667
25.239751,54.693498,25.2774,54.6962,3.07265,6.710666666666667
25.28385,54.678864,25.2774,54.6962,3.60375,10.493666666666666
25.101064,54.66717,25.2774,54.6962,16.13229,21.4175
25.424911,54.685564,25.2774,54.6962,11.91904,19.88083333333333
25.310606,54.684142,25.2774,54.6962,3.25142,7.4655000000000005
25.323262,54.686331,25.2774,54.6962,4.3706499999999995,9.211166666666665
25.234656,54.722507,25.2774,54.6962,5.3344499999999995,10.653833333333333
25.221089,54.696438,25.2774,54.6962,4.56016,9.3825
25.348852,54.648801,25.2774,54.6962,9.384549999999999,20.677333333333333
25.280608,54.661395,25.2774,54.6962,5.46645,14.069166666666666
25.279489,54.684957,25.2774,54.6962,1.75031,5.923
25.2166,54.701217,25.2774,54.6962,4.64075,10.123666666666667
25.317993,54.677762,25.2774,54.6962,4.59091,11.214833333333333
25.317993,54.677762,25.2774,54.6962,4.59091,11.214833333333333
25.317993,54.677762,25.2774,54.6962,4.59091,11.214833333333333
25.317993,54.677762,25.2774,54.6962,4.59091,11.214833333333333
25.317993,54.677762,25.2774,54.6962,4.59091,11.214833333333333
25.317993,54.677762,25.2774,54.6962,4.59091,11.214833333333333
25.317993,54.677762,25.2774,54.6962,4.59091,11.214833333333333
25.289091,54.679304,25.2774,54.6962,3.71055,10.735333333333333
25.163655,54.705335,25.2774,54.6962,8.695440000000001,17.9575
25.241079,54.66491,25.2774,54.6962,6.7859300000000005,13.271166666666666
25.227951,54.681441,25.2774,54.6962,8.288950000000002,17.092166666666667
25.196207,54.746916,25.2774,54.6962,9.733780000000001,21.284333333333333
25.196207,54.746916,25.2774,54.6962,9.733780000000001,21.284333333333333
25.177236,54.715567,25.2774,54.6962,8.02708,15.872833333333334
25.19924,54.645144,25.2774,54.6962,9.71061,16.6095
25.216135,54.672763,25.2774,54.6962,8.01174,15.609333333333332
25.219106,54.716704,25.2774,54.6962,5.63246,10.869833333333334
25.307553,54.681809,25.2774,54.6962,3.7168400000000004,9.942333333333332
25.27973,54.677548,25.2774,54.6962,2.72123,6.841333333333334
25.266048,54.683686,25.2774,54.6962,3.00664,7.579166666666667
25.263342,54.692096,25.2774,54.6962,3.42681,7.619
25.293832,54.67512,25.2774,54.6962,3.8334,9.589833333333333
25.202163,54.67229,25.2774,54.6962,7.71847,14.792499999999999
25.262243,54.756452,25.2774,54.6962,8.61308,14.355333333333334
25.426009,54.686449,25.2774,54.6962,12.12115,20.4965
25.267288,54.674236,25.2774,54.6962,3.71644,9.291
25.273918,54.672382,25.2774,54.6962,3.62125,8.840833333333334
25.23386,54.673057,25.2774,54.6962,6.48988,13.018
25.256957,54.647465,25.2774,54.6962,7.56842,19.4225
25.256957,54.647465,25.2774,54.6962,7.56842,19.4225
25.286564,54.679986,25.2774,54.6962,2.4155900000000003,7.5520000000000005
25.286564,54.679986,25.2774,54.6962,2.4155900000000003,7.5520000000000005
25.286564,54.679986,25.2774,54.6962,2.4155900000000003,7.5520000000000005
25.176378,54.715913,25.2774,54.6962,8.16729,16.488
25.415778,54.730762,25.2774,54.6962,12.44455,21.492166666666666
25.251748,54.700839,25.2774,54.6962,2.93615,7.479833333333334
25.27954,54.683068,25.2774,54.6962,2.5444,7.775666666666667
25.305757,54.71824,25.2774,54.6962,4.19963,9.053833333333333
25.406784,54.724294,25.2774,54.6962,12.0694,22.109666666666666
25.263539,54.642068,25.2774,54.6962,8.03331,18.661833333333334
25.303091,54.709839,25.2774,54.6962,3.1669099999999997,7.053666666666667
25.323452,54.705591,25.2774,54.6962,4.24494,9.933666666666666
25.256133,54.703821,25.2774,54.6962,2.28815,5.271
25.283273,54.673305,25.2774,54.6962,3.3758000000000004,8.237166666666667
25.291753,54.679544,25.2774,54.6962,3.1625,9.143666666666666
25.25263,54.702166,25.2774,54.6962,2.54099,5.839833333333333
25.27109,54.699125,25.2774,54.6962,0.9491900000000001,2.4628333333333337
25.254922,54.725287,25.2774,54.6962,5.75449,11.683
25.22089,54.727145,25.2774,54.6962,7.34211,13.9735
25.293989,54.67646,25.2774,54.6962,4.03958,10.641166666666667
25.26916,54.708141,25.2774,54.6962,4.10913,8.863333333333333
25.317718,54.718848,25.2774,54.6962,4.73851,8.9485
25.429708,54.674997,25.2774,54.6962,13.79391,24.379
25.270694,54.674408,25.2774,54.6962,3.4599,8.619166666666667
25.321777,54.705742,25.2774,54.6962,4.15128,9.559
25.416864,54.68593,25.2774,54.6962,11.59368,19.645500000000002
25.259345,54.60568,25.2774,54.6962,13.81401,24.009666666666664
25.221793,54.734331,25.2774,54.6962,7.01084,13.4215
25.286112,54.694449,25.2774,54.6962,0.60863,1.6491666666666667
25.277352,54.682836,25.2774,54.6962,2.10341,5.585166666666667
25.277352,54.682836,25.2774,54.6962,2.10341,5.585166666666667
25.27702,54.675695,25.2774,54.6962,3.02582,7.433666666666666
25.205197,54.673747,25.2774,54.6962,7.757899999999999,14.984166666666665
25.429167,54.69868,25.2774,54.6962,12.349,22.75433333333333
25.26785,54.681629,25.2774,54.6962,2.7906,7.292833333333333
25.26785,54.681629,25.2774,54.6962,2.7906,7.292833333333333
25.264703,54.679138,25.2774,54.6962,3.28354,8.348833333333333
25.253841,54.669845,25.2774,54.6962,6.309609999999999,12.605166666666666
25.246392,54.711868,25.2774,54.6962,3.50196,7.578166666666666
25.230168,54.719484,25.2774,54.6962,5.32038,9.96
25.203921,54.718616,25.2774,54.6962,7.12083,16.445333333333334
25.220609,54.72838,25.2774,54.6962,6.95303,12.948333333333332
25.270984,54.682684,25.2774,54.6962,2.51036,6.5616666666666665
25.293003,54.678237,25.2774,54.6962,3.2675799999999997,9.142
25.204721,54.679138,25.2774,54.6962,6.76192,13.017333333333333
25.28168,54.68087,25.2774,54.6962,2.54166,7.465
25.293993,54.704553,25.2774,54.6962,2.0051,4.1775
25.294238,54.676801,25.2774,54.6962,4.05507,10.7375
25.26269,54.682542,25.2774,54.6962,2.9485,7.2935
25.27702,54.675695,25.2774,54.6962,3.02582,7.433666666666666
25.27702,54.675695,25.2774,54.6962,3.02582,7.433666666666666
25.271557,54.659942,25.2774,54.6962,5.2545,13.042166666666667
25.297238,54.680824,25.2774,54.6962,3.03641,8.836333333333332
25.297238,54.680824,25.2774,54.6962,3.03641,8.836333333333332
25.297238,54.680824,25.2774,54.6962,3.03641,8.836333333333332
25.297238,54.680824,25.2774,54.6962,3.03641,8.836333333333332
25.297238,54.680824,25.2774,54.6962,3.03641,8.836333333333332
25.297238,54.680824,25.2774,54.6962,3.03641,8.836333333333332
25.280077,54.706114,25.2774,54.6962,1.8185499999999999,4.314166666666667
25.246893,54.669956,25.2774,54.6962,5.41176,10.087666666666667
25.267288,54.674236,25.2774,54.6962,3.71644,9.291
25.283092,54.679923,25.2774,54.6962,2.6859699999999997,8.042333333333334
25.163368,54.704867,25.2774,54.6962,8.690629999999999,17.938166666666667
25.176378,54.715913,25.2774,54.6962,8.16729,16.488
25.283905,54.712915,25.2774,54.6962,2.54304,6.8865
25.248863,54.699099,25.2774,54.6962,2.46796,6.0095
25.284838,54.676755,25.2774,54.6962,3.21196,8.2875
25.23347,54.67438,25.2774,54.6962,6.667140000000001,13.799666666666667
25.223195,54.738766,25.2774,54.6962,7.19405,14.464666666666666
25.25402,54.702194,25.2774,54.6962,2.5147,5.776833333333333
25.267781,54.671687,25.2774,54.6962,3.8553800000000003,9.452666666666666
25.317149,54.675538,25.2774,54.6962,4.92303,11.593833333333333
25.225337,54.706865,25.2774,54.6962,5.1513599999999995,10.489166666666668
25.094456,54.66919,25.2774,54.6962,16.52875,22.482833333333335
25.267814,54.671349,25.2774,54.6962,3.86526,9.469666666666665
25.290967,54.666249,25.2774,54.6962,5.164890000000001,12.809166666666666
25.279489,54.684957,25.2774,54.6962,1.75031,5.923
25.276251,54.702299,25.2774,54.6962,1.4285999999999999,3.5008333333333335
25.297939,54.72154,25.2774,54.6962,3.92164,9.1555
25.297939,54.72154,25.2774,54.6962,3.92164,9.1555
25.297939,54.72154,25.2774,54.6962,3.92164,9.1555
25.297939,54.72154,25.2774,54.6962,3.92164,9.1555
25.297939,54.72154,25.2774,54.6962,3.92164,9.1555
25.297939,54.72154,25.2774,54.6962,3.92164,9.1555
25.297939,54.72154,25.2774,54.6962,3.92164,9.1555
25.297939,54.72154,25.2774,54.6962,3.92164,9.1555
25.297939,54.72154,25.2774,54.6962,3.92164,9.1555
25.297939,54.72154,25.2774,54.6962,3.92164,9.1555
25.297939,54.72154,25.2774,54.6962,3.92164,9.1555
25.297939,54.72154,25.2774,54.6962,3.92164,9.1555
25.297939,54.72154,25.2774,54.6962,3.92164,9.1555
25.297939,54.72154,25.2774,54.6962,3.92164,9.1555
25.25478,54.669718,25.2774,54.6962,6.43962,13.125333333333334
25.242903,54.728128,25.2774,54.6962,5.3499,12.521166666666666
25.316227,54.681794,25.2774,54.6962,3.79499,9.126666666666667
25.425725,54.689249,25.2774,54.6962,11.835989999999999,21.096666666666668
25.260995,54.610029,25.2774,54.6962,14.38792,25.43433333333333
25.220489,54.695276,25.2774,54.6962,4.51041,9.1975
25.273365,54.740546,25.2774,54.6962,5.8754,12.416833333333333
25.20328,54.708941,25.2774,54.6962,6.12775,12.948333333333332
25.215903,54.732399,25.2774,54.6962,7.27221,14.309833333333334
25.221867,54.719231,25.2774,54.6962,5.82758,11.025833333333333
25.285644,54.713088,25.2774,54.6962,2.43845,6.1985
25.253948,54.73968,25.2774,54.6962,7.025729999999999,14.309666666666667
25.283844,54.683946,25.2774,54.6962,1.9998099999999999,5.870500000000001
25.28109,54.719572,25.2774,54.6962,3.42701,8.973833333333333
25.275263,54.701861,25.2774,54.6962,1.1635199999999999,2.9745
25.306401,54.696552,25.2774,54.6962,2.60396,7.796666666666667
25.255551,54.630742,25.2774,54.6962,8.64657,20.9625
25.300391,54.678996,25.2774,54.6962,3.48583,10.050666666666666
25.300391,54.678996,25.2774,54.6962,3.48583,10.050666666666666
25.263123,54.683748,25.2774,54.6962,2.69815,6.9915
25.263123,54.683748,25.2774,54.6962,2.69815,6.9915
25.263123,54.683748,25.2774,54.6962,2.69815,6.9915
25.263123,54.683748,25.2774,54.6962,2.69815,6.9915
25.263123,54.683748,25.2774,54.6962,2.69815,6.9915
25.263123,54.683748,25.2774,54.6962,2.69815,6.9915
25.263123,54.683748,25.2774,54.6962,2.69815,6.9915
25.263123,54.683748,25.2774,54.6962,2.69815,6.9915
25.263123,54.683748,25.2774,54.6962,2.69815,6.9915
25.263123,54.683748,25.2774,54.6962,2.69815,6.9915
25.263123,54.683748,25.2774,54.6962,2.69815,6.9915
25.234285,54.674768,25.2774,54.6962,6.6299399999999995,13.650833333333333
25.29082,54.683739,25.2774,54.6962,2.68186,7.646333333333333
25.253948,54.73968,25.2774,54.6962,7.025729999999999,14.309666666666667
25.280442,54.712762,25.2774,54.6962,3.13009,7.819
25.28937,54.681694,25.2774,54.6962,2.4992199999999998,7.848
25.40083,54.692489,25.2774,54.6962,10.32015,17.633
25.278495,54.679861,25.2774,54.6962,2.9617199999999997,8.102
25.285354,54.673462,25.2774,54.6962,3.3206599999999997,8.122333333333334
25.19385,54.659512,25.2774,54.6962,10.42315,19.138666666666666
25.281782,54.690531,25.2774,54.6962,0.91902,2.8598333333333334
25.281782,54.690531,25.2774,54.6962,0.91902,2.8598333333333334
25.297038,54.698147,25.2774,54.6962,2.43065,4.762333333333333
25.312947,54.712566,25.2774,54.6962,4.06877,8.235166666666666
25.425085,54.688698,25.2774,54.6962,12.23259,21.247666666666664
25.390725,54.710092,25.2774,54.6962,9.32816,17.934166666666666
25.317147,54.717395,25.2774,54.6962,4.5785,9.006
25.303169,54.68126,25.2774,54.6962,3.427,10.375499999999999
25.285354,54.673462,25.2774,54.6962,3.3206599999999997,8.122333333333334
25.316215,54.706428,25.2774,54.6962,3.8887899999999997,8.585833333333333
25.316544,54.675397,25.2774,54.6962,4.87258,11.420333333333334
25.269804,54.658958,25.2774,54.6962,5.44124,13.738166666666666
25.218058,54.73194,25.2774,54.6962,7.1250100000000005,13.426666666666668
25.297302,54.722203,25.2774,54.6962,3.849,8.865
25.292658,54.675065,25.2774,54.6962,3.77226,9.485999999999999
25.292658,54.675065,25.2774,54.6962,3.77226,9.485999999999999
25.292658,54.675065,25.2774,54.6962,3.77226,9.485999999999999
25.288891,54.681538,25.2774,54.6962,2.54054,8.164166666666667
25.302002,54.726132,25.2774,54.6962,4.54718,11.445833333333333
25.265631,54.72837,25.2774,54.6962,4.98514,10.485999999999999
25.25263,54.702166,25.2774,54.6962,2.54099,5.839833333333333
25.344468,54.666347,25.2774,54.6962,8.04383,17.590666666666667
25.344468,54.666347,25.2774,54.6962,8.04383,17.590666666666667
25.2668,54.68265,25.2774,54.6962,2.8931199999999997,7.0794999999999995
25.282427,54.680576,25.2774,54.6962,2.60115,7.703
25.31034,54.70754,25.2774,54.6962,3.44809,7.249666666666667
25.27871,54.681492,25.2774,54.6962,2.30523,6.3406666666666665
25.280671,54.673085,25.2774,54.6962,3.364,9.199666666666667
25.276086,54.727496,25.2774,54.6962,4.51305,10.293666666666667
25.287895,54.698334,25.2774,54.6962,1.2526,2.9324999999999997
25.250994,54.677096,25.2774,54.6962,4.45498,8.468166666666667
25.232229,54.733803,25.2774,54.6962,6.200189999999999,12.432833333333333
25.28168,54.68087,25.2774,54.6962,2.54166,7.465
25.214746,54.71836,25.2774,54.6962,6.01985,11.469333333333333
25.261608,54.642764,25.2774,54.6962,7.32217,17.932333333333336
25.265958,54.739974,25.2774,54.6962,6.58516,11.9375
25.304595,54.676207,25.2774,54.6962,3.9119,10.702833333333333
25.32139,54.72321,25.2774,54.6962,5.4959,10.631166666666667
25.22541,54.717404,25.2774,54.6962,5.460649999999999,10.594
25.210939,54.718504,25.2774,54.6962,6.15075,11.960666666666667
25.280002,54.661689,25.2774,54.6962,5.53079,14.270333333333333
25.312586,54.708986,25.2774,54.6962,3.59497,7.555000000000001
25.312586,54.708986,25.2774,54.6962,3.59497,7.555000000000001
25.312586,54.708986,25.2774,54.6962,3.59497,7.555000000000001
25.312586,54.708986,25.2774,54.6962,3.59497,7.555000000000001
25.307014,54.678207,25.2774,54.6962,4.62729,11.42
25.286089,54.674812,25.2774,54.6962,3.42093,8.784500000000001
25.30039,54.704701,25.2774,54.6962,2.5261799999999996,5.252166666666667
25.2184,54.716557,25.2774,54.6962,5.6606499999999995,11.005833333333333
25.30449,54.681404,25.2774,54.6962,3.87903,10.319666666666667
25.221886,54.738302,25.2774,54.6962,7.07196,14.0985
25.284395,54.712,25.2774,54.6962,2.56258,6.891333333333334
25.378973,54.692531,25.2774,54.6962,10.82931,18.279166666666665
25.291691,54.707993,25.2774,54.6962,2.2596700000000003,5.008833333333333
25.19924,54.645144,25.2774,54.6962,9.71061,16.6095
25.29016,54.683104,25.2774,54.6962,2.71041,7.687166666666667
25.210095,54.681796,25.2774,54.6962,6.39378,12.324166666666667
25.220585,54.710172,25.2774,54.6962,5.6479099999999995,10.898333333333333
25.21684,54.705749,25.2774,54.6962,5.87739,11.8015
25.168734,54.67079,25.2774,54.6962,10.789299999999999,16.711166666666667
25.282419,54.713136,25.2774,54.6962,2.66562,7.107166666666667
25.26583,54.673868,25.2774,54.6962,3.7517600000000004,9.399166666666668
25.168734,54.67079,25.2774,54.6962,10.789299999999999,16.711166666666667
25.212067,54.666885,25.2774,54.6962,8.10051,17.145833333333332
25.297302,54.722203,25.2774,54.6962,3.849,8.865
25.283757,54.713416,25.2774,54.6962,2.68383,7.180000000000001
25.31999,54.711739,25.2774,54.6962,4.2841000000000005,8.855500000000001
25.418568,54.694299,25.2774,54.6962,11.06044,18.673166666666667
25.231811,54.733288,25.2774,54.6962,6.27619,12.736833333333333
25.231811,54.733288,25.2774,54.6962,6.27619,12.736833333333333
25.231811,54.733288,25.2774,54.6962,6.27619,12.736833333333333
25.231811,54.733288,25.2774,54.6962,6.27619,12.736833333333333
25.231811,54.733288,25.2774,54.6962,6.27619,12.736833333333333
25.231811,54.733288,25.2774,54.6962,6.27619,12.736833333333333
25.231811,54.733288,25.2774,54.6962,6.27619,12.736833333333333
25.231811,54.733288,25.2774,54.6962,6.27619,12.736833333333333
25.231811,54.733288,25.2774,54.6962,6.27619,12.736833333333333
25.231811,54.733288,25.2774,54.6962,6.27619,12.736833333333333
25.231811,54.733288,25.2774,54.6962,6.27619,12.736833333333333
25.191114,54.754266,25.2774,54.6962,12.03384,23.19183333333333
25.19924,54.645144,25.2774,54.6962,9.71061,16.6095
25.263342,54.692096,25.2774,54.6962,3.42681,7.619
25.274853,54.712128,25.2774,54.6962,2.64554,8.329833333333333
25.19922,54.647668,25.2774,54.6962,9.90895,17.713666666666665
25.212526,54.698676,25.2774,54.6962,4.88295,9.9115
25.418568,54.694299,25.2774,54.6962,11.06044,18.673166666666667
25.095033,54.666756,25.2774,54.6962,16.60118,22.61116666666667
25.395612,54.711193,25.2774,54.6962,9.67108,19.306500000000003
25.27677,54.702298,25.2774,54.6962,1.32065,3.3713333333333333
25.218489,54.720767,25.2774,54.6962,6.097270000000001,12.091166666666668
25.40932,54.68882,25.2774,54.6962,11.06953,19.33566666666667
25.316896,54.677245,25.2774,54.6962,4.47039,10.8245
25.280707,54.676367,25.2774,54.6962,2.89852,7.116666666666666
25.091746,54.669545,25.2774,54.6962,16.91064,23.636166666666668
25.228746,54.721298,25.2774,54.6962,5.5235,10.524333333333335
25.295876,54.693449,25.2774,54.6962,1.3802699999999999,3.9531666666666667
25.234984,54.726463,25.2774,54.6962,5.44271,10.459666666666667
25.246029,54.674181,25.2774,54.6962,5.01027,9.587166666666667
25.27702,54.675695,25.2774,54.6962,3.02582,7.433666666666666
25.27671,54.677265,25.2774,54.6962,2.84919,7.009833333333333
25.250953,54.701196,25.2774,54.6962,2.77697,6.524166666666667
25.215826,54.720613,25.2774,54.6962,6.30411,11.859833333333334
25.279816,54.671688,25.2774,54.6962,3.5793000000000004,8.702166666666667
25.210448,54.67335,25.2774,54.6962,8.14091,15.512166666666667
25.289029,54.676399,25.2774,54.6962,3.62753,10.396333333333333
25.282698,54.672476,25.2774,54.6962,3.47494,8.385833333333332
25.305124,54.676143,25.2774,54.6962,3.91239,10.704833333333333
25.192139,54.661182,25.2774,54.6962,10.06332,16.9985
25.248348,54.697013,25.2774,54.6962,2.66483,5.958833333333333
25.287288,54.674281,25.2774,54.6962,3.37692,8.467333333333334
25.28051,54.677085,25.2774,54.6962,2.7914299999999996,6.883666666666667
25.275795,54.680279,25.2774,54.6962,2.57231,6.426333333333333
25.391359,54.709976,25.2774,54.6962,9.378620000000002,18.136666666666667
25.391359,54.709976,25.2774,54.6962,9.378620000000002,18.136666666666667
25.217262,54.712749,25.2774,54.6962,6.35861,11.950833333333332
25.391831,54.710559,25.2774,54.6962,9.41234,18.2715
25.288818,54.715776,25.2774,54.6962,3.15345,8.054833333333333
25.288405,54.68012,25.2774,54.6962,2.6294,8.407
25.264342,54.677051,25.2774,54.6962,3.5458600000000002,9.070500000000001
25.301399,54.682373,25.2774,54.6962,3.6526,9.224833333333333
25.242764,54.718167,25.2774,54.6962,4.34192,9.352166666666667
25.275057,54.663344,25.2774,54.6962,4.864520000000001,12.177999999999999
25.29082,54.683739,25.2774,54.6962,2.68186,7.646333333333333
25.25904,54.757779,25.2774,54.6962,8.71098,14.430666666666667
25.274011,54.689976,25.2774,54.6962,1.37019,3.9828333333333332
25.283502,54.674812,25.2774,54.6962,3.54128,8.638499999999999
25.274378,54.741092,25.2774,54.6962,5.7924,12.038333333333332
25.284102,54.677292,25.2774,54.6962,3.31646,8.9145
25.214749,54.664796,25.2774,54.6962,7.99662,16.6035
25.214749,54.664796,25.2774,54.6962,7.99662,16.6035
25.214749,54.664796,25.2774,54.6962,7.99662,16.6035
25.214749,54.664796,25.2774,54.6962,7.99662,16.6035
25.214749,54.664796,25.2774,54.6962,7.99662,16.6035
25.214749,54.664796,25.2774,54.6962,7.99662,16.6035
25.214749,54.664796,25.2774,54.6962,7.99662,16.6035
25.258883,54.672938,25.2774,54.6962,5.20905,10.1065
25.280093,54.672237,25.2774,54.6962,3.53138,8.691
25.299096,54.723161,25.2774,54.6962,4.25505,9.793666666666667
25.310612,54.704198,25.2774,54.6962,3.1812600000000004,6.610166666666667
25.283876,54.710251,25.2774,54.6962,2.20019,5.527166666666667
25.3212,54.712814,25.2774,54.6962,4.51462,9.509666666666668
25.282012,54.660999,25.2774,54.6962,5.56642,14.451500000000001
25.273651,54.697696,25.2774,54.6962,0.79528,2.069
25.240295,54.73654,25.2774,54.6962,6.74671,12.978833333333334
25.271503,54.682264,25.2774,54.6962,2.52083,6.632333333333333
25.270472,54.687484,25.2774,54.6962,1.97272,5.359666666666667
25.376965,54.694597,25.2774,54.6962,8.29044,15.070333333333334
25.264483,54.69237,25.2774,54.6962,1.91781,4.233666666666667
25.289619,54.674009,25.2774,54.6962,3.52831,8.8305
25.203209,54.718814,25.2774,54.6962,6.77982,13.146333333333333
25.21732,54.7206,25.2774,54.6962,6.38967,12.258166666666666
25.28003,54.702816,25.2774,54.6962,1.49374,3.5761666666666665
25.275795,54.680279,25.2774,54.6962,2.57231,6.426333333333333
25.314616,54.678211,25.2774,54.6962,4.277489999999999,9.961166666666665
25.248458,54.674068,25.2774,54.6962,4.7370600000000005,8.532
25.225981,54.698713,25.2774,54.6962,4.50856,9.799666666666667
25.213379,54.731072,25.2774,54.6962,7.26532,13.945666666666666
25.357013,54.654815,25.2774,54.6962,9.11895,20.442166666666665
25.357013,54.654815,25.2774,54.6962,9.11895,20.442166666666665
25.20369,54.68923,25.2774,54.6962,6.0930100000000005,11.9505
25.214746,54.71836,25.2774,54.6962,6.01985,11.469333333333333
25.210426,54.690778,25.2774,54.6962,6.11734,12.1565
25.291322,54.716499,25.2774,54.6962,3.00075,7.600833333333333
25.289872,54.672233,25.2774,54.6962,4.03058,9.5605
25.29957,54.681024,25.2774,54.6962,3.1875500000000003,9.44
25.287506,54.717581,25.2774,54.6962,3.41394,8.495
25.258501,54.674365,25.2774,54.6962,5.30604,10.663166666666665
25.2599,54.69037,25.2774,54.6962,2.4552199999999997,5.353166666666667
25.273717,54.701612,25.2774,54.6962,1.23564,3.407166666666667
25.397936,54.70207,25.2774,54.6962,11.08488,19.1385
25.29082,54.683739,25.2774,54.6962,2.68186,7.646333333333333
25.291033,54.676453,25.2774,54.6962,3.75696,10.887833333333333
25.22777,54.71849,25.2774,54.6962,5.57783,10.7755
25.289979,54.681081,25.2774,54.6962,3.0028,8.4055
25.296482,54.720077,25.2774,54.6962,3.49672,7.868333333333334
25.24821,54.691987,25.2774,54.6962,2.80296,6.468666666666667
25.336995,54.729879,25.2774,54.6962,7.13045,14.323666666666666
25.336995,54.729879,25.2774,54.6962,7.13045,14.323666666666666
25.43004,54.693492,25.2774,54.6962,11.91192,20.314833333333336
25.318217,54.71786,25.2774,54.6962,4.9589300000000005,9.830166666666665
25.19924,54.645144,25.2774,54.6962,9.71061,16.6095
25.336193,54.761402,25.2774,54.6962,12.507530000000001,23.467
25.336193,54.761402,25.2774,54.6962,12.507530000000001,23.467
25.336193,54.761402,25.2774,54.6962,12.507530000000001,23.467
25.336193,54.761402,25.2774,54.6962,12.507530000000001,23.467
25.336193,54.761402,25.2774,54.6962,12.507530000000001,23.467
25.336193,54.761402,25.2774,54.6962,12.507530000000001,23.467
25.336193,54.761402,25.2774,54.6962,12.507530000000001,23.467
25.336193,54.761402,25.2774,54.6962,12.507530000000001,23.467
25.336193,54.761402,25.2774,54.6962,12.507530000000001,23.467
25.336193,54.761402,25.2774,54.6962,12.507530000000001,23.467
25.336193,54.761402,25.2774,54.6962,12.507530000000001,23.467
25.336193,54.761402,25.2774,54.6962,12.507530000000001,23.467
25.336193,54.761402,25.2774,54.6962,12.507530000000001,23.467
25.336193,54.761402,25.2774,54.6962,12.507530000000001,23.467
25.336193,54.761402,25.2774,54.6962,12.507530000000001,23.467
25.336193,54.761402,25.2774,54.6962,12.507530000000001,23.467
25.336193,54.761402,25.2774,54.6962,12.507530000000001,23.467
25.336193,54.761402,25.2774,54.6962,12.507530000000001,23.467
25.336193,54.761402,25.2774,54.6962,12.507530000000001,23.467
25.273717,54.701612,25.2774,54.6962,1.23564,3.407166666666667
25.216535,54.73856,25.2774,54.6962,8.11975,15.898166666666667
25.273066,54.676067,25.2774,54.6962,3.1186100000000003,7.656333333333333
25.267814,54.671349,25.2774,54.6962,3.86526,9.469666666666665
25.271156,54.740008,25.2774,54.6962,6.78672,12.566
25.285354,54.673462,25.2774,54.6962,3.3206599999999997,8.122333333333334
25.285354,54.673462,25.2774,54.6962,3.3206599999999997,8.122333333333334
25.253325,54.697456,25.2774,54.6962,2.25773,5.245833333333334
25.308382,54.712698,25.2774,54.6962,3.8779,8.254
25.280721,54.677804,25.2774,54.6962,3.48372,9.7705
25.217111,54.739098,25.2774,54.6962,8.17358,16.128333333333334
25.258501,54.674365,25.2774,54.6962,5.30604,10.663166666666665
25.224996,54.696651,25.2774,54.6962,4.486149999999999,9.8135
25.276306,54.689888,25.2774,54.6962,1.25777,3.835
25.425583,54.684393,25.2774,54.6962,12.06624,20.394000000000002
25.28384,54.688147,25.2774,54.6962,1.64008,5.249666666666667
25.177411,54.713819,25.2774,54.6962,7.6453,15.452499999999999
25.176264,54.709706,25.2774,54.6962,7.3971599999999995,14.889999999999999
25.218183,54.702075,25.2774,54.6962,4.777279999999999,10.495000000000001
25.173846,54.704652,25.2774,54.6962,7.734649999999999,15.172833333333333
25.234115,54.732018,25.2774,54.6962,5.86983,11.625499999999999
25.312301,54.671512,25.2774,54.6962,5.08224,13.224
25.419712,54.687144,25.2774,54.6962,11.85979,20.322166666666664
25.30468,54.679111,25.2774,54.6962,3.7616,11.042833333333334
25.212813,54.711611,25.2774,54.6962,6.447430000000001,11.876666666666667
25.230967,54.716036,25.2774,54.6962,4.76282,8.805166666666667
25.208375,54.675765,25.2774,54.6962,7.90255,15.516333333333334
25.29896,54.720673,25.2774,54.6962,3.69646,8.386333333333333
25.272327,54.70829,25.2774,54.6962,2.2080900000000003,5.767666666666667
25.289331,54.66468,25.2774,54.6962,5.45309,13.166833333333333
25.226092,54.694364,25.2774,54.6962,5.26404,10.842166666666666
25.267796,54.675255,25.2774,54.6962,3.60757,9.130500000000001
25.247569,54.721189,25.2774,54.6962,4.61703,9.7475
25.282143,54.69283,25.2774,54.6962,0.62287,1.9398333333333333
25.27212,54.739687,25.2774,54.6962,6.73292,12.308166666666667
25.318304,54.712115,25.2774,54.6962,4.16305,8.411666666666667
25.275827,54.696402,25.2774,54.6962,0.54118,1.1441666666666668
25.303413,54.677751,25.2774,54.6962,3.91587,11.860166666666666
25.289406,54.717109,25.2774,54.6962,3.1658600000000003,8.471333333333332
25.215944,54.701856,25.2774,54.6962,4.70278,10.235666666666667
25.094359,54.672105,25.2774,54.6962,17.03444,23.94
25.230754,54.712376,25.2774,54.6962,5.31088,10.135833333333332
25.258872,54.678795,25.2774,54.6962,3.43886,8.731
25.218183,54.702075,25.2774,54.6962,4.777279999999999,10.495000000000001
25.217083,54.712214,25.2774,54.6962,6.34537,11.898
25.239781,54.718981,25.2774,54.6962,5.26663,11.281666666666666
25.277296,54.7015,25.2774,54.6962,1.19643,3.2861666666666665
25.272052,54.68081,25.2774,54.6962,2.89259,7.188833333333333
25.165242,54.713285,25.2774,54.6962,9.13632,18.56116666666667
25.165242,54.713285,25.2774,54.6962,9.13632,18.56116666666667
25.165242,54.713285,25.2774,54.6962,9.13632,18.56116666666667
25.165242,54.713285,25.2774,54.6962,9.13632,18.56116666666667
25.165242,54.713285,25.2774,54.6962,9.13632,18.56116666666667
25.165242,54.713285,25.2774,54.6962,9.13632,18.56116666666667
25.165242,54.713285,25.2774,54.6962,9.13632,18.56116666666667
25.165242,54.713285,25.2774,54.6962,9.13632,18.56116666666667
25.165242,54.713285,25.2774,54.6962,9.13632,18.56116666666667
25.165242,54.713285,25.2774,54.6962,9.13632,18.56116666666667
25.272707,54.680872,25.2774,54.6962,2.78467,6.885000000000001
25.309383,54.682683,25.2774,54.6962,3.48208,8.962
25.369454,54.720045,25.2774,54.6962,8.1831,20.1625
25.293714,54.694706,25.2774,54.6962,1.17279,3.4010000000000002
25.291914,54.674215,25.2774,54.6962,3.66657,9.214
25.319422,54.677381,25.2774,54.6962,4.65381,11.479833333333334
25.319422,54.677381,25.2774,54.6962,4.65381,11.479833333333334
25.266067,54.678944,25.2774,54.6962,3.2033400000000003,8.028
25.244372,54.717176,25.2774,54.6962,4.3066,9.293833333333334
25.2287,54.726878,25.2774,54.6962,6.49324,12.914666666666667
25.276626,54.676709,25.2774,54.6962,2.91045,7.156833333333334
25.272141,54.744994,25.2774,54.6962,6.415640000000001,13.852666666666666
25.30377,54.666765,25.2774,54.6962,5.38936,12.011666666666667
25.30377,54.666765,25.2774,54.6962,5.38936,12.011666666666667
25.414512,54.688452,25.2774,54.6962,11.202459999999999,19.009999999999998
25.093443,54.671635,25.2774,54.6962,17.06448,24.073666666666668
25.261077,54.678571,25.2774,54.6962,3.48248,9.161
25.283563,54.67663,25.2774,54.6962,3.21363,8.179333333333334
25.304247,54.681494,25.2774,54.6962,3.89395,10.379333333333333
25.275827,54.696402,25.2774,54.6962,0.54118,1.1441666666666668
25.27566,54.671443,25.2774,54.6962,3.6479,8.787
25.272776,54.663503,25.2774,54.6962,5.3711,13.894166666666667
25.23099,54.715363,25.2774,54.6962,4.75081,9.282166666666665
25.23099,54.715363,25.2774,54.6962,4.75081,9.282166666666665
25.23099,54.715363,25.2774,54.6962,4.75081,9.282166666666665
25.23099,54.715363,25.2774,54.6962,4.75081,9.282166666666665
25.23099,54.715363,25.2774,54.6962,4.75081,9.282166666666665
25.23099,54.715363,25.2774,54.6962,4.75081,9.282166666666665
25.259166,54.657314,25.2774,54.6962,6.95473,16.7135
25.300235,54.700086,25.2774,54.6962,2.02007,5.320666666666667
25.32327,54.734083,25.2774,54.6962,6.04121,13.727833333333333
25.294772,54.73408,25.2774,54.6962,6.51714,14.642333333333333
25.266198,54.682573,25.2774,54.6962,2.8826,7.083166666666667
25.272696,54.670873,25.2774,54.6962,3.7671,9.278833333333333
25.258842,54.675051,25.2774,54.6962,5.23567,10.381666666666666
25.187182,54.711039,25.2774,54.6962,7.207,14.642333333333333
25.368043,54.725525,25.2774,54.6962,8.56359,21.48166666666667
25.303413,54.677751,25.2774,54.6962,3.91587,11.860166666666666
25.303413,54.677751,25.2774,54.6962,3.91587,11.860166666666666
25.297388,54.679995,25.2774,54.6962,3.4307800000000004,10.075833333333332
25.312037,54.674886,25.2774,54.6962,4.57694,10.775666666666666
25.275322,54.680412,25.2774,54.6962,2.60531,6.492333333333334
25.348619,54.798727,25.2774,54.6962,14.57543,25.149333333333335
25.16365,54.708634,25.2774,54.6962,8.313049999999999,16.421499999999998
25.21251,54.700989,25.2774,54.6962,5.17846,10.662833333333333
25.28074,54.658728,25.2774,54.6962,5.75701,14.942833333333335
25.27665,54.676012,25.2774,54.6962,2.99675,7.386
25.184398,54.658914,25.2774,54.6962,10.83235,19.980833333333333
25.184398,54.658914,25.2774,54.6962,10.83235,19.980833333333333
25.293482,54.676252,25.2774,54.6962,4.01733,10.587666666666667
25.248162,54.698887,25.2774,54.6962,2.45488,6.019666666666667
25.25395,54.681236,25.2774,54.6962,3.6540100000000004,9.120000000000001
25.302307,54.739693,25.2774,54.6962,6.66737,15.2195
25.243758,54.6987,25.2774,54.6962,2.85944,6.488666666666666
25.29494,54.673607,25.2774,54.6962,3.97748,10.157666666666668
25.224099,54.733836,25.2774,54.6962,6.67622,13.757666666666667
25.320748,54.720184,25.2774,54.6962,5.08063,10.317
25.28937,54.681694,25.2774,54.6962,2.4992199999999998,7.848
25.226605,54.736735,25.2774,54.6962,6.97264,13.631
25.238872,54.716279,25.2774,54.6962,4.41419,9.9545
25.218183,54.702075,25.2774,54.6962,4.777279999999999,10.495000000000001
25.259166,54.657314,25.2774,54.6962,6.95473,16.7135
25.301617,54.679381,25.2774,54.6962,3.5693,10.384500000000001
25.27737,54.687383,25.2774,54.6962,1.34802,4.051666666666667
25.252232,54.653129,25.2774,54.6962,7.81746,20.164499999999997
25.265578,54.677406,25.2774,54.6962,3.56976,9.166166666666667
25.28298,54.672908,25.2774,54.6962,3.4236999999999997,8.308833333333332
25.29184,54.716837,25.2774,54.6962,3.03058,7.779833333333333
25.296914,54.694241,25.2774,54.6962,1.48431,4.352
25.275604,54.710746,25.2774,54.6962,2.2856,6.9265
25.194191,54.659794,25.2774,54.6962,10.39382,19.0215
25.307949,54.703469,25.2774,54.6962,3.3893,7.6258333333333335
25.282427,54.683549,25.2774,54.6962,1.7575699999999999,6.487833333333333
25.259926,54.675006,25.2774,54.6962,5.44705,11.054499999999999
25.288976,54.675257,25.2774,54.6962,3.73371,10.809666666666667
25.206511,54.675673,25.2774,54.6962,7.92018,15.043666666666667
25.306424,54.713925,25.2774,54.6962,3.70818,7.753833333333334
25.23386,54.673057,25.2774,54.6962,6.48988,13.018
25.256402,54.658098,25.2774,54.6962,7.03869,17.049333333333333
25.30728,54.682365,25.2774,54.6962,3.69865,9.811333333333332
25.30955,54.68365,25.2774,54.6962,3.5176399999999997,9.166500000000001
25.2606,54.690062,25.2774,54.6962,2.531,5.655833333333334
25.257314,54.673255,25.2774,54.6962,5.314979999999999,10.550833333333333
25.243755,54.674644,25.2774,54.6962,4.7959,8.923666666666666
25.321667,54.726541,25.2774,54.6962,5.78706,11.865
25.321667,54.726541,25.2774,54.6962,5.78706,11.865
25.246583,54.675036,25.2774,54.6962,4.62014,8.725666666666665
25.253948,54.73968,25.2774,54.6962,7.025729999999999,14.309666666666667
25.336445,54.763176,25.2774,54.6962,12.25501,22.697666666666667
25.278945,54.680022,25.2774,54.6962,3.18671,8.891666666666667
25.306149,54.696375,25.2774,54.6962,2.61724,7.849833333333334
25.244259,54.673239,25.2774,54.6962,4.8218000000000005,9.021666666666667
25.282188,54.720355,25.2774,54.6962,3.51681,9.0395
25.24339,54.71113,25.2774,54.6962,4.47484,9.448166666666667
25.262933,54.683635,25.2774,54.6962,2.7117199999999997,7.045833333333333
25.30419,54.71722,25.2774,54.6962,4.10792,8.801833333333333
25.277814,54.634542,25.2774,54.6962,8.30931,19.904666666666667
25.201137,54.675606,25.2774,54.6962,7.367520000000001,13.945666666666666
25.28111,54.672397,25.2774,54.6962,3.59357,8.935
25.28111,54.672397,25.2774,54.6962,3.59357,8.935
25.28111,54.672397,25.2774,54.6962,3.59357,8.935
25.28111,54.672397,25.2774,54.6962,3.59357,8.935
25.28111,54.672397,25.2774,54.6962,3.59357,8.935
25.307014,54.678207,25.2774,54.6962,4.62729,11.42
25.1756,54.70894,25.2774,54.6962,7.5955200000000005,14.624833333333333
25.183205,54.713536,25.2774,54.6962,7.43366,14.915666666666668
25.306846,54.692943,25.2774,54.6962,2.35026,6.5095
25.283924,54.676136,25.2774,54.6962,3.12169,7.745833333333334
25.307978,54.702216,25.2774,54.6962,3.5711399999999998,8.171333333333333
25.29806,54.717621,25.2774,54.6962,3.4921599999999997,8.231166666666667
25.2745,54.668792,25.2774,54.6962,3.9897,9.746666666666666
25.288025,54.724173,25.2774,54.6962,3.83413,9.7705
25.27931,54.661747,25.2774,54.6962,5.545979999999999,14.273333333333333
25.287506,54.717581,25.2774,54.6962,3.41394,8.495
25.283489,54.696196,25.2774,54.6962,0.6069500000000001,1.7685
25.317504,54.676134,25.2774,54.6962,4.67974,11.570166666666667
25.255916,54.697476,25.2774,54.6962,1.9145699999999999,4.731166666666667
25.260323,54.696307,25.2774,54.6962,1.93492,4.979166666666667
25.093226,54.67275,25.2774,54.6962,16.94146,23.632
25.399701,54.700842,25.2774,54.6962,11.01387,19.018833333333337
25.314959,54.699568,25.2774,54.6962,3.07745,7.447
25.267716,54.731555,25.2774,54.6962,5.96686,10.931666666666667
25.299096,54.723161,25.2774,54.6962,4.25505,9.793666666666667
25.27948,54.684957,25.2774,54.6962,1.75089,5.924666666666667
25.298279,54.701044,25.2774,54.6962,2.46956,6.426666666666667
25.170716,54.708656,25.2774,54.6962,7.93424,15.570500000000001
25.231168,54.721201,25.2774,54.6962,5.43287,10.536166666666666
25.261806,54.682804,25.2774,54.6962,2.84078,7.6025
25.21137,54.723796,25.2774,54.6962,6.7525699999999995,13.275666666666666
25.27842,54.732336,25.2774,54.6962,4.76563,10.465666666666667
25.280002,54.661689,25.2774,54.6962,5.53079,14.270333333333333
25.28487,54.716418,25.2774,54.6962,3.00537,7.5616666666666665
25.2287,54.726878,25.2774,54.6962,6.49324,12.914666666666667
25.282143,54.69283,25.2774,54.6962,0.62287,1.9398333333333333
25.261648,54.757651,25.2774,54.6962,8.921809999999999,14.8585
25.276825,54.634818,25.2774,54.6962,8.18759,19.620166666666666
25.265994,54.661093,25.2774,54.6962,5.39795,13.962333333333333
25.2567,54.718724,25.2774,54.6962,4.87048,9.898333333333333
25.176464,54.711398,25.2774,54.6962,7.53057,14.974
25.276569,54.690404,25.2774,54.6962,1.18876,3.8131666666666666
25.21129,54.691254,25.2774,54.6962,5.8604899999999995,11.678666666666667
25.348549,54.722628,25.2774,54.6962,7.5977,15.7955
25.213471,54.720492,25.2774,54.6962,6.20892,11.853333333333333
25.224734,54.73215,25.2774,54.6962,6.53697,13.174333333333333
25.365724,54.668014,25.2774,54.6962,9.26984,20.09283333333333
25.280181,54.677809,25.2774,54.6962,3.51973,9.986500000000001
25.164644,54.707291,25.2774,54.6962,8.4658,16.930666666666667
25.412042,54.689899,25.2774,54.6962,10.85078,18.497833333333332
25.288111,54.704256,25.2774,54.6962,1.76683,3.8819999999999997
25.219556,54.679188,25.2774,54.6962,7.19679,13.597000000000001
25.312301,54.671512,25.2774,54.6962,5.08224,13.224
25.303283,54.678149,25.2774,54.6962,3.92309,11.889000000000001
25.272585,54.681699,25.2774,54.6962,2.92522,7.160833333333333
25.278913,54.670903,25.2774,54.6962,3.66967,8.887833333333333
25.190723,54.661079,25.2774,54.6962,10.149209999999998,17.34733333333333
25.194404,54.659477,25.2774,54.6962,10.43012,19.166666666666668
25.27702,54.675695,25.2774,54.6962,3.02582,7.433666666666666
25.274777,54.702989,25.2774,54.6962,1.34264,3.5596666666666668
25.214535,54.736942,25.2774,54.6962,7.9883500000000005,14.886833333333334
25.312947,54.712566,25.2774,54.6962,4.06877,8.235166666666666
25.273792,54.676833,25.2774,54.6962,3.15408,7.890833333333333
25.273792,54.676833,25.2774,54.6962,3.15408,7.890833333333333
25.261241,54.756577,25.2774,54.6962,8.54795,14.16
25.308041,54.704456,25.2774,54.6962,3.3017,7.374833333333333
25.274714,54.685698,25.2774,54.6962,1.72285,5.0168333333333335
25.214535,54.736942,25.2774,54.6962,7.9883500000000005,14.886833333333334
25.271556,54.662935,25.2774,54.6962,5.261100000000001,13.298833333333333
25.158895,54.71926,25.2774,54.6962,9.34533,18.00433333333333
25.279026,54.699711,25.2774,54.6962,1.01847,3.0393333333333334
25.205543,54.640844,25.2774,54.6962,9.29042,15.979833333333334
25.372481,54.727453,25.2774,54.6962,10.08952,19.76833333333333
25.283721,54.712069,25.2774,54.6962,2.56258,6.891333333333334
25.274605,54.676307,25.2774,54.6962,3.3840100000000004,8.270666666666667
25.282678,54.684211,25.2774,54.6962,1.6708599999999998,5.967666666666667
25.289976,54.679454,25.2774,54.6962,3.15056,8.996666666666666
25.34218,54.66426,25.2774,54.6962,7.50297,16.351166666666668
25.277466,54.702177,25.2774,54.6962,1.31054,3.347166666666667
25.263234,54.756363,25.2774,54.6962,8.46509,14.438333333333333
25.31848,54.67728,25.2774,54.6962,4.54796,11.043000000000001
25.255283,54.702824,25.2774,54.6962,2.39235,5.684666666666667
25.273663,54.691121,25.2774,54.6962,1.3089000000000002,3.894833333333333
25.226767,54.738021,25.2774,54.6962,6.8744499999999995,13.0315
25.282143,54.69283,25.2774,54.6962,0.62287,1.9398333333333333
25.287373,54.720344,25.2774,54.6962,3.5296999999999996,8.519833333333333
25.102143,54.66932,25.2774,54.6962,15.9687,20.673000000000002
25.178422,54.712102,25.2774,54.6962,7.43703,14.779
25.280522,54.678465,25.2774,54.6962,2.74617,6.819333333333334
25.272878,54.686658,25.2774,54.6962,1.79549,5.055833333333334
25.286001,54.674124,25.2774,54.6962,3.49527,9.081833333333332
25.26242,54.683583,25.2774,54.6962,2.75295,7.253833333333334
25.275795,54.680279,25.2774,54.6962,2.57231,6.426333333333333
25.279298,54.687467,25.2774,54.6962,1.18706,3.7928333333333333
25.27604,54.674645,25.2774,54.6962,3.44591,8.748666666666667
25.28747,54.678262,25.2774,54.6962,3.52262,9.943999999999999
25.294605,54.694735,25.2774,54.6962,1.2140199999999999,3.3183333333333334
25.3024,54.679159,25.2774,54.6962,3.6195,10.4745
25.30564,54.67756,25.2774,54.6962,4.14921,11.47
25.303897,54.686322,25.2774,54.6962,3.85898,9.802666666666665
25.282737,54.677562,25.2774,54.6962,3.33127,8.855833333333333
25.265318,54.680812,25.2774,54.6962,2.9474899999999997,7.202333333333333
25.265318,54.680812,25.2774,54.6962,2.9474899999999997,7.202333333333333
25.265318,54.680812,25.2774,54.6962,2.9474899999999997,7.202333333333333
25.265318,54.680812,25.2774,54.6962,2.9474899999999997,7.202333333333333
25.265318,54.680812,25.2774,54.6962,2.9474899999999997,7.202333333333333
25.265318,54.680812,25.2774,54.6962,2.9474899999999997,7.202333333333333
25.265318,54.680812,25.2774,54.6962,2.9474899999999997,7.202333333333333
25.265318,54.680812,25.2774,54.6962,2.9474899999999997,7.202333333333333
25.265318,54.680812,25.2774,54.6962,2.9474899999999997,7.202333333333333
25.265318,54.680812,25.2774,54.6962,2.9474899999999997,7.202333333333333
25.265318,54.680812,25.2774,54.6962,2.9474899999999997,7.202333333333333
25.265318,54.680812,25.2774,54.6962,2.9474899999999997,7.202333333333333
25.265318,54.680812,25.2774,54.6962,2.9474899999999997,7.202333333333333
25.265318,54.680812,25.2774,54.6962,2.9474899999999997,7.202333333333333
25.265318,54.680812,25.2774,54.6962,2.9474899999999997,7.202333333333333
25.282366,54.686647,25.2774,54.6962,1.39556,4.3084999999999996
25.246022,54.733007,25.2774,54.6962,5.91356,13.143
25.210939,54.718504,25.2774,54.6962,6.15075,11.960666666666667
25.223413,54.739168,25.2774,54.6962,7.22392,14.609166666666665
25.21212,54.718666,25.2774,54.6962,6.02808,11.350166666666667
25.265116,54.756145,25.2774,54.6962,8.285680000000001,14.308666666666666
25.202993,54.675875,25.2774,54.6962,7.88948,15.191666666666666
25.401398,54.694659,25.2774,54.6962,10.35308,17.816666666666666
25.401398,54.694659,25.2774,54.6962,10.35308,17.816666666666666
25.401398,54.694659,25.2774,54.6962,10.35308,17.816666666666666
25.401398,54.694659,25.2774,54.6962,10.35308,17.816666666666666
25.401398,54.694659,25.2774,54.6962,10.35308,17.816666666666666
25.401398,54.694659,25.2774,54.6962,10.35308,17.816666666666666
25.218398,54.696013,25.2774,54.6962,5.4930200000000005,11.135833333333332
25.175153,54.714443,25.2774,54.6962,8.01717,15.8875
25.219979,54.710491,25.2774,54.6962,5.69972,11.105500000000001
25.288711,54.6914,25.2774,54.6962,1.2121600000000001,3.1301666666666668
25.261562,54.672411,25.2774,54.6962,4.136729999999999,10.595666666666666
25.18067,54.716384,25.2774,54.6962,7.8505,15.696833333333332
25.270824,54.678,25.2774,54.6962,3.42556,8.2375
25.27677,54.702298,25.2774,54.6962,1.32065,3.3713333333333333
25.234115,54.732018,25.2774,54.6962,5.86983,11.625499999999999
25.277993,54.719296,25.2774,54.6962,3.91536,9.365333333333332
25.231253,54.725885,25.2774,54.6962,6.0405,11.244499999999999
25.231253,54.725885,25.2774,54.6962,6.0405,11.244499999999999
25.231253,54.725885,25.2774,54.6962,6.0405,11.244499999999999
25.231253,54.725885,25.2774,54.6962,6.0405,11.244499999999999
25.231253,54.725885,25.2774,54.6962,6.0405,11.244499999999999
25.231253,54.725885,25.2774,54.6962,6.0405,11.244499999999999
25.231253,54.725885,25.2774,54.6962,6.0405,11.244499999999999
25.231253,54.725885,25.2774,54.6962,6.0405,11.244499999999999
25.231253,54.725885,25.2774,54.6962,6.0405,11.244499999999999
25.231253,54.725885,25.2774,54.6962,6.0405,11.244499999999999
25.241196,54.669982,25.2774,54.6962,5.34005,9.952
25.26493,54.676879,25.2774,54.6962,3.55703,9.0175
25.302833,54.679489,25.2774,54.6962,3.65665,10.623
25.291911,54.692309,25.2774,54.6962,1.26122,3.3266666666666667
25.256516,54.681304,25.2774,54.6962,3.74312,10.119166666666667
25.391359,54.709976,25.2774,54.6962,9.378620000000002,18.136666666666667
25.252466,54.689083,25.2774,54.6962,2.86696,6.726833333333333
25.250425,54.699079,25.2774,54.6962,2.2153899999999997,5.400666666666667
25.253948,54.73968,25.2774,54.6962,7.025729999999999,14.309666666666667
25.26583,54.673868,25.2774,54.6962,3.7517600000000004,9.399166666666668
25.266365,54.686441,25.2774,54.6962,2.87795,6.237333333333334
25.266365,54.686441,25.2774,54.6962,2.87795,6.237333333333334
25.267796,54.675255,25.2774,54.6962,3.60757,9.130500000000001
25.283588,54.708533,25.2774,54.6962,2.21104,5.755166666666667
25.165151,54.713529,25.2774,54.6962,9.03675,18.16283333333333
25.241079,54.66491,25.2774,54.6962,6.7859300000000005,13.271166666666666
25.15119,54.619174,25.2774,54.6962,19.38209,26.340666666666667
25.267015,54.670351,25.2774,54.6962,4.065840000000001,9.889833333333334
25.211887,54.707485,25.2774,54.6962,6.7686,12.706833333333332
25.262879,54.756139,25.2774,54.6962,8.43624,14.326166666666667
25.223195,54.738766,25.2774,54.6962,7.19405,14.464666666666666
25.241899,54.673009,25.2774,54.6962,4.9811499999999995,9.193999999999999
25.226808,54.73562,25.2774,54.6962,6.51142,13.139000000000001
25.289872,54.672233,25.2774,54.6962,4.03058,9.5605
25.263342,54.692096,25.2774,54.6962,3.42681,7.619
25.205356,54.73307,25.2774,54.6962,9.59917,15.785166666666667
25.228625,54.676533,25.2774,54.6962,7.7957,14.9955
25.228437,54.677116,25.2774,54.6962,7.75158,14.942833333333335
25.319942,54.713094,25.2774,54.6962,4.4284099999999995,9.164833333333332
25.277777,54.679897,25.2774,54.6962,2.43741,6.156666666666666
25.297939,54.72154,25.2774,54.6962,3.92164,9.1555
25.294238,54.676801,25.2774,54.6962,4.05507,10.7375
25.27737,54.687383,25.2774,54.6962,1.34802,4.051666666666667
25.269771,54.682136,25.2774,54.6962,2.66738,7.1935
25.233443,54.671153,25.2774,54.6962,6.29159,12.394666666666666
25.235432,54.670822,25.2774,54.6962,6.10115,11.840499999999999
25.235432,54.670822,25.2774,54.6962,6.10115,11.840499999999999
25.214198,54.721468,25.2774,54.6962,6.3255,12.157833333333334
25.260323,54.696307,25.2774,54.6962,1.93492,4.979166666666667
25.280273,54.67313,25.2774,54.6962,3.36802,9.223833333333333
25.278581,54.664167,25.2774,54.6962,4.95083,12.5695
25.241743,54.71652,25.2774,54.6962,4.134720000000001,8.978166666666668
25.2668,54.68265,25.2774,54.6962,2.8931199999999997,7.0794999999999995
25.28701,54.710757,25.2774,54.6962,2.37315,6.015166666666667
25.272292,54.702403,25.2774,54.6962,1.4496300000000002,4.142
25.265932,54.675131,25.2774,54.6962,3.7875,9.473333333333333
25.289431,54.683221,25.2774,54.6962,2.71095,7.689333333333334
25.218183,54.702075,25.2774,54.6962,4.777279999999999,10.495000000000001
25.262808,54.741412,25.2774,54.6962,6.39372,12.509833333333335
25.287597,54.679675,25.2774,54.6962,2.55773,8.1205
25.263055,54.732104,25.2774,54.6962,6.97926,13.258833333333333
25.289336,54.674566,25.2774,54.6962,3.7556700000000003,10.897333333333334
25.221,54.739475,25.2774,54.6962,7.39415,14.4485
25.174369,54.706552,25.2774,54.6962,7.52396,14.833
25.23115,54.713098,25.2774,54.6962,4.68837,9.680166666666667
25.283002,54.678887,25.2774,54.6962,2.83115,8.623
25.315915,54.71595,25.2774,54.6962,4.36862,8.304333333333334
25.248127,54.711761,25.2774,54.6962,3.40195,7.384666666666666
25.267015,54.670351,25.2774,54.6962,4.065840000000001,9.889833333333334
25.207286,54.674394,25.2774,54.6962,7.92126,15.402
25.258321,54.757617,25.2774,54.6962,8.67059,14.269166666666667
25.275941,54.684972,25.2774,54.6962,1.85053,5.152333333333333
25.202917,54.709365,25.2774,54.6962,6.21298,12.651833333333334
25.181425,54.712428,25.2774,54.6962,7.28379,14.406
25.311521,54.696649,25.2774,54.6962,2.65494,6.649333333333333
25.423163,54.695341,25.2774,54.6962,11.294270000000001,18.9975
25.291979,54.694059,25.2774,54.6962,1.0713199999999998,3.0036666666666667
25.267812,54.689362,25.2774,54.6962,2.49521,5.600666666666667
25.267812,54.689362,25.2774,54.6962,2.49521,5.600666666666667
25.267812,54.689362,25.2774,54.6962,2.49521,5.600666666666667
25.254659,54.696644,25.2774,54.6962,2.13579,5.063
25.215484,54.682879,25.2774,54.6962,6.86693,13.0885
25.210939,54.718504,25.2774,54.6962,6.15075,11.960666666666667
25.340467,54.649143,25.2774,54.6962,9.07274,20.48166666666667
25.177411,54.713819,25.2774,54.6962,7.6453,15.452499999999999
25.177411,54.713819,25.2774,54.6962,7.6453,15.452499999999999
25.177411,54.713819,25.2774,54.6962,7.6453,15.452499999999999
25.177411,54.713819,25.2774,54.6962,7.6453,15.452499999999999
25.177411,54.713819,25.2774,54.6962,7.6453,15.452499999999999
25.296283,54.679862,25.2774,54.6962,3.48797,10.434666666666667
25.240782,54.719117,25.2774,54.6962,5.297680000000001,11.353
25.212599,54.749126,25.2774,54.6962,8.37044,15.860000000000001
25.238901,54.722582,25.2774,54.6962,4.82634,9.915333333333333
25.209986,54.723173,25.2774,54.6962,6.5986,12.659833333333333
25.320703,54.724876,25.2774,54.6962,5.49649,10.695333333333334
25.182289,54.70393,25.2774,54.6962,7.30551,14.782
25.227235,54.725863,25.2774,54.6962,6.35241,12.463666666666667
25.29151,54.678153,25.2774,54.6962,3.25619,9.419166666666666
25.282348,54.672158,25.2774,54.6962,3.5510300000000004,8.5045
25.3042,54.684394,25.2774,54.6962,3.6652,9.239
25.320594,54.708862,25.2774,54.6962,4.41075,8.747000000000002
25.320594,54.708862,25.2774,54.6962,4.41075,8.747000000000002
25.191602,54.663001,25.2774,54.6962,9.98798,17.0695
25.323151,54.705462,25.2774,54.6962,4.22298,9.845833333333333
25.26493,54.676879,25.2774,54.6962,3.55703,9.0175
25.217088,54.696282,25.2774,54.6962,5.42954,11.072000000000001
25.298177,54.704947,25.2774,54.6962,2.2762399999999996,4.642333333333334
25.288044,54.716137,25.2774,54.6962,3.21659,8.303666666666667
25.210794,54.717589,25.2774,54.6962,6.278149999999999,12.154666666666666
25.302333,54.683861,25.2774,54.6962,3.62547,9.096
25.284648,54.673757,25.2774,54.6962,3.2857600000000002,8.026333333333334
25.27566,54.671443,25.2774,54.6962,3.6479,8.787
25.253948,54.73968,25.2774,54.6962,7.025729999999999,14.309666666666667
25.303957,54.675757,25.2774,54.6962,3.90213,10.567333333333332
25.202706,54.67402,25.2774,54.6962,7.65866,14.656833333333333
25.231373,54.714552,25.2774,54.6962,4.63641,8.8875
25.302833,54.679489,25.2774,54.6962,3.65665,10.623
25.307014,54.678207,25.2774,54.6962,4.62729,11.42
25.190723,54.661079,25.2774,54.6962,10.149209999999998,17.34733333333333
25.27677,54.702298,25.2774,54.6962,1.32065,3.3713333333333333
25.28791,54.676685,25.2774,54.6962,3.55721,10.039833333333332
25.127278,54.637435,25.2774,54.6962,16.151,24.740000000000002
25.25956,54.69623,25.2774,54.6962,1.99726,4.859
25.250768,54.682706,25.2774,54.6962,3.6841,8.987333333333334
25.316341,54.714778,25.2774,54.6962,4.329479999999999,8.512166666666667
25.26422,54.68001,25.2774,54.6962,3.52412,9.311166666666667
25.270604,54.69987,25.2774,54.6962,1.0746099999999998,2.9645
25.228912,54.751839,25.2774,54.6962,8.67517,18.589333333333332
25.241079,54.66491,25.2774,54.6962,6.7859300000000005,13.271166666666666
25.28003,54.702816,25.2774,54.6962,1.49374,3.5761666666666665
25.401398,54.694659,25.2774,54.6962,10.35308,17.816666666666666
25.212266,54.694766,25.2774,54.6962,5.40256,11.209166666666667
25.255905,54.726565,25.2774,54.6962,5.90224,11.920333333333334
25.261077,54.678571,25.2774,54.6962,3.48248,9.161
25.2711,54.752279,25.2774,54.6962,8.00151,13.3575
25.178752,54.705645,25.2774,54.6962,7.29621,14.8135
25.279632,54.672196,25.2774,54.6962,3.5264699999999998,8.610333333333333
25.278966,54.662332,25.2774,54.6962,5.151680000000001,13.567333333333332
25.279632,54.672196,25.2774,54.6962,3.5264699999999998,8.610333333333333
25.249667,54.708185,25.2774,54.6962,3.90814,8.726166666666668
25.287506,54.717581,25.2774,54.6962,3.41394,8.495
25.277376,54.675283,25.2774,54.6962,3.07832,7.559666666666667
25.217067,54.707288,25.2774,54.6962,6.201779999999999,12.171333333333333
25.264553,54.673422,25.2774,54.6962,3.9001900000000003,9.992833333333333
25.324281,54.705858,25.2774,54.6962,4.34532,10.335166666666668
25.236553,54.727097,25.2774,54.6962,5.37814,10.481166666666667
25.26583,54.673868,25.2774,54.6962,3.7517600000000004,9.399166666666668
25.222567,54.739023,25.2774,54.6962,7.1466899999999995,14.327
25.29739,54.717997,25.2774,54.6962,3.35144,7.749833333333333
25.28665,54.712811,25.2774,54.6962,2.50764,6.143666666666666
25.234285,54.674768,25.2774,54.6962,6.6299399999999995,13.650833333333333
25.256152,54.69798,25.2774,54.6962,2.0366,5.164833333333333
25.280627,54.672126,25.2774,54.6962,3.5923000000000003,8.859333333333332
25.268808,54.739157,25.2774,54.6962,6.5810200000000005,11.933
25.247319,54.724112,25.2774,54.6962,4.87791,10.339166666666667
25.281529,54.779307,25.2774,54.6962,11.410260000000001,19.23616666666667
25.252232,54.653129,25.2774,54.6962,7.81746,20.164499999999997
25.267323,54.736718,25.2774,54.6962,6.41495,11.638
25.28771,54.68198,25.2774,54.6962,2.30842,6.994833333333333
25.279557,54.68014,25.2774,54.6962,3.14527,8.725833333333332
25.27739,54.63608,25.2774,54.6962,8.08582,19.243666666666666
25.273491,54.741556,25.2774,54.6962,5.89292,12.351833333333333
25.273491,54.741556,25.2774,54.6962,5.89292,12.351833333333333
25.273491,54.741556,25.2774,54.6962,5.89292,12.351833333333333
25.273491,54.741556,25.2774,54.6962,5.89292,12.351833333333333
25.273491,54.741556,25.2774,54.6962,5.89292,12.351833333333333
25.273491,54.741556,25.2774,54.6962,5.89292,12.351833333333333
25.293813,54.676177,25.2774,54.6962,4.03037,10.641
25.261388,54.67013,25.2774,54.6962,4.5469,11.0215
25.203102,54.687801,25.2774,54.6962,6.255,12.500833333333333
25.314125,54.674633,25.2774,54.6962,4.70197,11.028833333333333
25.249828,54.695095,25.2774,54.6962,2.35637,5.295333333333334
25.29815,54.694437,25.2774,54.6962,1.5613299999999999,4.496333333333333
25.293312,54.729109,25.2774,54.6962,4.56841,10.1575
25.295287,54.703746,25.2774,54.6962,2.18135,4.583833333333333
25.303013,54.709104,25.2774,54.6962,3.09068,6.898833333333333
25.272292,54.702403,25.2774,54.6962,1.4496300000000002,4.142
25.256402,54.658098,25.2774,54.6962,7.03869,17.049333333333333
25.274111,54.715595,25.2774,54.6962,5.63555,10.881
25.274111,54.715595,25.2774,54.6962,5.63555,10.881
25.275604,54.710746,25.2774,54.6962,2.2856,6.9265
25.251634,54.69863,25.2774,54.6962,2.1224600000000002,5.122
25.274111,54.715595,25.2774,54.6962,5.63555,10.881
25.183491,54.712069,25.2774,54.6962,7.4000699999999995,14.812333333333333
25.286811,54.696344,25.2774,54.6962,0.99288,2.8729999999999998
25.306149,54.696375,25.2774,54.6962,2.61724,7.849833333333334
25.287343,54.673921,25.2774,54.6962,3.46423,8.762333333333334
25.308997,54.701766,25.2774,54.6962,3.31875,8.565499999999998
25.320477,54.725193,25.2774,54.6962,5.51391,10.765166666666666
25.274111,54.715595,25.2774,54.6962,5.63555,10.881
25.224726,54.707841,25.2774,54.6962,5.1666099999999995,10.563833333333333
25.224726,54.707841,25.2774,54.6962,5.1666099999999995,10.563833333333333
25.224726,54.707841,25.2774,54.6962,5.1666099999999995,10.563833333333333
25.224726,54.707841,25.2774,54.6962,5.1666099999999995,10.563833333333333
25.224726,54.707841,25.2774,54.6962,5.1666099999999995,10.563833333333333
25.224726,54.707841,25.2774,54.6962,5.1666099999999995,10.563833333333333
25.356809,54.676781,25.2774,54.6962,7.6882,16.25883333333333
25.255551,54.630742,25.2774,54.6962,8.64657,20.9625
25.332988,54.745719,25.2774,54.6962,8.18849,18.182000000000002
25.163092,54.723557,25.2774,54.6962,10.343969999999999,22.079
25.260118,54.688972,25.2774,54.6962,2.65811,5.734333333333334
25.237235,54.735413,25.2774,54.6962,6.23717,11.966000000000001
25.277384,54.660577,25.2774,54.6962,5.20299,13.066333333333334
25.216541,54.67653,25.2774,54.6962,7.30006,13.935666666666666
25.216516,54.737201,25.2774,54.6962,7.987100000000001,15.252166666666666
25.291819,54.675784,25.2774,54.6962,3.92347,10.166833333333333
25.223229,54.695908,25.2774,54.6962,4.476319999999999,9.499666666666666
25.31416,54.71355,25.2774,54.6962,4.18537,8.369
25.29942,54.666424,25.2774,54.6962,5.093850000000001,11.714
25.411995,54.688745,25.2774,54.6962,11.01184,19.1225
25.210939,54.718504,25.2774,54.6962,6.15075,11.960666666666667
25.281908,54.671934,25.2774,54.6962,3.5714,8.539333333333333
25.281625,54.699012,25.2774,54.6962,0.83368,1.9811666666666667
25.415124,54.700591,25.2774,54.6962,11.94528,20.596666666666668
25.281625,54.699012,25.2774,54.6962,0.83368,1.9811666666666667
25.281625,54.699012,25.2774,54.6962,0.83368,1.9811666666666667
25.215818,54.69608,25.2774,54.6962,5.3753400000000005,10.855166666666666
25.29494,54.673607,25.2774,54.6962,3.97748,10.157666666666668
25.29449,54.674094,25.2774,54.6962,3.91844,9.9215
25.261467,54.682517,25.2774,54.6962,3.03366,7.453
25.183928,54.710568,25.2774,54.6962,7.451890000000001,14.820500000000001
25.300322,54.681149,25.2774,54.6962,3.2319899999999997,9.542333333333334
25.241431,54.672162,25.2774,54.6962,5.07963,9.407
25.272052,54.68081,25.2774,54.6962,2.89259,7.188833333333333
25.258321,54.757617,25.2774,54.6962,8.67059,14.269166666666667
25.279678,54.672046,25.2774,54.6962,3.5344,8.563166666666666
25.185787,54.663527,25.2774,54.6962,10.25021,18.021833333333333
25.272528,54.709505,25.2774,54.6962,2.34192,6.303
25.234656,54.722507,25.2774,54.6962,5.3344499999999995,10.653833333333333
25.278471,54.664556,25.2774,54.6962,4.92285,12.4855
25.293382,54.702627,25.2774,54.6962,1.97027,4.440166666666667
25.294238,54.676801,25.2774,54.6962,4.05507,10.7375
25.287893,54.678647,25.2774,54.6962,3.58566,10.2935
25.29586,54.67649,25.2774,54.6962,4.10175,10.017166666666666
25.213594,54.694647,25.2774,54.6962,5.44777,11.158999999999999
25.261013,54.668896,25.2774,54.6962,4.51011,10.763
25.244259,54.673239,25.2774,54.6962,4.8218000000000005,9.021666666666667
25.28295,54.721144,25.2774,54.6962,3.46168,9.048666666666666
25.390725,54.710092,25.2774,54.6962,9.32816,17.934166666666666
25.16352,54.707186,25.2774,54.6962,8.51292,17.072
25.23347,54.67438,25.2774,54.6962,6.667140000000001,13.799666666666667
25.314616,54.678211,25.2774,54.6962,4.277489999999999,9.961166666666665
25.314616,54.678211,25.2774,54.6962,4.277489999999999,9.961166666666665
25.314616,54.678211,25.2774,54.6962,4.277489999999999,9.961166666666665
25.314616,54.678211,25.2774,54.6962,4.277489999999999,9.961166666666665
25.314616,54.678211,25.2774,54.6962,4.277489999999999,9.961166666666665
25.314616,54.678211,25.2774,54.6962,4.277489999999999,9.961166666666665
25.314616,54.678211,25.2774,54.6962,4.277489999999999,9.961166666666665
25.314616,54.678211,25.2774,54.6962,4.277489999999999,9.961166666666665
25.314616,54.678211,25.2774,54.6962,4.277489999999999,9.961166666666665
25.279258,54.700329,25.2774,54.6962,1.1031099999999998,3.344333333333333
25.221216,54.711064,25.2774,54.6962,5.55108,10.738
25.28749,54.679588,25.2774,54.6962,2.54587,8.073
25.30377,54.666765,25.2774,54.6962,5.38936,12.011666666666667
25.171398,54.714632,25.2774,54.6962,8.47085,17.194833333333335
25.237598,54.695036,25.2774,54.6962,3.42223,7.460666666666667
25.227996,54.734915,25.2774,54.6962,6.43456,12.9085
25.442351,54.694177,25.2774,54.6962,12.623809999999999,21.996
25.258243,54.697586,25.2774,54.6962,1.77553,4.5521666666666665
25.279515,54.666115,25.2774,54.6962,5.33908,12.4215
25.309167,54.683774,25.2774,54.6962,3.5426100000000003,9.2665
25.292412,54.6763,25.2774,54.6962,3.93832,10.236166666666666
25.231168,54.721201,25.2774,54.6962,5.43287,10.536166666666666
25.241079,54.66491,25.2774,54.6962,6.7859300000000005,13.271166666666666
25.28573,54.677294,25.2774,54.6962,3.3087600000000004,8.868333333333334
25.27566,54.671443,25.2774,54.6962,3.6479,8.787
25.277408,54.67983,25.2774,54.6962,2.4589299999999996,6.199666666666667
25.257152,54.717124,25.2774,54.6962,4.64012,9.269166666666667
25.278553,54.67558,25.2774,54.6962,3.15927,7.753833333333334
25.17743,54.711814,25.2774,54.6962,7.47809,14.872333333333334
25.229778,54.718257,25.2774,54.6962,5.25326,9.934500000000002
25.239441,54.669853,25.2774,54.6962,5.42587,10.154166666666667
25.252483,54.654109,25.2774,54.6962,7.66925,19.571666666666665
25.252483,54.654109,25.2774,54.6962,7.66925,19.571666666666665
25.252483,54.654109,25.2774,54.6962,7.66925,19.571666666666665
25.252483,54.654109,25.2774,54.6962,7.66925,19.571666666666665
25.252483,54.654109,25.2774,54.6962,7.66925,19.571666666666665
25.252483,54.654109,25.2774,54.6962,7.66925,19.571666666666665
25.252483,54.654109,25.2774,54.6962,7.66925,19.571666666666665
25.252483,54.654109,25.2774,54.6962,7.66925,19.571666666666665
25.252483,54.654109,25.2774,54.6962,7.66925,19.571666666666665
25.252483,54.654109,25.2774,54.6962,7.66925,19.571666666666665
25.252483,54.654109,25.2774,54.6962,7.66925,19.571666666666665
25.228437,54.677116,25.2774,54.6962,7.75158,14.942833333333335
25.228437,54.677116,25.2774,54.6962,7.75158,14.942833333333335
25.228437,54.677116,25.2774,54.6962,7.75158,14.942833333333335
25.228437,54.677116,25.2774,54.6962,7.75158,14.942833333333335
25.228625,54.676533,25.2774,54.6962,7.7957,14.9955
25.228625,54.676533,25.2774,54.6962,7.7957,14.9955
25.283876,54.710251,25.2774,54.6962,2.20019,5.527166666666667
25.281987,54.676235,25.2774,54.6962,2.92967,7.090999999999999
25.277597,54.683044,25.2774,54.6962,2.0819,5.547166666666667
25.272075,54.705477,25.2774,54.6962,1.81937,4.610666666666666
25.292046,54.684736,25.2774,54.6962,2.79408,8.068166666666666
25.22456,54.727062,25.2774,54.6962,6.5473,13.050999999999998
25.320996,54.725691,25.2774,54.6962,5.68496,11.5805
25.176464,54.711398,25.2774,54.6962,7.53057,14.974
25.224284,54.718101,25.2774,54.6962,6.29072,12.283166666666666
25.315801,54.677433,25.2774,54.6962,4.37494,10.350999999999999
25.289577,54.708706,25.2774,54.6962,2.31304,4.801333333333333
25.26329,54.686407,25.2774,54.6962,2.7026999999999997,5.420333333333334
25.291345,54.706357,25.2774,54.6962,1.99601,4.233833333333333
25.28541,54.719834,25.2774,54.6962,3.3238600000000003,8.536
25.218183,54.702075,25.2774,54.6962,4.777279999999999,10.495000000000001
25.251348,54.70835,25.2774,54.6962,3.05768,6.6209999999999996
25.189054,54.680391,25.2774,54.6962,7.94133,12.872666666666667
25.252786,54.667496,25.2774,54.6962,6.1925,12.136833333333334
25.302621,54.727049,25.2774,54.6962,4.8024700000000005,11.5845
25.288025,54.724173,25.2774,54.6962,3.83413,9.7705
25.305835,54.715532,25.2774,54.6962,3.79073,7.829
25.368043,54.725525,25.2774,54.6962,8.56359,21.48166666666667
25.368043,54.725525,25.2774,54.6962,8.56359,21.48166666666667
25.411573,54.775075,25.2774,54.6962,14.98417,24.5915
25.215999,54.730686,25.2774,54.6962,7.14148,13.578166666666668
25.279557,54.68014,25.2774,54.6962,3.14527,8.725833333333332
25.279557,54.68014,25.2774,54.6962,3.14527,8.725833333333332
25.252232,54.653129,25.2774,54.6962,7.81746,20.164499999999997
25.275249,54.690009,25.2774,54.6962,1.6147799999999999,4.602
25.287651,54.683779,25.2774,54.6962,2.011,5.805166666666667
25.264339,54.690782,25.2774,54.6962,2.18213,5.032
25.259903,54.674233,25.2774,54.6962,5.4276800000000005,10.938333333333333
25.251474,54.679234,25.2774,54.6962,4.61491,9.1645
25.256911,54.738625,25.2774,54.6962,6.78552,13.349
25.299751,54.678796,25.2774,54.6962,4.15823,12.5
25.288323,54.694704,25.2774,54.6962,0.7576799999999999,2.0898333333333334
25.313883,54.67805,25.2774,54.6962,4.23724,9.803833333333333
25.20913,54.67206,25.2774,54.6962,8.02454,15.136333333333333
25.270466,54.675766,25.2774,54.6962,3.35496,8.334666666666667
25.265353,54.685579,25.2774,54.6962,2.97392,6.505166666666667
25.242265,54.71274,25.2774,54.6962,4.42222,8.928833333333333
25.313701,54.711788,25.2774,54.6962,3.96498,7.984166666666667
25.23092,54.742014,25.2774,54.6962,7.044989999999999,14.005166666666666
25.245631,54.711431,25.2774,54.6962,3.53853,7.931
25.228625,54.676533,25.2774,54.6962,7.7957,14.9955
25.249667,54.708185,25.2774,54.6962,3.90814,8.726166666666668
25.275827,54.696402,25.2774,54.6962,0.54118,1.1441666666666668
25.287653,54.667523,25.2774,54.6962,4.96444,11.959333333333332
25.180795,54.715131,25.2774,54.6962,7.62357,15.412666666666667
25.23347,54.67438,25.2774,54.6962,6.667140000000001,13.799666666666667
25.264068,54.677194,25.2774,54.6962,3.57655,9.193333333333333
25.188155,54.711145,25.2774,54.6962,7.61951,15.211
25.265504,54.676719,25.2774,54.6962,3.5314699999999997,8.940833333333334
25.302244,54.681647,25.2774,54.6962,3.3810700000000002,10.138666666666667
25.279515,54.666115,25.2774,54.6962,5.33908,12.4215
25.283804,54.662371,25.2774,54.6962,5.60721,13.254333333333333
25.36608,54.67052,25.2774,54.6962,8.87892,19.733666666666668
25.277586,54.698469,25.2774,54.6962,0.8883099999999999,2.447
25.429428,54.686559,25.2774,54.6962,12.32247,21.18616666666667
25.312301,54.671512,25.2774,54.6962,5.08224,13.224
25.280002,54.661689,25.2774,54.6962,5.53079,14.270333333333333
25.312301,54.671512,25.2774,54.6962,5.08224,13.224
25.315032,54.697481,25.2774,54.6962,2.94673,7.270666666666667
25.305279,54.695938,25.2774,54.6962,2.43397,7.164666666666666
25.41808,54.698079,25.2774,54.6962,11.80226,21.695333333333334
25.270715,54.728605,25.2774,54.6962,4.84891,10.9435
25.27003,54.680862,25.2774,54.6962,3.13279,7.7781666666666665
25.343906,54.735844,25.2774,54.6962,7.98029,15.210833333333333
25.25181,54.654197,25.2774,54.6962,7.63761,19.445
25.288338,54.670173,25.2774,54.6962,4.4988,10.622000000000002
25.234285,54.674768,25.2774,54.6962,6.6299399999999995,13.650833333333333
25.303588,54.681359,25.2774,54.6962,3.4437699999999998,10.389333333333333
25.411573,54.775075,25.2774,54.6962,14.98417,24.5915
25.27759,54.68342,25.2774,54.6962,2.03953,5.474500000000001
25.297956,54.680887,25.2774,54.6962,3.07664,8.921
25.258541,54.757936,25.2774,54.6962,8.70294,14.4625
25.28798,54.724955,25.2774,54.6962,3.9208600000000002,10.1175
25.296718,54.693197,25.2774,54.6962,1.98652,4.540166666666667
25.188807,54.663073,25.2774,54.6962,10.170729999999999,17.62366666666667
25.216722,54.674157,25.2774,54.6962,7.61747,14.594833333333334
25.425925,54.68327,25.2774,54.6962,12.51365,21.589833333333335
25.312016,54.727406,25.2774,54.6962,5.33746,12.299833333333334
25.281625,54.699012,25.2774,54.6962,0.83368,1.9811666666666667
25.281625,54.699012,25.2774,54.6962,0.83368,1.9811666666666667
25.281625,54.699012,25.2774,54.6962,0.83368,1.9811666666666667
25.274297,54.674776,25.2774,54.6962,3.34166,8.432
25.261417,54.643235,25.2774,54.6962,7.2693,18.082666666666668
25.248918,54.676459,25.2774,54.6962,4.419449999999999,8.163333333333334
25.208113,54.672208,25.2774,54.6962,8.07907,15.241000000000001
25.289147,54.70725,25.2774,54.6962,2.19752,4.592833333333333
25.188083,54.662552,25.2774,54.6962,10.151959999999999,17.5485
25.290216,54.682162,25.2774,54.6962,2.9668,8.674333333333333
25.215914,54.680776,25.2774,54.6962,7.01544,13.1005
25.205473,54.748733,25.2774,54.6962,8.707510000000001,17.209999999999997
25.205473,54.748733,25.2774,54.6962,8.707510000000001,17.209999999999997
25.205473,54.748733,25.2774,54.6962,8.707510000000001,17.209999999999997
25.205473,54.748733,25.2774,54.6962,8.707510000000001,17.209999999999997
25.205473,54.748733,25.2774,54.6962,8.707510000000001,17.209999999999997
25.205473,54.748733,25.2774,54.6962,8.707510000000001,17.209999999999997
25.205473,54.748733,25.2774,54.6962,8.707510000000001,17.209999999999997
25.205473,54.748733,25.2774,54.6962,8.707510000000001,17.209999999999997
25.205473,54.748733,25.2774,54.6962,8.707510000000001,17.209999999999997
25.205473,54.748733,25.2774,54.6962,8.707510000000001,17.209999999999997
25.205473,54.748733,25.2774,54.6962,8.707510000000001,17.209999999999997
25.272453,54.700617,25.2774,54.6962,1.2535999999999998,3.1155
25.261746,54.756017,25.2774,54.6962,8.59105,14.289333333333333
25.227411,54.740873,25.2774,54.6962,7.02598,13.849333333333334
25.213414,54.716025,25.2774,54.6962,6.24444,12.059500000000002
25.28225,54.684908,25.2774,54.6962,1.58859,5.466166666666667
25.210939,54.718504,25.2774,54.6962,6.15075,11.960666666666667
25.210939,54.718504,25.2774,54.6962,6.15075,11.960666666666667
25.273768,54.729281,25.2774,54.6962,4.68743,10.717333333333332
25.30419,54.71722,25.2774,54.6962,4.10792,8.801833333333333
25.278306,54.675587,25.2774,54.6962,3.1434,7.715833333333333
25.294605,54.674411,25.2774,54.6962,3.9068899999999998,9.8065
25.249353,54.67504,25.2774,54.6962,4.74981,8.7395
25.290851,54.728896,25.2774,54.6962,4.613300000000001,13.0145
25.094359,54.672105,25.2774,54.6962,17.03444,23.94
25.307553,54.681809,25.2774,54.6962,3.7168400000000004,9.942333333333332
25.281649,54.679706,25.2774,54.6962,2.98739,7.913166666666667
25.226602,54.743512,25.2774,54.6962,7.2594899999999996,14.505666666666666
25.177411,54.713819,25.2774,54.6962,7.6453,15.452499999999999
25.281625,54.699012,25.2774,54.6962,0.83368,1.9811666666666667
25.281088,54.690049,25.2774,54.6962,1.9594500000000001,7.233833333333333
25.272327,54.70829,25.2774,54.6962,2.2080900000000003,5.767666666666667
25.24959,54.692483,25.2774,54.6962,2.71267,6.183833333333333
25.301734,54.690696,25.2774,54.6962,2.4469499999999997,5.808166666666667
25.287506,54.717581,25.2774,54.6962,3.41394,8.495
25.287506,54.717581,25.2774,54.6962,3.41394,8.495
25.31974,54.70216,25.2774,54.6962,3.9031599999999997,8.832833333333333
25.277349,54.689718,25.2774,54.6962,1.12101,3.6025
25.280399,54.672488,25.2774,54.6962,3.54236,8.703833333333334
25.210939,54.718504,25.2774,54.6962,6.15075,11.960666666666667
25.273256,54.741161,25.2774,54.6962,5.863729999999999,12.209666666666667
25.302409,54.679138,25.2774,54.6962,3.6159499999999998,10.460166666666668
25.273217,54.683485,25.2774,54.6962,2.64927,7.0155
25.283,54.675654,25.2774,54.6962,3.0200500000000003,7.2266666666666675
25.275827,54.696402,25.2774,54.6962,0.54118,1.1441666666666668
25.273651,54.697696,25.2774,54.6962,0.79528,2.069
25.263342,54.692096,25.2774,54.6962,3.42681,7.619
25.254267,54.700338,25.2774,54.6962,2.4535,6.580166666666667
25.25558,54.675338,25.2774,54.6962,5.00578,9.619833333333334
25.310346,54.703238,25.2774,54.6962,3.28987,6.796333333333333
25.259357,54.757426,25.2774,54.6962,8.73778,14.569333333333333
25.279515,54.666115,25.2774,54.6962,5.33908,12.4215
25.356684,54.78385,25.2774,54.6962,13.908059999999999,26.31116666666667
25.093204,54.670937,25.2774,54.6962,16.85525,23.397499999999997
25.314211,54.678552,25.2774,54.6962,4.26342,10.112
25.290547,54.682954,25.2774,54.6962,2.68193,7.573333333333333
25.284133,54.702157,25.2774,54.6962,1.3243800000000001,3.522666666666667
25.283273,54.673305,25.2774,54.6962,3.3758000000000004,8.237166666666667
25.246652,54.733912,25.2774,54.6962,6.44424,12.869666666666665
25.260379,54.754731,25.2774,54.6962,8.415479999999999,14.057666666666668
25.27342,54.69682,25.2774,54.6962,0.95041,2.0895
25.276251,54.702299,25.2774,54.6962,1.4285999999999999,3.5008333333333335
25.253948,54.73968,25.2774,54.6962,7.025729999999999,14.309666666666667
25.432366,54.687004,25.2774,54.6962,12.67217,21.5605
25.280045,54.780134,25.2774,54.6962,11.28046,18.772666666666666
25.37969,54.674207,25.2774,54.6962,10.264280000000001,21.661166666666666
25.163092,54.723557,25.2774,54.6962,10.343969999999999,22.079
25.305112,54.681381,25.2774,54.6962,3.84328,10.292166666666667
25.258243,54.697586,25.2774,54.6962,1.77553,4.5521666666666665
25.218684,54.720214,25.2774,54.6962,6.12719,12.270666666666667
25.274497,54.673819,25.2774,54.6962,3.72846,9.009833333333335
25.283092,54.688437,25.2774,54.6962,1.69857,5.596166666666666
25.245221,54.673279,25.2774,54.6962,5.01511,9.305666666666667
25.21939,54.736329,25.2774,54.6962,7.86542,14.7195
25.309167,54.683774,25.2774,54.6962,3.5426100000000003,9.2665
25.442351,54.694177,25.2774,54.6962,12.623809999999999,21.996
25.281605,54.715901,25.2774,54.6962,3.30318,7.9656666666666665
25.283288,54.675502,25.2774,54.6962,3.04514,7.268666666666666
25.285297,54.707885,25.2774,54.6962,1.79826,4.031166666666667
25.281625,54.699012,25.2774,54.6962,0.83368,1.9811666666666667
25.281625,54.699012,25.2774,54.6962,0.83368,1.9811666666666667
25.222567,54.739023,25.2774,54.6962,7.1466899999999995,14.327
25.210939,54.718504,25.2774,54.6962,6.15075,11.960666666666667
25.281625,54.699012,25.2774,54.6962,0.83368,1.9811666666666667
25.281625,54.699012,25.2774,54.6962,0.83368,1.9811666666666667
25.2287,54.726878,25.2774,54.6962,6.49324,12.914666666666667
25.292903,54.680314,25.2774,54.6962,3.0551500000000003,8.883000000000001
25.282695,54.659889,25.2774,54.6962,6.031689999999999,14.627333333333333
25.265296,54.691864,25.2774,54.6962,1.97249,4.365666666666667
25.218398,54.696013,25.2774,54.6962,5.4930200000000005,11.135833333333332
25.283181,54.704741,25.2774,54.6962,1.56667,3.628833333333333
25.284746,54.702952,25.2774,54.6962,1.35148,3.4638333333333335
25.277309,54.690723,25.2774,54.6962,1.19991,3.857666666666667
25.314125,54.674633,25.2774,54.6962,4.70197,11.028833333333333
25.212477,54.708381,25.2774,54.6962,6.67051,12.331333333333333
25.432488,54.687326,25.2774,54.6962,12.66116,21.5165
25.432488,54.687326,25.2774,54.6962,12.66116,21.5165
25.261746,54.676283,25.2774,54.6962,3.7664400000000002,9.878666666666668
25.298231,54.70887,25.2774,54.6962,2.86422,6.319
25.26493,54.676879,25.2774,54.6962,3.55703,9.0175
25.257502,54.693829,25.2774,54.6962,2.03828,4.8615
25.26493,54.676879,25.2774,54.6962,3.55703,9.0175
25.266739,54.684834,25.2774,54.6962,2.69163,6.9135
25.34371,54.736419,25.2774,54.6962,7.992850000000001,15.286666666666667
25.372767,54.729234,25.2774,54.6962,9.9308,19.1335
25.250356,54.70282,25.2774,54.6962,2.74543,6.724
25.367547,54.728477,25.2774,54.6962,10.37659,20.955
25.217265,54.708913,25.2774,54.6962,6.08599,11.824000000000002
25.272528,54.709505,25.2774,54.6962,2.34192,6.303
25.246029,54.674181,25.2774,54.6962,5.01027,9.587166666666667
25.284492,54.764435,25.2774,54.6962,10.0782,16.797166666666666
25.268528,54.688321,25.2774,54.6962,1.96143,5.5248333333333335
25.211474,54.673039,25.2774,54.6962,8.20542,15.770166666666666
25.240431,54.698186,25.2774,54.6962,3.15923,7.145666666666667
25.231555,54.731078,25.2774,54.6962,5.84242,11.393666666666666
25.290513,54.680836,25.2774,54.6962,2.946,8.1785
25.218247,54.731144,25.2774,54.6962,7.03556,13.1415
25.414826,54.710186,25.2774,54.6962,11.00962,20.461333333333336
25.414826,54.710186,25.2774,54.6962,11.00962,20.461333333333336
25.265151,54.66072,25.2774,54.6962,5.5074,14.4505
25.284904,54.692878,25.2774,54.6962,0.8182999999999999,2.7216666666666667
25.287933,54.673687,25.2774,54.6962,3.46915,8.782
25.277047,54.664503,25.2774,54.6962,4.92648,12.496333333333332
25.30134,54.679162,25.2774,54.6962,3.5490399999999998,10.297333333333334
25.275604,54.710746,25.2774,54.6962,2.2856,6.9265
25.289029,54.676399,25.2774,54.6962,3.62753,10.396333333333333
25.273355,54.741459,25.2774,54.6962,5.97438,12.748666666666667
25.281767,54.674622,25.2774,54.6962,3.1767399999999997,8.076166666666667
25.261188,54.671246,25.2774,54.6962,4.05603,10.053166666666668
25.275659,54.686687,25.2774,54.6962,1.9095199999999999,5.508666666666667
25.390656,54.695723,25.2774,54.6962,9.18117,16.880166666666664
25.273651,54.697696,25.2774,54.6962,0.79528,2.069
25.22807,54.741668,25.2774,54.6962,6.92917,13.426666666666668
25.22807,54.741668,25.2774,54.6962,6.92917,13.426666666666668
25.22807,54.741668,25.2774,54.6962,6.92917,13.426666666666668
25.22807,54.741668,25.2774,54.6962,6.92917,13.426666666666668
25.22807,54.741668,25.2774,54.6962,6.92917,13.426666666666668
25.22807,54.741668,25.2774,54.6962,6.92917,13.426666666666668
25.22807,54.741668,25.2774,54.6962,6.92917,13.426666666666668
25.22807,54.741668,25.2774,54.6962,6.92917,13.426666666666668
25.22807,54.741668,25.2774,54.6962,6.92917,13.426666666666668
25.22807,54.741668,25.2774,54.6962,6.92917,13.426666666666668
25.22807,54.741668,25.2774,54.6962,6.92917,13.426666666666668
25.22807,54.741668,25.2774,54.6962,6.92917,13.426666666666668
25.22807,54.741668,25.2774,54.6962,6.92917,13.426666666666668
25.22807,54.741668,25.2774,54.6962,6.92917,13.426666666666668
25.17678,54.71164,25.2774,54.6962,7.501720000000001,14.859833333333334
25.284502,54.723527,25.2774,54.6962,3.9138699999999997,9.763
25.317504,54.676134,25.2774,54.6962,4.67974,11.570166666666667
25.282414,54.685071,25.2774,54.6962,1.56924,5.3580000000000005
25.241899,54.673009,25.2774,54.6962,4.9811499999999995,9.193999999999999
25.291375,54.728815,25.2774,54.6962,4.67298,10.575833333333332
25.28317,54.673048,25.2774,54.6962,3.40455,8.280166666666666
25.231811,54.733288,25.2774,54.6962,6.27619,12.736833333333333
25.25471,54.698449,25.2774,54.6962,2.2306999999999997,5.4879999999999995
25.249738,54.717803,25.2774,54.6962,5.1047,10.325833333333332
25.351816,54.727978,25.2774,54.6962,7.85013,15.122333333333334
25.391831,54.710559,25.2774,54.6962,9.41234,18.2715
25.264529,54.756974,25.2774,54.6962,8.7808,14.581833333333332
25.09095,54.669249,25.2774,54.6962,16.9091,23.53483333333333
25.268559,54.678397,25.2774,54.6962,3.40508,8.5525
25.257152,54.717124,25.2774,54.6962,4.64012,9.269166666666667
25.216995,54.665209,25.2774,54.6962,7.940939999999999,16.238666666666667
25.272141,54.744994,25.2774,54.6962,6.415640000000001,13.852666666666666
25.240525,54.695248,25.2774,54.6962,3.11686,7.298166666666666
25.228649,54.724945,25.2774,54.6962,6.295520000000001,12.330333333333334
25.226602,54.743512,25.2774,54.6962,7.2594899999999996,14.505666666666666
25.309463,54.703099,25.2774,54.6962,3.3314,7.032166666666667
25.274205,54.678618,25.2774,54.6962,3.26921,7.7935
25.281281,54.710476,25.2774,54.6962,2.30993,5.632000000000001
25.281281,54.710476,25.2774,54.6962,2.30993,5.632000000000001
25.281281,54.710476,25.2774,54.6962,2.30993,5.632000000000001
25.281281,54.710476,25.2774,54.6962,2.30993,5.632000000000001
25.241659,54.708342,25.2774,54.6962,3.79718,7.689333333333334
25.218507,54.732791,25.2774,54.6962,7.28122,14.314166666666667
25.291471,54.676506,25.2774,54.6962,3.79249,11.054166666666667
25.40083,54.692489,25.2774,54.6962,10.32015,17.633
25.174693,54.702586,25.2774,54.6962,7.98093,15.443333333333333
25.266661,54.678629,25.2774,54.6962,3.32971,8.293166666666666
25.246134,54.698914,25.2774,54.6962,2.5722300000000002,6.249833333333333
25.276295,54.68264,25.2774,54.6962,2.16928,5.743166666666666
25.315276,54.678121,25.2774,54.6962,4.38847,10.350166666666667
25.268875,54.661868,25.2774,54.6962,5.23664,13.200999999999999
25.247954,54.722907,25.2774,54.6962,4.75567,10.059666666666667
25.29253,54.702241,25.2774,54.6962,1.9095,4.279833333333333
25.266217,54.72837,25.2774,54.6962,4.98863,10.499833333333333
25.270159,54.663244,25.2774,54.6962,5.139270000000001,13.0355
25.317993,54.677762,25.2774,54.6962,4.59091,11.214833333333333
25.281485,54.659172,25.2774,54.6962,6.157220000000001,15.1295
25.214598,54.71047,25.2774,54.6962,6.4173599999999995,11.7865
25.32098,54.717369,25.2774,54.6962,4.80509,10.270999999999999
25.253841,54.669845,25.2774,54.6962,6.309609999999999,12.605166666666666
25.316127,54.713168,25.2774,54.6962,4.1030500000000005,8.340666666666667
25.262432,54.677956,25.2774,54.6962,3.4863899999999997,9.176666666666668
25.227717,54.705225,25.2774,54.6962,5.19097,10.958333333333334
25.294861,54.693295,25.2774,54.6962,1.3866800000000001,4.0088333333333335
25.294861,54.693295,25.2774,54.6962,1.3866800000000001,4.0088333333333335
25.294861,54.693295,25.2774,54.6962,1.3866800000000001,4.0088333333333335
25.294861,54.693295,25.2774,54.6962,1.3866800000000001,4.0088333333333335
25.294861,54.693295,25.2774,54.6962,1.3866800000000001,4.0088333333333335
25.294861,54.693295,25.2774,54.6962,1.3866800000000001,4.0088333333333335
25.294861,54.693295,25.2774,54.6962,1.3866800000000001,4.0088333333333335
25.294861,54.693295,25.2774,54.6962,1.3866800000000001,4.0088333333333335
25.294861,54.693295,25.2774,54.6962,1.3866800000000001,4.0088333333333335
25.306401,54.696552,25.2774,54.6962,2.60396,7.796666666666667
25.301821,54.719108,25.2774,54.6962,3.6797,8.8835
25.251485,54.656315,25.2774,54.6962,7.42267,18.58533333333333
25.30419,54.71722,25.2774,54.6962,4.10792,8.801833333333333
25.273768,54.729281,25.2774,54.6962,4.68743,10.717333333333332
25.311521,54.696649,25.2774,54.6962,2.65494,6.649333333333333
25.272528,54.709505,25.2774,54.6962,2.34192,6.303
25.276987,54.675005,25.2774,54.6962,3.17121,8.006833333333335
25.323067,54.733755,25.2774,54.6962,6.00719,13.591833333333334
25.24339,54.71113,25.2774,54.6962,4.47484,9.448166666666667
25.216815,54.701586,25.2774,54.6962,4.7042399999999995,10.241333333333333
25.257729,54.605984,25.2774,54.6962,14.01807,24.549666666666667
25.280557,54.67422,25.2774,54.6962,3.2293499999999997,8.975166666666667
25.234285,54.674768,25.2774,54.6962,6.6299399999999995,13.650833333333333
25.253663,54.716854,25.2774,54.6962,4.830970000000001,9.747666666666667
25.221498,54.74038,25.2774,54.6962,7.2902,14.032833333333334
25.277345,54.635169,25.2774,54.6962,8.2651,19.930166666666665
25.251501,54.724701,25.2774,54.6962,5.6277,11.368833333333333
25.282581,54.665995,25.2774,54.6962,5.1761800000000004,12.085166666666668
25.238358,54.697036,25.2774,54.6962,3.31115,7.490166666666667
25.23347,54.67438,25.2774,54.6962,6.667140000000001,13.799666666666667
25.279901,54.664947,25.2774,54.6962,5.07575,13.0565
25.22005,54.739931,25.2774,54.6962,7.38894,14.464
25.238694,54.718984,25.2774,54.6962,5.2132,11.1375
25.238694,54.718984,25.2774,54.6962,5.2132,11.1375
25.238694,54.718984,25.2774,54.6962,5.2132,11.1375
25.238694,54.718984,25.2774,54.6962,5.2132,11.1375
25.238694,54.718984,25.2774,54.6962,5.2132,11.1375
25.238694,54.718984,25.2774,54.6962,5.2132,11.1375
25.204597,54.635851,25.2774,54.6962,9.89274,18.035666666666668
25.368043,54.725525,25.2774,54.6962,8.56359,21.48166666666667
25.227631,54.681963,25.2774,54.6962,8.37358,17.415666666666667
25.227631,54.681963,25.2774,54.6962,8.37358,17.415666666666667
25.271884,54.681988,25.2774,54.6962,2.97206,7.4525
25.268462,54.677055,25.2774,54.6962,3.52425,8.880333333333335
25.182608,54.702689,25.2774,54.6962,7.439220000000001,15.065166666666666
25.279407,54.67197,25.2774,54.6962,3.5589299999999997,8.715499999999999
25.272766,54.674597,25.2774,54.6962,3.38735,8.487333333333334
25.287992,54.758824,25.2774,54.6962,8.12699,17.3045
25.307789,54.697604,25.2774,54.6962,2.6079299999999996,6.445166666666666
25.28798,54.724955,25.2774,54.6962,3.9208600000000002,10.1175
25.088131,54.673206,25.2774,54.6962,17.08973,24.076666666666664
25.2876,54.683979,25.2774,54.6962,1.99953,5.788166666666667
25.249683,54.674138,25.2774,54.6962,4.76079,8.846666666666666
25.30419,54.71722,25.2774,54.6962,4.10792,8.801833333333333
25.301476,54.726612,25.2774,54.6962,4.60492,11.619
25.16472,54.708189,25.2774,54.6962,8.36578,16.630666666666666
25.242457,54.668629,25.2774,54.6962,5.56383,10.538333333333332
25.276969,54.661605,25.2774,54.6962,5.1893,13.033999999999999
25.305112,54.681381,25.2774,54.6962,3.84328,10.292166666666667
25.316965,54.698274,25.2774,54.6962,3.23474,8.7005
25.271328,54.740761,25.2774,54.6962,6.86195,12.866999999999999
25.271328,54.740761,25.2774,54.6962,6.86195,12.866999999999999
25.271328,54.740761,25.2774,54.6962,6.86195,12.866999999999999
25.271328,54.740761,25.2774,54.6962,6.86195,12.866999999999999
25.271328,54.740761,25.2774,54.6962,6.86195,12.866999999999999
25.271328,54.740761,25.2774,54.6962,6.86195,12.866999999999999
25.271328,54.740761,25.2774,54.6962,6.86195,12.866999999999999
25.271328,54.740761,25.2774,54.6962,6.86195,12.866999999999999
25.271328,54.740761,25.2774,54.6962,6.86195,12.866999999999999
25.271328,54.740761,25.2774,54.6962,6.86195,12.866999999999999
25.271328,54.740761,25.2774,54.6962,6.86195,12.866999999999999
25.271328,54.740761,25.2774,54.6962,6.86195,12.866999999999999
25.271328,54.740761,25.2774,54.6962,6.86195,12.866999999999999
25.271328,54.740761,25.2774,54.6962,6.86195,12.866999999999999
25.271328,54.740761,25.2774,54.6962,6.86195,12.866999999999999
25.271328,54.740761,25.2774,54.6962,6.86195,12.866999999999999
25.271328,54.740761,25.2774,54.6962,6.86195,12.866999999999999
25.271328,54.740761,25.2774,54.6962,6.86195,12.866999999999999
25.266146,54.7378,25.2774,54.6962,6.42152,11.616333333333333
25.22574,54.715467,25.2774,54.6962,5.21699,10.070333333333334
25.259867,54.755776,25.2774,54.6962,8.42466,13.832333333333334
25.260337,54.757348,25.2774,54.6962,8.79223,14.790666666666668
25.210939,54.718504,25.2774,54.6962,6.15075,11.960666666666667
25.287057,54.699803,25.2774,54.6962,1.19778,2.8241666666666663
25.210939,54.718504,25.2774,54.6962,6.15075,11.960666666666667
25.283461,54.680584,25.2774,54.6962,3.0224,9.643666666666666
25.238872,54.716279,25.2774,54.6962,4.41419,9.9545
25.264339,54.690782,25.2774,54.6962,2.18213,5.032
25.255283,54.702824,25.2774,54.6962,2.39235,5.684666666666667
25.210939,54.718504,25.2774,54.6962,6.15075,11.960666666666667
25.28067,54.685607,25.2774,54.6962,1.75052,6.050166666666667
25.267288,54.674236,25.2774,54.6962,3.71644,9.291
25.210939,54.718504,25.2774,54.6962,6.15075,11.960666666666667
25.26794,54.754667,25.2774,54.6962,8.066609999999999,13.608833333333333
25.265891,54.671003,25.2774,54.6962,3.9944,9.691
25.300999,54.707127,25.2774,54.6962,2.86698,6.3945
25.271909,54.687253,25.2774,54.6962,1.90549,5.241
25.27119,54.726075,25.2774,54.6962,6.14921,12.233666666666666
25.2606,54.690062,25.2774,54.6962,2.531,5.655833333333334
25.258409,54.673741,25.2774,54.6962,5.29113,10.434833333333334
25.258409,54.673741,25.2774,54.6962,5.29113,10.434833333333334
25.258409,54.673741,25.2774,54.6962,5.29113,10.434833333333334
25.258409,54.673741,25.2774,54.6962,5.29113,10.434833333333334
25.258409,54.673741,25.2774,54.6962,5.29113,10.434833333333334
25.258409,54.673741,25.2774,54.6962,5.29113,10.434833333333334
25.276306,54.689888,25.2774,54.6962,1.25777,3.835
25.27737,54.687383,25.2774,54.6962,1.34802,4.051666666666667
25.177236,54.715567,25.2774,54.6962,8.02708,15.872833333333334
25.279632,54.684714,25.2774,54.6962,1.80273,6.286166666666667
25.267796,54.675255,25.2774,54.6962,3.60757,9.130500000000001
25.264699,54.690035,25.2774,54.6962,2.3117199999999998,5.1978333333333335
25.429007,54.792344,25.2774,54.6962,16.04385,24.14816666666667
25.276306,54.689888,25.2774,54.6962,1.25777,3.835
25.15119,54.619174,25.2774,54.6962,19.38209,26.340666666666667
25.221,54.739475,25.2774,54.6962,7.39415,14.4485
25.261388,54.67013,25.2774,54.6962,4.5469,11.0215
25.294912,54.676576,25.2774,54.6962,4.10309,10.895333333333333
25.259596,54.697811,25.2774,54.6962,1.8263800000000001,4.531000000000001
25.227235,54.725863,25.2774,54.6962,6.35241,12.463666666666667
25.215818,54.69608,25.2774,54.6962,5.3753400000000005,10.855166666666666
25.275604,54.710746,25.2774,54.6962,2.2856,6.9265
25.31066,54.67905,25.2774,54.6962,4.308470000000001,10.292166666666667
25.39686,54.68134,25.2774,54.6962,11.33703,23.052666666666667
25.281583,54.682514,25.2774,54.6962,2.53798,8.1505
25.274681,54.697375,25.2774,54.6962,0.70363,1.8461666666666665
25.244122,54.729112,25.2774,54.6962,5.54204,12.327499999999999
25.21212,54.718666,25.2774,54.6962,6.02808,11.350166666666667
25.220585,54.710172,25.2774,54.6962,5.6479099999999995,10.898333333333333
25.213543,54.679932,25.2774,54.6962,7.17819,13.588666666666667
25.271909,54.687253,25.2774,54.6962,1.90549,5.241
25.220105,54.721852,25.2774,54.6962,6.12845,11.686333333333332
25.222022,54.73977,25.2774,54.6962,7.1,13.944333333333333
25.320567,54.709343,25.2774,54.6962,4.40074,8.6865
25.215144,54.733105,25.2774,54.6962,7.460310000000001,14.6995
25.215144,54.733105,25.2774,54.6962,7.460310000000001,14.6995
25.283035,54.677178,25.2774,54.6962,3.2907800000000003,8.634333333333332
25.215144,54.733105,25.2774,54.6962,7.460310000000001,14.6995
25.215144,54.733105,25.2774,54.6962,7.460310000000001,14.6995
25.303756,54.676297,25.2774,54.6962,3.8588299999999998,10.558666666666666
25.283875,54.674294,25.2774,54.6962,3.48364,8.398833333333334
25.203967,54.642506,25.2774,54.6962,9.19506,15.529833333333332
25.348443,54.648712,25.2774,54.6962,9.379430000000001,20.657
25.332252,54.745477,25.2774,54.6962,8.209209999999999,18.265
25.332252,54.745477,25.2774,54.6962,8.209209999999999,18.265
25.336709,54.745793,25.2774,54.6962,10.63693,19.661166666666666
25.336709,54.745793,25.2774,54.6962,10.63693,19.661166666666666
25.275827,54.696402,25.2774,54.6962,0.54118,1.1441666666666668
25.25202,54.655056,25.2774,54.6962,7.5653999999999995,19.156166666666664
25.272495,54.660317,25.2774,54.6962,5.1626,12.7665
25.31139,54.708343,25.2774,54.6962,3.55688,7.576
25.16365,54.708634,25.2774,54.6962,8.313049999999999,16.421499999999998
25.286184,54.698953,25.2774,54.6962,1.09982,2.5058333333333334
25.243492,54.697523,25.2774,54.6962,2.7253499999999997,6.699333333333333
25.277189,54.672594,25.2774,54.6962,3.4092,8.305333333333333
25.273646,54.751455,25.2774,54.6962,8.26782,14.098666666666666
25.240621,54.698804,25.2774,54.6962,3.2319,7.4845
25.21691,54.667977,25.2774,54.6962,8.72602,16.0
25.214865,54.694523,25.2774,54.6962,5.41921,11.157
25.274204,54.678107,25.2774,54.6962,3.23728,7.825833333333334
25.296759,54.680809,25.2774,54.6962,2.99796,8.606333333333334
25.284638,54.691637,25.2774,54.6962,0.97324,2.677333333333333
25.311337,54.685025,25.2774,54.6962,3.26464,7.650499999999999
25.265284,54.688246,25.2774,54.6962,2.4999499999999997,5.683833333333333
25.253948,54.73968,25.2774,54.6962,7.025729999999999,14.309666666666667
25.318181,54.713092,25.2774,54.6962,4.37937,8.968833333333333
25.279816,54.671688,25.2774,54.6962,3.5793000000000004,8.702166666666667
25.259596,54.697811,25.2774,54.6962,1.8263800000000001,4.531000000000001
25.29911,54.701683,25.2774,54.6962,2.44478,6.136333333333334
25.296914,54.694241,25.2774,54.6962,1.48431,4.352
25.249407,54.698415,25.2774,54.6962,2.3182199999999997,5.607
25.247674,54.724975,25.2774,54.6962,5.041939999999999,10.725999999999999
25.296482,54.720077,25.2774,54.6962,3.49672,7.868333333333334
25.274497,54.673819,25.2774,54.6962,3.72846,9.009833333333335
25.263367,54.6804,25.2774,54.6962,3.13213,8.032833333333334
25.196608,54.65522,25.2774,54.6962,9.73242,23.569000000000003
25.28938,54.683694,25.2774,54.6962,2.05463,5.979666666666666
25.28938,54.683694,25.2774,54.6962,2.05463,5.979666666666666
25.317504,54.676134,25.2774,54.6962,4.67974,11.570166666666667
25.19924,54.645144,25.2774,54.6962,9.71061,16.6095
25.301095,54.703902,25.2774,54.6962,2.6308499999999997,5.6274999999999995
25.305677,54.681739,25.2774,54.6962,3.7919099999999997,10.054666666666666
25.210692,54.716469,25.2774,54.6962,6.40426,12.658999999999999
25.210692,54.716469,25.2774,54.6962,6.40426,12.658999999999999
25.210692,54.716469,25.2774,54.6962,6.40426,12.658999999999999
25.210692,54.716469,25.2774,54.6962,6.40426,12.658999999999999
25.210692,54.716469,25.2774,54.6962,6.40426,12.658999999999999
25.210692,54.716469,25.2774,54.6962,6.40426,12.658999999999999
25.254314,54.670285,25.2774,54.6962,6.3617,12.813666666666668
25.21871,54.648942,25.2774,54.6962,8.11295,13.857166666666666
25.253948,54.73968,25.2774,54.6962,7.025729999999999,14.309666666666667
25.226602,54.743512,25.2774,54.6962,7.2594899999999996,14.505666666666666
25.264792,54.755827,25.2774,54.6962,8.253120000000001,14.178500000000001
25.247172,54.700898,25.2774,54.6962,2.91861,6.746166666666666
25.329891,54.730497,25.2774,54.6962,6.40012,14.121
25.25263,54.702166,25.2774,54.6962,2.54099,5.839833333333333
25.248643,54.717207,25.2774,54.6962,4.46428,9.819833333333333
25.275202,54.699755,25.2774,54.6962,1.42875,3.5521666666666665
25.31882,54.706559,25.2774,54.6962,3.89214,8.674833333333334
25.251126,54.720239,25.2774,54.6962,4.81564,10.028666666666668
25.315578,54.696918,25.2774,54.6962,3.00694,7.3935
25.278507,54.680013,25.2774,54.6962,3.2140500000000003,9.001
25.272766,54.674597,25.2774,54.6962,3.38735,8.487333333333334
25.165151,54.713529,25.2774,54.6962,9.03675,18.16283333333333
25.164217,54.708521,25.2774,54.6962,8.33014,16.489833333333333
25.297461,54.699439,25.2774,54.6962,2.62446,5.346
25.266432,54.689462,25.2774,54.6962,2.3934,5.204833333333334
25.266432,54.689462,25.2774,54.6962,2.3934,5.204833333333334
25.266432,54.689462,25.2774,54.6962,2.3934,5.204833333333334
25.266432,54.689462,25.2774,54.6962,2.3934,5.204833333333334
25.266432,54.689462,25.2774,54.6962,2.3934,5.204833333333334
25.266432,54.689462,25.2774,54.6962,2.3934,5.204833333333334
25.266432,54.689462,25.2774,54.6962,2.3934,5.204833333333334
25.266432,54.689462,25.2774,54.6962,2.3934,5.204833333333334
25.266432,54.689462,25.2774,54.6962,2.3934,5.204833333333334
25.266432,54.689462,25.2774,54.6962,2.3934,5.204833333333334
25.266432,54.689462,25.2774,54.6962,2.3934,5.204833333333334
25.266432,54.689462,25.2774,54.6962,2.3934,5.204833333333334
25.266432,54.689462,25.2774,54.6962,2.3934,5.204833333333334
25.266432,54.689462,25.2774,54.6962,2.3934,5.204833333333334
25.266432,54.689462,25.2774,54.6962,2.3934,5.204833333333334
25.266432,54.689462,25.2774,54.6962,2.3934,5.204833333333334
25.266432,54.689462,25.2774,54.6962,2.3934,5.204833333333334
25.266432,54.689462,25.2774,54.6962,2.3934,5.204833333333334
25.266432,54.689462,25.2774,54.6962,2.3934,5.204833333333334
25.266432,54.689462,25.2774,54.6962,2.3934,5.204833333333334
25.266432,54.689462,25.2774,54.6962,2.3934,5.204833333333334
25.188879,54.711251,25.2774,54.6962,7.60714,15.1615
25.191114,54.754266,25.2774,54.6962,12.03384,23.19183333333333
25.176476,54.71186,25.2774,54.6962,7.54446,15.0305
25.279185,54.703499,25.2774,54.6962,1.71415,3.692833333333333
25.277993,54.719296,25.2774,54.6962,3.91536,9.365333333333332
25.187043,54.714488,25.2774,54.6962,7.78401,15.575333333333333
25.215068,54.736463,25.2774,54.6962,7.968310000000001,14.915666666666668
25.2726,54.683084,25.2774,54.6962,2.70134,7.223833333333333
25.422153,54.682002,25.2774,54.6962,13.23807,25.0275
25.21677,54.733913,25.2774,54.6962,7.556970000000001,13.9635
25.249987,54.700162,25.2774,54.6962,2.9495,7.214333333333333
25.253381,54.701041,25.2774,54.6962,2.91627,7.081333333333333
25.265685,54.75685,25.2774,54.6962,8.67376,14.699000000000002
25.277364,54.682842,25.2774,54.6962,2.10425,5.587166666666667
25.210095,54.681796,25.2774,54.6962,6.39378,12.324166666666667
25.221208,54.694804,25.2774,54.6962,4.5672,9.323166666666667
25.264196,54.687387,25.2774,54.6962,2.79867,5.929
25.274204,54.678107,25.2774,54.6962,3.23728,7.825833333333334
25.26583,54.673868,25.2774,54.6962,3.7517600000000004,9.399166666666668
25.316684,54.677577,25.2774,54.6962,4.425770000000001,10.5505
25.31807,54.719759,25.2774,54.6962,4.94457,9.612833333333333
25.268022,54.660961,25.2774,54.6962,5.391229999999999,13.626666666666667
25.268022,54.660961,25.2774,54.6962,5.391229999999999,13.626666666666667
25.268022,54.660961,25.2774,54.6962,5.391229999999999,13.626666666666667
25.268022,54.660961,25.2774,54.6962,5.391229999999999,13.626666666666667
25.268022,54.660961,25.2774,54.6962,5.391229999999999,13.626666666666667
25.268022,54.660961,25.2774,54.6962,5.391229999999999,13.626666666666667
25.268022,54.660961,25.2774,54.6962,5.391229999999999,13.626666666666667
25.268022,54.660961,25.2774,54.6962,5.391229999999999,13.626666666666667
25.268022,54.660961,25.2774,54.6962,5.391229999999999,13.626666666666667
25.268022,54.660961,25.2774,54.6962,5.391229999999999,13.626666666666667
25.268022,54.660961,25.2774,54.6962,5.391229999999999,13.626666666666667
25.268022,54.660961,25.2774,54.6962,5.391229999999999,13.626666666666667
25.268022,54.660961,25.2774,54.6962,5.391229999999999,13.626666666666667
25.268022,54.660961,25.2774,54.6962,5.391229999999999,13.626666666666667
25.268022,54.660961,25.2774,54.6962,5.391229999999999,13.626666666666667
25.217265,54.708913,25.2774,54.6962,6.08599,11.824000000000002
25.221089,54.696438,25.2774,54.6962,4.56016,9.3825
25.285048,54.699003,25.2774,54.6962,1.08314,2.7954999999999997
25.253284,54.7352,25.2774,54.6962,7.18658,13.599833333333333
25.256139,54.689542,25.2774,54.6962,2.65159,5.989166666666667
25.279633,54.685923,25.2774,54.6962,1.8303099999999999,6.2891666666666675
25.21856,54.722083,25.2774,54.6962,6.1518500000000005,11.714833333333333
25.316041,54.704237,25.2774,54.6962,3.4955700000000003,7.574166666666667
25.39312,54.710831,25.2774,54.6962,9.51027,18.663166666666665
25.39312,54.710831,25.2774,54.6962,9.51027,18.663166666666665
25.279394,54.745738,25.2774,54.6962,7.32138,14.81
25.370044,54.729766,25.2774,54.6962,10.12045,19.892166666666665
25.282205,54.674613,25.2774,54.6962,3.15941,7.972166666666666
25.276381,54.709034,25.2774,54.6962,2.4316999999999998,7.474666666666667
25.216722,54.674157,25.2774,54.6962,7.61747,14.594833333333334
25.289961,54.707175,25.2774,54.6962,2.13863,4.444833333333333
25.091746,54.669545,25.2774,54.6962,16.91064,23.636166666666668
25.201911,54.710362,25.2774,54.6962,6.32128,12.907333333333334
25.182982,54.704235,25.2774,54.6962,6.96602,14.472666666666667
25.271112,54.675932,25.2774,54.6962,3.6536,8.776
25.287795,54.676964,25.2774,54.6962,3.52494,9.889333333333333
25.266179,54.674341,25.2774,54.6962,3.72412,9.300166666666666
25.218183,54.702075,25.2774,54.6962,4.777279999999999,10.495000000000001
25.271503,54.682264,25.2774,54.6962,2.52083,6.632333333333333
25.171791,54.715849,25.2774,54.6962,8.8125,18.454
25.273651,54.697696,25.2774,54.6962,0.79528,2.069
25.25157,54.695527,25.2774,54.6962,2.31194,5.355833333333334
25.282406,54.67825,25.2774,54.6962,2.91212,8.995166666666668
25.291294,54.717309,25.2774,54.6962,3.1552399999999996,8.527666666666667
25.261388,54.67013,25.2774,54.6962,4.5469,11.0215
25.261388,54.67013,25.2774,54.6962,4.5469,11.0215
25.266114,54.755489,25.2774,54.6962,8.17117,13.850666666666665
25.42498,54.686126,25.2774,54.6962,11.980030000000001,20.07316666666667
25.273651,54.697696,25.2774,54.6962,0.79528,2.069
25.273651,54.697696,25.2774,54.6962,0.79528,2.069
25.28067,54.685607,25.2774,54.6962,1.75052,6.050166666666667
25.29077,54.702676,25.2774,54.6962,1.84033,3.9204999999999997
25.19924,54.645144,25.2774,54.6962,9.71061,16.6095
25.236553,54.727097,25.2774,54.6962,5.37814,10.481166666666667
25.215015,54.694147,25.2774,54.6962,5.5645500000000006,11.256333333333334
25.23347,54.67438,25.2774,54.6962,6.667140000000001,13.799666666666667
25.217265,54.708913,25.2774,54.6962,6.08599,11.824000000000002
25.226605,54.736735,25.2774,54.6962,6.97264,13.631
25.226027,54.736248,25.2774,54.6962,6.64635,12.577666666666666
25.27175,54.70355,25.2774,54.6962,1.7743,4.0648333333333335
25.21411,54.664732,25.2774,54.6962,7.95768,16.44783333333333
25.21715,54.720148,25.2774,54.6962,6.43817,12.262
25.293033,54.709315,25.2774,54.6962,2.3711100000000003,5.2156666666666665
25.189566,54.680255,25.2774,54.6962,7.9513,12.909333333333333
25.189566,54.680255,25.2774,54.6962,7.9513,12.909333333333333
25.189566,54.680255,25.2774,54.6962,7.9513,12.909333333333333
25.189566,54.680255,25.2774,54.6962,7.9513,12.909333333333333
25.189566,54.680255,25.2774,54.6962,7.9513,12.909333333333333
25.189566,54.680255,25.2774,54.6962,7.9513,12.909333333333333
25.189566,54.680255,25.2774,54.6962,7.9513,12.909333333333333
25.189566,54.680255,25.2774,54.6962,7.9513,12.909333333333333
25.189566,54.680255,25.2774,54.6962,7.9513,12.909333333333333
25.189566,54.680255,25.2774,54.6962,7.9513,12.909333333333333
25.189566,54.680255,25.2774,54.6962,7.9513,12.909333333333333
25.168734,54.67079,25.2774,54.6962,10.789299999999999,16.711166666666667
25.261224,54.609448,25.2774,54.6962,14.3505,25.473833333333335
25.224749,54.69846,25.2774,54.6962,4.38788,9.397333333333334
25.23351,54.731404,25.2774,54.6962,5.89655,11.732333333333335
25.203446,54.671979,25.2774,54.6962,8.99351,14.786166666666666
25.269238,54.660681,25.2774,54.6962,5.331720000000001,13.521833333333332
25.296581,54.679832,25.2774,54.6962,3.45427,10.216833333333334
25.34087,54.749523,25.2774,54.6962,10.07051,17.974833333333333
25.286303,54.672738,25.2774,54.6962,3.41996,8.271333333333333
25.213894,54.666201,25.2774,54.6962,7.8584499999999995,16.27583333333333
25.281782,54.690531,25.2774,54.6962,0.91902,2.8598333333333334
25.281782,54.690531,25.2774,54.6962,0.91902,2.8598333333333334
25.29333,54.729119,25.2774,54.6962,4.57358,10.165166666666666
25.337374,54.734828,25.2774,54.6962,7.0859700000000005,13.677666666666665
25.282212,54.763128,25.2774,54.6962,9.81302,15.986166666666666
25.274558,54.685995,25.2774,54.6962,1.67706,4.8515
25.295255,54.691797,25.2774,54.6962,1.81708,4.195333333333333
25.286314,54.680434,25.2774,54.6962,2.3483,7.215166666666667
25.306942,54.736814,25.2774,54.6962,6.13912,13.824166666666667
25.283894,54.692445,25.2774,54.6962,0.72208,2.3366666666666664
25.253948,54.73968,25.2774,54.6962,7.025729999999999,14.309666666666667
25.252914,54.635299,25.2774,54.6962,8.26956,19.820833333333333
25.28141,54.660144,25.2774,54.6962,6.1179,14.835833333333333
25.429708,54.674997,25.2774,54.6962,13.79391,24.379
25.320219,54.721906,25.2774,54.6962,5.71795,11.402
25.190267,54.667488,25.2774,54.6962,9.81076,16.5385
25.274111,54.715595,25.2774,54.6962,5.63555,10.881
25.31066,54.67905,25.2774,54.6962,4.308470000000001,10.292166666666667
25.22456,54.727062,25.2774,54.6962,6.5473,13.050999999999998
25.25157,54.695527,25.2774,54.6962,2.31194,5.355833333333334
25.25157,54.695527,25.2774,54.6962,2.31194,5.355833333333334
25.237943,54.727271,25.2774,54.6962,5.2578000000000005,10.356666666666666
25.297461,54.699439,25.2774,54.6962,2.62446,5.346
25.266661,54.678629,25.2774,54.6962,3.32971,8.293166666666666
25.251348,54.70835,25.2774,54.6962,3.05768,6.6209999999999996
25.253064,54.717563,25.2774,54.6962,4.9735,10.175166666666666
25.320002,54.674811,25.2774,54.6962,5.19622,12.124666666666666
25.218183,54.702075,25.2774,54.6962,4.777279999999999,10.495000000000001
25.17774,54.707002,25.2774,54.6962,7.20473,14.209166666666667
25.229661,54.741616,25.2774,54.6962,6.9588,13.660333333333334
25.235313,54.714079,25.2774,54.6962,4.51681,8.830333333333334
25.235313,54.714079,25.2774,54.6962,4.51681,8.830333333333334
25.26583,54.673868,25.2774,54.6962,3.7517600000000004,9.399166666666668
25.345699,54.721267,25.2774,54.6962,7.64885,16.0
25.249978,54.720741,25.2774,54.6962,4.89475,10.345166666666668
25.226669,54.703767,25.2774,54.6962,5.18433,11.535
25.274708,54.729271,25.2774,54.6962,4.69259,10.738
25.185235,54.62499,25.2774,54.6962,22.61966,28.003833333333333
25.251458,54.70067,25.2774,54.6962,2.89666,7.0601666666666665
25.251458,54.70067,25.2774,54.6962,2.89666,7.0601666666666665
25.251458,54.70067,25.2774,54.6962,2.89666,7.0601666666666665
25.251458,54.70067,25.2774,54.6962,2.89666,7.0601666666666665
25.251458,54.70067,25.2774,54.6962,2.89666,7.0601666666666665
25.263539,54.642068,25.2774,54.6962,8.03331,18.661833333333334
25.26202,54.673957,25.2774,54.6962,4.1449300000000004,10.6285
25.284895,54.672844,25.2774,54.6962,3.51276,8.702666666666666
25.247289,54.729425,25.2774,54.6962,5.95442,13.211833333333335
25.31317,54.662149,25.2774,54.6962,6.31027,15.215333333333332
25.320219,54.721906,25.2774,54.6962,5.71795,11.402
25.275057,54.663344,25.2774,54.6962,4.864520000000001,12.177999999999999
25.259345,54.60568,25.2774,54.6962,13.81401,24.009666666666664
25.303169,54.68126,25.2774,54.6962,3.427,10.375499999999999
25.255041,54.701755,25.2774,54.6962,2.23902,5.6705000000000005
25.219631,54.738797,25.2774,54.6962,7.5025,14.882
25.20328,54.708941,25.2774,54.6962,6.12775,12.948333333333332
25.303406,54.723493,25.2774,54.6962,4.31624,10.570833333333333
25.283641,54.708845,25.2774,54.6962,2.16561,5.5735
25.248741,54.672589,25.2774,54.6962,4.90257,9.078666666666667
25.260513,54.67185,25.2774,54.6962,5.3346,10.563166666666666
25.246652,54.733912,25.2774,54.6962,6.44424,12.869666666666665
25.315056,54.707593,25.2774,54.6962,3.63374,8.129166666666666
25.263624,54.689827,25.2774,54.6962,2.2088400000000004,4.761833333333333
25.310892,54.67927,25.2774,54.6962,4.27983,10.177666666666665
25.253093,54.652153,25.2774,54.6962,7.7201,19.775
25.177236,54.715567,25.2774,54.6962,8.02708,15.872833333333334
25.252936,54.653135,25.2774,54.6962,7.79078,20.057666666666666
25.252936,54.653135,25.2774,54.6962,7.79078,20.057666666666666
25.252936,54.653135,25.2774,54.6962,7.79078,20.057666666666666
25.252936,54.653135,25.2774,54.6962,7.79078,20.057666666666666
25.252936,54.653135,25.2774,54.6962,7.79078,20.057666666666666
25.252936,54.653135,25.2774,54.6962,7.79078,20.057666666666666
25.252936,54.653135,25.2774,54.6962,7.79078,20.057666666666666
25.252936,54.653135,25.2774,54.6962,7.79078,20.057666666666666
25.252936,54.653135,25.2774,54.6962,7.79078,20.057666666666666
25.252936,54.653135,25.2774,54.6962,7.79078,20.057666666666666
25.252936,54.653135,25.2774,54.6962,7.79078,20.057666666666666
25.188593,54.711969,25.2774,54.6962,7.626810000000001,15.216333333333333
25.259166,54.657314,25.2774,54.6962,6.95473,16.7135
25.262469,54.642507,25.2774,54.6962,7.20847,17.634333333333334
25.232029,54.713966,25.2774,54.6962,4.56628,8.767333333333333
25.272685,54.750759,25.2774,54.6962,8.25075,13.889166666666666
25.287213,54.76235,25.2774,54.6962,9.86759,17.942166666666665
25.25181,54.702097,25.2774,54.6962,2.5921,5.9625
25.195514,54.659981,25.2774,54.6962,10.37827,18.93
25.228252,54.742343,25.2774,54.6962,7.06842,13.896666666666667
25.28516,54.760774,25.2774,54.6962,9.55722,16.834
25.188593,54.711969,25.2774,54.6962,7.626810000000001,15.216333333333333
25.275057,54.663344,25.2774,54.6962,4.864520000000001,12.177999999999999
25.277374,54.675276,25.2774,54.6962,3.07805,7.559
25.255546,54.690494,25.2774,54.6962,2.57327,5.947666666666667
25.43004,54.693492,25.2774,54.6962,11.91192,20.314833333333336
25.255478,54.715542,25.2774,54.6962,4.759390000000001,9.6575
25.26825,54.662449,25.2774,54.6962,5.29338,13.427999999999999
25.282143,54.69283,25.2774,54.6962,0.62287,1.9398333333333333
25.283563,54.67663,25.2774,54.6962,3.21363,8.179333333333334
25.296001,54.719642,25.2774,54.6962,3.4488499999999997,7.7965
25.282824,54.684395,25.2774,54.6962,1.6538199999999998,5.8655
25.240391,54.669504,25.2774,54.6962,5.41847,10.100333333333333
25.240391,54.669504,25.2774,54.6962,5.41847,10.100333333333333
25.240391,54.669504,25.2774,54.6962,5.41847,10.100333333333333
25.240391,54.669504,25.2774,54.6962,5.41847,10.100333333333333
25.240391,54.669504,25.2774,54.6962,5.41847,10.100333333333333
25.240391,54.669504,25.2774,54.6962,5.41847,10.100333333333333
25.240391,54.669504,25.2774,54.6962,5.41847,10.100333333333333
25.240391,54.669504,25.2774,54.6962,5.41847,10.100333333333333
25.240391,54.669504,25.2774,54.6962,5.41847,10.100333333333333
25.240391,54.669504,25.2774,54.6962,5.41847,10.100333333333333
25.240391,54.669504,25.2774,54.6962,5.41847,10.100333333333333
25.240391,54.669504,25.2774,54.6962,5.41847,10.100333333333333
25.240391,54.669504,25.2774,54.6962,5.41847,10.100333333333333
25.240391,54.669504,25.2774,54.6962,5.41847,10.100333333333333
25.240391,54.669504,25.2774,54.6962,5.41847,10.100333333333333
25.240391,54.669504,25.2774,54.6962,5.41847,10.100333333333333
25.240391,54.669504,25.2774,54.6962,5.41847,10.100333333333333
25.240391,54.669504,25.2774,54.6962,5.41847,10.100333333333333
25.240391,54.669504,25.2774,54.6962,5.41847,10.100333333333333
25.240391,54.669504,25.2774,54.6962,5.41847,10.100333333333333
25.240391,54.669504,25.2774,54.6962,5.41847,10.100333333333333
25.240391,54.669504,25.2774,54.6962,5.41847,10.100333333333333
25.240391,54.669504,25.2774,54.6962,5.41847,10.100333333333333
25.21212,54.718666,25.2774,54.6962,6.02808,11.350166666666667
25.265956,54.687708,25.2774,54.6962,2.5902399999999997,5.9943333333333335
25.295151,54.680468,25.2774,54.6962,2.90758,8.291500000000001
25.284143,54.687732,25.2774,54.6962,1.88016,5.1895
25.215818,54.69608,25.2774,54.6962,5.3753400000000005,10.855166666666666
25.287506,54.717581,25.2774,54.6962,3.41394,8.495
25.248958,54.673499,25.2774,54.6962,4.81181,8.929333333333334
25.29155,54.683396,25.2774,54.6962,2.6212600000000004,7.398833333333333
25.21664,54.735718,25.2774,54.6962,7.680560000000001,14.148166666666667
25.417397,54.68935,25.2774,54.6962,11.51621,19.88883333333333
25.275982,54.672381,25.2774,54.6962,3.55161,8.619
25.293482,54.676252,25.2774,54.6962,4.01733,10.587666666666667
25.249611,54.692152,25.2774,54.6962,2.70173,6.1353333333333335
25.244143,54.670463,25.2774,54.6962,5.22829,9.675999999999998
25.244143,54.670463,25.2774,54.6962,5.22829,9.675999999999998
25.276762,54.687503,25.2774,54.6962,1.38927,4.150666666666667
25.276762,54.687503,25.2774,54.6962,1.38927,4.150666666666667
25.31076,54.702543,25.2774,54.6962,3.55641,8.081333333333333
25.231988,54.702209,25.2774,54.6962,4.94023,10.366999999999999
25.31076,54.702543,25.2774,54.6962,3.55641,8.081333333333333
25.261608,54.642764,25.2774,54.6962,7.32217,17.932333333333336
25.298825,54.666799,25.2774,54.6962,5.07707,11.591333333333333
25.253948,54.73968,25.2774,54.6962,7.025729999999999,14.309666666666667
25.23096,54.716036,25.2774,54.6962,4.76296,8.805333333333333
25.316215,54.706428,25.2774,54.6962,3.8887899999999997,8.585833333333333
25.215925,54.731977,25.2774,54.6962,7.264069999999999,14.261
25.2205,54.735341,25.2774,54.6962,7.92479,14.862
25.274847,54.686878,25.2774,54.6962,1.57206,4.596166666666666
25.30377,54.666765,25.2774,54.6962,5.38936,12.011666666666667
25.30377,54.666765,25.2774,54.6962,5.38936,12.011666666666667
25.266661,54.678629,25.2774,54.6962,3.32971,8.293166666666666
25.2706,54.682336,25.2774,54.6962,2.53696,6.6255
25.230967,54.716036,25.2774,54.6962,4.76282,8.805166666666667
25.230967,54.716036,25.2774,54.6962,4.76282,8.805166666666667
25.281472,54.674079,25.2774,54.6962,3.23706,8.437999999999999
25.424922,54.685564,25.2774,54.6962,11.91975,19.882166666666667
25.278924,54.67784,25.2774,54.6962,2.69366,6.6365
25.267796,54.675255,25.2774,54.6962,3.60757,9.130500000000001
25.287635,54.708047,25.2774,54.6962,2.26389,4.711166666666667
25.30419,54.71722,25.2774,54.6962,4.10792,8.801833333333333
25.28516,54.760774,25.2774,54.6962,9.55722,16.834
25.19924,54.645144,25.2774,54.6962,9.71061,16.6095
25.267796,54.675255,25.2774,54.6962,3.60757,9.130500000000001
25.313249,54.709495,25.2774,54.6962,3.65649,7.4271666666666665
25.24125,54.672603,25.2774,54.6962,4.92001,8.9495
25.284502,54.723527,25.2774,54.6962,3.9138699999999997,9.763
25.300418,54.726446,25.2774,54.6962,4.67169,11.881333333333334
25.300418,54.726446,25.2774,54.6962,4.67169,11.881333333333334
25.238069,54.733833,25.2774,54.6962,6.21165,11.845
25.305521,54.711706,25.2774,54.6962,3.4113,7.160666666666667
25.265689,54.727816,25.2774,54.6962,5.02116,10.689833333333333
25.21671,54.664621,25.2774,54.6962,8.00182,16.384833333333333
25.214117,54.664732,25.2774,54.6962,7.95812,16.4495
25.280816,54.680648,25.2774,54.6962,3.07442,8.443
25.094456,54.66919,25.2774,54.6962,16.52875,22.482833333333335
25.286184,54.698953,25.2774,54.6962,1.09982,2.5058333333333334
25.25162,54.735086,25.2774,54.6962,7.08933,13.210833333333333
25.266661,54.678629,25.2774,54.6962,3.32971,8.293166666666666
25.241431,54.672162,25.2774,54.6962,5.07963,9.407
25.272543,54.66199,25.2774,54.6962,5.039569999999999,12.350833333333332
25.214923,54.734598,25.2774,54.6962,7.6403,14.04
25.260379,54.754731,25.2774,54.6962,8.415479999999999,14.057666666666668
25.208713,54.67999,25.2774,54.6962,6.83891,13.541
25.26627,54.687979,25.2774,54.6962,2.5991500000000003,5.905666666666666
25.273651,54.697696,25.2774,54.6962,0.79528,2.069
25.28787,54.715871,25.2774,54.6962,3.16754,7.921
25.28787,54.715871,25.2774,54.6962,3.16754,7.921
25.306987,54.700634,25.2774,54.6962,2.99815,7.418666666666667
25.39652,54.711004,25.2774,54.6962,9.66477,19.1205
25.390725,54.710092,25.2774,54.6962,9.32816,17.934166666666666
25.216041,54.676789,25.2774,54.6962,7.22166,13.613166666666666
25.21633,54.665613,25.2774,54.6962,8.004760000000001,16.759333333333334
25.25662,54.683286,25.2774,54.6962,3.2502199999999997,6.770833333333333
25.320707,54.724607,25.2774,54.6962,5.47388,10.604999999999999
25.29815,54.694437,25.2774,54.6962,1.5613299999999999,4.496333333333333
25.291391,54.683594,25.2774,54.6962,2.64235,7.461166666666667
25.286155,54.680217,25.2774,54.6962,2.3778200000000003,7.397666666666667
25.267812,54.689362,25.2774,54.6962,2.49521,5.600666666666667
25.276636,54.703704,25.2774,54.6962,1.89776,4.027166666666667
25.276636,54.703704,25.2774,54.6962,1.89776,4.027166666666667
25.263741,54.644127,25.2774,54.6962,7.01061,17.193666666666665
25.32139,54.72321,25.2774,54.6962,5.4959,10.631166666666667
25.294001,54.674337,25.2774,54.6962,3.9042600000000003,9.864833333333333
25.237942,54.734538,25.2774,54.6962,6.24802,11.9985
25.194804,54.66424,25.2774,54.6962,9.67691,15.924666666666667
25.281629,54.701431,25.2774,54.6962,1.30735,3.1906666666666665
25.274431,54.663916,25.2774,54.6962,4.894550000000001,12.115166666666665
25.301287,54.681176,25.2774,54.6962,3.29441,9.792
25.27747,54.661118,25.2774,54.6962,5.18104,12.978666666666667
25.291911,54.692309,25.2774,54.6962,1.26122,3.3266666666666667
25.273217,54.683485,25.2774,54.6962,2.64927,7.0155
25.2745,54.668792,25.2774,54.6962,3.9897,9.746666666666666
25.259596,54.697811,25.2774,54.6962,1.8263800000000001,4.531000000000001
25.279026,54.699711,25.2774,54.6962,1.01847,3.0393333333333334
25.29366,54.691136,25.2774,54.6962,1.7026,4.046833333333334
25.29366,54.691136,25.2774,54.6962,1.7026,4.046833333333334
25.26419,54.75632,25.2774,54.6962,8.50089,14.5985
25.318383,54.702556,25.2774,54.6962,3.7973600000000003,8.4185
25.257268,54.679063,25.2774,54.6962,4.886640000000001,10.251333333333333
25.257268,54.679063,25.2774,54.6962,4.886640000000001,10.251333333333333
25.2962,54.694025,25.2774,54.6962,1.4293699999999998,4.1005
25.270694,54.674408,25.2774,54.6962,3.4599,8.619166666666667
25.243828,54.718889,25.2774,54.6962,4.14819,8.5805
25.165242,54.713285,25.2774,54.6962,9.13632,18.56116666666667
25.165242,54.713285,25.2774,54.6962,9.13632,18.56116666666667
25.165242,54.713285,25.2774,54.6962,9.13632,18.56116666666667
25.165242,54.713285,25.2774,54.6962,9.13632,18.56116666666667
25.165242,54.713285,25.2774,54.6962,9.13632,18.56116666666667
25.165242,54.713285,25.2774,54.6962,9.13632,18.56116666666667
25.165242,54.713285,25.2774,54.6962,9.13632,18.56116666666667
25.165242,54.713285,25.2774,54.6962,9.13632,18.56116666666667
25.165242,54.713285,25.2774,54.6962,9.13632,18.56116666666667
25.165242,54.713285,25.2774,54.6962,9.13632,18.56116666666667
25.165242,54.713285,25.2774,54.6962,9.13632,18.56116666666667
25.165242,54.713285,25.2774,54.6962,9.13632,18.56116666666667
25.276135,54.664369,25.2774,54.6962,5.00482,12.7315
25.221819,54.720468,25.2774,54.6962,6.12256,12.007
25.189684,54.662823,25.2774,54.6962,10.06643,17.300333333333334
25.25662,54.683286,25.2774,54.6962,3.2502199999999997,6.770833333333333
25.296779,54.710273,25.2774,54.6962,2.88331,6.311333333333334
25.27677,54.702298,25.2774,54.6962,1.32065,3.3713333333333333
25.292621,54.70553,25.2774,54.6962,2.15909,4.910666666666667
25.318304,54.712115,25.2774,54.6962,4.16305,8.411666666666667
25.216722,54.674157,25.2774,54.6962,7.61747,14.594833333333334
25.267755,54.66866,25.2774,54.6962,4.25612,10.346499999999999
25.277009,54.676328,25.2774,54.6962,2.95648,7.267333333333334
25.216577,54.680005,25.2774,54.6962,7.06204,13.240166666666665
25.17541,54.711419,25.2774,54.6962,7.57864,14.701166666666667
25.296482,54.720077,25.2774,54.6962,3.49672,7.868333333333334
25.266653,54.669679,25.2774,54.6962,4.14264,10.125833333333333
25.253948,54.73968,25.2774,54.6962,7.025729999999999,14.309666666666667
25.233439,54.713945,25.2774,54.6962,4.68459,9.212833333333332
25.289029,54.676399,25.2774,54.6962,3.62753,10.396333333333333
25.264639,54.677424,25.2774,54.6962,3.53101,9.011166666666666
25.257244,54.724884,25.2774,54.6962,5.64558,12.195500000000001
25.287635,54.708047,25.2774,54.6962,2.26389,4.711166666666667
25.29077,54.702676,25.2774,54.6962,1.84033,3.9204999999999997
25.282648,54.67498,25.2774,54.6962,3.10984,7.674833333333334
25.32139,54.72321,25.2774,54.6962,5.4959,10.631166666666667
25.217088,54.696282,25.2774,54.6962,5.42954,11.072000000000001
25.268491,54.693411,25.2774,54.6962,2.0716300000000003,5.014166666666667
25.22763,54.74312,25.2774,54.6962,7.16721,14.228833333333334
25.1871,54.713778,25.2774,54.6962,7.70961,15.358833333333333
25.252483,54.654109,25.2774,54.6962,7.66925,19.571666666666665
25.265956,54.687708,25.2774,54.6962,2.5902399999999997,5.9943333333333335
25.23422,54.719593,25.2774,54.6962,5.33364,10.6855
25.26493,54.676879,25.2774,54.6962,3.55703,9.0175
25.26282,54.680512,25.2774,54.6962,3.2452199999999998,8.485166666666666
25.265328,54.675086,25.2774,54.6962,3.8903600000000003,9.9535
25.217499,54.731863,25.2774,54.6962,7.15481,13.605500000000001
25.292047,54.679713,25.2774,54.6962,2.96728,8.108
25.432488,54.687326,25.2774,54.6962,12.66116,21.5165
25.23506,54.73484,25.2774,54.6962,6.133859999999999,11.572166666666668
25.391359,54.709976,25.2774,54.6962,9.378620000000002,18.136666666666667
25.264273,54.671723,25.2774,54.6962,3.93163,10.000833333333333
25.212266,54.694766,25.2774,54.6962,5.40256,11.209166666666667
25.420576,54.685658,25.2774,54.6962,11.64194,19.437166666666666
25.207286,54.674394,25.2774,54.6962,7.92126,15.402
25.215507,54.672675,25.2774,54.6962,7.96924,15.474666666666668
25.30377,54.666765,25.2774,54.6962,5.38936,12.011666666666667
25.421596,54.690589,25.2774,54.6962,11.35938,19.730999999999998
25.421596,54.690589,25.2774,54.6962,11.35938,19.730999999999998
25.421596,54.690589,25.2774,54.6962,11.35938,19.730999999999998
25.421596,54.690589,25.2774,54.6962,11.35938,19.730999999999998
25.421596,54.690589,25.2774,54.6962,11.35938,19.730999999999998
25.421596,54.690589,25.2774,54.6962,11.35938,19.730999999999998
25.421596,54.690589,25.2774,54.6962,11.35938,19.730999999999998
25.421596,54.690589,25.2774,54.6962,11.35938,19.730999999999998
25.421596,54.690589,25.2774,54.6962,11.35938,19.730999999999998
25.421596,54.690589,25.2774,54.6962,11.35938,19.730999999999998
25.421596,54.690589,25.2774,54.6962,11.35938,19.730999999999998
25.421596,54.690589,25.2774,54.6962,11.35938,19.730999999999998
25.421596,54.690589,25.2774,54.6962,11.35938,19.730999999999998
25.421596,54.690589,25.2774,54.6962,11.35938,19.730999999999998
25.421596,54.690589,25.2774,54.6962,11.35938,19.730999999999998
25.421596,54.690589,25.2774,54.6962,11.35938,19.730999999999998
25.421596,54.690589,25.2774,54.6962,11.35938,19.730999999999998
25.421596,54.690589,25.2774,54.6962,11.35938,19.730999999999998
25.421596,54.690589,25.2774,54.6962,11.35938,19.730999999999998
25.421596,54.690589,25.2774,54.6962,11.35938,19.730999999999998
25.421596,54.690589,25.2774,54.6962,11.35938,19.730999999999998
25.421596,54.690589,25.2774,54.6962,11.35938,19.730999999999998
25.421596,54.690589,25.2774,54.6962,11.35938,19.730999999999998
25.2399,54.665217,25.2774,54.6962,6.7765699999999995,13.277333333333333
25.240085,54.694713,25.2774,54.6962,3.0517600000000003,6.745333333333334
25.258883,54.672938,25.2774,54.6962,5.20905,10.1065
25.258883,54.672938,25.2774,54.6962,5.20905,10.1065
25.290938,54.706856,25.2774,54.6962,2.0342000000000002,4.386666666666667
25.234285,54.674768,25.2774,54.6962,6.6299399999999995,13.650833333333333
25.234285,54.674768,25.2774,54.6962,6.6299399999999995,13.650833333333333
25.281485,54.659172,25.2774,54.6962,6.157220000000001,15.1295
25.240259,54.722449,25.2774,54.6962,4.74206,9.578333333333335
25.246134,54.698914,25.2774,54.6962,2.5722300000000002,6.249833333333333
25.275202,54.699755,25.2774,54.6962,1.42875,3.5521666666666665
25.291286,54.714682,25.2774,54.6962,3.09486,7.9525
25.31195,54.684109,25.2774,54.6962,3.37848,7.991666666666666
25.235313,54.714079,25.2774,54.6962,4.51681,8.830333333333334
25.235313,54.714079,25.2774,54.6962,4.51681,8.830333333333334
25.276636,54.703704,25.2774,54.6962,1.89776,4.027166666666667
25.2726,54.683084,25.2774,54.6962,2.70134,7.223833333333333
25.2726,54.683084,25.2774,54.6962,2.70134,7.223833333333333
25.222488,54.734813,25.2774,54.6962,6.94341,13.337166666666667
25.099926,54.668728,25.2774,54.6962,16.28221,21.8645
25.218465,54.732511,25.2774,54.6962,7.28704,14.337333333333333
25.214535,54.736942,25.2774,54.6962,7.9883500000000005,14.886833333333334
25.165242,54.713285,25.2774,54.6962,9.13632,18.56116666666667
25.165242,54.713285,25.2774,54.6962,9.13632,18.56116666666667
25.165242,54.713285,25.2774,54.6962,9.13632,18.56116666666667
25.165242,54.713285,25.2774,54.6962,9.13632,18.56116666666667
25.165242,54.713285,25.2774,54.6962,9.13632,18.56116666666667
25.165242,54.713285,25.2774,54.6962,9.13632,18.56116666666667
25.165242,54.713285,25.2774,54.6962,9.13632,18.56116666666667
25.165242,54.713285,25.2774,54.6962,9.13632,18.56116666666667
25.165242,54.713285,25.2774,54.6962,9.13632,18.56116666666667
25.165242,54.713285,25.2774,54.6962,9.13632,18.56116666666667
25.165242,54.713285,25.2774,54.6962,9.13632,18.56116666666667
25.165242,54.713285,25.2774,54.6962,9.13632,18.56116666666667
25.165242,54.713285,25.2774,54.6962,9.13632,18.56116666666667
25.165242,54.713285,25.2774,54.6962,9.13632,18.56116666666667
25.165242,54.713285,25.2774,54.6962,9.13632,18.56116666666667
25.165242,54.713285,25.2774,54.6962,9.13632,18.56116666666667
25.165242,54.713285,25.2774,54.6962,9.13632,18.56116666666667
25.165242,54.713285,25.2774,54.6962,9.13632,18.56116666666667
25.165242,54.713285,25.2774,54.6962,9.13632,18.56116666666667
25.165242,54.713285,25.2774,54.6962,9.13632,18.56116666666667
25.165242,54.713285,25.2774,54.6962,9.13632,18.56116666666667
25.165242,54.713285,25.2774,54.6962,9.13632,18.56116666666667
25.165242,54.713285,25.2774,54.6962,9.13632,18.56116666666667
25.165242,54.713285,25.2774,54.6962,9.13632,18.56116666666667
25.165242,54.713285,25.2774,54.6962,9.13632,18.56116666666667
25.165242,54.713285,25.2774,54.6962,9.13632,18.56116666666667
25.187461,54.710788,25.2774,54.6962,7.09899,14.467333333333332
25.402263,54.690677,25.2774,54.6962,10.47499,18.004666666666665
25.22763,54.74312,25.2774,54.6962,7.16721,14.228833333333334
25.229534,54.70679,25.2774,54.6962,4.82017,9.827333333333334
25.290168,54.70309,25.2774,54.6962,1.91801,4.285333333333333
25.273066,54.676067,25.2774,54.6962,3.1186100000000003,7.656333333333333
25.235313,54.714079,25.2774,54.6962,4.51681,8.830333333333334
25.222269,54.738465,25.2774,54.6962,7.110600000000001,14.236500000000001
25.224665,54.705118,25.2774,54.6962,4.883430000000001,10.050833333333333
25.223398,54.726737,25.2774,54.6962,6.55988,13.101333333333335
25.312301,54.671512,25.2774,54.6962,5.08224,13.224
25.285353,54.704541,25.2774,54.6962,1.5038699999999998,3.6551666666666667
25.26559,54.688497,25.2774,54.6962,2.4723,5.614833333333333
25.195413,54.66185,25.2774,54.6962,10.11429,17.291999999999998
25.300373,54.67856,25.2774,54.6962,4.12007,12.434833333333334
25.218603,54.6506,25.2774,54.6962,7.86193,13.378666666666668
25.238077,54.717467,25.2774,54.6962,4.99996,10.516666666666667
25.429074,54.675335,25.2774,54.6962,13.69384,23.978666666666665
25.429289,54.674826,25.2774,54.6962,13.64648,23.78933333333333
25.164972,54.707872,25.2774,54.6962,8.4001,16.733666666666668
25.252483,54.654109,25.2774,54.6962,7.66925,19.571666666666665
25.299743,54.718756,25.2774,54.6962,3.5294499999999998,8.321333333333333
25.302432,54.692825,25.2774,54.6962,2.51554,5.594666666666667
25.302432,54.692825,25.2774,54.6962,2.51554,5.594666666666667
25.302432,54.692825,25.2774,54.6962,2.51554,5.594666666666667
25.302432,54.692825,25.2774,54.6962,2.51554,5.594666666666667
25.302432,54.692825,25.2774,54.6962,2.51554,5.594666666666667
25.302432,54.692825,25.2774,54.6962,2.51554,5.594666666666667
25.302432,54.692825,25.2774,54.6962,2.51554,5.594666666666667
25.302432,54.692825,25.2774,54.6962,2.51554,5.594666666666667
25.302432,54.692825,25.2774,54.6962,2.51554,5.594666666666667
25.302432,54.692825,25.2774,54.6962,2.51554,5.594666666666667
25.302432,54.692825,25.2774,54.6962,2.51554,5.594666666666667
25.302432,54.692825,25.2774,54.6962,2.51554,5.594666666666667
25.302432,54.692825,25.2774,54.6962,2.51554,5.594666666666667
25.302432,54.692825,25.2774,54.6962,2.51554,5.594666666666667
25.302432,54.692825,25.2774,54.6962,2.51554,5.594666666666667
25.302432,54.692825,25.2774,54.6962,2.51554,5.594666666666667
