origin_lon,origin_lat,destination_lon,destination_lat,distance_km,duration_min
25.399667,54.69468,25.2877,54.6859,9.759549999999999,15.465
25.426335,54.687064,25.2877,54.6859,11.79058,18.84016666666667
25.249142,54.690532,25.2877,54.6859,2.89539,7.187166666666667
25.248883,54.734687,25.2877,54.6859,8.0716,15.655666666666667
25.282966,54.696846,25.2877,54.6859,1.71654,4.4495000000000005
25.282496,54.680436,25.2877,54.6859,0.8400299999999999,3.665
25.246695,54.632741,25.2877,54.6859,8.1433,19.658833333333334
25.288049,54.676779,25.2877,54.6859,2.8678000000000003,8.199833333333334
25.254827,54.67664,25.2877,54.6859,3.14941,7.8774999999999995
25.237943,54.727271,25.2877,54.6859,6.699109999999999,12.749666666666666
25.225473,54.707901,25.2877,54.6859,6.57863,13.0625
25.255551,54.630742,25.2877,54.6859,7.96436,19.165666666666667
25.246652,54.733912,25.2877,54.6859,7.88555,15.262666666666666
25.299153,54.701126,25.2877,54.6859,2.5902399999999997,6.251499999999999
25.362956,54.649853,25.2877,54.6859,9.961120000000001,17.767833333333332
25.423163,54.695341,25.2877,54.6859,10.79662,16.89966666666667
25.281568,54.664279,25.2877,54.6859,4.4320699999999995,11.530333333333335
25.274693,54.679066,25.2877,54.6859,2.73023,6.381166666666667
25.237943,54.727271,25.2877,54.6859,6.699109999999999,12.749666666666666
25.264218,54.741667,25.2877,54.6859,8.15412,14.322166666666668
25.280155,54.666716,25.2877,54.6859,4.2598400000000005,10.368333333333334
25.273809,54.658394,25.2877,54.6859,4.61597,11.310833333333333
25.280659,54.698949,25.2877,54.6859,1.9187100000000001,4.7669999999999995
25.40234,54.692728,25.2877,54.6859,9.676,15.207833333333333
25.292104,54.729413,25.2877,54.6859,5.11228,11.975833333333332
25.320296,54.675341,25.2877,54.6859,3.3995,8.6495
25.30843,54.669677,25.2877,54.6859,3.77181,9.696333333333333
25.290753,54.679467,25.2877,54.6859,1.42398,4.437833333333333
25.186363,54.711056,25.2877,54.6859,8.349860000000001,17.387
25.276907,54.701718,25.2877,54.6859,2.37322,6.248166666666666
25.303743,54.672785,25.2877,54.6859,3.13618,8.863333333333333
25.31668,54.711695,25.2877,54.6859,3.85473,7.0391666666666675
25.31668,54.711695,25.2877,54.6859,3.85473,7.0391666666666675
25.39652,54.711004,25.2877,54.6859,9.45287,18.037333333333333
25.247819,54.675908,25.2877,54.6859,3.81352,8.564
25.312367,54.727647,25.2877,54.6859,6.07376,11.320500000000001
25.280558,54.733002,25.2877,54.6859,6.10342,13.509666666666668
25.279182,54.699243,25.2877,54.6859,1.9878099999999999,5.371833333333333
25.356684,54.78385,25.2877,54.6859,14.928370000000001,28.2635
25.393985,54.694518,25.2877,54.6859,9.76366,15.792166666666667
25.275008,54.699185,25.2877,54.6859,2.25117,5.5945
25.236553,54.727097,25.2877,54.6859,6.81945,12.874166666666667
25.26282,54.680512,25.2877,54.6859,2.5630100000000002,6.6883333333333335
25.286034,54.680384,25.2877,54.6859,0.6831,2.9228333333333336
25.266432,54.689462,25.2877,54.6859,1.3546500000000001,3.8263333333333334
25.267814,54.671349,25.2877,54.6859,3.18305,7.672833333333333
25.23347,54.67438,25.2877,54.6859,5.597270000000001,13.7415
25.317072,54.67535,25.2877,54.6859,3.05787,7.845
25.286901,54.672497,25.2877,54.6859,2.7810799999999998,6.5395
25.275848,54.6793,25.2877,54.6859,2.15962,5.2615
25.29184,54.716837,25.2877,54.6859,3.8300799999999997,9.148166666666667
25.281369,54.675043,25.2877,54.6859,2.76323,7.883666666666667
25.272052,54.685827,25.2877,54.6859,2.1142800000000004,5.3228333333333335
25.272052,54.685827,25.2877,54.6859,2.1142800000000004,5.3228333333333335
25.272052,54.685827,25.2877,54.6859,2.1142800000000004,5.3228333333333335
25.275875,54.749851,25.2877,54.6859,8.016689999999999,15.832333333333334
25.292412,54.6763,25.2877,54.6859,1.81547,6.023
25.314589,54.683106,25.2877,54.6859,3.4077100000000002,7.643166666666667
25.30419,54.71722,25.2877,54.6859,4.211399999999999,8.936666666666667
25.214463,54.665973,25.2877,54.6859,6.76242,16.058333333333334
25.27885,54.701229,25.2877,54.6859,2.2306999999999997,6.343333333333334
25.278913,54.670903,25.2877,54.6859,2.98746,7.090999999999999
25.263367,54.6804,25.2877,54.6859,2.44992,6.236000000000001
25.271418,54.752431,25.2877,54.6859,9.461709999999998,15.807333333333334
25.283894,54.692445,25.2877,54.6859,1.07179,3.4133333333333336
25.25202,54.655056,25.2877,54.6859,6.88319,17.359333333333332
25.210195,54.646792,25.2877,54.6859,7.80429,14.207166666666666
25.239079,54.697609,25.2877,54.6859,4.328390000000001,9.340833333333334
25.288097,54.676613,25.2877,54.6859,2.88602,8.309166666666666
25.23115,54.713098,25.2877,54.6859,6.12967,12.073166666666667
25.2714,54.681445,25.2877,54.6859,2.22527,5.378
25.29586,54.67649,25.2877,54.6859,2.17677,5.767333333333334
25.271672,54.676127,25.2877,54.6859,2.9579299999999997,6.946833333333333
25.172427,54.704551,25.2877,54.6859,9.051860000000001,18.3885
25.172427,54.704551,25.2877,54.6859,9.051860000000001,18.3885
25.100793,54.669503,25.2877,54.6859,16.19948,22.217499999999998
25.100793,54.669503,25.2877,54.6859,16.19948,22.217499999999998
25.100793,54.669503,25.2877,54.6859,16.19948,22.217499999999998
25.100793,54.669503,25.2877,54.6859,16.19948,22.217499999999998
25.100793,54.669503,25.2877,54.6859,16.19948,22.217499999999998
25.100793,54.669503,25.2877,54.6859,16.19948,22.217499999999998
25.100793,54.669503,25.2877,54.6859,16.19948,22.217499999999998
25.100793,54.669503,25.2877,54.6859,16.19948,22.217499999999998
25.100793,54.669503,25.2877,54.6859,16.19948,22.217499999999998
25.100793,54.669503,25.2877,54.6859,16.19948,22.217499999999998
25.100793,54.669503,25.2877,54.6859,16.19948,22.217499999999998
25.280671,54.673085,25.2877,54.6859,2.68179,7.402833333333334
25.294944,54.673607,25.2877,54.6859,2.6130999999999998,6.875
25.288703,54.691391,25.2877,54.6859,0.63059,1.8458333333333334
25.278418,54.663824,25.2877,54.6859,4.307270000000001,10.929166666666667
25.301399,54.682373,25.2877,54.6859,1.6686500000000002,5.62
25.272052,54.685827,25.2877,54.6859,2.1142800000000004,5.3228333333333335
25.25263,54.702166,25.2877,54.6859,3.98229,8.232833333333334
25.25263,54.702166,25.2877,54.6859,3.98229,8.232833333333334
25.227319,54.718879,25.2877,54.6859,6.9716700000000005,12.978666666666667
25.40234,54.692728,25.2877,54.6859,9.676,15.207833333333333
25.277367,54.675282,25.2877,54.6859,2.39552,5.761333333333334
25.284895,54.672844,25.2877,54.6859,2.83055,6.905833333333334
25.314956,54.71405,25.2877,54.6859,4.0027,7.3385
25.247524,54.699149,25.2877,54.6859,3.61462,7.995166666666666
25.309373,54.666892,25.2877,54.6859,3.8337,10.013333333333332
25.26583,54.673868,25.2877,54.6859,3.06955,7.602333333333333
25.432488,54.687326,25.2877,54.6859,12.16351,19.418666666666663
25.286773,54.679815,25.2877,54.6859,0.75699,3.2485
25.301821,54.719108,25.2877,54.6859,4.698510000000001,9.750333333333334
25.26583,54.673868,25.2877,54.6859,3.06955,7.602333333333333
25.19924,54.645144,25.2877,54.6859,8.97874,16.658833333333334
25.281732,54.672257,25.2877,54.6859,2.91056,6.779166666666667
25.318485,54.67728,25.2877,54.6859,3.14429,8.594
25.196207,54.746916,25.2877,54.6859,11.17509,23.677333333333333
25.281583,54.682514,25.2877,54.6859,0.8563099999999999,3.754833333333333
25.27737,54.687383,25.2877,54.6859,0.61518,2.0516666666666667
25.303866,54.725506,25.2877,54.6859,5.19816,11.6885
25.265362,54.670898,25.2877,54.6859,3.34814,7.9558333333333335
25.247908,54.70049,25.2877,54.6859,4.87513,10.923333333333334
25.278657,54.671292,25.2877,54.6859,2.96806,7.0595
25.291691,54.707993,25.2877,54.6859,2.68753,6.3629999999999995
25.29469,54.692566,25.2877,54.6859,1.0394100000000002,2.6391666666666667
25.248832,54.700672,25.2877,54.6859,4.33369,9.378833333333334
25.28573,54.677294,25.2877,54.6859,2.6265500000000004,7.0715
25.40213,54.690595,25.2877,54.6859,9.970799999999999,15.891
25.31066,54.67905,25.2877,54.6859,2.64656,7.713333333333334
25.187043,54.714488,25.2877,54.6859,8.922559999999999,18.299500000000002
25.254635,54.698721,25.2877,54.6859,3.33486,7.6080000000000005
25.212599,54.749126,25.2877,54.6859,9.81175,18.253
25.212599,54.749126,25.2877,54.6859,9.81175,18.253
25.212599,54.749126,25.2877,54.6859,9.81175,18.253
25.212599,54.749126,25.2877,54.6859,9.81175,18.253
25.215513,54.735995,25.2877,54.6859,9.40474,17.276666666666664
25.267279,54.66963,25.2877,54.6859,3.46544,8.289333333333333
25.18188,54.704654,25.2877,54.6859,8.36612,17.2745
25.25124,54.697783,25.2877,54.6859,3.23875,7.1685
25.287548,54.669491,25.2877,54.6859,3.56082,9.2945
25.25761,54.692924,25.2877,54.6859,2.36816,6.468500000000001
25.410792,54.689285,25.2877,54.6859,10.486979999999999,16.7285
25.237246,54.734259,25.2877,54.6859,7.62698,14.2045
25.410792,54.689285,25.2877,54.6859,10.486979999999999,16.7285
25.23347,54.67438,25.2877,54.6859,5.597270000000001,13.7415
25.215053,54.738404,25.2877,54.6859,9.58856,17.709333333333333
25.40145,54.692202,25.2877,54.6859,9.780629999999999,15.434666666666667
25.267812,54.689362,25.2877,54.6859,1.30118,3.8495
25.273651,54.697696,25.2877,54.6859,2.21499,5.3101666666666665
25.278854,54.698918,25.2877,54.6859,1.949,5.2165
25.28191,54.675289,25.2877,54.6859,2.79256,8.0675
25.294871,54.723452,25.2877,54.6859,4.32443,10.345833333333333
25.276533,54.677028,25.2877,54.6859,2.19227,5.273666666666667
25.243492,54.697523,25.2877,54.6859,3.76594,8.507666666666667
25.060396,54.62532,25.2877,54.6859,18.808970000000002,29.07283333333333
25.272052,54.685827,25.2877,54.6859,2.1142800000000004,5.3228333333333335
25.243721,54.668352,25.2877,54.6859,4.49121,10.585
25.432488,54.687326,25.2877,54.6859,12.16351,19.418666666666663
25.267425,54.682291,25.2877,54.6859,2.05895,5.318666666666667
25.165151,54.713529,25.2877,54.6859,10.1753,20.887
25.228685,54.741477,25.2877,54.6859,8.33037,15.699333333333334
25.28168,54.68087,25.2877,54.6859,1.85945,5.668333333333334
25.25202,54.701565,25.2877,54.6859,4.27535,9.196499999999999
25.284594,54.676247,25.2877,54.6859,2.4713600000000002,6.140333333333333
25.215718,54.714454,25.2877,54.6859,7.843649999999999,14.573666666666666
25.17549,54.713655,25.2877,54.6859,8.96698,18.107333333333333
25.437656,54.695315,25.2877,54.6859,11.73815,18.85216666666667
25.09564,54.666969,25.2877,54.6859,16.72315,23.833000000000002
25.161998,54.706027,25.2877,54.6859,9.98601,20.984666666666666
25.207286,54.674394,25.2877,54.6859,7.80785,16.2915
25.213616,54.715653,25.2877,54.6859,7.7846,14.553666666666667
25.275263,54.701861,25.2877,54.6859,2.58324,6.2156666666666665
25.277993,54.719296,25.2877,54.6859,4.93567,11.317666666666666
25.276636,54.703704,25.2877,54.6859,2.82783,6.385833333333333
25.22359,54.719625,25.2877,54.6859,7.64887,14.130833333333333
25.264132,54.6866,25.2877,54.6859,1.75148,4.665166666666667
25.278657,54.671292,25.2877,54.6859,2.96806,7.0595
25.286817,54.704503,25.2877,54.6859,2.4876,6.343500000000001
25.109999,54.651305,25.2877,54.6859,15.352540000000001,26.874666666666666
25.429428,54.686559,25.2877,54.6859,11.82483,19.08833333333333
25.429428,54.686559,25.2877,54.6859,11.82483,19.08833333333333
25.429428,54.686559,25.2877,54.6859,11.82483,19.08833333333333
25.429428,54.686559,25.2877,54.6859,11.82483,19.08833333333333
25.429428,54.686559,25.2877,54.6859,11.82483,19.08833333333333
25.429428,54.686559,25.2877,54.6859,11.82483,19.08833333333333
25.429428,54.686559,25.2877,54.6859,11.82483,19.08833333333333
25.429428,54.686559,25.2877,54.6859,11.82483,19.08833333333333
25.429428,54.686559,25.2877,54.6859,11.82483,19.08833333333333
25.429428,54.686559,25.2877,54.6859,11.82483,19.08833333333333
25.429428,54.686559,25.2877,54.6859,11.82483,19.08833333333333
25.429428,54.686559,25.2877,54.6859,11.82483,19.08833333333333
25.429428,54.686559,25.2877,54.6859,11.82483,19.08833333333333
25.429428,54.686559,25.2877,54.6859,11.82483,19.08833333333333
25.429428,54.686559,25.2877,54.6859,11.82483,19.08833333333333
25.429428,54.686559,25.2877,54.6859,11.82483,19.08833333333333
25.429428,54.686559,25.2877,54.6859,11.82483,19.08833333333333
25.429428,54.686559,25.2877,54.6859,11.82483,19.08833333333333
25.429428,54.686559,25.2877,54.6859,11.82483,19.08833333333333
25.320296,54.675341,25.2877,54.6859,3.3995,8.6495
25.293989,54.67646,25.2877,54.6859,1.91672,6.428
25.293989,54.67646,25.2877,54.6859,1.91672,6.428
25.376965,54.694597,25.2877,54.6859,7.792800000000001,12.972333333333333
25.281075,54.702403,25.2877,54.6859,2.27355,5.492
25.253948,54.73968,25.2877,54.6859,8.46704,16.702666666666666
25.17456,54.711894,25.2877,54.6859,8.779309999999999,17.631333333333334
25.295876,54.693449,25.2877,54.6859,1.26535,3.5128333333333335
25.28599,54.675016,25.2877,54.6859,3.1486199999999998,9.495166666666668
25.26946,54.693368,25.2877,54.6859,1.71295,3.8135
25.322964,54.734012,25.2877,54.6859,6.84715,13.027166666666666
25.280608,54.661395,25.2877,54.6859,4.78424,12.272333333333334
25.243492,54.697523,25.2877,54.6859,3.76594,8.507666666666667
25.243492,54.697523,25.2877,54.6859,3.76594,8.507666666666667
25.27248,54.703189,25.2877,54.6859,3.10389,7.201833333333334
25.267015,54.670351,25.2877,54.6859,3.38363,8.093
25.277748,54.67723,25.2877,54.6859,2.3257600000000003,5.763999999999999
25.246886,54.668959,25.2877,54.6859,4.49022,10.4675
25.410792,54.689285,25.2877,54.6859,10.486979999999999,16.7285
25.272424,54.664057,25.2877,54.6859,4.69554,12.012166666666667
25.284137,54.68647,25.2877,54.6859,0.16946,0.6403333333333333
25.218183,54.702075,25.2877,54.6859,5.91583,13.219166666666666
25.267288,54.674236,25.2877,54.6859,3.03423,7.494166666666667
25.1871,54.713778,25.2877,54.6859,8.84817,18.083000000000002
25.39652,54.711004,25.2877,54.6859,9.45287,18.037333333333333
25.267288,54.674236,25.2877,54.6859,3.03423,7.494166666666667
25.307491,54.700492,25.2877,54.6859,2.47133,5.149166666666667
25.278551,54.670363,25.2877,54.6859,3.0586100000000003,7.2956666666666665
25.316896,54.677245,25.2877,54.6859,3.06673,8.375499999999999
25.282647,54.688517,25.2877,54.6859,0.39055,1.7938333333333332
25.289063,54.717603,25.2877,54.6859,4.07103,10.259166666666665
25.304856,54.692219,25.2877,54.6859,1.6954200000000001,3.8449999999999998
25.22362,54.726128,25.2877,54.6859,7.9369700000000005,15.219
25.275827,54.696402,25.2877,54.6859,1.84528,4.334833333333333
25.29041,54.679483,25.2877,54.6859,1.44098,4.489333333333334
25.2557,54.694315,25.2877,54.6859,2.46745,6.521166666666667
25.301821,54.719108,25.2877,54.6859,4.698510000000001,9.750333333333334
25.240621,54.698804,25.2877,54.6859,4.10885,9.4795
25.267288,54.674236,25.2877,54.6859,3.03423,7.494166666666667
25.239079,54.697609,25.2877,54.6859,4.328390000000001,9.340833333333334
25.297939,54.72154,25.2877,54.6859,4.349489999999999,10.509666666666668
25.226092,54.694364,25.2877,54.6859,6.40259,13.566333333333334
25.273839,54.682559,25.2877,54.6859,1.64701,4.330166666666667
25.21129,54.691254,25.2877,54.6859,6.99904,14.402833333333332
25.263796,54.754269,25.2877,54.6859,9.54499,15.711666666666668
25.269207,54.688142,25.2877,54.6859,1.31795,3.7983333333333333
25.268391,54.664229,25.2877,54.6859,4.13566,10.543666666666667
25.268391,54.664229,25.2877,54.6859,4.13566,10.543666666666667
25.268391,54.664229,25.2877,54.6859,4.13566,10.543666666666667
25.268391,54.664229,25.2877,54.6859,4.13566,10.543666666666667
25.348443,54.648712,25.2877,54.6859,7.52797,16.962833333333332
25.351816,54.727978,25.2877,54.6859,7.638229999999999,14.039166666666667
25.273651,54.697696,25.2877,54.6859,2.21499,5.3101666666666665
25.241411,54.69706,25.2877,54.6859,4.00421,9.043833333333334
25.40234,54.692728,25.2877,54.6859,9.676,15.207833333333333
25.271468,54.679168,25.2877,54.6859,2.70804,6.4525
25.234285,54.674768,25.2877,54.6859,5.56007,13.592666666666666
25.212391,54.710955,25.2877,54.6859,8.028979999999999,14.572333333333335
25.27677,54.702298,25.2877,54.6859,2.39686,6.272666666666667
25.281484,54.679972,25.2877,54.6859,1.27908,5.757833333333334
25.277814,54.634542,25.2877,54.6859,7.6271,18.107833333333335
25.273663,54.691121,25.2877,54.6859,1.39196,3.3161666666666667
25.222482,54.704649,25.2877,54.6859,6.01177,12.744333333333334
25.2884,54.678688,25.2877,54.6859,2.9335,8.629999999999999
25.296192,54.708972,25.2877,54.6859,3.1087,7.260166666666667
25.252078,54.725048,25.2877,54.6859,7.10426,13.929
25.226027,54.736248,25.2877,54.6859,8.08766,14.970666666666666
25.266828,54.673275,25.2877,54.6859,3.00867,7.309333333333333
25.276935,54.688818,25.2877,54.6859,0.81232,2.5805000000000002
25.275662,54.670301,25.2877,54.6859,3.09607,7.4431666666666665
25.310892,54.67927,25.2877,54.6859,2.87616,7.728666666666667
25.312301,54.671512,25.2877,54.6859,3.23078,9.529833333333332
25.274728,54.729849,25.2877,54.6859,5.75056,12.785166666666667
25.27502,54.691028,25.2877,54.6859,1.31429,3.1375
25.416475,54.751617,25.2877,54.6859,14.43122,24.407833333333333
25.416475,54.751617,25.2877,54.6859,14.43122,24.407833333333333
25.220766,54.682515,25.2877,54.6859,7.4726300000000005,15.984833333333334
25.220766,54.682515,25.2877,54.6859,7.4726300000000005,15.984833333333334
25.220766,54.682515,25.2877,54.6859,7.4726300000000005,15.984833333333334
25.287748,54.683698,25.2877,54.6859,0.34587,1.4793333333333334
25.302307,54.739693,25.2877,54.6859,7.49345,14.599333333333334
25.323262,54.686331,25.2877,54.6859,3.8730100000000003,7.113333333333333
25.218603,54.6506,25.2877,54.6859,7.13006,13.427999999999999
25.212599,54.749126,25.2877,54.6859,9.81175,18.253
25.274738,54.675007,25.2877,54.6859,2.5636799999999997,6.165
25.415472,54.689572,25.2877,54.6859,10.572940000000001,17.221999999999998
25.282496,54.680436,25.2877,54.6859,0.8400299999999999,3.665
25.202822,54.685816,25.2877,54.6859,8.59412,14.965166666666667
25.251169,54.674738,25.2877,54.6859,3.52187,8.512333333333334
25.429428,54.686559,25.2877,54.6859,11.82483,19.08833333333333
25.317404,54.700192,25.2877,54.6859,3.0496,7.2748333333333335
25.257268,54.679063,25.2877,54.6859,3.15619,8.7035
25.317597,54.716268,25.2877,54.6859,4.31525,7.790166666666667
25.245515,54.725559,25.2877,54.6859,6.348859999999999,12.657
25.407952,54.689731,25.2877,54.6859,10.49733,17.006166666666665
25.31807,54.719759,25.2877,54.6859,4.73267,8.5295
25.319622,54.722127,25.2877,54.6859,5.5024,10.360666666666667
25.30154,54.708502,25.2877,54.6859,3.8961,7.8625
25.234285,54.674768,25.2877,54.6859,5.56007,13.592666666666666
25.234285,54.674768,25.2877,54.6859,5.56007,13.592666666666666
25.246029,54.674181,25.2877,54.6859,4.2783999999999995,9.636333333333333
25.348549,54.722628,25.2877,54.6859,7.385800000000001,14.712166666666667
25.19924,54.645144,25.2877,54.6859,8.97874,16.658833333333334
25.308997,54.701766,25.2877,54.6859,2.82111,6.467666666666667
25.295512,54.699561,25.2877,54.6859,2.94742,6.307166666666666
25.278945,54.680022,25.2877,54.6859,1.45516,6.589166666666667
25.23347,54.67438,25.2877,54.6859,5.597270000000001,13.7415
25.265362,54.670898,25.2877,54.6859,3.34814,7.9558333333333335
25.27509,54.687908,25.2877,54.6859,0.77216,2.4285
25.215533,54.6899,25.2877,54.6859,6.55791,14.039833333333332
25.258643,54.680986,25.2877,54.6859,2.94951,7.876833333333334
25.23879,54.719117,25.2877,54.6859,6.63833,13.465833333333334
25.264534,54.691743,25.2877,54.6859,1.7639,4.609333333333334
25.27334,54.726895,25.2877,54.6859,5.91193,13.145833333333334
25.270212,54.68802,25.2877,54.6859,1.3824,3.9530000000000003
25.276591,54.700376,25.2877,54.6859,2.18016,5.752666666666667
25.342399,54.717036,25.2877,54.6859,6.46905,13.033999999999999
25.182581,54.712851,25.2877,54.6859,8.461469999999998,17.227833333333333
25.279457,54.687761,25.2877,54.6859,0.56496,2.013333333333333
25.302833,54.679489,25.2877,54.6859,1.97499,6.2275
25.211866,54.671477,25.2877,54.6859,7.7938,16.167166666666667
25.26583,54.673868,25.2877,54.6859,3.06955,7.602333333333333
25.274966,54.681238,25.2877,54.6859,2.14007,5.327666666666667
25.274966,54.681238,25.2877,54.6859,2.14007,5.327666666666667
25.274966,54.681238,25.2877,54.6859,2.14007,5.327666666666667
25.293515,54.672047,25.2877,54.6859,3.3609299999999998,9.480666666666668
25.234656,54.722507,25.2877,54.6859,6.77576,13.046833333333332
25.313788,54.678233,25.2877,54.6859,2.8553,7.407
25.239067,54.723146,25.2877,54.6859,6.27796,11.959
25.320906,54.724429,25.2877,54.6859,5.56543,10.399666666666667
25.210939,54.718504,25.2877,54.6859,7.59206,14.353666666666667
25.282369,54.684251,25.2877,54.6859,0.43854000000000004,1.9516666666666667
25.279619,54.720352,25.2877,54.6859,4.66886,11.518833333333333
25.274204,54.678107,25.2877,54.6859,2.55507,6.029
25.274531,54.744354,25.2877,54.6859,7.26371,14.773
25.277702,54.732708,25.2877,54.6859,5.85702,12.702333333333334
25.274729,54.674277,25.2877,54.6859,3.01009,6.963666666666667
25.31076,54.702543,25.2877,54.6859,3.3445,6.998166666666666
25.280181,54.677809,25.2877,54.6859,1.34993,6.183000000000001
25.220239,54.708649,25.2877,54.6859,7.22296,13.3345
25.337374,54.734828,25.2877,54.6859,6.87407,12.5945
25.28787,54.715871,25.2877,54.6859,4.18785,9.8735
25.116631,54.648183,25.2877,54.6859,14.50358,24.736666666666668
25.274869,54.703606,25.2877,54.6859,2.93203,6.5216666666666665
25.306524,54.693036,25.2877,54.6859,1.75883,4.1306666666666665
25.21751,54.730497,25.2877,54.6859,8.46008,15.501333333333333
25.24425,54.724453,25.2877,54.6859,6.25498,12.441666666666666
25.35866,54.714202,25.2877,54.6859,7.045229999999999,15.3875
25.288258,54.708266,25.2877,54.6859,2.66377,5.9815
25.297038,54.698147,25.2877,54.6859,2.8585100000000003,6.116666666666666
25.261758,54.67183,25.2877,54.6859,3.3041799999999997,8.089166666666667
25.319622,54.722127,25.2877,54.6859,5.5024,10.360666666666667
25.391831,54.710559,25.2877,54.6859,9.20044,17.188333333333333
25.260323,54.696307,25.2877,54.6859,3.39698,7.747166666666667
25.210426,54.696146,25.2877,54.6859,6.3412,13.165333333333333
25.228574,54.731438,25.2877,54.6859,7.56624,14.615333333333332
25.290807,54.674321,25.2877,54.6859,2.68179,6.713666666666667
25.225343,54.712074,25.2877,54.6859,6.78347,12.661666666666667
25.300391,54.678996,25.2877,54.6859,1.80417,5.655
25.219358,54.740383,25.2877,54.6859,8.89769,16.977
25.219358,54.740383,25.2877,54.6859,8.89769,16.977
25.293033,54.709315,25.2877,54.6859,2.7989699999999997,6.569999999999999
25.291286,54.714682,25.2877,54.6859,3.94481,9.522666666666668
25.310732,54.703783,25.2877,54.6859,2.7834,5.254333333333333
25.224717,54.694109,25.2877,54.6859,6.31436,13.375833333333333
25.421545,54.685933,25.2877,54.6859,11.24974,17.77466666666667
25.40083,54.692489,25.2877,54.6859,9.82251,15.535166666666667
25.223768,54.708497,25.2877,54.6859,7.41931,13.753166666666667
25.263426,54.754527,25.2877,54.6859,9.604719999999999,15.877166666666666
25.279457,54.687761,25.2877,54.6859,0.56496,2.013333333333333
25.421296,54.686702,25.2877,54.6859,11.31813,18.048166666666667
25.267834,54.731217,25.2877,54.6859,6.318770000000001,13.637
25.319928,54.689123,25.2877,54.6859,3.53071,7.4126666666666665
25.283358,54.684977,25.2877,54.6859,0.28873000000000004,1.2606666666666666
25.240431,54.698186,25.2877,54.6859,4.03618,9.140666666666668
25.181673,54.712007,25.2877,54.6859,8.39096,17.058333333333334
25.25414,54.682088,25.2877,54.6859,2.84682,6.857166666666667
25.249467,54.701191,25.2877,54.6859,4.24241,9.109
25.204654,54.688144,25.2877,54.6859,7.39563,15.068333333333333
25.277597,54.683044,25.2877,54.6859,1.39969,3.7503333333333333
25.277466,54.702177,25.2877,54.6859,2.50649,6.177499999999999
25.28787,54.715871,25.2877,54.6859,4.18785,9.8735
25.274361,54.700342,25.2877,54.6859,2.58493,6.2205
25.283894,54.692445,25.2877,54.6859,1.07179,3.4133333333333336
25.429428,54.686559,25.2877,54.6859,11.82483,19.08833333333333
25.303881,54.686971,25.2877,54.6859,2.34429,5.167666666666666
25.177236,54.715567,25.2877,54.6859,9.165629999999998,18.596999999999998
25.286694,54.687068,25.2877,54.6859,0.10362,0.43033333333333335
25.284905,54.660137,25.2877,54.6859,4.90068,12.542833333333334
25.317993,54.677762,25.2877,54.6859,3.1872399999999996,8.765833333333335
25.265717,54.676179,25.2877,54.6859,2.8962600000000003,7.285
25.27574,54.679871,25.2877,54.6859,2.22004,5.4831666666666665
25.393602,54.793776,25.2877,54.6859,15.71514,23.1955
25.277597,54.683044,25.2877,54.6859,1.39969,3.7503333333333333
25.265891,54.671003,25.2877,54.6859,3.31219,7.894166666666666
25.21925,54.741841,25.2877,54.6859,8.86375,16.954833333333333
25.21212,54.718666,25.2877,54.6859,7.469390000000001,13.743166666666667
25.21212,54.718666,25.2877,54.6859,7.469390000000001,13.743166666666667
25.289548,54.67914,25.2877,54.6859,1.522,4.8983333333333325
25.278913,54.670903,25.2877,54.6859,2.98746,7.090999999999999
25.234393,54.717802,25.2877,54.6859,6.53705,13.374166666666667
25.189628,54.707283,25.2877,54.6859,7.70815,16.032333333333334
25.256211,54.737953,25.2877,54.6859,8.27576,15.937666666666667
25.220426,54.727783,25.2877,54.6859,8.48808,15.668833333333334
25.225748,54.715467,25.2877,54.6859,6.6583000000000006,12.463333333333333
25.29896,54.720673,25.2877,54.6859,4.12432,9.740666666666668
25.241359,54.736461,25.2877,54.6859,8.24447,15.597666666666667
25.269826,54.664068,25.2877,54.6859,4.45963,11.249
25.416864,54.68593,25.2877,54.6859,11.09604,17.547666666666665
25.26292,54.672587,25.2877,54.6859,3.29785,8.172166666666666
25.203102,54.687801,25.2877,54.6859,7.39355,15.225
25.289,54.682918,25.2877,54.6859,0.73334,3.1155
25.223195,54.738766,25.2877,54.6859,8.63535,16.857666666666667
25.432488,54.687326,25.2877,54.6859,12.16351,19.418666666666663
25.173775,54.702832,25.2877,54.6859,9.26963,18.269166666666667
25.302998,54.683836,25.2877,54.6859,1.87082,6.373166666666666
25.283905,54.712915,25.2877,54.6859,3.48923,8.891166666666667
25.27101,54.659601,25.2877,54.6859,4.61076,11.360833333333334
25.291907,54.684913,25.2877,54.6859,1.12646,3.8543333333333334
25.336995,54.729879,25.2877,54.6859,6.91855,13.240333333333332
25.336995,54.729879,25.2877,54.6859,6.91855,13.240333333333332
25.27702,54.675695,25.2877,54.6859,2.34361,5.636833333333333
25.262432,54.677956,25.2877,54.6859,2.8041799999999997,7.379833333333334
25.267288,54.674236,25.2877,54.6859,3.03423,7.494166666666667
25.305124,54.676143,25.2877,54.6859,2.23073,6.309166666666667
25.259989,54.657545,25.2877,54.6859,6.271310000000001,14.911833333333334
25.2745,54.668792,25.2877,54.6859,3.3074899999999996,7.949833333333333
25.266737,54.690506,25.2877,54.6859,1.54145,4.274666666666667
25.302833,54.679489,25.2877,54.6859,1.97499,6.2275
25.262019,54.679031,25.2877,54.6859,2.68716,6.911666666666666
25.253652,54.700598,25.2877,54.6859,4.09082,9.375333333333334
25.264073,54.673128,25.2877,54.6859,3.21798,8.196
25.270498,54.660656,25.2877,54.6859,4.57945,11.470666666666666
25.323262,54.686331,25.2877,54.6859,3.8730100000000003,7.113333333333333
25.196748,54.655796,25.2877,54.6859,8.57748,23.14816666666667
25.269899,54.739413,25.2877,54.6859,8.06399,14.586333333333332
25.270715,54.728605,25.2877,54.6859,5.86922,12.895833333333334
25.263342,54.692096,25.2877,54.6859,2.53473,6.1935
25.249667,54.708185,25.2877,54.6859,5.34945,11.119166666666667
25.272052,54.685827,25.2877,54.6859,2.1142800000000004,5.3228333333333335
25.250184,54.723758,25.2877,54.6859,7.07322,14.027166666666666
25.267288,54.674236,25.2877,54.6859,3.03423,7.494166666666667
25.318738,54.729931,25.2877,54.6859,6.1864099999999995,11.171
25.250503,54.677158,25.2877,54.6859,3.8057800000000004,8.561333333333332
25.255405,54.700448,25.2877,54.6859,3.98252,8.942
25.267288,54.674236,25.2877,54.6859,3.03423,7.494166666666667
25.275827,54.696402,25.2877,54.6859,1.84528,4.334833333333333
25.21877,54.732013,25.2877,54.6859,8.60041,15.557666666666668
25.221441,54.726271,25.2877,54.6859,8.13832,15.687999999999999
25.261224,54.609448,25.2877,54.6859,13.27126,23.5965
25.257314,54.673255,25.2877,54.6859,3.77388,10.076333333333334
25.294338,54.674848,25.2877,54.6859,2.4942399999999996,6.3790000000000004
25.275123,54.684905,25.2877,54.6859,1.15666,3.4421666666666666
25.226602,54.743512,25.2877,54.6859,8.7008,16.898666666666667
25.4221,54.690137,25.2877,54.6859,10.94291,17.893833333333337
25.26732,54.661184,25.2877,54.6859,4.6578,11.984
25.229111,54.705263,25.2877,54.6859,6.45025,12.805333333333333
25.287506,54.717581,25.2877,54.6859,4.43424,10.4475
25.09095,54.669249,25.2877,54.6859,17.094990000000003,24.948500000000003
25.265342,54.686123,25.2877,54.6859,1.7648,4.979333333333333
25.188841,54.659938,25.2877,54.6859,8.84058,18.593166666666665
25.307773,54.701332,25.2877,54.6859,2.70035,5.984666666666667
25.316702,54.727529,25.2877,54.6859,5.49799,10.066
25.282496,54.680436,25.2877,54.6859,0.8400299999999999,3.665
25.275953,54.738167,25.2877,54.6859,6.43744,13.902
25.252215,54.67813,25.2877,54.6859,3.34874,8.560166666666667
25.286184,54.698953,25.2877,54.6859,1.51723,3.8861666666666665
25.378973,54.692531,25.2877,54.6859,10.33166,16.181333333333335
25.212093,54.710143,25.2877,54.6859,8.01767,14.538333333333332
25.287795,54.676964,25.2877,54.6859,2.84273,8.0925
25.294861,54.693295,25.2877,54.6859,1.2327000000000001,3.4123333333333337
25.294861,54.693295,25.2877,54.6859,1.2327000000000001,3.4123333333333337
25.294861,54.693295,25.2877,54.6859,1.2327000000000001,3.4123333333333337
25.294861,54.693295,25.2877,54.6859,1.2327000000000001,3.4123333333333337
25.294861,54.693295,25.2877,54.6859,1.2327000000000001,3.4123333333333337
25.294861,54.693295,25.2877,54.6859,1.2327000000000001,3.4123333333333337
25.282911,54.698434,25.2877,54.6859,1.7782,4.373500000000001
25.277957,54.740581,25.2877,54.6859,6.76404,14.257666666666667
25.267428,54.68195,25.2877,54.6859,2.12211,5.5195
25.27119,54.726075,25.2877,54.6859,6.4418,14.591333333333333
25.250287,54.728055,25.2877,54.6859,7.61742,15.174333333333333
25.219798,54.74231,25.2877,54.6859,8.971680000000001,17.3865
25.39652,54.711004,25.2877,54.6859,9.45287,18.037333333333333
25.290859,54.697788,25.2877,54.6859,1.53393,4.0855
25.240028,54.671503,25.2877,54.6859,4.36022,9.6835
25.272205,54.682213,25.2877,54.6859,1.78986,4.738833333333333
25.188029,54.660121,25.2877,54.6859,8.91484,18.923000000000002
25.286241,54.707286,25.2877,54.6859,2.922,6.805666666666666
25.343981,54.774919,25.2877,54.6859,13.597280000000001,24.957333333333334
25.280282,54.6769,25.2877,54.6859,2.13403,5.192166666666666
25.277865,54.67651,25.2877,54.6859,2.25613,5.659000000000001
25.295876,54.693449,25.2877,54.6859,1.26535,3.5128333333333335
25.295249,54.709115,25.2877,54.6859,3.1713299999999998,7.4479999999999995
25.305024,54.71313,25.2877,54.6859,3.6269400000000003,7.218333333333334
25.259636,54.754066,25.2877,54.6859,9.810690000000001,16.194333333333333
25.286184,54.698953,25.2877,54.6859,1.51723,3.8861666666666665
25.274204,54.678107,25.2877,54.6859,2.55507,6.029
25.299057,54.725847,25.2877,54.6859,5.25444,10.772
25.210692,54.716469,25.2877,54.6859,7.8455699999999995,15.052
25.307414,54.716731,25.2877,54.6859,4.13802,8.635833333333332
25.28075,54.674204,25.2877,54.6859,2.6526799999999997,7.228166666666667
25.302273,54.704927,25.2877,54.6859,2.995,6.8725000000000005
25.193148,54.666636,25.2877,54.6859,7.94289,16.158833333333334
25.183617,54.703924,25.2877,54.6859,8.107149999999999,17.20716666666667
25.254304,54.727157,25.2877,54.6859,7.2301,13.859666666666667
25.214162,54.718778,25.2877,54.6859,7.33774,13.546166666666666
25.284895,54.672844,25.2877,54.6859,2.83055,6.905833333333334
25.222893,54.722082,25.2877,54.6859,7.73545,14.411166666666666
25.257268,54.679063,25.2877,54.6859,3.15619,8.7035
25.300065,54.708763,25.2877,54.6859,3.3491999999999997,7.732833333333334
25.300065,54.708763,25.2877,54.6859,3.3491999999999997,7.732833333333334
25.300065,54.708763,25.2877,54.6859,3.3491999999999997,7.732833333333334
25.300065,54.708763,25.2877,54.6859,3.3491999999999997,7.732833333333334
25.300065,54.708763,25.2877,54.6859,3.3491999999999997,7.732833333333334
25.300065,54.708763,25.2877,54.6859,3.3491999999999997,7.732833333333334
25.300065,54.708763,25.2877,54.6859,3.3491999999999997,7.732833333333334
25.300065,54.708763,25.2877,54.6859,3.3491999999999997,7.732833333333334
25.300065,54.708763,25.2877,54.6859,3.3491999999999997,7.732833333333334
25.300065,54.708763,25.2877,54.6859,3.3491999999999997,7.732833333333334
25.300065,54.708763,25.2877,54.6859,3.3491999999999997,7.732833333333334
25.255429,54.692191,25.2877,54.6859,2.30782,6.3145
25.309825,54.682775,25.2877,54.6859,2.98328,6.857166666666667
25.253421,54.711127,25.2877,54.6859,5.24442,10.3735
25.302833,54.679489,25.2877,54.6859,1.97499,6.2275
25.2567,54.703957,25.2877,54.6859,3.7539000000000002,7.798
25.2567,54.703957,25.2877,54.6859,3.7539000000000002,7.798
25.2567,54.703957,25.2877,54.6859,3.7539000000000002,7.798
25.2567,54.703957,25.2877,54.6859,3.7539000000000002,7.798
25.2567,54.703957,25.2877,54.6859,3.7539000000000002,7.798
25.2567,54.703957,25.2877,54.6859,3.7539000000000002,7.798
25.2567,54.703957,25.2877,54.6859,3.7539000000000002,7.798
25.2567,54.703957,25.2877,54.6859,3.7539000000000002,7.798
25.2567,54.703957,25.2877,54.6859,3.7539000000000002,7.798
25.2567,54.703957,25.2877,54.6859,3.7539000000000002,7.798
25.293006,54.674926,25.2877,54.6859,2.50213,6.331166666666666
25.30377,54.666765,25.2877,54.6859,3.51654,9.288333333333332
25.186105,54.706551,25.2877,54.6859,7.80711,16.158666666666665
25.215484,54.682879,25.2877,54.6859,8.00548,15.812666666666667
25.283095,54.66133,25.2877,54.6859,4.89915,12.632166666666667
25.276281,54.670056,25.2877,54.6859,3.1417100000000002,7.552666666666667
25.282648,54.67498,25.2877,54.6859,2.42763,5.878
25.39683,54.695052,25.2877,54.6859,9.54569,14.934333333333333
25.278748,54.728788,25.2877,54.6859,5.34752,11.997666666666667
25.284399,54.665804,25.2877,54.6859,4.13718,10.848166666666666
25.23115,54.713098,25.2877,54.6859,6.12967,12.073166666666667
25.23115,54.713098,25.2877,54.6859,6.12967,12.073166666666667
25.214295,54.722866,25.2877,54.6859,7.98289,15.024166666666668
25.289613,54.674014,25.2877,54.6859,2.74798,6.932833333333334
25.249667,54.708185,25.2877,54.6859,5.34945,11.119166666666667
25.261746,54.676283,25.2877,54.6859,3.08423,8.081833333333334
25.261746,54.676283,25.2877,54.6859,3.08423,8.081833333333334
25.20913,54.67206,25.2877,54.6859,7.70625,15.959666666666667
25.319184,54.718579,25.2877,54.6859,4.62713,8.267333333333333
25.373154,54.729184,25.2877,54.6859,9.69346,17.948666666666668
25.279712,54.705628,25.2877,54.6859,2.9664200000000003,7.544
25.209325,54.676164,25.2877,54.6859,7.3636,15.83
25.18604,54.70381,25.2877,54.6859,7.9491700000000005,16.575166666666668
25.259166,54.657314,25.2877,54.6859,6.27252,14.916666666666666
25.259166,54.657314,25.2877,54.6859,6.27252,14.916666666666666
25.259166,54.657314,25.2877,54.6859,6.27252,14.916666666666666
25.259166,54.657314,25.2877,54.6859,6.27252,14.916666666666666
25.259166,54.657314,25.2877,54.6859,6.27252,14.916666666666666
25.259166,54.657314,25.2877,54.6859,6.27252,14.916666666666666
25.291332,54.67504,25.2877,54.6859,1.97495,6.9995
25.281732,54.672257,25.2877,54.6859,2.91056,6.779166666666667
25.317703,54.687796,25.2877,54.6859,3.34811,6.963666666666667
25.177236,54.715567,25.2877,54.6859,9.165629999999998,18.596999999999998
25.307014,54.678207,25.2877,54.6859,2.51208,7.027833333333334
25.270457,54.739803,25.2877,54.6859,8.1762,15.035166666666667
25.309538,54.682236,25.2877,54.6859,3.03992,7.193833333333333
25.15119,54.619174,25.2877,54.6859,15.45181,26.952833333333334
25.289309,54.706433,25.2877,54.6859,2.44625,5.6635
25.308644,54.672977,25.2877,54.6859,3.2193,9.118333333333334
25.308644,54.672977,25.2877,54.6859,3.2193,9.118333333333334
25.25263,54.702166,25.2877,54.6859,3.98229,8.232833333333334
25.25263,54.702166,25.2877,54.6859,3.98229,8.232833333333334
25.259242,54.677696,25.2877,54.6859,2.97987,8.0825
25.15119,54.619174,25.2877,54.6859,15.45181,26.952833333333334
25.272528,54.709505,25.2877,54.6859,3.65433,9.0315
25.317504,54.676134,25.2877,54.6859,3.16567,8.276166666666667
25.283212,54.763339,25.2877,54.6859,11.3178,18.569666666666667
25.254267,54.700338,25.2877,54.6859,4.04186,9.179333333333334
25.306063,54.693124,25.2877,54.6859,1.68368,3.8886666666666665
25.32038,54.677276,25.2877,54.6859,3.26778,9.088
25.266661,54.678629,25.2877,54.6859,2.6475,6.496333333333333
25.306216,54.684639,25.2877,54.6859,2.7368200000000003,5.499666666666667
25.175874,54.702045,25.2877,54.6859,9.024479999999999,17.88266666666667
25.214841,54.672588,25.2877,54.6859,7.61122,16.189833333333333
25.266801,54.739966,25.2877,54.6859,8.03389,14.348333333333333
25.275827,54.696402,25.2877,54.6859,1.84528,4.334833333333333
25.263342,54.692096,25.2877,54.6859,2.53473,6.1935
25.263342,54.692096,25.2877,54.6859,2.53473,6.1935
25.319422,54.677381,25.2877,54.6859,3.25014,9.030833333333334
25.442351,54.694177,25.2877,54.6859,12.12617,19.89816666666667
25.26963,54.690842,25.2877,54.6859,1.4223299999999999,4.0681666666666665
25.320704,54.706684,25.2877,54.6859,3.86917,8.165833333333333
25.28541,54.719834,25.2877,54.6859,4.34417,10.488499999999998
25.391359,54.709976,25.2877,54.6859,9.16672,17.0535
25.274218,54.703008,25.2877,54.6859,3.00375,6.693666666666667
25.391359,54.709976,25.2877,54.6859,9.16672,17.0535
25.391359,54.709976,25.2877,54.6859,9.16672,17.0535
25.200472,54.673357,25.2877,54.6859,7.76477,16.018166666666666
25.272052,54.685827,25.2877,54.6859,2.1142800000000004,5.3228333333333335
25.279554,54.71085,25.2877,54.6859,3.4035300000000004,8.453
25.217371,54.731053,25.2877,54.6859,8.470540000000002,15.509333333333332
25.208849,54.67535,25.2877,54.6859,7.28908,15.532
25.245574,54.673509,25.2877,54.6859,3.88086,9.251166666666668
25.267622,54.689569,25.2877,54.6859,1.31349,3.904166666666667
25.258872,54.678795,25.2877,54.6859,2.75665,6.934166666666667
25.247216,54.733224,25.2877,54.6859,8.01151,15.814833333333333
25.26493,54.676879,25.2877,54.6859,2.87482,7.220666666666667
25.196207,54.746916,25.2877,54.6859,11.17509,23.677333333333333
25.288939,54.696589,25.2877,54.6859,1.4239300000000001,3.8535
25.288939,54.696589,25.2877,54.6859,1.4239300000000001,3.8535
25.288939,54.696589,25.2877,54.6859,1.4239300000000001,3.8535
25.288939,54.696589,25.2877,54.6859,1.4239300000000001,3.8535
25.288939,54.696589,25.2877,54.6859,1.4239300000000001,3.8535
25.288939,54.696589,25.2877,54.6859,1.4239300000000001,3.8535
25.31732,54.705869,25.2877,54.6859,3.4829299999999996,6.9639999999999995
25.314823,54.713686,25.2877,54.6859,3.9613400000000003,7.2145
25.267949,54.679214,25.2877,54.6859,2.55132,6.339333333333333
25.277407,54.745554,25.2877,54.6859,7.25482,14.785333333333334
25.352586,54.715863,25.2877,54.6859,6.89537,14.748333333333333
25.210692,54.716469,25.2877,54.6859,7.8455699999999995,15.052
25.266739,54.684834,25.2877,54.6859,2.00942,5.116666666666666
25.284895,54.672844,25.2877,54.6859,2.83055,6.905833333333334
25.27737,54.687383,25.2877,54.6859,0.61518,2.0516666666666667
25.26501,54.754202,25.2877,54.6859,9.55364,15.813833333333333
25.315377,54.707038,25.2877,54.6859,3.39727,7.0055
25.239751,54.693498,25.2877,54.6859,3.9137399999999998,8.423333333333334
25.28385,54.678864,25.2877,54.6859,2.92154,8.696833333333332
25.101064,54.66717,25.2877,54.6859,16.31818,22.831166666666665
25.424911,54.685564,25.2877,54.6859,11.4214,17.783
25.310606,54.684142,25.2877,54.6859,2.75377,5.367666666666667
25.323262,54.686331,25.2877,54.6859,3.8730100000000003,7.113333333333333
25.234656,54.722507,25.2877,54.6859,6.77576,13.046833333333332
25.221089,54.696438,25.2877,54.6859,5.69871,12.106666666666666
25.348852,54.648801,25.2877,54.6859,7.5330900000000005,16.983166666666666
25.280608,54.661395,25.2877,54.6859,4.78424,12.272333333333334
25.279489,54.684957,25.2877,54.6859,0.54406,2.0633333333333335
25.2166,54.701217,25.2877,54.6859,5.7793,12.847833333333334
25.317993,54.677762,25.2877,54.6859,3.1872399999999996,8.765833333333335
25.317993,54.677762,25.2877,54.6859,3.1872399999999996,8.765833333333335
25.317993,54.677762,25.2877,54.6859,3.1872399999999996,8.765833333333335
25.317993,54.677762,25.2877,54.6859,3.1872399999999996,8.765833333333335
25.317993,54.677762,25.2877,54.6859,3.1872399999999996,8.765833333333335
25.317993,54.677762,25.2877,54.6859,3.1872399999999996,8.765833333333335
25.317993,54.677762,25.2877,54.6859,3.1872399999999996,8.765833333333335
25.289091,54.679304,25.2877,54.6859,3.02834,8.9385
25.163655,54.705335,25.2877,54.6859,9.83399,20.68166666666667
25.241079,54.66491,25.2877,54.6859,5.269270000000001,12.8605
25.227951,54.681441,25.2877,54.6859,7.16062,17.361333333333334
25.196207,54.746916,25.2877,54.6859,11.17509,23.677333333333333
25.196207,54.746916,25.2877,54.6859,11.17509,23.677333333333333
25.177236,54.715567,25.2877,54.6859,9.165629999999998,18.596999999999998
25.19924,54.645144,25.2877,54.6859,8.97874,16.658833333333334
25.216135,54.672763,25.2877,54.6859,7.69346,16.432666666666666
25.219106,54.716704,25.2877,54.6859,7.073770000000001,13.263
25.307553,54.681809,25.2877,54.6859,2.02528,6.941833333333333
25.27973,54.677548,25.2877,54.6859,2.03902,5.0445
25.266048,54.683686,25.2877,54.6859,2.32443,5.782333333333333
25.263342,54.692096,25.2877,54.6859,2.53473,6.1935
25.293832,54.67512,25.2877,54.6859,2.47747,6.324
25.202163,54.67229,25.2877,54.6859,7.89926,16.378333333333334
25.262243,54.756452,25.2877,54.6859,10.05439,16.74833333333333
25.426009,54.686449,25.2877,54.6859,11.62351,18.398666666666667
25.267288,54.674236,25.2877,54.6859,3.03423,7.494166666666667
25.273918,54.672382,25.2877,54.6859,2.93904,7.044
25.23386,54.673057,25.2877,54.6859,5.42001,12.959833333333334
25.256957,54.647465,25.2877,54.6859,6.88621,17.625666666666667
25.256957,54.647465,25.2877,54.6859,6.88621,17.625666666666667
25.286564,54.679986,25.2877,54.6859,0.73393,3.1563333333333334
25.286564,54.679986,25.2877,54.6859,0.73393,3.1563333333333334
25.286564,54.679986,25.2877,54.6859,0.73393,3.1563333333333334
25.176378,54.715913,25.2877,54.6859,9.30584,19.21216666666667
25.415778,54.730762,25.2877,54.6859,12.23265,20.408833333333334
25.251748,54.700839,25.2877,54.6859,4.37746,9.872833333333334
25.27954,54.683068,25.2877,54.6859,0.75755,3.865666666666667
25.305757,54.71824,25.2877,54.6859,4.303109999999999,9.188666666666668
25.406784,54.724294,25.2877,54.6859,11.8575,21.0265
25.263539,54.642068,25.2877,54.6859,7.351100000000001,16.865
25.303091,54.709839,25.2877,54.6859,3.80523,7.730166666666666
25.323452,54.705591,25.2877,54.6859,4.03304,8.8505
25.256133,54.703821,25.2877,54.6859,3.72945,7.664
25.283273,54.673305,25.2877,54.6859,2.69359,6.440333333333333
25.291753,54.679544,25.2877,54.6859,1.4808299999999999,4.748
25.25263,54.702166,25.2877,54.6859,3.98229,8.232833333333334
25.27109,54.699125,25.2877,54.6859,2.36891,5.704
25.254922,54.725287,25.2877,54.6859,7.1958,14.076166666666667
25.22089,54.727145,25.2877,54.6859,8.78342,16.3665
25.293989,54.67646,25.2877,54.6859,1.91672,6.428
25.26916,54.708141,25.2877,54.6859,5.55044,11.256333333333334
25.317718,54.718848,25.2877,54.6859,4.5266,7.865333333333334
25.429708,54.674997,25.2877,54.6859,13.29626,22.281
25.270694,54.674408,25.2877,54.6859,2.77769,6.822333333333333
25.321777,54.705742,25.2877,54.6859,3.93937,8.475833333333334
25.416864,54.68593,25.2877,54.6859,11.09604,17.547666666666665
25.259345,54.60568,25.2877,54.6859,12.734770000000001,22.132333333333335
25.221793,54.734331,25.2877,54.6859,8.45215,15.814666666666666
25.286112,54.694449,25.2877,54.6859,1.13561,2.9328333333333334
25.277352,54.682836,25.2877,54.6859,1.4212,3.7883333333333336
25.277352,54.682836,25.2877,54.6859,1.4212,3.7883333333333336
25.27702,54.675695,25.2877,54.6859,2.34361,5.636833333333333
25.205197,54.673747,25.2877,54.6859,7.76537,16.23633333333333
25.429167,54.69868,25.2877,54.6859,11.851360000000001,20.6565
25.26785,54.681629,25.2877,54.6859,2.1084,5.4959999999999996
25.26785,54.681629,25.2877,54.6859,2.1084,5.4959999999999996
25.264703,54.679138,25.2877,54.6859,2.60133,6.5520000000000005
25.253841,54.669845,25.2877,54.6859,4.65522,11.725666666666665
25.246392,54.711868,25.2877,54.6859,4.94326,9.971166666666667
25.230168,54.719484,25.2877,54.6859,6.76169,12.353
25.203921,54.718616,25.2877,54.6859,8.259379999999998,19.169500000000003
25.220609,54.72838,25.2877,54.6859,8.39434,15.341333333333333
25.270984,54.682684,25.2877,54.6859,1.8281500000000002,4.764833333333333
25.293003,54.678237,25.2877,54.6859,1.5859100000000002,4.7465
25.204721,54.679138,25.2877,54.6859,7.582520000000001,15.379
25.28168,54.68087,25.2877,54.6859,1.85945,5.668333333333334
25.293993,54.704553,25.2877,54.6859,2.43296,5.531666666666666
25.294238,54.676801,25.2877,54.6859,1.93221,6.524166666666667
25.26269,54.682542,25.2877,54.6859,2.26629,5.496666666666667
25.27702,54.675695,25.2877,54.6859,2.34361,5.636833333333333
25.27702,54.675695,25.2877,54.6859,2.34361,5.636833333333333
25.271557,54.659942,25.2877,54.6859,4.57229,11.245333333333333
25.297238,54.680824,25.2877,54.6859,1.35475,4.440666666666667
25.297238,54.680824,25.2877,54.6859,1.35475,4.440666666666667
25.297238,54.680824,25.2877,54.6859,1.35475,4.440666666666667
25.297238,54.680824,25.2877,54.6859,1.35475,4.440666666666667
25.297238,54.680824,25.2877,54.6859,1.35475,4.440666666666667
25.297238,54.680824,25.2877,54.6859,1.35475,4.440666666666667
25.280077,54.706114,25.2877,54.6859,2.74861,6.672666666666667
25.246893,54.669956,25.2877,54.6859,4.3419,10.0295
25.267288,54.674236,25.2877,54.6859,3.03423,7.494166666666667
25.283092,54.679923,25.2877,54.6859,0.90875,3.939833333333333
25.163368,54.704867,25.2877,54.6859,9.829180000000001,20.662333333333333
25.176378,54.715913,25.2877,54.6859,9.30584,19.21216666666667
25.283905,54.712915,25.2877,54.6859,3.48923,8.891166666666667
25.248863,54.699099,25.2877,54.6859,3.5224,7.847833333333333
25.284838,54.676755,25.2877,54.6859,2.52974,6.490666666666667
25.23347,54.67438,25.2877,54.6859,5.597270000000001,13.7415
25.223195,54.738766,25.2877,54.6859,8.63535,16.857666666666667
25.25402,54.702194,25.2877,54.6859,3.95601,8.169833333333333
25.267781,54.671687,25.2877,54.6859,3.1731700000000003,7.655833333333334
25.317149,54.675538,25.2877,54.6859,3.0715700000000004,7.899666666666667
25.225337,54.706865,25.2877,54.6859,6.58949,13.194833333333333
25.094456,54.66919,25.2877,54.6859,16.714650000000002,23.8965
25.267814,54.671349,25.2877,54.6859,3.18305,7.672833333333333
25.290967,54.666249,25.2877,54.6859,4.08565,10.931833333333334
25.279489,54.684957,25.2877,54.6859,0.54406,2.0633333333333335
25.276251,54.702299,25.2877,54.6859,2.98072,6.588333333333334
25.297939,54.72154,25.2877,54.6859,4.349489999999999,10.509666666666668
25.297939,54.72154,25.2877,54.6859,4.349489999999999,10.509666666666668
25.297939,54.72154,25.2877,54.6859,4.349489999999999,10.509666666666668
25.297939,54.72154,25.2877,54.6859,4.349489999999999,10.509666666666668
25.297939,54.72154,25.2877,54.6859,4.349489999999999,10.509666666666668
25.297939,54.72154,25.2877,54.6859,4.349489999999999,10.509666666666668
25.297939,54.72154,25.2877,54.6859,4.349489999999999,10.509666666666668
25.297939,54.72154,25.2877,54.6859,4.349489999999999,10.509666666666668
25.297939,54.72154,25.2877,54.6859,4.349489999999999,10.509666666666668
25.297939,54.72154,25.2877,54.6859,4.349489999999999,10.509666666666668
25.297939,54.72154,25.2877,54.6859,4.349489999999999,10.509666666666668
25.297939,54.72154,25.2877,54.6859,4.349489999999999,10.509666666666668
25.297939,54.72154,25.2877,54.6859,4.349489999999999,10.509666666666668
25.297939,54.72154,25.2877,54.6859,4.349489999999999,10.509666666666668
25.25478,54.669718,25.2877,54.6859,4.78524,12.245666666666667
25.242903,54.728128,25.2877,54.6859,6.79121,14.914166666666667
25.316227,54.681794,25.2877,54.6859,3.29735,7.028833333333334
25.425725,54.689249,25.2877,54.6859,11.33834,18.998833333333334
25.260995,54.610029,25.2877,54.6859,13.30868,23.557000000000002
25.220489,54.695276,25.2877,54.6859,5.64896,11.921666666666665
25.273365,54.740546,25.2877,54.6859,6.8957,14.369166666666667
25.20328,54.708941,25.2877,54.6859,7.2663,15.672500000000001
25.215903,54.732399,25.2877,54.6859,8.71351,16.702833333333334
25.221867,54.719231,25.2877,54.6859,7.26888,13.418833333333334
25.285644,54.713088,25.2877,54.6859,3.38464,8.203
25.253948,54.73968,25.2877,54.6859,8.46704,16.702666666666666
25.283844,54.683946,25.2877,54.6859,0.31814,1.4748333333333332
25.28109,54.719572,25.2877,54.6859,4.447310000000001,10.926333333333334
25.275263,54.701861,25.2877,54.6859,2.58324,6.2156666666666665
25.306401,54.696552,25.2877,54.6859,2.10632,5.698833333333334
25.255551,54.630742,25.2877,54.6859,7.96436,19.165666666666667
25.300391,54.678996,25.2877,54.6859,1.80417,5.655
25.300391,54.678996,25.2877,54.6859,1.80417,5.655
25.263123,54.683748,25.2877,54.6859,2.01594,5.1946666666666665
25.263123,54.683748,25.2877,54.6859,2.01594,5.1946666666666665
25.263123,54.683748,25.2877,54.6859,2.01594,5.1946666666666665
25.263123,54.683748,25.2877,54.6859,2.01594,5.1946666666666665
25.263123,54.683748,25.2877,54.6859,2.01594,5.1946666666666665
25.263123,54.683748,25.2877,54.6859,2.01594,5.1946666666666665
25.263123,54.683748,25.2877,54.6859,2.01594,5.1946666666666665
25.263123,54.683748,25.2877,54.6859,2.01594,5.1946666666666665
25.263123,54.683748,25.2877,54.6859,2.01594,5.1946666666666665
25.263123,54.683748,25.2877,54.6859,2.01594,5.1946666666666665
25.263123,54.683748,25.2877,54.6859,2.01594,5.1946666666666665
25.234285,54.674768,25.2877,54.6859,5.56007,13.592666666666666
25.29082,54.683739,25.2877,54.6859,1.0002,3.2508333333333335
25.253948,54.73968,25.2877,54.6859,8.46704,16.702666666666666
25.280442,54.712762,25.2877,54.6859,4.150399999999999,9.771333333333333
25.28937,54.681694,25.2877,54.6859,0.81755,3.4523333333333333
25.40083,54.692489,25.2877,54.6859,9.82251,15.535166666666667
25.278495,54.679861,25.2877,54.6859,2.27951,6.305166666666667
25.285354,54.673462,25.2877,54.6859,2.6384499999999997,6.3255
25.19385,54.659512,25.2877,54.6859,8.76591,19.390833333333333
25.281782,54.690531,25.2877,54.6859,0.75318,1.7605
25.281782,54.690531,25.2877,54.6859,0.75318,1.7605
25.297038,54.698147,25.2877,54.6859,2.8585100000000003,6.116666666666666
25.312947,54.712566,25.2877,54.6859,3.85686,7.151833333333333
25.425085,54.688698,25.2877,54.6859,11.73494,19.149833333333333
25.390725,54.710092,25.2877,54.6859,9.11626,16.851
25.317147,54.717395,25.2877,54.6859,4.3666,7.922833333333333
25.303169,54.68126,25.2877,54.6859,1.7453299999999998,5.979833333333334
25.285354,54.673462,25.2877,54.6859,2.6384499999999997,6.3255
25.316215,54.706428,25.2877,54.6859,3.6768899999999998,7.5024999999999995
25.316544,54.675397,25.2877,54.6859,3.02112,7.726166666666667
25.269804,54.658958,25.2877,54.6859,4.75903,11.941333333333334
25.218058,54.73194,25.2877,54.6859,8.56632,15.819666666666667
25.297302,54.722203,25.2877,54.6859,4.27686,10.219166666666666
25.292658,54.675065,25.2877,54.6859,2.55708,6.501666666666667
25.292658,54.675065,25.2877,54.6859,2.55708,6.501666666666667
25.292658,54.675065,25.2877,54.6859,2.55708,6.501666666666667
25.288891,54.681538,25.2877,54.6859,0.85888,3.7685000000000004
25.302002,54.726132,25.2877,54.6859,5.246659999999999,11.833833333333333
25.265631,54.72837,25.2877,54.6859,6.4264399999999995,12.879
25.25263,54.702166,25.2877,54.6859,3.98229,8.232833333333334
25.344468,54.666347,25.2877,54.6859,6.1923699999999995,13.8965
25.344468,54.666347,25.2877,54.6859,6.1923699999999995,13.8965
25.2668,54.68265,25.2877,54.6859,2.2109099999999997,5.282666666666667
25.282427,54.680576,25.2877,54.6859,1.91894,5.906166666666667
25.31034,54.70754,25.2877,54.6859,3.23619,6.1665
25.27871,54.681492,25.2877,54.6859,1.62302,4.543833333333334
25.280671,54.673085,25.2877,54.6859,2.68179,7.402833333333334
25.276086,54.727496,25.2877,54.6859,5.53335,12.246
25.287895,54.698334,25.2877,54.6859,1.50383,3.8628333333333336
25.250994,54.677096,25.2877,54.6859,3.72311,8.5175
25.232229,54.733803,25.2877,54.6859,7.64149,14.825833333333332
25.28168,54.68087,25.2877,54.6859,1.85945,5.668333333333334
25.214746,54.71836,25.2877,54.6859,7.46116,13.862333333333334
25.261608,54.642764,25.2877,54.6859,6.63996,16.1355
25.265958,54.739974,25.2877,54.6859,8.02646,14.3305
25.304595,54.676207,25.2877,54.6859,2.23024,6.307166666666666
25.32139,54.72321,25.2877,54.6859,5.28399,9.548
25.22541,54.717404,25.2877,54.6859,6.90196,12.987
25.210939,54.718504,25.2877,54.6859,7.59206,14.353666666666667
25.280002,54.661689,25.2877,54.6859,4.84858,12.4735
25.312586,54.708986,25.2877,54.6859,3.38307,6.4718333333333335
25.312586,54.708986,25.2877,54.6859,3.38307,6.4718333333333335
25.312586,54.708986,25.2877,54.6859,3.38307,6.4718333333333335
25.312586,54.708986,25.2877,54.6859,3.38307,6.4718333333333335
25.307014,54.678207,25.2877,54.6859,2.51208,7.027833333333334
25.286089,54.674812,25.2877,54.6859,2.73872,6.987666666666667
25.30039,54.704701,25.2877,54.6859,2.95404,6.6065
25.2184,54.716557,25.2877,54.6859,7.10196,13.398833333333332
25.30449,54.681404,25.2877,54.6859,1.8212300000000001,6.230166666666666
25.221886,54.738302,25.2877,54.6859,8.51327,16.4915
25.284395,54.712,25.2877,54.6859,3.50877,8.895833333333334
25.378973,54.692531,25.2877,54.6859,10.33166,16.181333333333335
25.291691,54.707993,25.2877,54.6859,2.68753,6.3629999999999995
25.19924,54.645144,25.2877,54.6859,8.97874,16.658833333333334
25.29016,54.683104,25.2877,54.6859,1.02874,3.2915
25.210095,54.681796,25.2877,54.6859,7.53233,15.048333333333334
25.220585,54.710172,25.2877,54.6859,7.08922,13.291333333333334
25.21684,54.705749,25.2877,54.6859,7.01594,14.525666666666666
25.168734,54.67079,25.2877,54.6859,9.94564,18.81566666666667
25.282419,54.713136,25.2877,54.6859,3.6118099999999997,9.111666666666668
25.26583,54.673868,25.2877,54.6859,3.06955,7.602333333333333
25.168734,54.67079,25.2877,54.6859,9.94564,18.81566666666667
25.212067,54.666885,25.2877,54.6859,7.03064,17.087666666666667
25.297302,54.722203,25.2877,54.6859,4.27686,10.219166666666666
25.283757,54.713416,25.2877,54.6859,3.63002,9.184500000000002
25.31999,54.711739,25.2877,54.6859,4.0722,7.772333333333333
25.418568,54.694299,25.2877,54.6859,10.5628,16.575333333333333
25.231811,54.733288,25.2877,54.6859,7.7175,15.129833333333332
25.231811,54.733288,25.2877,54.6859,7.7175,15.129833333333332
25.231811,54.733288,25.2877,54.6859,7.7175,15.129833333333332
25.231811,54.733288,25.2877,54.6859,7.7175,15.129833333333332
25.231811,54.733288,25.2877,54.6859,7.7175,15.129833333333332
25.231811,54.733288,25.2877,54.6859,7.7175,15.129833333333332
25.231811,54.733288,25.2877,54.6859,7.7175,15.129833333333332
25.231811,54.733288,25.2877,54.6859,7.7175,15.129833333333332
25.231811,54.733288,25.2877,54.6859,7.7175,15.129833333333332
25.231811,54.733288,25.2877,54.6859,7.7175,15.129833333333332
25.231811,54.733288,25.2877,54.6859,7.7175,15.129833333333332
25.191114,54.754266,25.2877,54.6859,13.47515,25.584833333333332
25.19924,54.645144,25.2877,54.6859,8.97874,16.658833333333334
25.263342,54.692096,25.2877,54.6859,2.53473,6.1935
25.274853,54.712128,25.2877,54.6859,4.53663,10.825333333333333
25.19922,54.647668,25.2877,54.6859,9.17708,17.762833333333333
25.212526,54.698676,25.2877,54.6859,6.0215,12.635666666666667
25.418568,54.694299,25.2877,54.6859,10.5628,16.575333333333333
25.095033,54.666756,25.2877,54.6859,16.78707,24.024833333333333
25.395612,54.711193,25.2877,54.6859,9.45917,18.223333333333336
25.27677,54.702298,25.2877,54.6859,2.39686,6.272666666666667
25.218489,54.720767,25.2877,54.6859,7.53857,14.484166666666665
25.40932,54.68882,25.2877,54.6859,10.571879999999998,17.237666666666666
25.316896,54.677245,25.2877,54.6859,3.06673,8.375499999999999
25.280707,54.676367,25.2877,54.6859,2.21631,5.319833333333333
25.091746,54.669545,25.2877,54.6859,17.096529999999998,25.049833333333332
25.228746,54.721298,25.2877,54.6859,6.9648,12.917333333333334
25.295876,54.693449,25.2877,54.6859,1.26535,3.5128333333333335
25.234984,54.726463,25.2877,54.6859,6.88401,12.852666666666666
25.246029,54.674181,25.2877,54.6859,4.2783999999999995,9.636333333333333
25.27702,54.675695,25.2877,54.6859,2.34361,5.636833333333333
25.27671,54.677265,25.2877,54.6859,2.16698,5.212999999999999
25.250953,54.701196,25.2877,54.6859,4.21828,8.917166666666667
25.215826,54.720613,25.2877,54.6859,7.74541,14.252999999999998
25.279816,54.671688,25.2877,54.6859,2.89709,6.905333333333333
25.210448,54.67335,25.2877,54.6859,7.5061800000000005,16.206
25.289029,54.676399,25.2877,54.6859,2.94532,8.5995
25.282698,54.672476,25.2877,54.6859,2.79273,6.5889999999999995
25.305124,54.676143,25.2877,54.6859,2.23073,6.309166666666667
25.192139,54.661182,25.2877,54.6859,8.40608,17.250666666666667
25.248348,54.697013,25.2877,54.6859,3.5059099999999996,7.6715
25.287288,54.674281,25.2877,54.6859,2.69471,6.6705000000000005
25.28051,54.677085,25.2877,54.6859,2.1092199999999997,5.086833333333333
25.275795,54.680279,25.2877,54.6859,1.8901,4.629499999999999
25.391359,54.709976,25.2877,54.6859,9.16672,17.0535
25.391359,54.709976,25.2877,54.6859,9.16672,17.0535
25.217262,54.712749,25.2877,54.6859,7.79992,14.343833333333333
25.391831,54.710559,25.2877,54.6859,9.20044,17.188333333333333
25.288818,54.715776,25.2877,54.6859,3.95294,9.423166666666667
25.288405,54.68012,25.2877,54.6859,0.9477300000000001,4.0115
25.264342,54.677051,25.2877,54.6859,2.8636500000000003,7.273666666666667
25.301399,54.682373,25.2877,54.6859,1.6686500000000002,5.62
25.242764,54.718167,25.2877,54.6859,5.78323,11.745166666666668
25.275057,54.663344,25.2877,54.6859,4.18231,10.381166666666667
25.29082,54.683739,25.2877,54.6859,1.0002,3.2508333333333335
25.25904,54.757779,25.2877,54.6859,10.15229,16.823666666666664
25.274011,54.689976,25.2877,54.6859,1.45325,3.404166666666667
25.283502,54.674812,25.2877,54.6859,2.85907,6.841666666666667
25.274378,54.741092,25.2877,54.6859,6.8126999999999995,13.990833333333335
25.284102,54.677292,25.2877,54.6859,2.63425,7.117666666666667
25.214749,54.664796,25.2877,54.6859,6.92675,16.545333333333335
25.214749,54.664796,25.2877,54.6859,6.92675,16.545333333333335
25.214749,54.664796,25.2877,54.6859,6.92675,16.545333333333335
25.214749,54.664796,25.2877,54.6859,6.92675,16.545333333333335
25.214749,54.664796,25.2877,54.6859,6.92675,16.545333333333335
25.214749,54.664796,25.2877,54.6859,6.92675,16.545333333333335
25.214749,54.664796,25.2877,54.6859,6.92675,16.545333333333335
25.258883,54.672938,25.2877,54.6859,3.76463,9.693833333333334
25.280093,54.672237,25.2877,54.6859,2.84917,6.894166666666666
25.299096,54.723161,25.2877,54.6859,5.2523100000000005,10.967
25.310612,54.704198,25.2877,54.6859,2.79519,5.2284999999999995
25.283876,54.710251,25.2877,54.6859,3.14638,7.531666666666666
25.3212,54.712814,25.2877,54.6859,4.30271,8.426499999999999
25.282012,54.660999,25.2877,54.6859,4.88421,12.654666666666666
25.273651,54.697696,25.2877,54.6859,2.21499,5.3101666666666665
25.240295,54.73654,25.2877,54.6859,8.18802,15.371833333333333
25.271503,54.682264,25.2877,54.6859,1.83862,4.8355
25.270472,54.687484,25.2877,54.6859,1.29051,3.5628333333333333
25.376965,54.694597,25.2877,54.6859,7.792800000000001,12.972333333333333
25.264483,54.69237,25.2877,54.6859,1.83028,4.797666666666667
25.289619,54.674009,25.2877,54.6859,2.74856,6.934333333333333
25.203209,54.718814,25.2877,54.6859,8.221129999999999,15.539333333333333
25.21732,54.7206,25.2877,54.6859,7.830970000000001,14.651166666666667
25.28003,54.702816,25.2877,54.6859,2.42381,5.934833333333333
25.275795,54.680279,25.2877,54.6859,1.8901,4.629499999999999
25.314616,54.678211,25.2877,54.6859,2.8738200000000003,7.512166666666667
25.248458,54.674068,25.2877,54.6859,3.58427,8.371
25.225981,54.698713,25.2877,54.6859,5.64711,12.523833333333332
25.213379,54.731072,25.2877,54.6859,8.706629999999999,16.33866666666667
25.357013,54.654815,25.2877,54.6859,7.26749,16.748
25.357013,54.654815,25.2877,54.6859,7.26749,16.748
25.20369,54.68923,25.2877,54.6859,7.23156,14.674666666666667
25.214746,54.71836,25.2877,54.6859,7.46116,13.862333333333334
25.210426,54.690778,25.2877,54.6859,7.25589,14.880666666666666
25.291322,54.716499,25.2877,54.6859,3.8002399999999996,8.969166666666666
25.289872,54.672233,25.2877,54.6859,3.34837,7.7636666666666665
25.29957,54.681024,25.2877,54.6859,1.5058900000000002,5.044333333333333
25.287506,54.717581,25.2877,54.6859,4.43424,10.4475
25.258501,54.674365,25.2877,54.6859,3.51823,9.352666666666666
25.2599,54.69037,25.2877,54.6859,1.79206,4.876166666666666
25.273717,54.701612,25.2877,54.6859,2.65536,6.6485
25.397936,54.70207,25.2877,54.6859,10.58723,17.040499999999998
25.29082,54.683739,25.2877,54.6859,1.0002,3.2508333333333335
25.291033,54.676453,25.2877,54.6859,3.07475,9.091000000000001
25.22777,54.71849,25.2877,54.6859,7.01914,13.1685
25.289979,54.681081,25.2877,54.6859,1.3211300000000001,4.01
25.296482,54.720077,25.2877,54.6859,3.92457,9.2225
25.24821,54.691987,25.2877,54.6859,3.14294,7.798
25.336995,54.729879,25.2877,54.6859,6.91855,13.240333333333332
25.336995,54.729879,25.2877,54.6859,6.91855,13.240333333333332
25.43004,54.693492,25.2877,54.6859,11.41427,18.216833333333334
25.318217,54.71786,25.2877,54.6859,4.74703,8.747000000000002
25.19924,54.645144,25.2877,54.6859,8.97874,16.658833333333334
25.336193,54.761402,25.2877,54.6859,13.52783,25.419333333333334
25.336193,54.761402,25.2877,54.6859,13.52783,25.419333333333334
25.336193,54.761402,25.2877,54.6859,13.52783,25.419333333333334
25.336193,54.761402,25.2877,54.6859,13.52783,25.419333333333334
25.336193,54.761402,25.2877,54.6859,13.52783,25.419333333333334
25.336193,54.761402,25.2877,54.6859,13.52783,25.419333333333334
25.336193,54.761402,25.2877,54.6859,13.52783,25.419333333333334
25.336193,54.761402,25.2877,54.6859,13.52783,25.419333333333334
25.336193,54.761402,25.2877,54.6859,13.52783,25.419333333333334
25.336193,54.761402,25.2877,54.6859,13.52783,25.419333333333334
25.336193,54.761402,25.2877,54.6859,13.52783,25.419333333333334
25.336193,54.761402,25.2877,54.6859,13.52783,25.419333333333334
25.336193,54.761402,25.2877,54.6859,13.52783,25.419333333333334
25.336193,54.761402,25.2877,54.6859,13.52783,25.419333333333334
25.336193,54.761402,25.2877,54.6859,13.52783,25.419333333333334
25.336193,54.761402,25.2877,54.6859,13.52783,25.419333333333334
25.336193,54.761402,25.2877,54.6859,13.52783,25.419333333333334
25.336193,54.761402,25.2877,54.6859,13.52783,25.419333333333334
25.336193,54.761402,25.2877,54.6859,13.52783,25.419333333333334
25.273717,54.701612,25.2877,54.6859,2.65536,6.6485
25.216535,54.73856,25.2877,54.6859,9.56106,18.291166666666665
25.273066,54.676067,25.2877,54.6859,2.4364,5.8595
25.267814,54.671349,25.2877,54.6859,3.18305,7.672833333333333
25.271156,54.740008,25.2877,54.6859,7.0339,14.682833333333333
25.285354,54.673462,25.2877,54.6859,2.6384499999999997,6.3255
25.285354,54.673462,25.2877,54.6859,2.6384499999999997,6.3255
25.253325,54.697456,25.2877,54.6859,3.09881,6.958666666666667
25.308382,54.712698,25.2877,54.6859,3.98138,8.388833333333332
25.280721,54.677804,25.2877,54.6859,1.31392,5.966833333333333
25.217111,54.739098,25.2877,54.6859,9.614889999999999,18.521333333333335
25.258501,54.674365,25.2877,54.6859,3.51823,9.352666666666666
25.224996,54.696651,25.2877,54.6859,5.6247,12.537666666666667
25.276306,54.689888,25.2877,54.6859,1.34083,3.256333333333333
25.425583,54.684393,25.2877,54.6859,11.5686,18.296166666666668
25.28384,54.688147,25.2877,54.6859,0.29470999999999997,1.1786666666666668
25.177411,54.713819,25.2877,54.6859,8.783850000000001,18.176666666666666
25.176264,54.709706,25.2877,54.6859,8.53571,17.614166666666666
25.218183,54.702075,25.2877,54.6859,5.91583,13.219166666666666
25.173846,54.704652,25.2877,54.6859,8.8732,17.897
25.234115,54.732018,25.2877,54.6859,7.31114,14.0185
25.312301,54.671512,25.2877,54.6859,3.23078,9.529833333333332
25.419712,54.687144,25.2877,54.6859,11.36214,18.22416666666667
25.30468,54.679111,25.2877,54.6859,2.07993,6.647166666666666
25.212813,54.711611,25.2877,54.6859,7.888739999999999,14.269666666666666
25.230967,54.716036,25.2877,54.6859,6.20413,11.198166666666667
25.208375,54.675765,25.2877,54.6859,7.36059,15.818000000000001
25.29896,54.720673,25.2877,54.6859,4.12432,9.740666666666668
25.272327,54.70829,25.2877,54.6859,3.5205,8.496166666666666
25.289331,54.66468,25.2877,54.6859,4.37385,11.2895
25.226092,54.694364,25.2877,54.6859,6.40259,13.566333333333334
25.267796,54.675255,25.2877,54.6859,2.92536,7.333666666666667
25.247569,54.721189,25.2877,54.6859,6.05834,12.1405
25.282143,54.69283,25.2877,54.6859,1.31706,3.4886666666666666
25.27212,54.739687,25.2877,54.6859,6.98011,14.425
25.318304,54.712115,25.2877,54.6859,3.95115,7.328333333333333
25.275827,54.696402,25.2877,54.6859,1.84528,4.334833333333333
25.303413,54.677751,25.2877,54.6859,2.23421,7.4645
25.289406,54.717109,25.2877,54.6859,3.96535,9.839666666666666
25.215944,54.701856,25.2877,54.6859,5.84133,12.959833333333334
25.094359,54.672105,25.2877,54.6859,17.22033,25.353666666666665
25.230754,54.712376,25.2877,54.6859,6.75219,12.528833333333333
25.258872,54.678795,25.2877,54.6859,2.75665,6.934166666666667
25.218183,54.702075,25.2877,54.6859,5.91583,13.219166666666666
25.217083,54.712214,25.2877,54.6859,7.7866800000000005,14.291
25.239781,54.718981,25.2877,54.6859,6.70794,13.674666666666667
25.277296,54.7015,25.2877,54.6859,2.31155,6.068
25.272052,54.68081,25.2877,54.6859,2.2103800000000002,5.3919999999999995
25.165242,54.713285,25.2877,54.6859,10.27487,21.28533333333333
25.165242,54.713285,25.2877,54.6859,10.27487,21.28533333333333
25.165242,54.713285,25.2877,54.6859,10.27487,21.28533333333333
25.165242,54.713285,25.2877,54.6859,10.27487,21.28533333333333
25.165242,54.713285,25.2877,54.6859,10.27487,21.28533333333333
25.165242,54.713285,25.2877,54.6859,10.27487,21.28533333333333
25.165242,54.713285,25.2877,54.6859,10.27487,21.28533333333333
25.165242,54.713285,25.2877,54.6859,10.27487,21.28533333333333
25.165242,54.713285,25.2877,54.6859,10.27487,21.28533333333333
25.165242,54.713285,25.2877,54.6859,10.27487,21.28533333333333
25.272707,54.680872,25.2877,54.6859,2.10246,5.088166666666667
25.309383,54.682683,25.2877,54.6859,2.98444,6.864166666666667
25.369454,54.720045,25.2877,54.6859,7.97119,19.079166666666666
25.293714,54.694706,25.2877,54.6859,1.4103599999999998,3.816333333333333
25.291914,54.674215,25.2877,54.6859,2.60237,6.531666666666666
25.319422,54.677381,25.2877,54.6859,3.25014,9.030833333333334
25.319422,54.677381,25.2877,54.6859,3.25014,9.030833333333334
25.266067,54.678944,25.2877,54.6859,2.5211300000000003,6.231166666666667
25.244372,54.717176,25.2877,54.6859,5.7479,11.686833333333334
25.2287,54.726878,25.2877,54.6859,7.93455,15.307666666666668
25.276626,54.676709,25.2877,54.6859,2.22824,5.36
25.272141,54.744994,25.2877,54.6859,7.43595,15.805166666666667
25.30377,54.666765,25.2877,54.6859,3.51654,9.288333333333332
25.30377,54.666765,25.2877,54.6859,3.51654,9.288333333333332
25.414512,54.688452,25.2877,54.6859,10.70481,16.912166666666668
25.093443,54.671635,25.2877,54.6859,17.25037,25.487333333333332
25.261077,54.678571,25.2877,54.6859,2.80027,7.364166666666667
25.283563,54.67663,25.2877,54.6859,2.5314200000000002,6.382499999999999
25.304247,54.681494,25.2877,54.6859,1.80632,6.1706666666666665
25.275827,54.696402,25.2877,54.6859,1.84528,4.334833333333333
25.27566,54.671443,25.2877,54.6859,2.96569,6.990166666666667
25.272776,54.663503,25.2877,54.6859,4.688890000000001,12.097333333333333
25.23099,54.715363,25.2877,54.6859,6.19211,11.675166666666666
25.23099,54.715363,25.2877,54.6859,6.19211,11.675166666666666
25.23099,54.715363,25.2877,54.6859,6.19211,11.675166666666666
25.23099,54.715363,25.2877,54.6859,6.19211,11.675166666666666
25.23099,54.715363,25.2877,54.6859,6.19211,11.675166666666666
25.23099,54.715363,25.2877,54.6859,6.19211,11.675166666666666
25.259166,54.657314,25.2877,54.6859,6.27252,14.916666666666666
25.300235,54.700086,25.2877,54.6859,2.21932,5.426166666666666
25.32327,54.734083,25.2877,54.6859,6.8673,13.107666666666667
25.294772,54.73408,25.2877,54.6859,7.343229999999999,14.022166666666667
25.266198,54.682573,25.2877,54.6859,2.20039,5.286333333333333
25.272696,54.670873,25.2877,54.6859,3.0848899999999997,7.482
25.258842,54.675051,25.2877,54.6859,3.44786,9.071333333333333
25.187182,54.711039,25.2877,54.6859,8.34555,17.3665
25.368043,54.725525,25.2877,54.6859,8.35168,20.398500000000002
25.303413,54.677751,25.2877,54.6859,2.23421,7.4645
25.303413,54.677751,25.2877,54.6859,2.23421,7.4645
25.297388,54.679995,25.2877,54.6859,1.7491199999999998,5.6803333333333335
25.312037,54.674886,25.2877,54.6859,2.72548,7.0815
25.275322,54.680412,25.2877,54.6859,1.9230999999999998,4.6955
25.348619,54.798727,25.2877,54.6859,15.59574,27.101666666666667
25.16365,54.708634,25.2877,54.6859,9.451600000000001,19.145666666666667
25.21251,54.700989,25.2877,54.6859,6.31701,13.387
25.28074,54.658728,25.2877,54.6859,5.0748,13.145999999999999
25.27665,54.676012,25.2877,54.6859,2.31454,5.589166666666667
25.184398,54.658914,25.2877,54.6859,9.17511,20.233
25.184398,54.658914,25.2877,54.6859,9.17511,20.233
25.293482,54.676252,25.2877,54.6859,1.89447,6.374333333333333
25.248162,54.698887,25.2877,54.6859,3.50933,7.8581666666666665
25.25395,54.681236,25.2877,54.6859,2.9718,7.323166666666666
25.302307,54.739693,25.2877,54.6859,7.49345,14.599333333333334
25.243758,54.6987,25.2877,54.6859,3.7363899999999997,8.483666666666666
25.29494,54.673607,25.2877,54.6859,2.6130999999999998,6.875
25.224099,54.733836,25.2877,54.6859,8.11753,16.150666666666666
25.320748,54.720184,25.2877,54.6859,4.868720000000001,9.233666666666666
25.28937,54.681694,25.2877,54.6859,0.81755,3.4523333333333333
25.226605,54.736735,25.2877,54.6859,8.413950000000002,16.024
25.238872,54.716279,25.2877,54.6859,5.8555,12.3475
25.218183,54.702075,25.2877,54.6859,5.91583,13.219166666666666
25.259166,54.657314,25.2877,54.6859,6.27252,14.916666666666666
25.301617,54.679381,25.2877,54.6859,1.8876300000000001,5.988833333333333
25.27737,54.687383,25.2877,54.6859,0.61518,2.0516666666666667
25.252232,54.653129,25.2877,54.6859,7.13525,18.367666666666665
25.265578,54.677406,25.2877,54.6859,2.88755,7.3693333333333335
25.28298,54.672908,25.2877,54.6859,2.7414899999999998,6.5120000000000005
25.29184,54.716837,25.2877,54.6859,3.8300799999999997,9.148166666666667
25.296914,54.694241,25.2877,54.6859,1.36939,3.9116666666666666
25.275604,54.710746,25.2877,54.6859,3.6034,9.451666666666666
25.194191,54.659794,25.2877,54.6859,8.73658,19.273500000000002
25.307949,54.703469,25.2877,54.6859,2.8563,6.388166666666667
25.282427,54.683549,25.2877,54.6859,0.53506,2.5308333333333333
25.259926,54.675006,25.2877,54.6859,3.6179,9.793000000000001
25.288976,54.675257,25.2877,54.6859,3.0515,9.012833333333333
25.206511,54.675673,25.2877,54.6859,7.4173100000000005,15.389999999999999
25.306424,54.713925,25.2877,54.6859,3.81166,7.8885
25.23386,54.673057,25.2877,54.6859,5.42001,12.959833333333334
25.256402,54.658098,25.2877,54.6859,6.3564799999999995,15.2525
25.30728,54.682365,25.2877,54.6859,2.0730500000000003,7.024333333333333
25.30955,54.68365,25.2877,54.6859,3.01999,7.068666666666667
25.2606,54.690062,25.2877,54.6859,1.86784,5.178833333333333
25.257314,54.673255,25.2877,54.6859,3.77388,10.076333333333334
25.243755,54.674644,25.2877,54.6859,4.06403,8.973
25.321667,54.726541,25.2877,54.6859,5.5751599999999994,10.781833333333333
25.321667,54.726541,25.2877,54.6859,5.5751599999999994,10.781833333333333
25.246583,54.675036,25.2877,54.6859,3.88827,8.775
25.253948,54.73968,25.2877,54.6859,8.46704,16.702666666666666
25.336445,54.763176,25.2877,54.6859,13.275319999999999,24.650166666666667
25.278945,54.680022,25.2877,54.6859,1.45516,6.589166666666667
25.306149,54.696375,25.2877,54.6859,2.1195999999999997,5.752
25.244259,54.673239,25.2877,54.6859,4.08993,9.071
25.282188,54.720355,25.2877,54.6859,4.53712,10.991833333333334
25.24339,54.71113,25.2877,54.6859,5.91615,11.841166666666668
25.262933,54.683635,25.2877,54.6859,2.02951,5.249
25.30419,54.71722,25.2877,54.6859,4.211399999999999,8.936666666666667
25.277814,54.634542,25.2877,54.6859,7.6271,18.107833333333335
25.201137,54.675606,25.2877,54.6859,8.18812,16.307333333333336
25.28111,54.672397,25.2877,54.6859,2.91136,7.138166666666667
25.28111,54.672397,25.2877,54.6859,2.91136,7.138166666666667
25.28111,54.672397,25.2877,54.6859,2.91136,7.138166666666667
25.28111,54.672397,25.2877,54.6859,2.91136,7.138166666666667
25.28111,54.672397,25.2877,54.6859,2.91136,7.138166666666667
25.307014,54.678207,25.2877,54.6859,2.51208,7.027833333333334
25.1756,54.70894,25.2877,54.6859,8.73407,17.349
25.183205,54.713536,25.2877,54.6859,8.572209999999998,17.639833333333335
25.306846,54.692943,25.2877,54.6859,1.85262,4.4115
25.283924,54.676136,25.2877,54.6859,2.43948,5.949
25.307978,54.702216,25.2877,54.6859,2.94706,6.660333333333333
25.29806,54.717621,25.2877,54.6859,3.92002,9.5855
25.2745,54.668792,25.2877,54.6859,3.3074899999999996,7.949833333333333
25.288025,54.724173,25.2877,54.6859,4.854430000000001,11.723
25.27931,54.661747,25.2877,54.6859,4.863770000000001,12.4765
25.287506,54.717581,25.2877,54.6859,4.43424,10.4475
25.283489,54.696196,25.2877,54.6859,1.63512,4.336166666666667
25.317504,54.676134,25.2877,54.6859,3.16567,8.276166666666667
25.255916,54.697476,25.2877,54.6859,3.07527,7.281499999999999
25.260323,54.696307,25.2877,54.6859,3.39698,7.747166666666667
25.093226,54.67275,25.2877,54.6859,17.12735,25.045666666666666
25.399701,54.700842,25.2877,54.6859,10.51623,16.920833333333334
25.314959,54.699568,25.2877,54.6859,2.57981,5.349166666666666
25.267716,54.731555,25.2877,54.6859,6.25944,13.289333333333333
25.299096,54.723161,25.2877,54.6859,5.2523100000000005,10.967
25.27948,54.684957,25.2877,54.6859,0.54464,2.065
25.298279,54.701044,25.2877,54.6859,2.6519899999999996,6.509833333333333
25.170716,54.708656,25.2877,54.6859,9.072799999999999,18.294666666666668
25.231168,54.721201,25.2877,54.6859,6.87418,12.929333333333334
25.261806,54.682804,25.2877,54.6859,2.15857,5.805666666666666
25.21137,54.723796,25.2877,54.6859,8.19388,15.668666666666667
25.27842,54.732336,25.2877,54.6859,5.785939999999999,12.418166666666668
25.280002,54.661689,25.2877,54.6859,4.84858,12.4735
25.28487,54.716418,25.2877,54.6859,4.02567,9.514166666666666
25.2287,54.726878,25.2877,54.6859,7.93455,15.307666666666668
25.282143,54.69283,25.2877,54.6859,1.31706,3.4886666666666666
25.261648,54.757651,25.2877,54.6859,10.36312,17.2515
25.276825,54.634818,25.2877,54.6859,7.50538,17.823333333333334
25.265994,54.661093,25.2877,54.6859,4.715739999999999,12.1655
25.2567,54.718724,25.2877,54.6859,6.31179,12.291333333333334
25.176464,54.711398,25.2877,54.6859,8.669120000000001,17.69816666666667
25.276569,54.690404,25.2877,54.6859,1.27182,3.2344999999999997
25.21129,54.691254,25.2877,54.6859,6.99904,14.402833333333332
25.348549,54.722628,25.2877,54.6859,7.385800000000001,14.712166666666667
25.213471,54.720492,25.2877,54.6859,7.65023,14.246333333333332
25.224734,54.73215,25.2877,54.6859,7.97827,15.567333333333332
25.365724,54.668014,25.2877,54.6859,7.41838,16.398666666666667
25.280181,54.677809,25.2877,54.6859,1.34993,6.183000000000001
25.164644,54.707291,25.2877,54.6859,9.60435,19.654833333333332
25.412042,54.689899,25.2877,54.6859,10.353129999999998,16.4
25.288111,54.704256,25.2877,54.6859,2.19469,5.236166666666667
25.219556,54.679188,25.2877,54.6859,7.16632,15.257
25.312301,54.671512,25.2877,54.6859,3.23078,9.529833333333332
25.303283,54.678149,25.2877,54.6859,2.24142,7.493333333333334
25.272585,54.681699,25.2877,54.6859,2.2430100000000004,5.364
25.278913,54.670903,25.2877,54.6859,2.98746,7.090999999999999
25.190723,54.661079,25.2877,54.6859,8.491969999999998,17.5995
25.194404,54.659477,25.2877,54.6859,8.772879999999999,19.418833333333335
25.27702,54.675695,25.2877,54.6859,2.34361,5.636833333333333
25.274777,54.702989,25.2877,54.6859,3.00076,6.6865
25.214535,54.736942,25.2877,54.6859,9.42966,17.279833333333332
25.312947,54.712566,25.2877,54.6859,3.85686,7.151833333333333
25.273792,54.676833,25.2877,54.6859,2.47187,6.093999999999999
25.273792,54.676833,25.2877,54.6859,2.47187,6.093999999999999
25.261241,54.756577,25.2877,54.6859,9.98925,16.553
25.308041,54.704456,25.2877,54.6859,3.17549,6.5488333333333335
25.274714,54.685698,25.2877,54.6859,1.04064,3.2199999999999998
25.214535,54.736942,25.2877,54.6859,9.42966,17.279833333333332
25.271556,54.662935,25.2877,54.6859,4.57889,11.502
25.158895,54.71926,25.2877,54.6859,10.48388,20.7285
25.279026,54.699711,25.2877,54.6859,2.04663,5.607
25.205543,54.640844,25.2877,54.6859,8.558549999999999,16.029
25.372481,54.727453,25.2877,54.6859,9.87762,18.685166666666664
25.283721,54.712069,25.2877,54.6859,3.50877,8.895833333333334
25.274605,54.676307,25.2877,54.6859,2.7018,6.473833333333333
25.282678,54.684211,25.2877,54.6859,0.44835,2.0105
25.289976,54.679454,25.2877,54.6859,1.4689,4.601
25.34218,54.66426,25.2877,54.6859,5.65151,12.657
25.277466,54.702177,25.2877,54.6859,2.50649,6.177499999999999
25.263234,54.756363,25.2877,54.6859,9.9064,16.831333333333333
25.31848,54.67728,25.2877,54.6859,3.14429,8.594
25.255283,54.702824,25.2877,54.6859,3.83365,8.077666666666667
25.273663,54.691121,25.2877,54.6859,1.39196,3.3161666666666667
25.226767,54.738021,25.2877,54.6859,8.31575,15.4245
25.282143,54.69283,25.2877,54.6859,1.31706,3.4886666666666666
25.287373,54.720344,25.2877,54.6859,4.55,10.472166666666668
25.102143,54.66932,25.2877,54.6859,16.15459,22.086666666666666
25.178422,54.712102,25.2877,54.6859,8.57558,17.50316666666667
25.280522,54.678465,25.2877,54.6859,2.0639600000000002,5.0225
25.272878,54.686658,25.2877,54.6859,1.11328,3.259
25.286001,54.674124,25.2877,54.6859,2.81306,7.285
25.26242,54.683583,25.2877,54.6859,2.07074,5.457
25.275795,54.680279,25.2877,54.6859,1.8901,4.629499999999999
25.279298,54.687467,25.2877,54.6859,0.60137,2.2063333333333333
25.27604,54.674645,25.2877,54.6859,2.7636999999999996,6.951833333333334
25.28747,54.678262,25.2877,54.6859,2.84041,8.147166666666667
25.294605,54.694735,25.2877,54.6859,1.45159,3.7335
25.3024,54.679159,25.2877,54.6859,1.93784,6.078833333333334
25.30564,54.67756,25.2877,54.6859,2.46754,7.074333333333333
25.303897,54.686322,25.2877,54.6859,2.15997,7.203833333333334
25.282737,54.677562,25.2877,54.6859,2.64906,7.059
25.265318,54.680812,25.2877,54.6859,2.26528,5.4055
25.265318,54.680812,25.2877,54.6859,2.26528,5.4055
25.265318,54.680812,25.2877,54.6859,2.26528,5.4055
25.265318,54.680812,25.2877,54.6859,2.26528,5.4055
25.265318,54.680812,25.2877,54.6859,2.26528,5.4055
25.265318,54.680812,25.2877,54.6859,2.26528,5.4055
25.265318,54.680812,25.2877,54.6859,2.26528,5.4055
25.265318,54.680812,25.2877,54.6859,2.26528,5.4055
25.265318,54.680812,25.2877,54.6859,2.26528,5.4055
25.265318,54.680812,25.2877,54.6859,2.26528,5.4055
25.265318,54.680812,25.2877,54.6859,2.26528,5.4055
25.265318,54.680812,25.2877,54.6859,2.26528,5.4055
25.265318,54.680812,25.2877,54.6859,2.26528,5.4055
25.265318,54.680812,25.2877,54.6859,2.26528,5.4055
25.265318,54.680812,25.2877,54.6859,2.26528,5.4055
25.282366,54.686647,25.2877,54.6859,0.284,0.984
25.246022,54.733007,25.2877,54.6859,7.35487,15.536
25.210939,54.718504,25.2877,54.6859,7.59206,14.353666666666667
25.223413,54.739168,25.2877,54.6859,8.66522,17.002166666666668
25.21212,54.718666,25.2877,54.6859,7.469390000000001,13.743166666666667
25.265116,54.756145,25.2877,54.6859,9.726989999999999,16.701666666666668
25.202993,54.675875,25.2877,54.6859,7.5635900000000005,15.774000000000001
25.401398,54.694659,25.2877,54.6859,9.85544,15.718833333333333
25.401398,54.694659,25.2877,54.6859,9.85544,15.718833333333333
25.401398,54.694659,25.2877,54.6859,9.85544,15.718833333333333
25.401398,54.694659,25.2877,54.6859,9.85544,15.718833333333333
25.401398,54.694659,25.2877,54.6859,9.85544,15.718833333333333
25.401398,54.694659,25.2877,54.6859,9.85544,15.718833333333333
25.218398,54.696013,25.2877,54.6859,6.63157,13.860000000000001
25.175153,54.714443,25.2877,54.6859,9.155719999999999,18.611666666666668
25.219979,54.710491,25.2877,54.6859,7.14103,13.4985
25.288711,54.6914,25.2877,54.6859,0.63059,1.8458333333333334
25.261562,54.672411,25.2877,54.6859,3.45452,8.798833333333333
25.18067,54.716384,25.2877,54.6859,8.989049999999999,18.421
25.270824,54.678,25.2877,54.6859,2.74335,6.440666666666667
25.27677,54.702298,25.2877,54.6859,2.39686,6.272666666666667
25.234115,54.732018,25.2877,54.6859,7.31114,14.0185
25.277993,54.719296,25.2877,54.6859,4.93567,11.317666666666666
25.231253,54.725885,25.2877,54.6859,7.48181,13.637666666666666
25.231253,54.725885,25.2877,54.6859,7.48181,13.637666666666666
25.231253,54.725885,25.2877,54.6859,7.48181,13.637666666666666
25.231253,54.725885,25.2877,54.6859,7.48181,13.637666666666666
25.231253,54.725885,25.2877,54.6859,7.48181,13.637666666666666
25.231253,54.725885,25.2877,54.6859,7.48181,13.637666666666666
25.231253,54.725885,25.2877,54.6859,7.48181,13.637666666666666
25.231253,54.725885,25.2877,54.6859,7.48181,13.637666666666666
25.231253,54.725885,25.2877,54.6859,7.48181,13.637666666666666
25.231253,54.725885,25.2877,54.6859,7.48181,13.637666666666666
25.241196,54.669982,25.2877,54.6859,4.27018,9.893833333333333
25.26493,54.676879,25.2877,54.6859,2.87482,7.220666666666667
25.302833,54.679489,25.2877,54.6859,1.97499,6.2275
25.291911,54.692309,25.2877,54.6859,0.87679,2.4365
25.256516,54.681304,25.2877,54.6859,3.06091,8.322333333333333
25.391359,54.709976,25.2877,54.6859,9.16672,17.0535
25.252466,54.689083,25.2877,54.6859,2.6063400000000003,6.3805
25.250425,54.699079,25.2877,54.6859,3.4715,7.741833333333333
25.253948,54.73968,25.2877,54.6859,8.46704,16.702666666666666
25.26583,54.673868,25.2877,54.6859,3.06955,7.602333333333333
25.266365,54.686441,25.2877,54.6859,1.7073099999999999,4.826499999999999
25.266365,54.686441,25.2877,54.6859,1.7073099999999999,4.826499999999999
25.267796,54.675255,25.2877,54.6859,2.92536,7.333666666666667
25.283588,54.708533,25.2877,54.6859,3.15723,7.759833333333333
25.165151,54.713529,25.2877,54.6859,10.1753,20.887
25.241079,54.66491,25.2877,54.6859,5.269270000000001,12.8605
25.15119,54.619174,25.2877,54.6859,15.45181,26.952833333333334
25.267015,54.670351,25.2877,54.6859,3.38363,8.093
25.211887,54.707485,25.2877,54.6859,8.20991,15.099833333333333
25.262879,54.756139,25.2877,54.6859,9.877540000000002,16.719166666666666
25.223195,54.738766,25.2877,54.6859,8.63535,16.857666666666667
25.241899,54.673009,25.2877,54.6859,4.24928,9.243333333333334
25.226808,54.73562,25.2877,54.6859,7.95273,15.532
25.289872,54.672233,25.2877,54.6859,3.34837,7.7636666666666665
25.263342,54.692096,25.2877,54.6859,2.53473,6.1935
25.205356,54.73307,25.2877,54.6859,10.73772,18.509333333333334
25.228625,54.676533,25.2877,54.6859,6.561109999999999,15.005833333333333
25.228437,54.677116,25.2877,54.6859,6.62325,15.211833333333335
25.319942,54.713094,25.2877,54.6859,4.21651,8.081666666666667
25.277777,54.679897,25.2877,54.6859,1.7552,4.359833333333333
25.297939,54.72154,25.2877,54.6859,4.349489999999999,10.509666666666668
25.294238,54.676801,25.2877,54.6859,1.93221,6.524166666666667
25.27737,54.687383,25.2877,54.6859,0.61518,2.0516666666666667
25.269771,54.682136,25.2877,54.6859,1.98517,5.3966666666666665
25.233443,54.671153,25.2877,54.6859,5.22172,12.336500000000001
25.235432,54.670822,25.2877,54.6859,5.03128,11.782333333333334
25.235432,54.670822,25.2877,54.6859,5.03128,11.782333333333334
25.214198,54.721468,25.2877,54.6859,7.76681,14.550833333333333
25.260323,54.696307,25.2877,54.6859,3.39698,7.747166666666667
25.280273,54.67313,25.2877,54.6859,2.68581,7.4270000000000005
25.278581,54.664167,25.2877,54.6859,4.26862,10.772666666666668
25.241743,54.71652,25.2877,54.6859,5.576029999999999,11.371166666666666
25.2668,54.68265,25.2877,54.6859,2.2109099999999997,5.282666666666667
25.28701,54.710757,25.2877,54.6859,3.31935,8.019833333333333
25.272292,54.702403,25.2877,54.6859,2.86935,7.383166666666667
25.265932,54.675131,25.2877,54.6859,3.10529,7.6765
25.289431,54.683221,25.2877,54.6859,1.02929,3.2936666666666667
25.218183,54.702075,25.2877,54.6859,5.91583,13.219166666666666
25.262808,54.741412,25.2877,54.6859,7.83503,14.902833333333332
25.287597,54.679675,25.2877,54.6859,0.87606,3.7248333333333337
25.263055,54.732104,25.2877,54.6859,8.42057,15.651833333333334
25.289336,54.674566,25.2877,54.6859,3.07346,9.1005
25.221,54.739475,25.2877,54.6859,8.83546,16.841666666666665
25.174369,54.706552,25.2877,54.6859,8.662510000000001,17.557333333333336
25.23115,54.713098,25.2877,54.6859,6.12967,12.073166666666667
25.283002,54.678887,25.2877,54.6859,1.05393,4.5205
25.315915,54.71595,25.2877,54.6859,4.15671,7.221166666666666
25.248127,54.711761,25.2877,54.6859,4.84325,9.777666666666667
25.267015,54.670351,25.2877,54.6859,3.38363,8.093
25.207286,54.674394,25.2877,54.6859,7.80785,16.2915
25.258321,54.757617,25.2877,54.6859,10.1119,16.662166666666668
25.275941,54.684972,25.2877,54.6859,1.16832,3.3555
25.202917,54.709365,25.2877,54.6859,7.3515299999999995,15.376
25.181425,54.712428,25.2877,54.6859,8.42234,17.130166666666664
25.311521,54.696649,25.2877,54.6859,2.1573,4.5515
25.423163,54.695341,25.2877,54.6859,10.79662,16.89966666666667
25.291979,54.694059,25.2877,54.6859,1.30889,3.4189999999999996
25.267812,54.689362,25.2877,54.6859,1.30118,3.8495
25.267812,54.689362,25.2877,54.6859,1.30118,3.8495
25.267812,54.689362,25.2877,54.6859,1.30118,3.8495
25.254659,54.696644,25.2877,54.6859,2.97688,6.775833333333334
25.215484,54.682879,25.2877,54.6859,8.00548,15.812666666666667
25.210939,54.718504,25.2877,54.6859,7.59206,14.353666666666667
25.340467,54.649143,25.2877,54.6859,7.22128,16.7875
25.177411,54.713819,25.2877,54.6859,8.783850000000001,18.176666666666666
25.177411,54.713819,25.2877,54.6859,8.783850000000001,18.176666666666666
25.177411,54.713819,25.2877,54.6859,8.783850000000001,18.176666666666666
25.177411,54.713819,25.2877,54.6859,8.783850000000001,18.176666666666666
25.177411,54.713819,25.2877,54.6859,8.783850000000001,18.176666666666666
25.296283,54.679862,25.2877,54.6859,1.8063,6.039
25.240782,54.719117,25.2877,54.6859,6.73898,13.746
25.212599,54.749126,25.2877,54.6859,9.81175,18.253
25.238901,54.722582,25.2877,54.6859,6.26765,12.308333333333334
25.209986,54.723173,25.2877,54.6859,8.039909999999999,15.052833333333332
25.320703,54.724876,25.2877,54.6859,5.28458,9.612166666666667
25.182289,54.70393,25.2877,54.6859,8.44407,17.506166666666665
25.227235,54.725863,25.2877,54.6859,7.79372,14.856666666666666
25.29151,54.678153,25.2877,54.6859,1.57453,5.0235
25.282348,54.672158,25.2877,54.6859,2.8688200000000004,6.707666666666666
25.3042,54.684394,25.2877,54.6859,1.96618,6.640333333333333
25.320594,54.708862,25.2877,54.6859,4.19885,7.663833333333333
25.320594,54.708862,25.2877,54.6859,4.19885,7.663833333333333
25.191602,54.663001,25.2877,54.6859,8.33074,17.321666666666665
25.323151,54.705462,25.2877,54.6859,4.01107,8.762666666666666
25.26493,54.676879,25.2877,54.6859,2.87482,7.220666666666667
25.217088,54.696282,25.2877,54.6859,6.56809,13.796166666666666
25.298177,54.704947,25.2877,54.6859,2.7041,5.9965
25.288044,54.716137,25.2877,54.6859,4.01608,9.672
25.210794,54.717589,25.2877,54.6859,7.71946,14.547666666666666
25.302333,54.683861,25.2877,54.6859,1.8615,6.371166666666666
25.284648,54.673757,25.2877,54.6859,2.6035500000000003,6.2295
25.27566,54.671443,25.2877,54.6859,2.96569,6.990166666666667
25.253948,54.73968,25.2877,54.6859,8.46704,16.702666666666666
25.303957,54.675757,25.2877,54.6859,2.22046,6.171666666666667
25.202706,54.67402,25.2877,54.6859,7.83944,16.242666666666665
25.231373,54.714552,25.2877,54.6859,6.07772,11.280666666666667
25.302833,54.679489,25.2877,54.6859,1.97499,6.2275
25.307014,54.678207,25.2877,54.6859,2.51208,7.027833333333334
25.190723,54.661079,25.2877,54.6859,8.491969999999998,17.5995
25.27677,54.702298,25.2877,54.6859,2.39686,6.272666666666667
25.28791,54.676685,25.2877,54.6859,2.875,8.243
25.127278,54.637435,25.2877,54.6859,14.904290000000001,25.791999999999998
25.25956,54.69623,25.2877,54.6859,2.8383499999999997,6.571833333333333
25.250768,54.682706,25.2877,54.6859,3.00189,7.1905
25.316341,54.714778,25.2877,54.6859,4.11758,7.429
25.26422,54.68001,25.2877,54.6859,2.84191,7.514333333333334
25.270604,54.69987,25.2877,54.6859,2.4943299999999997,6.205666666666667
25.228912,54.751839,25.2877,54.6859,10.11648,20.982333333333333
25.241079,54.66491,25.2877,54.6859,5.269270000000001,12.8605
25.28003,54.702816,25.2877,54.6859,2.42381,5.934833333333333
25.401398,54.694659,25.2877,54.6859,9.85544,15.718833333333333
25.212266,54.694766,25.2877,54.6859,6.54111,13.933333333333334
25.255905,54.726565,25.2877,54.6859,7.34354,14.313333333333333
25.261077,54.678571,25.2877,54.6859,2.80027,7.364166666666667
25.2711,54.752279,25.2877,54.6859,9.44282,15.750499999999999
25.178752,54.705645,25.2877,54.6859,8.43476,17.537666666666667
25.279632,54.672196,25.2877,54.6859,2.8442600000000002,6.8135
25.278966,54.662332,25.2877,54.6859,4.46947,11.7705
25.279632,54.672196,25.2877,54.6859,2.8442600000000002,6.8135
25.249667,54.708185,25.2877,54.6859,5.34945,11.119166666666667
25.287506,54.717581,25.2877,54.6859,4.43424,10.4475
25.277376,54.675283,25.2877,54.6859,2.39611,5.762833333333333
25.217067,54.707288,25.2877,54.6859,7.64309,14.564333333333334
25.264553,54.673422,25.2877,54.6859,3.21798,8.196
25.324281,54.705858,25.2877,54.6859,4.13342,9.252
25.236553,54.727097,25.2877,54.6859,6.81945,12.874166666666667
25.26583,54.673868,25.2877,54.6859,3.06955,7.602333333333333
25.222567,54.739023,25.2877,54.6859,8.588,16.720000000000002
25.29739,54.717997,25.2877,54.6859,3.7793,9.104000000000001
25.28665,54.712811,25.2877,54.6859,3.50291,7.946
25.234285,54.674768,25.2877,54.6859,5.56007,13.592666666666666
25.256152,54.69798,25.2877,54.6859,3.19731,7.715166666666667
25.280627,54.672126,25.2877,54.6859,2.9100900000000003,7.0625
25.268808,54.739157,25.2877,54.6859,8.02233,14.326166666666667
25.247319,54.724112,25.2877,54.6859,6.31921,12.732166666666666
25.281529,54.779307,25.2877,54.6859,12.851569999999999,21.629166666666666
25.252232,54.653129,25.2877,54.6859,7.13525,18.367666666666665
25.267323,54.736718,25.2877,54.6859,7.85626,14.031
25.28771,54.68198,25.2877,54.6859,0.62676,2.5993333333333335
25.279557,54.68014,25.2877,54.6859,1.41372,6.423500000000001
25.27739,54.63608,25.2877,54.6859,7.40361,17.446833333333334
25.273491,54.741556,25.2877,54.6859,6.91322,14.304333333333334
25.273491,54.741556,25.2877,54.6859,6.91322,14.304333333333334
25.273491,54.741556,25.2877,54.6859,6.91322,14.304333333333334
25.273491,54.741556,25.2877,54.6859,6.91322,14.304333333333334
25.273491,54.741556,25.2877,54.6859,6.91322,14.304333333333334
25.273491,54.741556,25.2877,54.6859,6.91322,14.304333333333334
25.293813,54.676177,25.2877,54.6859,1.90751,6.427666666666667
25.261388,54.67013,25.2877,54.6859,3.86468,9.224666666666668
25.203102,54.687801,25.2877,54.6859,7.39355,15.225
25.314125,54.674633,25.2877,54.6859,2.8505100000000003,7.334666666666666
25.249828,54.695095,25.2877,54.6859,3.19746,7.008
25.29815,54.694437,25.2877,54.6859,1.61506,3.557166666666667
25.293312,54.729109,25.2877,54.6859,4.996270000000001,11.511833333333334
25.295287,54.703746,25.2877,54.6859,2.60921,5.938
25.303013,54.709104,25.2877,54.6859,3.82092,7.777166666666667
25.272292,54.702403,25.2877,54.6859,2.86935,7.383166666666667
25.256402,54.658098,25.2877,54.6859,6.3564799999999995,15.2525
25.274111,54.715595,25.2877,54.6859,6.51506,13.222833333333334
25.274111,54.715595,25.2877,54.6859,6.51506,13.222833333333334
25.275604,54.710746,25.2877,54.6859,3.6034,9.451666666666666
25.251634,54.69863,25.2877,54.6859,3.33098,7.4225
25.274111,54.715595,25.2877,54.6859,6.51506,13.222833333333334
25.183491,54.712069,25.2877,54.6859,8.538620000000002,17.5365
25.286811,54.696344,25.2877,54.6859,1.23045,3.2881666666666667
25.306149,54.696375,25.2877,54.6859,2.1195999999999997,5.752
25.287343,54.673921,25.2877,54.6859,2.78202,6.9655000000000005
25.308997,54.701766,25.2877,54.6859,2.82111,6.467666666666667
25.320477,54.725193,25.2877,54.6859,5.30201,9.681833333333334
25.274111,54.715595,25.2877,54.6859,6.51506,13.222833333333334
25.224726,54.707841,25.2877,54.6859,6.60474,13.269499999999999
25.224726,54.707841,25.2877,54.6859,6.60474,13.269499999999999
25.224726,54.707841,25.2877,54.6859,6.60474,13.269499999999999
25.224726,54.707841,25.2877,54.6859,6.60474,13.269499999999999
25.224726,54.707841,25.2877,54.6859,6.60474,13.269499999999999
25.224726,54.707841,25.2877,54.6859,6.60474,13.269499999999999
25.356809,54.676781,25.2877,54.6859,5.83674,12.564666666666666
25.255551,54.630742,25.2877,54.6859,7.96436,19.165666666666667
25.332988,54.745719,25.2877,54.6859,9.014569999999999,17.561833333333333
25.163092,54.723557,25.2877,54.6859,11.78528,24.471999999999998
25.260118,54.688972,25.2877,54.6859,1.99495,5.257333333333333
25.237235,54.735413,25.2877,54.6859,7.67847,14.359
25.277384,54.660577,25.2877,54.6859,4.520779999999999,11.269499999999999
25.216541,54.67653,25.2877,54.6859,6.98177,14.758999999999999
25.216516,54.737201,25.2877,54.6859,9.42841,17.645166666666668
25.291819,54.675784,25.2877,54.6859,1.8865699999999999,6.469333333333334
25.223229,54.695908,25.2877,54.6859,5.61487,12.223833333333333
25.31416,54.71355,25.2877,54.6859,3.97346,7.285833333333333
25.29942,54.666424,25.2877,54.6859,4.0146,9.836666666666668
25.411995,54.688745,25.2877,54.6859,10.514190000000001,17.0245
25.210939,54.718504,25.2877,54.6859,7.59206,14.353666666666667
25.281908,54.671934,25.2877,54.6859,2.88919,6.742500000000001
25.281625,54.699012,25.2877,54.6859,1.86185,4.5488333333333335
25.415124,54.700591,25.2877,54.6859,11.44764,18.498833333333334
25.281625,54.699012,25.2877,54.6859,1.86185,4.5488333333333335
25.281625,54.699012,25.2877,54.6859,1.86185,4.5488333333333335
25.215818,54.69608,25.2877,54.6859,6.5139,13.579333333333333
25.29494,54.673607,25.2877,54.6859,2.6130999999999998,6.875
25.29449,54.674094,25.2877,54.6859,2.5540700000000003,6.638833333333333
25.261467,54.682517,25.2877,54.6859,2.35145,5.656166666666667
25.183928,54.710568,25.2877,54.6859,8.590440000000001,17.544666666666668
25.300322,54.681149,25.2877,54.6859,1.55033,5.1466666666666665
25.241431,54.672162,25.2877,54.6859,4.34776,9.456333333333333
25.272052,54.68081,25.2877,54.6859,2.2103800000000002,5.3919999999999995
25.258321,54.757617,25.2877,54.6859,10.1119,16.662166666666668
25.279678,54.672046,25.2877,54.6859,2.8521900000000002,6.766333333333334
25.185787,54.663527,25.2877,54.6859,8.59297,18.273833333333336
25.272528,54.709505,25.2877,54.6859,3.65433,9.0315
25.234656,54.722507,25.2877,54.6859,6.77576,13.046833333333332
25.278471,54.664556,25.2877,54.6859,4.24064,10.688666666666668
25.293382,54.702627,25.2877,54.6859,2.39813,5.7945
25.294238,54.676801,25.2877,54.6859,1.93221,6.524166666666667
25.287893,54.678647,25.2877,54.6859,2.90345,8.496666666666666
25.29586,54.67649,25.2877,54.6859,2.17677,5.767333333333334
25.213594,54.694647,25.2877,54.6859,6.58632,13.883166666666666
25.261013,54.668896,25.2877,54.6859,3.8279,8.966166666666668
25.244259,54.673239,25.2877,54.6859,4.08993,9.071
25.28295,54.721144,25.2877,54.6859,4.481979999999999,11.001
25.390725,54.710092,25.2877,54.6859,9.11626,16.851
25.16352,54.707186,25.2877,54.6859,9.65147,19.796166666666668
25.23347,54.67438,25.2877,54.6859,5.597270000000001,13.7415
25.314616,54.678211,25.2877,54.6859,2.8738200000000003,7.512166666666667
25.314616,54.678211,25.2877,54.6859,2.8738200000000003,7.512166666666667
25.314616,54.678211,25.2877,54.6859,2.8738200000000003,7.512166666666667
25.314616,54.678211,25.2877,54.6859,2.8738200000000003,7.512166666666667
25.314616,54.678211,25.2877,54.6859,2.8738200000000003,7.512166666666667
25.314616,54.678211,25.2877,54.6859,2.8738200000000003,7.512166666666667
25.314616,54.678211,25.2877,54.6859,2.8738200000000003,7.512166666666667
25.314616,54.678211,25.2877,54.6859,2.8738200000000003,7.512166666666667
25.314616,54.678211,25.2877,54.6859,2.8738200000000003,7.512166666666667
25.279258,54.700329,25.2877,54.6859,2.1312800000000003,5.912000000000001
25.221216,54.711064,25.2877,54.6859,6.99239,13.131
25.28749,54.679588,25.2877,54.6859,0.86421,3.677333333333333
25.30377,54.666765,25.2877,54.6859,3.51654,9.288333333333332
25.171398,54.714632,25.2877,54.6859,9.609399999999999,19.919
25.237598,54.695036,25.2877,54.6859,4.263319999999999,9.173333333333334
25.227996,54.734915,25.2877,54.6859,7.87587,15.3015
25.442351,54.694177,25.2877,54.6859,12.12617,19.89816666666667
25.258243,54.697586,25.2877,54.6859,3.23759,7.320166666666666
25.279515,54.666115,25.2877,54.6859,4.2598400000000005,10.544166666666666
25.309167,54.683774,25.2877,54.6859,3.0449699999999997,7.1685
25.292412,54.6763,25.2877,54.6859,1.81547,6.023
25.231168,54.721201,25.2877,54.6859,6.87418,12.929333333333334
25.241079,54.66491,25.2877,54.6859,5.269270000000001,12.8605
25.28573,54.677294,25.2877,54.6859,2.6265500000000004,7.0715
25.27566,54.671443,25.2877,54.6859,2.96569,6.990166666666667
25.277408,54.67983,25.2877,54.6859,1.77672,4.402833333333334
25.257152,54.717124,25.2877,54.6859,6.08143,11.662166666666668
25.278553,54.67558,25.2877,54.6859,2.47706,5.957
25.17743,54.711814,25.2877,54.6859,8.61664,17.5965
25.229778,54.718257,25.2877,54.6859,6.69457,12.327499999999999
25.239441,54.669853,25.2877,54.6859,4.356,10.096
25.252483,54.654109,25.2877,54.6859,6.98704,17.77466666666667
25.252483,54.654109,25.2877,54.6859,6.98704,17.77466666666667
25.252483,54.654109,25.2877,54.6859,6.98704,17.77466666666667
25.252483,54.654109,25.2877,54.6859,6.98704,17.77466666666667
25.252483,54.654109,25.2877,54.6859,6.98704,17.77466666666667
25.252483,54.654109,25.2877,54.6859,6.98704,17.77466666666667
25.252483,54.654109,25.2877,54.6859,6.98704,17.77466666666667
25.252483,54.654109,25.2877,54.6859,6.98704,17.77466666666667
25.252483,54.654109,25.2877,54.6859,6.98704,17.77466666666667
25.252483,54.654109,25.2877,54.6859,6.98704,17.77466666666667
25.252483,54.654109,25.2877,54.6859,6.98704,17.77466666666667
25.228437,54.677116,25.2877,54.6859,6.62325,15.211833333333335
25.228437,54.677116,25.2877,54.6859,6.62325,15.211833333333335
25.228437,54.677116,25.2877,54.6859,6.62325,15.211833333333335
25.228437,54.677116,25.2877,54.6859,6.62325,15.211833333333335
25.228625,54.676533,25.2877,54.6859,6.561109999999999,15.005833333333333
25.228625,54.676533,25.2877,54.6859,6.561109999999999,15.005833333333333
25.283876,54.710251,25.2877,54.6859,3.14638,7.531666666666666
25.281987,54.676235,25.2877,54.6859,2.2474600000000002,5.2941666666666665
25.277597,54.683044,25.2877,54.6859,1.39969,3.7503333333333333
25.272075,54.705477,25.2877,54.6859,3.1371700000000002,7.135833333333333
25.292046,54.684736,25.2877,54.6859,1.11242,3.6725
25.22456,54.727062,25.2877,54.6859,7.9886099999999995,15.443999999999999
25.320996,54.725691,25.2877,54.6859,5.47306,10.497333333333334
25.176464,54.711398,25.2877,54.6859,8.669120000000001,17.69816666666667
25.224284,54.718101,25.2877,54.6859,7.73202,14.676166666666667
25.315801,54.677433,25.2877,54.6859,2.97128,7.902
25.289577,54.708706,25.2877,54.6859,2.7409,6.1555
25.26329,54.686407,25.2877,54.6859,1.80633,4.796833333333334
25.291345,54.706357,25.2877,54.6859,2.42387,5.588166666666667
25.28541,54.719834,25.2877,54.6859,4.34417,10.488499999999998
25.218183,54.702075,25.2877,54.6859,5.91583,13.219166666666666
25.251348,54.70835,25.2877,54.6859,4.4989799999999995,9.014000000000001
25.189054,54.680391,25.2877,54.6859,9.07988,15.596833333333333
25.252786,54.667496,25.2877,54.6859,4.53812,11.257166666666667
25.302621,54.727049,25.2877,54.6859,5.29655,12.081999999999999
25.288025,54.724173,25.2877,54.6859,4.854430000000001,11.723
25.305835,54.715532,25.2877,54.6859,3.89421,7.963833333333333
25.368043,54.725525,25.2877,54.6859,8.35168,20.398500000000002
25.368043,54.725525,25.2877,54.6859,8.35168,20.398500000000002
25.411573,54.775075,25.2877,54.6859,14.772260000000001,23.508333333333333
25.215999,54.730686,25.2877,54.6859,8.582790000000001,15.971166666666667
25.279557,54.68014,25.2877,54.6859,1.41372,6.423500000000001
25.279557,54.68014,25.2877,54.6859,1.41372,6.423500000000001
25.252232,54.653129,25.2877,54.6859,7.13525,18.367666666666665
25.275249,54.690009,25.2877,54.6859,1.34345,3.708666666666667
25.287651,54.683779,25.2877,54.6859,0.32933,1.4095
25.264339,54.690782,25.2877,54.6859,1.65951,4.637166666666667
25.259903,54.674233,25.2877,54.6859,3.5985300000000002,9.676833333333333
25.251474,54.679234,25.2877,54.6859,3.45533,8.986500000000001
25.256911,54.738625,25.2877,54.6859,8.22683,15.741999999999999
25.299751,54.678796,25.2877,54.6859,2.47657,8.104333333333333
25.288323,54.694704,25.2877,54.6859,0.9865499999999999,2.492
25.313883,54.67805,25.2877,54.6859,2.8335700000000004,7.354833333333334
25.20913,54.67206,25.2877,54.6859,7.70625,15.959666666666667
25.270466,54.675766,25.2877,54.6859,2.67275,6.537833333333333
25.265353,54.685579,25.2877,54.6859,1.80329,5.094333333333334
25.242265,54.71274,25.2877,54.6859,5.86353,11.321833333333332
25.313701,54.711788,25.2877,54.6859,3.75307,6.901
25.23092,54.742014,25.2877,54.6859,8.4863,16.398166666666665
25.245631,54.711431,25.2877,54.6859,4.97984,10.324000000000002
25.228625,54.676533,25.2877,54.6859,6.561109999999999,15.005833333333333
25.249667,54.708185,25.2877,54.6859,5.34945,11.119166666666667
25.275827,54.696402,25.2877,54.6859,1.84528,4.334833333333333
25.287653,54.667523,25.2877,54.6859,3.88519,10.081999999999999
25.180795,54.715131,25.2877,54.6859,8.762120000000001,18.136833333333335
25.23347,54.67438,25.2877,54.6859,5.597270000000001,13.7415
25.264068,54.677194,25.2877,54.6859,2.89434,7.3965000000000005
25.188155,54.711145,25.2877,54.6859,8.75807,17.935166666666664
25.265504,54.676719,25.2877,54.6859,2.84926,7.144
25.302244,54.681647,25.2877,54.6859,1.69941,5.742999999999999
25.279515,54.666115,25.2877,54.6859,4.2598400000000005,10.544166666666666
25.283804,54.662371,25.2877,54.6859,4.52796,11.377
25.36608,54.67052,25.2877,54.6859,7.02746,16.0395
25.277586,54.698469,25.2877,54.6859,1.91648,5.014666666666667
25.429428,54.686559,25.2877,54.6859,11.82483,19.08833333333333
25.312301,54.671512,25.2877,54.6859,3.23078,9.529833333333332
25.280002,54.661689,25.2877,54.6859,4.84858,12.4735
25.312301,54.671512,25.2877,54.6859,3.23078,9.529833333333332
25.315032,54.697481,25.2877,54.6859,2.44909,5.172666666666667
25.305279,54.695938,25.2877,54.6859,1.93632,5.066666666666666
25.41808,54.698079,25.2877,54.6859,11.304620000000002,19.5975
25.270715,54.728605,25.2877,54.6859,5.86922,12.895833333333334
25.27003,54.680862,25.2877,54.6859,2.45058,5.981333333333334
25.343906,54.735844,25.2877,54.6859,7.7683800000000005,14.127666666666666
25.25181,54.654197,25.2877,54.6859,6.9554,17.64816666666667
25.288338,54.670173,25.2877,54.6859,3.41956,8.744666666666665
25.234285,54.674768,25.2877,54.6859,5.56007,13.592666666666666
25.303588,54.681359,25.2877,54.6859,1.7621099999999998,5.993833333333333
25.411573,54.775075,25.2877,54.6859,14.772260000000001,23.508333333333333
25.27759,54.68342,25.2877,54.6859,1.3573199999999999,3.6776666666666666
25.297956,54.680887,25.2877,54.6859,1.39497,4.525333333333333
25.258541,54.757936,25.2877,54.6859,10.14425,16.8555
25.28798,54.724955,25.2877,54.6859,4.94116,12.069833333333333
25.296718,54.693197,25.2877,54.6859,1.11298,2.5911666666666666
25.188807,54.663073,25.2877,54.6859,8.51349,17.875833333333333
25.216722,54.674157,25.2877,54.6859,7.299180000000001,15.418166666666668
25.425925,54.68327,25.2877,54.6859,12.01601,19.492
25.312016,54.727406,25.2877,54.6859,6.16355,11.679666666666666
25.281625,54.699012,25.2877,54.6859,1.86185,4.5488333333333335
25.281625,54.699012,25.2877,54.6859,1.86185,4.5488333333333335
25.281625,54.699012,25.2877,54.6859,1.86185,4.5488333333333335
25.274297,54.674776,25.2877,54.6859,2.6594499999999996,6.635166666666667
25.261417,54.643235,25.2877,54.6859,6.58709,16.285833333333333
25.248918,54.676459,25.2877,54.6859,3.68758,8.212666666666667
25.208113,54.672208,25.2877,54.6859,7.76078,16.064333333333334
25.289147,54.70725,25.2877,54.6859,2.6253800000000003,5.947
25.188083,54.662552,25.2877,54.6859,8.49472,17.800666666666665
25.290216,54.682162,25.2877,54.6859,1.28513,4.278666666666667
25.215914,54.680776,25.2877,54.6859,7.2995,15.306000000000001
25.205473,54.748733,25.2877,54.6859,10.148819999999999,19.603166666666667
25.205473,54.748733,25.2877,54.6859,10.148819999999999,19.603166666666667
25.205473,54.748733,25.2877,54.6859,10.148819999999999,19.603166666666667
25.205473,54.748733,25.2877,54.6859,10.148819999999999,19.603166666666667
25.205473,54.748733,25.2877,54.6859,10.148819999999999,19.603166666666667
25.205473,54.748733,25.2877,54.6859,10.148819999999999,19.603166666666667
25.205473,54.748733,25.2877,54.6859,10.148819999999999,19.603166666666667
25.205473,54.748733,25.2877,54.6859,10.148819999999999,19.603166666666667
25.205473,54.748733,25.2877,54.6859,10.148819999999999,19.603166666666667
25.205473,54.748733,25.2877,54.6859,10.148819999999999,19.603166666666667
25.205473,54.748733,25.2877,54.6859,10.148819999999999,19.603166666666667
25.272453,54.700617,25.2877,54.6859,2.67331,6.356833333333333
25.261746,54.756017,25.2877,54.6859,10.03236,16.682333333333336
25.227411,54.740873,25.2877,54.6859,8.46729,16.24233333333333
25.213414,54.716025,25.2877,54.6859,7.68575,14.452499999999999
25.28225,54.684908,25.2877,54.6859,0.35873,1.4796666666666667
25.210939,54.718504,25.2877,54.6859,7.59206,14.353666666666667
25.210939,54.718504,25.2877,54.6859,7.59206,14.353666666666667
25.273768,54.729281,25.2877,54.6859,5.707739999999999,12.669666666666666
25.30419,54.71722,25.2877,54.6859,4.211399999999999,8.936666666666667
25.278306,54.675587,25.2877,54.6859,2.46119,5.919
25.294605,54.674411,25.2877,54.6859,2.54251,6.523666666666667
25.249353,54.67504,25.2877,54.6859,3.59702,8.5785
25.290851,54.728896,25.2877,54.6859,5.63361,14.967
25.094359,54.672105,25.2877,54.6859,17.22033,25.353666666666665
25.307553,54.681809,25.2877,54.6859,2.02528,6.941833333333333
25.281649,54.679706,25.2877,54.6859,1.2559,5.611000000000001
25.226602,54.743512,25.2877,54.6859,8.7008,16.898666666666667
25.177411,54.713819,25.2877,54.6859,8.783850000000001,18.176666666666666
25.281625,54.699012,25.2877,54.6859,1.86185,4.5488333333333335
25.281088,54.690049,25.2877,54.6859,0.61413,3.163
25.272327,54.70829,25.2877,54.6859,3.5205,8.496166666666666
25.24959,54.692483,25.2877,54.6859,3.0526500000000003,7.513333333333334
25.301734,54.690696,25.2877,54.6859,1.27704,2.897666666666667
25.287506,54.717581,25.2877,54.6859,4.43424,10.4475
25.287506,54.717581,25.2877,54.6859,4.43424,10.4475
25.31974,54.70216,25.2877,54.6859,3.3882600000000003,7.572500000000001
25.277349,54.689718,25.2877,54.6859,0.88387,2.8666666666666667
25.280399,54.672488,25.2877,54.6859,2.86015,6.907
25.210939,54.718504,25.2877,54.6859,7.59206,14.353666666666667
25.273256,54.741161,25.2877,54.6859,6.88404,14.162
25.302409,54.679138,25.2877,54.6859,1.93428,6.064666666666667
25.273217,54.683485,25.2877,54.6859,1.96706,5.218666666666667
25.283,54.675654,25.2877,54.6859,2.3378400000000004,5.429833333333334
25.275827,54.696402,25.2877,54.6859,1.84528,4.334833333333333
25.273651,54.697696,25.2877,54.6859,2.21499,5.3101666666666665
25.263342,54.692096,25.2877,54.6859,2.53473,6.1935
25.254267,54.700338,25.2877,54.6859,4.04186,9.179333333333334
25.25558,54.675338,25.2877,54.6859,3.8529899999999997,9.458833333333333
25.310346,54.703238,25.2877,54.6859,2.6865799999999997,5.042333333333334
25.259357,54.757426,25.2877,54.6859,10.17909,16.962333333333333
25.279515,54.666115,25.2877,54.6859,4.2598400000000005,10.544166666666666
25.356684,54.78385,25.2877,54.6859,14.928370000000001,28.2635
25.093204,54.670937,25.2877,54.6859,17.041150000000002,24.81116666666667
25.314211,54.678552,25.2877,54.6859,2.85975,7.662999999999999
25.290547,54.682954,25.2877,54.6859,1.00026,3.1776666666666666
25.284133,54.702157,25.2877,54.6859,2.25444,5.881333333333333
25.283273,54.673305,25.2877,54.6859,2.69359,6.440333333333333
25.246652,54.733912,25.2877,54.6859,7.88555,15.262666666666666
25.260379,54.754731,25.2877,54.6859,9.85679,16.450666666666667
25.27342,54.69682,25.2877,54.6859,2.2545100000000002,5.280166666666667
25.276251,54.702299,25.2877,54.6859,2.98072,6.588333333333334
25.253948,54.73968,25.2877,54.6859,8.46704,16.702666666666666
25.432366,54.687004,25.2877,54.6859,12.174520000000001,19.462666666666667
25.280045,54.780134,25.2877,54.6859,12.721770000000001,21.165833333333335
25.37969,54.674207,25.2877,54.6859,8.41282,17.967
25.163092,54.723557,25.2877,54.6859,11.78528,24.471999999999998
25.305112,54.681381,25.2877,54.6859,1.88107,6.495666666666667
25.258243,54.697586,25.2877,54.6859,3.23759,7.320166666666666
25.218684,54.720214,25.2877,54.6859,7.5685,14.663666666666668
25.274497,54.673819,25.2877,54.6859,3.04625,7.212999999999999
25.283092,54.688437,25.2877,54.6859,0.35325,1.5253333333333332
25.245221,54.673279,25.2877,54.6859,3.86232,9.144666666666666
25.21939,54.736329,25.2877,54.6859,9.30673,17.1125
25.309167,54.683774,25.2877,54.6859,3.0449699999999997,7.1685
25.442351,54.694177,25.2877,54.6859,12.12617,19.89816666666667
25.281605,54.715901,25.2877,54.6859,4.32349,9.918000000000001
25.283288,54.675502,25.2877,54.6859,2.36293,5.4718333333333335
25.285297,54.707885,25.2877,54.6859,2.72833,6.389833333333333
25.281625,54.699012,25.2877,54.6859,1.86185,4.5488333333333335
25.281625,54.699012,25.2877,54.6859,1.86185,4.5488333333333335
25.222567,54.739023,25.2877,54.6859,8.588,16.720000000000002
25.210939,54.718504,25.2877,54.6859,7.59206,14.353666666666667
25.281625,54.699012,25.2877,54.6859,1.86185,4.5488333333333335
25.281625,54.699012,25.2877,54.6859,1.86185,4.5488333333333335
25.2287,54.726878,25.2877,54.6859,7.93455,15.307666666666668
25.292903,54.680314,25.2877,54.6859,1.37348,4.487333333333334
25.282695,54.659889,25.2877,54.6859,4.95245,12.75
25.265296,54.691864,25.2877,54.6859,1.80782,4.775333333333333
25.218398,54.696013,25.2877,54.6859,6.63157,13.860000000000001
25.283181,54.704741,25.2877,54.6859,2.49673,5.9875
25.284746,54.702952,25.2877,54.6859,2.31177,5.7325
25.277309,54.690723,25.2877,54.6859,1.28297,3.2790000000000004
25.314125,54.674633,25.2877,54.6859,2.8505100000000003,7.334666666666666
25.212477,54.708381,25.2877,54.6859,8.11181,14.724333333333334
25.432488,54.687326,25.2877,54.6859,12.16351,19.418666666666663
25.432488,54.687326,25.2877,54.6859,12.16351,19.418666666666663
25.261746,54.676283,25.2877,54.6859,3.08423,8.081833333333334
25.298231,54.70887,25.2877,54.6859,3.29208,7.673333333333333
25.26493,54.676879,25.2877,54.6859,2.87482,7.220666666666667
25.257502,54.693829,25.2877,54.6859,2.4679699999999998,6.522333333333333
25.26493,54.676879,25.2877,54.6859,2.87482,7.220666666666667
25.266739,54.684834,25.2877,54.6859,2.00942,5.116666666666666
25.34371,54.736419,25.2877,54.6859,7.780939999999999,14.2035
25.372767,54.729234,25.2877,54.6859,9.7189,18.050333333333334
25.250356,54.70282,25.2877,54.6859,4.1867399999999995,9.116999999999999
25.367547,54.728477,25.2877,54.6859,10.16469,19.871666666666666
25.217265,54.708913,25.2877,54.6859,7.5273,14.217
25.272528,54.709505,25.2877,54.6859,3.65433,9.0315
25.246029,54.674181,25.2877,54.6859,4.2783999999999995,9.636333333333333
25.284492,54.764435,25.2877,54.6859,11.5195,19.190166666666666
25.268528,54.688321,25.2877,54.6859,1.27922,3.728
25.211474,54.673039,25.2877,54.6859,7.57068,16.464000000000002
25.240431,54.698186,25.2877,54.6859,4.03618,9.140666666666668
25.231555,54.731078,25.2877,54.6859,7.283720000000001,13.786666666666667
25.290513,54.680836,25.2877,54.6859,1.26434,3.7828333333333335
25.218247,54.731144,25.2877,54.6859,8.476870000000002,15.534666666666668
25.414826,54.710186,25.2877,54.6859,12.053709999999999,19.052
25.414826,54.710186,25.2877,54.6859,12.053709999999999,19.052
25.265151,54.66072,25.2877,54.6859,4.825189999999999,12.653666666666668
25.284904,54.692878,25.2877,54.6859,1.01677,3.1933333333333334
25.287933,54.673687,25.2877,54.6859,2.78694,6.985166666666667
25.277047,54.664503,25.2877,54.6859,4.24427,10.6995
25.30134,54.679162,25.2877,54.6859,1.86738,5.901666666666667
25.275604,54.710746,25.2877,54.6859,3.6034,9.451666666666666
25.289029,54.676399,25.2877,54.6859,2.94532,8.5995
25.273355,54.741459,25.2877,54.6859,6.994680000000001,14.701166666666667
25.281767,54.674622,25.2877,54.6859,2.49453,6.279333333333333
25.261188,54.671246,25.2877,54.6859,3.3738200000000003,8.256333333333334
25.275659,54.686687,25.2877,54.6859,1.22731,3.7118333333333333
25.390656,54.695723,25.2877,54.6859,8.683530000000001,14.782333333333334
25.273651,54.697696,25.2877,54.6859,2.21499,5.3101666666666665
25.22807,54.741668,25.2877,54.6859,8.370479999999999,15.819666666666667
25.22807,54.741668,25.2877,54.6859,8.370479999999999,15.819666666666667
25.22807,54.741668,25.2877,54.6859,8.370479999999999,15.819666666666667
25.22807,54.741668,25.2877,54.6859,8.370479999999999,15.819666666666667
25.22807,54.741668,25.2877,54.6859,8.370479999999999,15.819666666666667
25.22807,54.741668,25.2877,54.6859,8.370479999999999,15.819666666666667
25.22807,54.741668,25.2877,54.6859,8.370479999999999,15.819666666666667
25.22807,54.741668,25.2877,54.6859,8.370479999999999,15.819666666666667
25.22807,54.741668,25.2877,54.6859,8.370479999999999,15.819666666666667
25.22807,54.741668,25.2877,54.6859,8.370479999999999,15.819666666666667
25.22807,54.741668,25.2877,54.6859,8.370479999999999,15.819666666666667
25.22807,54.741668,25.2877,54.6859,8.370479999999999,15.819666666666667
25.22807,54.741668,25.2877,54.6859,8.370479999999999,15.819666666666667
25.22807,54.741668,25.2877,54.6859,8.370479999999999,15.819666666666667
25.17678,54.71164,25.2877,54.6859,8.640270000000001,17.584
25.284502,54.723527,25.2877,54.6859,4.9341800000000005,11.715333333333332
25.317504,54.676134,25.2877,54.6859,3.16567,8.276166666666667
25.282414,54.685071,25.2877,54.6859,0.37751,1.5855
25.241899,54.673009,25.2877,54.6859,4.24928,9.243333333333334
25.291375,54.728815,25.2877,54.6859,5.10084,11.93
25.28317,54.673048,25.2877,54.6859,2.72234,6.483333333333333
25.231811,54.733288,25.2877,54.6859,7.7175,15.129833333333332
25.25471,54.698449,25.2877,54.6859,3.3562,7.693333333333333
25.249738,54.717803,25.2877,54.6859,6.54601,12.719
25.351816,54.727978,25.2877,54.6859,7.638229999999999,14.039166666666667
25.391831,54.710559,25.2877,54.6859,9.20044,17.188333333333333
25.264529,54.756974,25.2877,54.6859,10.22211,16.974833333333333
25.09095,54.669249,25.2877,54.6859,17.094990000000003,24.948500000000003
25.268559,54.678397,25.2877,54.6859,2.72287,6.7556666666666665
25.257152,54.717124,25.2877,54.6859,6.08143,11.662166666666668
25.216995,54.665209,25.2877,54.6859,6.87107,16.180500000000002
25.272141,54.744994,25.2877,54.6859,7.43595,15.805166666666667
25.240525,54.695248,25.2877,54.6859,3.9579400000000002,9.010833333333332
25.228649,54.724945,25.2877,54.6859,7.73683,14.723333333333333
25.226602,54.743512,25.2877,54.6859,8.7008,16.898666666666667
25.309463,54.703099,25.2877,54.6859,2.67439,5.082166666666667
25.274205,54.678618,25.2877,54.6859,2.587,5.996666666666667
25.281281,54.710476,25.2877,54.6859,3.2399899999999997,7.990666666666667
25.281281,54.710476,25.2877,54.6859,3.2399899999999997,7.990666666666667
25.281281,54.710476,25.2877,54.6859,3.2399899999999997,7.990666666666667
25.281281,54.710476,25.2877,54.6859,3.2399899999999997,7.990666666666667
25.241659,54.708342,25.2877,54.6859,5.23849,10.082333333333334
25.218507,54.732791,25.2877,54.6859,8.72253,16.707166666666666
25.291471,54.676506,25.2877,54.6859,3.1102800000000004,9.257333333333333
25.40083,54.692489,25.2877,54.6859,9.82251,15.535166666666667
25.174693,54.702586,25.2877,54.6859,9.11948,18.1675
25.266661,54.678629,25.2877,54.6859,2.6475,6.496333333333333
25.246134,54.698914,25.2877,54.6859,3.62668,8.088166666666668
25.276295,54.68264,25.2877,54.6859,1.48707,3.9463333333333335
25.315276,54.678121,25.2877,54.6859,2.98481,7.901166666666667
25.268875,54.661868,25.2877,54.6859,4.55443,11.404166666666667
25.247954,54.722907,25.2877,54.6859,6.19698,12.452666666666666
25.29253,54.702241,25.2877,54.6859,2.33735,5.634
25.266217,54.72837,25.2877,54.6859,6.429939999999999,12.893
25.270159,54.663244,25.2877,54.6859,4.45706,11.238666666666667
25.317993,54.677762,25.2877,54.6859,3.1872399999999996,8.765833333333335
25.281485,54.659172,25.2877,54.6859,5.077979999999999,13.252
25.214598,54.71047,25.2877,54.6859,7.85867,14.179499999999999
25.32098,54.717369,25.2877,54.6859,4.59318,9.187833333333334
25.253841,54.669845,25.2877,54.6859,4.65522,11.725666666666665
25.316127,54.713168,25.2877,54.6859,3.89115,7.257499999999999
25.262432,54.677956,25.2877,54.6859,2.8041799999999997,7.379833333333334
25.227717,54.705225,25.2877,54.6859,6.63228,13.351333333333335
25.294861,54.693295,25.2877,54.6859,1.2327000000000001,3.4123333333333337
25.294861,54.693295,25.2877,54.6859,1.2327000000000001,3.4123333333333337
25.294861,54.693295,25.2877,54.6859,1.2327000000000001,3.4123333333333337
25.294861,54.693295,25.2877,54.6859,1.2327000000000001,3.4123333333333337
25.294861,54.693295,25.2877,54.6859,1.2327000000000001,3.4123333333333337
25.294861,54.693295,25.2877,54.6859,1.2327000000000001,3.4123333333333337
25.294861,54.693295,25.2877,54.6859,1.2327000000000001,3.4123333333333337
25.294861,54.693295,25.2877,54.6859,1.2327000000000001,3.4123333333333337
25.294861,54.693295,25.2877,54.6859,1.2327000000000001,3.4123333333333337
25.306401,54.696552,25.2877,54.6859,2.10632,5.698833333333334
25.301821,54.719108,25.2877,54.6859,4.698510000000001,9.750333333333334
25.251485,54.656315,25.2877,54.6859,6.74046,16.7885
25.30419,54.71722,25.2877,54.6859,4.211399999999999,8.936666666666667
25.273768,54.729281,25.2877,54.6859,5.707739999999999,12.669666666666666
25.311521,54.696649,25.2877,54.6859,2.1573,4.5515
25.272528,54.709505,25.2877,54.6859,3.65433,9.0315
25.276987,54.675005,25.2877,54.6859,2.489,6.21
25.323067,54.733755,25.2877,54.6859,6.833270000000001,12.971499999999999
25.24339,54.71113,25.2877,54.6859,5.91615,11.841166666666668
25.216815,54.701586,25.2877,54.6859,5.84279,12.965499999999999
25.257729,54.605984,25.2877,54.6859,12.93883,22.67233333333333
25.280557,54.67422,25.2877,54.6859,2.5471399999999997,7.178333333333333
25.234285,54.674768,25.2877,54.6859,5.56007,13.592666666666666
25.253663,54.716854,25.2877,54.6859,6.272270000000001,12.140666666666668
25.221498,54.74038,25.2877,54.6859,8.73151,16.425833333333333
25.277345,54.635169,25.2877,54.6859,7.58289,18.133333333333333
25.251501,54.724701,25.2877,54.6859,7.0690100000000005,13.761833333333334
25.282581,54.665995,25.2877,54.6859,4.09694,10.207833333333333
25.238358,54.697036,25.2877,54.6859,4.37594,9.350833333333332
25.23347,54.67438,25.2877,54.6859,5.597270000000001,13.7415
25.279901,54.664947,25.2877,54.6859,4.39354,11.259666666666668
25.22005,54.739931,25.2877,54.6859,8.83025,16.857
25.238694,54.718984,25.2877,54.6859,6.65451,13.5305
25.238694,54.718984,25.2877,54.6859,6.65451,13.5305
25.238694,54.718984,25.2877,54.6859,6.65451,13.5305
25.238694,54.718984,25.2877,54.6859,6.65451,13.5305
25.238694,54.718984,25.2877,54.6859,6.65451,13.5305
25.238694,54.718984,25.2877,54.6859,6.65451,13.5305
25.204597,54.635851,25.2877,54.6859,9.160870000000001,18.084999999999997
25.368043,54.725525,25.2877,54.6859,8.35168,20.398500000000002
25.227631,54.681963,25.2877,54.6859,7.24525,17.684666666666665
25.227631,54.681963,25.2877,54.6859,7.24525,17.684666666666665
25.271884,54.681988,25.2877,54.6859,2.28985,5.655666666666666
25.268462,54.677055,25.2877,54.6859,2.84204,7.0835
25.182608,54.702689,25.2877,54.6859,8.577770000000001,17.78933333333333
25.279407,54.67197,25.2877,54.6859,2.8767199999999997,6.918666666666667
25.272766,54.674597,25.2877,54.6859,2.7051399999999997,6.6905
25.287992,54.758824,25.2877,54.6859,9.1473,19.256833333333336
25.307789,54.697604,25.2877,54.6859,2.1102800000000004,4.347333333333333
25.28798,54.724955,25.2877,54.6859,4.94116,12.069833333333333
25.088131,54.673206,25.2877,54.6859,17.27563,25.4905
25.2876,54.683979,25.2877,54.6859,0.31787,1.3924999999999998
25.249683,54.674138,25.2877,54.6859,3.608,8.685666666666666
25.30419,54.71722,25.2877,54.6859,4.211399999999999,8.936666666666667
25.301476,54.726612,25.2877,54.6859,5.304399999999999,12.007
25.16472,54.708189,25.2877,54.6859,9.50433,19.354833333333332
25.242457,54.668629,25.2877,54.6859,4.49396,10.480166666666666
25.276969,54.661605,25.2877,54.6859,4.50709,11.237166666666667
25.305112,54.681381,25.2877,54.6859,1.88107,6.495666666666667
25.316965,54.698274,25.2877,54.6859,2.7370900000000002,6.6025
25.271328,54.740761,25.2877,54.6859,7.10914,14.983833333333333
25.271328,54.740761,25.2877,54.6859,7.10914,14.983833333333333
25.271328,54.740761,25.2877,54.6859,7.10914,14.983833333333333
25.271328,54.740761,25.2877,54.6859,7.10914,14.983833333333333
25.271328,54.740761,25.2877,54.6859,7.10914,14.983833333333333
25.271328,54.740761,25.2877,54.6859,7.10914,14.983833333333333
25.271328,54.740761,25.2877,54.6859,7.10914,14.983833333333333
25.271328,54.740761,25.2877,54.6859,7.10914,14.983833333333333
25.271328,54.740761,25.2877,54.6859,7.10914,14.983833333333333
25.271328,54.740761,25.2877,54.6859,7.10914,14.983833333333333
25.271328,54.740761,25.2877,54.6859,7.10914,14.983833333333333
25.271328,54.740761,25.2877,54.6859,7.10914,14.983833333333333
25.271328,54.740761,25.2877,54.6859,7.10914,14.983833333333333
25.271328,54.740761,25.2877,54.6859,7.10914,14.983833333333333
25.271328,54.740761,25.2877,54.6859,7.10914,14.983833333333333
25.271328,54.740761,25.2877,54.6859,7.10914,14.983833333333333
25.271328,54.740761,25.2877,54.6859,7.10914,14.983833333333333
25.271328,54.740761,25.2877,54.6859,7.10914,14.983833333333333
25.266146,54.7378,25.2877,54.6859,7.86283,14.009333333333332
25.22574,54.715467,25.2877,54.6859,6.6583000000000006,12.463333333333333
25.259867,54.755776,25.2877,54.6859,9.865969999999999,16.22533333333333
25.260337,54.757348,25.2877,54.6859,10.233540000000001,17.183833333333332
25.210939,54.718504,25.2877,54.6859,7.59206,14.353666666666667
25.287057,54.699803,25.2877,54.6859,1.5877000000000001,4.0873333333333335
25.210939,54.718504,25.2877,54.6859,7.59206,14.353666666666667
25.283461,54.680584,25.2877,54.6859,1.24517,5.541166666666667
25.238872,54.716279,25.2877,54.6859,5.8555,12.3475
25.264339,54.690782,25.2877,54.6859,1.65951,4.637166666666667
25.255283,54.702824,25.2877,54.6859,3.83365,8.077666666666667
25.210939,54.718504,25.2877,54.6859,7.59206,14.353666666666667
25.28067,54.685607,25.2877,54.6859,0.54427,2.1906666666666665
25.267288,54.674236,25.2877,54.6859,3.03423,7.494166666666667
25.210939,54.718504,25.2877,54.6859,7.59206,14.353666666666667
25.26794,54.754667,25.2877,54.6859,9.50792,16.001833333333334
25.265891,54.671003,25.2877,54.6859,3.31219,7.894166666666666
25.300999,54.707127,25.2877,54.6859,3.29484,7.748833333333334
25.271909,54.687253,25.2877,54.6859,1.22328,3.444166666666667
25.27119,54.726075,25.2877,54.6859,6.4418,14.591333333333333
25.2606,54.690062,25.2877,54.6859,1.86784,5.178833333333333
25.258409,54.673741,25.2877,54.6859,3.69429,9.758000000000001
25.258409,54.673741,25.2877,54.6859,3.69429,9.758000000000001
25.258409,54.673741,25.2877,54.6859,3.69429,9.758000000000001
25.258409,54.673741,25.2877,54.6859,3.69429,9.758000000000001
25.258409,54.673741,25.2877,54.6859,3.69429,9.758000000000001
25.258409,54.673741,25.2877,54.6859,3.69429,9.758000000000001
25.276306,54.689888,25.2877,54.6859,1.34083,3.256333333333333
25.27737,54.687383,25.2877,54.6859,0.61518,2.0516666666666667
25.177236,54.715567,25.2877,54.6859,9.165629999999998,18.596999999999998
25.279632,54.684714,25.2877,54.6859,0.59648,2.4265
25.267796,54.675255,25.2877,54.6859,2.92536,7.333666666666667
25.264699,54.690035,25.2877,54.6859,1.51391,4.397666666666667
25.429007,54.792344,25.2877,54.6859,15.83195,23.065
25.276306,54.689888,25.2877,54.6859,1.34083,3.256333333333333
25.15119,54.619174,25.2877,54.6859,15.45181,26.952833333333334
25.221,54.739475,25.2877,54.6859,8.83546,16.841666666666665
25.261388,54.67013,25.2877,54.6859,3.86468,9.224666666666668
25.294912,54.676576,25.2877,54.6859,1.98023,6.682
25.259596,54.697811,25.2877,54.6859,3.28844,7.299166666666666
25.227235,54.725863,25.2877,54.6859,7.79372,14.856666666666666
25.215818,54.69608,25.2877,54.6859,6.5139,13.579333333333333
25.275604,54.710746,25.2877,54.6859,3.6034,9.451666666666666
25.31066,54.67905,25.2877,54.6859,2.64656,7.713333333333334
25.39686,54.68134,25.2877,54.6859,9.48557,19.3585
25.281583,54.682514,25.2877,54.6859,0.8563099999999999,3.754833333333333
25.274681,54.697375,25.2877,54.6859,2.12335,5.0873333333333335
25.244122,54.729112,25.2877,54.6859,6.983350000000001,14.7205
25.21212,54.718666,25.2877,54.6859,7.469390000000001,13.743166666666667
25.220585,54.710172,25.2877,54.6859,7.08922,13.291333333333334
25.213543,54.679932,25.2877,54.6859,7.4622399999999995,15.794166666666666
25.271909,54.687253,25.2877,54.6859,1.22328,3.444166666666667
25.220105,54.721852,25.2877,54.6859,7.5697600000000005,14.0795
25.222022,54.73977,25.2877,54.6859,8.5413,16.337333333333333
25.320567,54.709343,25.2877,54.6859,4.18884,7.6033333333333335
25.215144,54.733105,25.2877,54.6859,8.901620000000001,17.092499999999998
25.215144,54.733105,25.2877,54.6859,8.901620000000001,17.092499999999998
25.283035,54.677178,25.2877,54.6859,2.6085700000000003,6.8375
25.215144,54.733105,25.2877,54.6859,8.901620000000001,17.092499999999998
25.215144,54.733105,25.2877,54.6859,8.901620000000001,17.092499999999998
25.303756,54.676297,25.2877,54.6859,2.1771700000000003,6.162999999999999
25.283875,54.674294,25.2877,54.6859,2.80143,6.602
25.203967,54.642506,25.2877,54.6859,8.46319,15.579
25.348443,54.648712,25.2877,54.6859,7.52797,16.962833333333332
25.332252,54.745477,25.2877,54.6859,9.0353,17.64466666666667
25.332252,54.745477,25.2877,54.6859,9.0353,17.64466666666667
25.336709,54.745793,25.2877,54.6859,10.425030000000001,18.578
25.336709,54.745793,25.2877,54.6859,10.425030000000001,18.578
25.275827,54.696402,25.2877,54.6859,1.84528,4.334833333333333
25.25202,54.655056,25.2877,54.6859,6.88319,17.359333333333332
25.272495,54.660317,25.2877,54.6859,4.480390000000001,10.969666666666665
25.31139,54.708343,25.2877,54.6859,3.34498,6.4928333333333335
25.16365,54.708634,25.2877,54.6859,9.451600000000001,19.145666666666667
25.286184,54.698953,25.2877,54.6859,1.51723,3.8861666666666665
25.243492,54.697523,25.2877,54.6859,3.76594,8.507666666666667
25.277189,54.672594,25.2877,54.6859,2.72699,6.5085
25.273646,54.751455,25.2877,54.6859,9.70913,16.491666666666667
25.240621,54.698804,25.2877,54.6859,4.10885,9.4795
25.21691,54.667977,25.2877,54.6859,7.65616,15.941833333333333
25.214865,54.694523,25.2877,54.6859,6.55776,13.881333333333334
25.274204,54.678107,25.2877,54.6859,2.55507,6.029
25.296759,54.680809,25.2877,54.6859,1.3163,4.210666666666667
25.284638,54.691637,25.2877,54.6859,0.74786,1.9549999999999998
25.311337,54.685025,25.2877,54.6859,2.76699,5.552499999999999
25.265284,54.688246,25.2877,54.6859,1.5273299999999999,4.464166666666667
25.253948,54.73968,25.2877,54.6859,8.46704,16.702666666666666
25.318181,54.713092,25.2877,54.6859,4.167470000000001,7.8854999999999995
25.279816,54.671688,25.2877,54.6859,2.89709,6.905333333333333
25.259596,54.697811,25.2877,54.6859,3.28844,7.299166666666666
25.29911,54.701683,25.2877,54.6859,2.62721,6.2195
25.296914,54.694241,25.2877,54.6859,1.36939,3.9116666666666666
25.249407,54.698415,25.2877,54.6859,3.3726700000000003,7.445333333333334
25.247674,54.724975,25.2877,54.6859,6.48325,13.119
25.296482,54.720077,25.2877,54.6859,3.92457,9.2225
25.274497,54.673819,25.2877,54.6859,3.04625,7.212999999999999
25.263367,54.6804,25.2877,54.6859,2.44992,6.236000000000001
25.196608,54.65522,25.2877,54.6859,8.66256,23.51066666666667
25.28938,54.683694,25.2877,54.6859,0.37297,1.584
25.28938,54.683694,25.2877,54.6859,0.37297,1.584
25.317504,54.676134,25.2877,54.6859,3.16567,8.276166666666667
25.19924,54.645144,25.2877,54.6859,8.97874,16.658833333333334
25.301095,54.703902,25.2877,54.6859,3.05871,6.9816666666666665
25.305677,54.681739,25.2877,54.6859,1.90808,6.493333333333334
25.210692,54.716469,25.2877,54.6859,7.8455699999999995,15.052
25.210692,54.716469,25.2877,54.6859,7.8455699999999995,15.052
25.210692,54.716469,25.2877,54.6859,7.8455699999999995,15.052
25.210692,54.716469,25.2877,54.6859,7.8455699999999995,15.052
25.210692,54.716469,25.2877,54.6859,7.8455699999999995,15.052
25.210692,54.716469,25.2877,54.6859,7.8455699999999995,15.052
25.254314,54.670285,25.2877,54.6859,4.707319999999999,11.934
25.21871,54.648942,25.2877,54.6859,7.38108,13.9065
25.253948,54.73968,25.2877,54.6859,8.46704,16.702666666666666
25.226602,54.743512,25.2877,54.6859,8.7008,16.898666666666667
25.264792,54.755827,25.2877,54.6859,9.69443,16.5715
25.247172,54.700898,25.2877,54.6859,4.35992,9.139166666666666
25.329891,54.730497,25.2877,54.6859,6.662,13.177166666666666
25.25263,54.702166,25.2877,54.6859,3.98229,8.232833333333334
25.248643,54.717207,25.2877,54.6859,5.90559,12.212833333333332
25.275202,54.699755,25.2877,54.6859,2.84847,6.793333333333334
25.31882,54.706559,25.2877,54.6859,3.68024,7.5915
25.251126,54.720239,25.2877,54.6859,6.256939999999999,12.421666666666665
25.315578,54.696918,25.2877,54.6859,2.5093,5.2956666666666665
25.278507,54.680013,25.2877,54.6859,1.4825,6.698666666666667
25.272766,54.674597,25.2877,54.6859,2.7051399999999997,6.6905
25.165151,54.713529,25.2877,54.6859,10.1753,20.887
25.164217,54.708521,25.2877,54.6859,9.4687,19.214
25.297461,54.699439,25.2877,54.6859,3.0523200000000004,6.700166666666666
25.266432,54.689462,25.2877,54.6859,1.3546500000000001,3.8263333333333334
25.266432,54.689462,25.2877,54.6859,1.3546500000000001,3.8263333333333334
25.266432,54.689462,25.2877,54.6859,1.3546500000000001,3.8263333333333334
25.266432,54.689462,25.2877,54.6859,1.3546500000000001,3.8263333333333334
25.266432,54.689462,25.2877,54.6859,1.3546500000000001,3.8263333333333334
25.266432,54.689462,25.2877,54.6859,1.3546500000000001,3.8263333333333334
25.266432,54.689462,25.2877,54.6859,1.3546500000000001,3.8263333333333334
25.266432,54.689462,25.2877,54.6859,1.3546500000000001,3.8263333333333334
25.266432,54.689462,25.2877,54.6859,1.3546500000000001,3.8263333333333334
25.266432,54.689462,25.2877,54.6859,1.3546500000000001,3.8263333333333334
25.266432,54.689462,25.2877,54.6859,1.3546500000000001,3.8263333333333334
25.266432,54.689462,25.2877,54.6859,1.3546500000000001,3.8263333333333334
25.266432,54.689462,25.2877,54.6859,1.3546500000000001,3.8263333333333334
25.266432,54.689462,25.2877,54.6859,1.3546500000000001,3.8263333333333334
25.266432,54.689462,25.2877,54.6859,1.3546500000000001,3.8263333333333334
25.266432,54.689462,25.2877,54.6859,1.3546500000000001,3.8263333333333334
25.266432,54.689462,25.2877,54.6859,1.3546500000000001,3.8263333333333334
25.266432,54.689462,25.2877,54.6859,1.3546500000000001,3.8263333333333334
25.266432,54.689462,25.2877,54.6859,1.3546500000000001,3.8263333333333334
25.266432,54.689462,25.2877,54.6859,1.3546500000000001,3.8263333333333334
25.266432,54.689462,25.2877,54.6859,1.3546500000000001,3.8263333333333334
25.188879,54.711251,25.2877,54.6859,8.74569,17.88566666666667
25.191114,54.754266,25.2877,54.6859,13.47515,25.584833333333332
25.176476,54.71186,25.2877,54.6859,8.68301,17.754666666666665
25.279185,54.703499,25.2877,54.6859,2.64422,6.0515
25.277993,54.719296,25.2877,54.6859,4.93567,11.317666666666666
25.187043,54.714488,25.2877,54.6859,8.922559999999999,18.299500000000002
25.215068,54.736463,25.2877,54.6859,9.40962,17.308666666666667
25.2726,54.683084,25.2877,54.6859,2.01913,5.4270000000000005
25.422153,54.682002,25.2877,54.6859,12.74042,22.929666666666666
25.21677,54.733913,25.2877,54.6859,8.998280000000001,16.3565
25.249987,54.700162,25.2877,54.6859,4.3908000000000005,9.607333333333335
25.253381,54.701041,25.2877,54.6859,4.35757,9.474333333333334
25.265685,54.75685,25.2877,54.6859,10.11507,17.092
25.277364,54.682842,25.2877,54.6859,1.42204,3.7903333333333333
25.210095,54.681796,25.2877,54.6859,7.53233,15.048333333333334
25.221208,54.694804,25.2877,54.6859,5.70575,12.047333333333334
25.264196,54.687387,25.2877,54.6859,1.7841099999999999,4.892833333333333
25.274204,54.678107,25.2877,54.6859,2.55507,6.029
25.26583,54.673868,25.2877,54.6859,3.06955,7.602333333333333
25.316684,54.677577,25.2877,54.6859,3.0221,8.1015
25.31807,54.719759,25.2877,54.6859,4.73267,8.5295
25.268022,54.660961,25.2877,54.6859,4.709020000000001,11.829833333333333
25.268022,54.660961,25.2877,54.6859,4.709020000000001,11.829833333333333
25.268022,54.660961,25.2877,54.6859,4.709020000000001,11.829833333333333
25.268022,54.660961,25.2877,54.6859,4.709020000000001,11.829833333333333
25.268022,54.660961,25.2877,54.6859,4.709020000000001,11.829833333333333
25.268022,54.660961,25.2877,54.6859,4.709020000000001,11.829833333333333
25.268022,54.660961,25.2877,54.6859,4.709020000000001,11.829833333333333
25.268022,54.660961,25.2877,54.6859,4.709020000000001,11.829833333333333
25.268022,54.660961,25.2877,54.6859,4.709020000000001,11.829833333333333
25.268022,54.660961,25.2877,54.6859,4.709020000000001,11.829833333333333
25.268022,54.660961,25.2877,54.6859,4.709020000000001,11.829833333333333
25.268022,54.660961,25.2877,54.6859,4.709020000000001,11.829833333333333
25.268022,54.660961,25.2877,54.6859,4.709020000000001,11.829833333333333
25.268022,54.660961,25.2877,54.6859,4.709020000000001,11.829833333333333
25.268022,54.660961,25.2877,54.6859,4.709020000000001,11.829833333333333
25.217265,54.708913,25.2877,54.6859,7.5273,14.217
25.221089,54.696438,25.2877,54.6859,5.69871,12.106666666666666
25.285048,54.699003,25.2877,54.6859,1.9105,4.948666666666667
25.253284,54.7352,25.2877,54.6859,8.627889999999999,15.992833333333333
25.256139,54.689542,25.2877,54.6859,2.30414,5.8205
25.279633,54.685923,25.2877,54.6859,0.62405,2.4295
25.21856,54.722083,25.2877,54.6859,7.59316,14.107833333333334
25.316041,54.704237,25.2877,54.6859,3.28366,6.491
25.39312,54.710831,25.2877,54.6859,9.29836,17.58
25.39312,54.710831,25.2877,54.6859,9.29836,17.58
25.279394,54.745738,25.2877,54.6859,8.34169,16.7625
25.370044,54.729766,25.2877,54.6859,9.90854,18.808833333333332
25.282205,54.674613,25.2877,54.6859,2.4772,6.175333333333333
25.276381,54.709034,25.2877,54.6859,3.7494899999999998,9.999833333333333
25.216722,54.674157,25.2877,54.6859,7.299180000000001,15.418166666666668
25.289961,54.707175,25.2877,54.6859,2.56649,5.799166666666666
25.091746,54.669545,25.2877,54.6859,17.096529999999998,25.049833333333332
25.201911,54.710362,25.2877,54.6859,7.45983,15.631499999999999
25.182982,54.704235,25.2877,54.6859,8.104569999999999,17.196833333333334
25.271112,54.675932,25.2877,54.6859,2.97139,6.979166666666667
25.287795,54.676964,25.2877,54.6859,2.84273,8.0925
25.266179,54.674341,25.2877,54.6859,3.0419099999999997,7.503333333333333
25.218183,54.702075,25.2877,54.6859,5.91583,13.219166666666666
25.271503,54.682264,25.2877,54.6859,1.83862,4.8355
25.171791,54.715849,25.2877,54.6859,9.951049999999999,21.178166666666666
25.273651,54.697696,25.2877,54.6859,2.21499,5.3101666666666665
25.25157,54.695527,25.2877,54.6859,3.15303,7.068666666666667
25.282406,54.67825,25.2877,54.6859,1.1348900000000002,4.892666666666667
25.291294,54.717309,25.2877,54.6859,3.95473,9.895999999999999
25.261388,54.67013,25.2877,54.6859,3.86468,9.224666666666668
25.261388,54.67013,25.2877,54.6859,3.86468,9.224666666666668
25.266114,54.755489,25.2877,54.6859,9.61247,16.243666666666666
25.42498,54.686126,25.2877,54.6859,11.48238,17.97533333333333
25.273651,54.697696,25.2877,54.6859,2.21499,5.3101666666666665
25.273651,54.697696,25.2877,54.6859,2.21499,5.3101666666666665
25.28067,54.685607,25.2877,54.6859,0.54427,2.1906666666666665
25.29077,54.702676,25.2877,54.6859,2.26819,5.274666666666667
25.19924,54.645144,25.2877,54.6859,8.97874,16.658833333333334
25.236553,54.727097,25.2877,54.6859,6.81945,12.874166666666667
25.215015,54.694147,25.2877,54.6859,6.7031,13.980500000000001
25.23347,54.67438,25.2877,54.6859,5.597270000000001,13.7415
25.217265,54.708913,25.2877,54.6859,7.5273,14.217
25.226605,54.736735,25.2877,54.6859,8.413950000000002,16.024
25.226027,54.736248,25.2877,54.6859,8.08766,14.970666666666666
25.27175,54.70355,25.2877,54.6859,3.10448,6.9355
25.21411,54.664732,25.2877,54.6859,6.88781,16.389666666666667
25.21715,54.720148,25.2877,54.6859,7.87947,14.655166666666666
25.293033,54.709315,25.2877,54.6859,2.7989699999999997,6.569999999999999
25.189566,54.680255,25.2877,54.6859,9.08985,15.6335
25.189566,54.680255,25.2877,54.6859,9.08985,15.6335
25.189566,54.680255,25.2877,54.6859,9.08985,15.6335
25.189566,54.680255,25.2877,54.6859,9.08985,15.6335
25.189566,54.680255,25.2877,54.6859,9.08985,15.6335
25.189566,54.680255,25.2877,54.6859,9.08985,15.6335
25.189566,54.680255,25.2877,54.6859,9.08985,15.6335
25.189566,54.680255,25.2877,54.6859,9.08985,15.6335
25.189566,54.680255,25.2877,54.6859,9.08985,15.6335
25.189566,54.680255,25.2877,54.6859,9.08985,15.6335
25.189566,54.680255,25.2877,54.6859,9.08985,15.6335
25.168734,54.67079,25.2877,54.6859,9.94564,18.81566666666667
25.261224,54.609448,25.2877,54.6859,13.27126,23.5965
25.224749,54.69846,25.2877,54.6859,5.52644,12.1215
25.23351,54.731404,25.2877,54.6859,7.33786,14.125333333333334
25.203446,54.671979,25.2877,54.6859,7.98536,16.578333333333333
25.269238,54.660681,25.2877,54.6859,4.64951,11.725
25.296581,54.679832,25.2877,54.6859,1.7726099999999998,5.821166666666667
25.34087,54.749523,25.2877,54.6859,9.858600000000001,16.891666666666666
25.286303,54.672738,25.2877,54.6859,2.73775,6.474500000000001
25.213894,54.666201,25.2877,54.6859,6.78859,16.217666666666666
25.281782,54.690531,25.2877,54.6859,0.75318,1.7605
25.281782,54.690531,25.2877,54.6859,0.75318,1.7605
25.29333,54.729119,25.2877,54.6859,5.00144,11.519333333333332
25.337374,54.734828,25.2877,54.6859,6.87407,12.5945
25.282212,54.763128,25.2877,54.6859,11.25432,18.379166666666666
25.274558,54.685995,25.2877,54.6859,0.99485,3.054666666666667
25.295255,54.691797,25.2877,54.6859,0.9435399999999999,2.2463333333333333
25.286314,54.680434,25.2877,54.6859,0.66664,2.8194999999999997
25.306942,54.736814,25.2877,54.6859,6.965199999999999,13.203833333333334
25.283894,54.692445,25.2877,54.6859,1.07179,3.4133333333333336
25.253948,54.73968,25.2877,54.6859,8.46704,16.702666666666666
25.252914,54.635299,25.2877,54.6859,7.587350000000001,18.024
25.28141,54.660144,25.2877,54.6859,5.03866,12.958499999999999
25.429708,54.674997,25.2877,54.6859,13.29626,22.281
25.320219,54.721906,25.2877,54.6859,5.50604,10.318833333333334
25.190267,54.667488,25.2877,54.6859,8.15352,16.790666666666667
25.274111,54.715595,25.2877,54.6859,6.51506,13.222833333333334
25.31066,54.67905,25.2877,54.6859,2.64656,7.713333333333334
25.22456,54.727062,25.2877,54.6859,7.9886099999999995,15.443999999999999
25.25157,54.695527,25.2877,54.6859,3.15303,7.068666666666667
25.25157,54.695527,25.2877,54.6859,3.15303,7.068666666666667
25.237943,54.727271,25.2877,54.6859,6.699109999999999,12.749666666666666
25.297461,54.699439,25.2877,54.6859,3.0523200000000004,6.700166666666666
25.266661,54.678629,25.2877,54.6859,2.6475,6.496333333333333
25.251348,54.70835,25.2877,54.6859,4.4989799999999995,9.014000000000001
25.253064,54.717563,25.2877,54.6859,6.41481,12.568166666666666
25.320002,54.674811,25.2877,54.6859,3.3447600000000004,8.4305
25.218183,54.702075,25.2877,54.6859,5.91583,13.219166666666666
25.17774,54.707002,25.2877,54.6859,8.34328,16.933333333333334
25.229661,54.741616,25.2877,54.6859,8.40011,16.053333333333335
25.235313,54.714079,25.2877,54.6859,5.95812,11.223333333333333
25.235313,54.714079,25.2877,54.6859,5.95812,11.223333333333333
25.26583,54.673868,25.2877,54.6859,3.06955,7.602333333333333
25.345699,54.721267,25.2877,54.6859,7.4369499999999995,14.916833333333333
25.249978,54.720741,25.2877,54.6859,6.336060000000001,12.738166666666666
25.226669,54.703767,25.2877,54.6859,6.625640000000001,13.928166666666668
25.274708,54.729271,25.2877,54.6859,5.712899999999999,12.690333333333333
25.185235,54.62499,25.2877,54.6859,15.618079999999999,28.0215
25.251458,54.70067,25.2877,54.6859,4.33797,9.453166666666668
25.251458,54.70067,25.2877,54.6859,4.33797,9.453166666666668
25.251458,54.70067,25.2877,54.6859,4.33797,9.453166666666668
25.251458,54.70067,25.2877,54.6859,4.33797,9.453166666666668
25.251458,54.70067,25.2877,54.6859,4.33797,9.453166666666668
25.263539,54.642068,25.2877,54.6859,7.351100000000001,16.865
25.26202,54.673957,25.2877,54.6859,3.46272,8.831666666666667
25.284895,54.672844,25.2877,54.6859,2.83055,6.905833333333334
25.247289,54.729425,25.2877,54.6859,7.3957299999999995,15.604833333333334
25.31317,54.662149,25.2877,54.6859,4.33397,12.243666666666666
25.320219,54.721906,25.2877,54.6859,5.50604,10.318833333333334
25.275057,54.663344,25.2877,54.6859,4.18231,10.381166666666667
25.259345,54.60568,25.2877,54.6859,12.734770000000001,22.132333333333335
25.303169,54.68126,25.2877,54.6859,1.7453299999999998,5.979833333333334
25.255041,54.701755,25.2877,54.6859,3.8273800000000002,8.269833333333333
25.219631,54.738797,25.2877,54.6859,8.94381,17.275
25.20328,54.708941,25.2877,54.6859,7.2663,15.672500000000001
25.303406,54.723493,25.2877,54.6859,5.01572,10.958833333333333
25.283641,54.708845,25.2877,54.6859,3.1118,7.578
25.248741,54.672589,25.2877,54.6859,3.7497800000000003,8.917666666666666
25.260513,54.67185,25.2877,54.6859,3.6407,9.243666666666666
25.246652,54.733912,25.2877,54.6859,7.88555,15.262666666666666
25.315056,54.707593,25.2877,54.6859,3.42183,7.046
25.263624,54.689827,25.2877,54.6859,1.53937,4.269666666666667
25.310892,54.67927,25.2877,54.6859,2.87616,7.728666666666667
25.253093,54.652153,25.2877,54.6859,7.03789,17.978166666666667
25.177236,54.715567,25.2877,54.6859,9.165629999999998,18.596999999999998
25.252936,54.653135,25.2877,54.6859,7.108569999999999,18.260833333333334
25.252936,54.653135,25.2877,54.6859,7.108569999999999,18.260833333333334
25.252936,54.653135,25.2877,54.6859,7.108569999999999,18.260833333333334
25.252936,54.653135,25.2877,54.6859,7.108569999999999,18.260833333333334
25.252936,54.653135,25.2877,54.6859,7.108569999999999,18.260833333333334
25.252936,54.653135,25.2877,54.6859,7.108569999999999,18.260833333333334
25.252936,54.653135,25.2877,54.6859,7.108569999999999,18.260833333333334
25.252936,54.653135,25.2877,54.6859,7.108569999999999,18.260833333333334
25.252936,54.653135,25.2877,54.6859,7.108569999999999,18.260833333333334
25.252936,54.653135,25.2877,54.6859,7.108569999999999,18.260833333333334
25.252936,54.653135,25.2877,54.6859,7.108569999999999,18.260833333333334
25.188593,54.711969,25.2877,54.6859,8.765360000000001,17.9405
25.259166,54.657314,25.2877,54.6859,6.27252,14.916666666666666
25.262469,54.642507,25.2877,54.6859,6.526260000000001,15.8375
25.232029,54.713966,25.2877,54.6859,6.00758,11.160333333333334
25.272685,54.750759,25.2877,54.6859,8.179590000000001,16.197166666666668
25.287213,54.76235,25.2877,54.6859,9.50345,20.169
25.25181,54.702097,25.2877,54.6859,4.03341,8.3555
25.195514,54.659981,25.2877,54.6859,8.72103,19.182166666666667
25.228252,54.742343,25.2877,54.6859,8.50973,16.289833333333334
25.28516,54.760774,25.2877,54.6859,9.19308,19.060833333333335
25.188593,54.711969,25.2877,54.6859,8.765360000000001,17.9405
25.275057,54.663344,25.2877,54.6859,4.18231,10.381166666666667
25.277374,54.675276,25.2877,54.6859,2.39584,5.762166666666667
25.255546,54.690494,25.2877,54.6859,2.0884,5.9271666666666665
25.43004,54.693492,25.2877,54.6859,11.41427,18.216833333333334
25.255478,54.715542,25.2877,54.6859,6.200699999999999,12.0505
25.26825,54.662449,25.2877,54.6859,4.61117,11.631166666666667
25.282143,54.69283,25.2877,54.6859,1.31706,3.4886666666666666
25.283563,54.67663,25.2877,54.6859,2.5314200000000002,6.382499999999999
25.296001,54.719642,25.2877,54.6859,3.87671,9.150833333333333
25.282824,54.684395,25.2877,54.6859,0.43131,1.9083333333333334
25.240391,54.669504,25.2877,54.6859,4.3486,10.042166666666667
25.240391,54.669504,25.2877,54.6859,4.3486,10.042166666666667
25.240391,54.669504,25.2877,54.6859,4.3486,10.042166666666667
25.240391,54.669504,25.2877,54.6859,4.3486,10.042166666666667
25.240391,54.669504,25.2877,54.6859,4.3486,10.042166666666667
25.240391,54.669504,25.2877,54.6859,4.3486,10.042166666666667
25.240391,54.669504,25.2877,54.6859,4.3486,10.042166666666667
25.240391,54.669504,25.2877,54.6859,4.3486,10.042166666666667
25.240391,54.669504,25.2877,54.6859,4.3486,10.042166666666667
25.240391,54.669504,25.2877,54.6859,4.3486,10.042166666666667
25.240391,54.669504,25.2877,54.6859,4.3486,10.042166666666667
25.240391,54.669504,25.2877,54.6859,4.3486,10.042166666666667
25.240391,54.669504,25.2877,54.6859,4.3486,10.042166666666667
25.240391,54.669504,25.2877,54.6859,4.3486,10.042166666666667
25.240391,54.669504,25.2877,54.6859,4.3486,10.042166666666667
25.240391,54.669504,25.2877,54.6859,4.3486,10.042166666666667
25.240391,54.669504,25.2877,54.6859,4.3486,10.042166666666667
25.240391,54.669504,25.2877,54.6859,4.3486,10.042166666666667
25.240391,54.669504,25.2877,54.6859,4.3486,10.042166666666667
25.240391,54.669504,25.2877,54.6859,4.3486,10.042166666666667
25.240391,54.669504,25.2877,54.6859,4.3486,10.042166666666667
25.240391,54.669504,25.2877,54.6859,4.3486,10.042166666666667
25.240391,54.669504,25.2877,54.6859,4.3486,10.042166666666667
25.21212,54.718666,25.2877,54.6859,7.469390000000001,13.743166666666667
25.265956,54.687708,25.2877,54.6859,1.59538,4.414666666666666
25.295151,54.680468,25.2877,54.6859,1.2259200000000001,3.8958333333333335
25.284143,54.687732,25.2877,54.6859,0.24324,0.9728333333333333
25.215818,54.69608,25.2877,54.6859,6.5139,13.579333333333333
25.287506,54.717581,25.2877,54.6859,4.43424,10.4475
25.248958,54.673499,25.2877,54.6859,3.65902,8.768333333333334
25.29155,54.683396,25.2877,54.6859,0.9396,3.0031666666666665
25.21664,54.735718,25.2877,54.6859,9.121870000000001,16.541166666666665
25.417397,54.68935,25.2877,54.6859,11.018559999999999,17.791
25.275982,54.672381,25.2877,54.6859,2.8694,6.822166666666666
25.293482,54.676252,25.2877,54.6859,1.89447,6.374333333333333
25.249611,54.692152,25.2877,54.6859,3.0417199999999998,7.464666666666667
25.244143,54.670463,25.2877,54.6859,4.1584200000000004,9.617833333333333
25.244143,54.670463,25.2877,54.6859,4.1584200000000004,9.617833333333333
25.276762,54.687503,25.2877,54.6859,0.65642,2.1506666666666665
25.276762,54.687503,25.2877,54.6859,0.65642,2.1506666666666665
25.31076,54.702543,25.2877,54.6859,3.3445,6.998166666666666
25.231988,54.702209,25.2877,54.6859,6.38153,12.76
25.31076,54.702543,25.2877,54.6859,3.3445,6.998166666666666
25.261608,54.642764,25.2877,54.6859,6.63996,16.1355
25.298825,54.666799,25.2877,54.6859,3.99783,9.714
25.253948,54.73968,25.2877,54.6859,8.46704,16.702666666666666
25.23096,54.716036,25.2877,54.6859,6.20427,11.198333333333332
25.316215,54.706428,25.2877,54.6859,3.6768899999999998,7.5024999999999995
25.215925,54.731977,25.2877,54.6859,8.70538,16.654
25.2205,54.735341,25.2877,54.6859,9.366100000000001,17.255
25.274847,54.686878,25.2877,54.6859,0.88985,2.7993333333333337
25.30377,54.666765,25.2877,54.6859,3.51654,9.288333333333332
25.30377,54.666765,25.2877,54.6859,3.51654,9.288333333333332
25.266661,54.678629,25.2877,54.6859,2.6475,6.496333333333333
25.2706,54.682336,25.2877,54.6859,1.85475,4.828666666666667
25.230967,54.716036,25.2877,54.6859,6.20413,11.198166666666667
25.230967,54.716036,25.2877,54.6859,6.20413,11.198166666666667
25.281472,54.674079,25.2877,54.6859,2.55485,6.641166666666667
25.424922,54.685564,25.2877,54.6859,11.4221,17.784333333333333
25.278924,54.67784,25.2877,54.6859,2.01145,4.839666666666667
25.267796,54.675255,25.2877,54.6859,2.92536,7.333666666666667
25.287635,54.708047,25.2877,54.6859,2.69175,6.065333333333333
25.30419,54.71722,25.2877,54.6859,4.211399999999999,8.936666666666667
25.28516,54.760774,25.2877,54.6859,9.19308,19.060833333333335
25.19924,54.645144,25.2877,54.6859,8.97874,16.658833333333334
25.267796,54.675255,25.2877,54.6859,2.92536,7.333666666666667
25.313249,54.709495,25.2877,54.6859,3.4445799999999998,6.343999999999999
25.24125,54.672603,25.2877,54.6859,4.188140000000001,8.998833333333332
25.284502,54.723527,25.2877,54.6859,4.9341800000000005,11.715333333333332
25.300418,54.726446,25.2877,54.6859,5.37116,12.269333333333332
25.300418,54.726446,25.2877,54.6859,5.37116,12.269333333333332
25.238069,54.733833,25.2877,54.6859,7.65296,14.238
25.305521,54.711706,25.2877,54.6859,3.51478,7.295333333333334
25.265689,54.727816,25.2877,54.6859,6.462470000000001,13.082833333333333
25.21671,54.664621,25.2877,54.6859,6.93195,16.3265
25.214117,54.664732,25.2877,54.6859,6.88825,16.391333333333332
25.280816,54.680648,25.2877,54.6859,1.3428699999999998,6.1405
25.094456,54.66919,25.2877,54.6859,16.714650000000002,23.8965
25.286184,54.698953,25.2877,54.6859,1.51723,3.8861666666666665
25.25162,54.735086,25.2877,54.6859,8.530629999999999,15.603833333333334
25.266661,54.678629,25.2877,54.6859,2.6475,6.496333333333333
25.241431,54.672162,25.2877,54.6859,4.34776,9.456333333333333
25.272543,54.66199,25.2877,54.6859,4.35736,10.554
25.214923,54.734598,25.2877,54.6859,9.081610000000001,16.433
25.260379,54.754731,25.2877,54.6859,9.85679,16.450666666666667
25.208713,54.67999,25.2877,54.6859,7.65951,15.902666666666667
25.26627,54.687979,25.2877,54.6859,1.56703,4.270166666666666
25.273651,54.697696,25.2877,54.6859,2.21499,5.3101666666666665
25.28787,54.715871,25.2877,54.6859,4.18785,9.8735
25.28787,54.715871,25.2877,54.6859,4.18785,9.8735
25.306987,54.700634,25.2877,54.6859,2.5005,5.320833333333334
25.39652,54.711004,25.2877,54.6859,9.45287,18.037333333333333
25.390725,54.710092,25.2877,54.6859,9.11626,16.851
25.216041,54.676789,25.2877,54.6859,6.90337,14.436333333333332
25.21633,54.665613,25.2877,54.6859,6.93489,16.70116666666667
25.25662,54.683286,25.2877,54.6859,2.58706,6.293833333333334
25.320707,54.724607,25.2877,54.6859,5.26197,9.521833333333332
25.29815,54.694437,25.2877,54.6859,1.61506,3.557166666666667
25.291391,54.683594,25.2877,54.6859,0.96069,3.0656666666666665
25.286155,54.680217,25.2877,54.6859,0.69616,3.0020000000000002
25.267812,54.689362,25.2877,54.6859,1.30118,3.8495
25.276636,54.703704,25.2877,54.6859,2.82783,6.385833333333333
25.276636,54.703704,25.2877,54.6859,2.82783,6.385833333333333
25.263741,54.644127,25.2877,54.6859,6.328399999999999,15.396833333333332
25.32139,54.72321,25.2877,54.6859,5.28399,9.548
25.294001,54.674337,25.2877,54.6859,2.5398899999999998,6.582166666666667
25.237942,54.734538,25.2877,54.6859,7.68933,14.3915
25.194804,54.66424,25.2877,54.6859,8.01967,16.176833333333335
25.281629,54.701431,25.2877,54.6859,2.2374099999999997,5.549333333333333
25.274431,54.663916,25.2877,54.6859,4.21234,10.318333333333333
25.301287,54.681176,25.2877,54.6859,1.61274,5.396333333333333
25.27747,54.661118,25.2877,54.6859,4.49883,11.181833333333334
25.291911,54.692309,25.2877,54.6859,0.87679,2.4365
25.273217,54.683485,25.2877,54.6859,1.96706,5.218666666666667
25.2745,54.668792,25.2877,54.6859,3.3074899999999996,7.949833333333333
25.259596,54.697811,25.2877,54.6859,3.28844,7.299166666666666
25.279026,54.699711,25.2877,54.6859,2.04663,5.607
25.29366,54.691136,25.2877,54.6859,0.8290599999999999,2.098
25.29366,54.691136,25.2877,54.6859,0.8290599999999999,2.098
25.26419,54.75632,25.2877,54.6859,9.942200000000001,16.9915
25.318383,54.702556,25.2877,54.6859,3.28246,7.158
25.257268,54.679063,25.2877,54.6859,3.15619,8.7035
25.257268,54.679063,25.2877,54.6859,3.15619,8.7035
25.2962,54.694025,25.2877,54.6859,1.3144500000000001,3.660166666666667
25.270694,54.674408,25.2877,54.6859,2.77769,6.822333333333333
25.243828,54.718889,25.2877,54.6859,5.5895,10.9735
25.165242,54.713285,25.2877,54.6859,10.27487,21.28533333333333
25.165242,54.713285,25.2877,54.6859,10.27487,21.28533333333333
25.165242,54.713285,25.2877,54.6859,10.27487,21.28533333333333
25.165242,54.713285,25.2877,54.6859,10.27487,21.28533333333333
25.165242,54.713285,25.2877,54.6859,10.27487,21.28533333333333
25.165242,54.713285,25.2877,54.6859,10.27487,21.28533333333333
25.165242,54.713285,25.2877,54.6859,10.27487,21.28533333333333
25.165242,54.713285,25.2877,54.6859,10.27487,21.28533333333333
25.165242,54.713285,25.2877,54.6859,10.27487,21.28533333333333
25.165242,54.713285,25.2877,54.6859,10.27487,21.28533333333333
25.165242,54.713285,25.2877,54.6859,10.27487,21.28533333333333
25.165242,54.713285,25.2877,54.6859,10.27487,21.28533333333333
25.276135,54.664369,25.2877,54.6859,4.32261,10.934666666666667
25.221819,54.720468,25.2877,54.6859,7.56387,14.4
25.189684,54.662823,25.2877,54.6859,8.40919,17.552500000000002
25.25662,54.683286,25.2877,54.6859,2.58706,6.293833333333334
25.296779,54.710273,25.2877,54.6859,3.31117,7.665666666666667
25.27677,54.702298,25.2877,54.6859,2.39686,6.272666666666667
25.292621,54.70553,25.2877,54.6859,2.58695,6.265
25.318304,54.712115,25.2877,54.6859,3.95115,7.328333333333333
25.216722,54.674157,25.2877,54.6859,7.299180000000001,15.418166666666668
25.267755,54.66866,25.2877,54.6859,3.5739099999999997,8.549666666666667
25.277009,54.676328,25.2877,54.6859,2.27427,5.4705
25.216577,54.680005,25.2877,54.6859,7.346100000000001,15.445666666666666
25.17541,54.711419,25.2877,54.6859,8.7172,17.425333333333334
25.296482,54.720077,25.2877,54.6859,3.92457,9.2225
25.266653,54.669679,25.2877,54.6859,3.4604299999999997,8.329
25.253948,54.73968,25.2877,54.6859,8.46704,16.702666666666666
25.233439,54.713945,25.2877,54.6859,6.1259,11.605833333333333
25.289029,54.676399,25.2877,54.6859,2.94532,8.5995
25.264639,54.677424,25.2877,54.6859,2.8488,7.214333333333333
25.257244,54.724884,25.2877,54.6859,7.08689,14.5885
25.287635,54.708047,25.2877,54.6859,2.69175,6.065333333333333
25.29077,54.702676,25.2877,54.6859,2.26819,5.274666666666667
25.282648,54.67498,25.2877,54.6859,2.42763,5.878
25.32139,54.72321,25.2877,54.6859,5.28399,9.548
25.217088,54.696282,25.2877,54.6859,6.56809,13.796166666666666
25.268491,54.693411,25.2877,54.6859,1.86754,4.444500000000001
25.22763,54.74312,25.2877,54.6859,8.60852,16.62183333333333
25.1871,54.713778,25.2877,54.6859,8.84817,18.083000000000002
25.252483,54.654109,25.2877,54.6859,6.98704,17.77466666666667
25.265956,54.687708,25.2877,54.6859,1.59538,4.414666666666666
25.23422,54.719593,25.2877,54.6859,6.77495,13.0785
25.26493,54.676879,25.2877,54.6859,2.87482,7.220666666666667
25.26282,54.680512,25.2877,54.6859,2.5630100000000002,6.6883333333333335
25.265328,54.675086,25.2877,54.6859,3.2081500000000003,8.156666666666666
25.217499,54.731863,25.2877,54.6859,8.59612,15.9985
25.292047,54.679713,25.2877,54.6859,1.28561,3.7125
25.432488,54.687326,25.2877,54.6859,12.16351,19.418666666666663
25.23506,54.73484,25.2877,54.6859,7.5751599999999994,13.965166666666667
25.391359,54.709976,25.2877,54.6859,9.16672,17.0535
25.264273,54.671723,25.2877,54.6859,3.24942,8.204
25.212266,54.694766,25.2877,54.6859,6.54111,13.933333333333334
25.420576,54.685658,25.2877,54.6859,11.144290000000002,17.339166666666664
25.207286,54.674394,25.2877,54.6859,7.80785,16.2915
25.215507,54.672675,25.2877,54.6859,7.65095,16.298
25.30377,54.666765,25.2877,54.6859,3.51654,9.288333333333332
25.421596,54.690589,25.2877,54.6859,10.86174,17.633166666666668
25.421596,54.690589,25.2877,54.6859,10.86174,17.633166666666668
25.421596,54.690589,25.2877,54.6859,10.86174,17.633166666666668
25.421596,54.690589,25.2877,54.6859,10.86174,17.633166666666668
25.421596,54.690589,25.2877,54.6859,10.86174,17.633166666666668
25.421596,54.690589,25.2877,54.6859,10.86174,17.633166666666668
25.421596,54.690589,25.2877,54.6859,10.86174,17.633166666666668
25.421596,54.690589,25.2877,54.6859,10.86174,17.633166666666668
25.421596,54.690589,25.2877,54.6859,10.86174,17.633166666666668
25.421596,54.690589,25.2877,54.6859,10.86174,17.633166666666668
25.421596,54.690589,25.2877,54.6859,10.86174,17.633166666666668
25.421596,54.690589,25.2877,54.6859,10.86174,17.633166666666668
25.421596,54.690589,25.2877,54.6859,10.86174,17.633166666666668
25.421596,54.690589,25.2877,54.6859,10.86174,17.633166666666668
25.421596,54.690589,25.2877,54.6859,10.86174,17.633166666666668
25.421596,54.690589,25.2877,54.6859,10.86174,17.633166666666668
25.421596,54.690589,25.2877,54.6859,10.86174,17.633166666666668
25.421596,54.690589,25.2877,54.6859,10.86174,17.633166666666668
25.421596,54.690589,25.2877,54.6859,10.86174,17.633166666666668
25.421596,54.690589,25.2877,54.6859,10.86174,17.633166666666668
25.421596,54.690589,25.2877,54.6859,10.86174,17.633166666666668
25.421596,54.690589,25.2877,54.6859,10.86174,17.633166666666668
25.421596,54.690589,25.2877,54.6859,10.86174,17.633166666666668
25.2399,54.665217,25.2877,54.6859,5.25991,12.866833333333334
25.240085,54.694713,25.2877,54.6859,3.8928499999999997,8.458
25.258883,54.672938,25.2877,54.6859,3.76463,9.693833333333334
25.258883,54.672938,25.2877,54.6859,3.76463,9.693833333333334
25.290938,54.706856,25.2877,54.6859,2.46206,5.740833333333333
25.234285,54.674768,25.2877,54.6859,5.56007,13.592666666666666
25.234285,54.674768,25.2877,54.6859,5.56007,13.592666666666666
25.281485,54.659172,25.2877,54.6859,5.077979999999999,13.252
25.240259,54.722449,25.2877,54.6859,6.18337,11.971333333333332
25.246134,54.698914,25.2877,54.6859,3.62668,8.088166666666668
25.275202,54.699755,25.2877,54.6859,2.84847,6.793333333333334
25.291286,54.714682,25.2877,54.6859,3.94481,9.522666666666668
25.31195,54.684109,25.2877,54.6859,2.88083,5.893833333333333
25.235313,54.714079,25.2877,54.6859,5.95812,11.223333333333333
25.235313,54.714079,25.2877,54.6859,5.95812,11.223333333333333
25.276636,54.703704,25.2877,54.6859,2.82783,6.385833333333333
25.2726,54.683084,25.2877,54.6859,2.01913,5.4270000000000005
25.2726,54.683084,25.2877,54.6859,2.01913,5.4270000000000005
25.222488,54.734813,25.2877,54.6859,8.384709999999998,15.730166666666666
25.099926,54.668728,25.2877,54.6859,16.4681,23.278166666666667
25.218465,54.732511,25.2877,54.6859,8.72835,16.7305
25.214535,54.736942,25.2877,54.6859,9.42966,17.279833333333332
25.165242,54.713285,25.2877,54.6859,10.27487,21.28533333333333
25.165242,54.713285,25.2877,54.6859,10.27487,21.28533333333333
25.165242,54.713285,25.2877,54.6859,10.27487,21.28533333333333
25.165242,54.713285,25.2877,54.6859,10.27487,21.28533333333333
25.165242,54.713285,25.2877,54.6859,10.27487,21.28533333333333
25.165242,54.713285,25.2877,54.6859,10.27487,21.28533333333333
25.165242,54.713285,25.2877,54.6859,10.27487,21.28533333333333
25.165242,54.713285,25.2877,54.6859,10.27487,21.28533333333333
25.165242,54.713285,25.2877,54.6859,10.27487,21.28533333333333
25.165242,54.713285,25.2877,54.6859,10.27487,21.28533333333333
25.165242,54.713285,25.2877,54.6859,10.27487,21.28533333333333
25.165242,54.713285,25.2877,54.6859,10.27487,21.28533333333333
25.165242,54.713285,25.2877,54.6859,10.27487,21.28533333333333
25.165242,54.713285,25.2877,54.6859,10.27487,21.28533333333333
25.165242,54.713285,25.2877,54.6859,10.27487,21.28533333333333
25.165242,54.713285,25.2877,54.6859,10.27487,21.28533333333333
25.165242,54.713285,25.2877,54.6859,10.27487,21.28533333333333
25.165242,54.713285,25.2877,54.6859,10.27487,21.28533333333333
25.165242,54.713285,25.2877,54.6859,10.27487,21.28533333333333
25.165242,54.713285,25.2877,54.6859,10.27487,21.28533333333333
25.165242,54.713285,25.2877,54.6859,10.27487,21.28533333333333
25.165242,54.713285,25.2877,54.6859,10.27487,21.28533333333333
25.165242,54.713285,25.2877,54.6859,10.27487,21.28533333333333
25.165242,54.713285,25.2877,54.6859,10.27487,21.28533333333333
25.165242,54.713285,25.2877,54.6859,10.27487,21.28533333333333
25.165242,54.713285,25.2877,54.6859,10.27487,21.28533333333333
25.187461,54.710788,25.2877,54.6859,8.237540000000001,17.1915
25.402263,54.690677,25.2877,54.6859,9.97735,15.906666666666666
25.22763,54.74312,25.2877,54.6859,8.60852,16.62183333333333
25.229534,54.70679,25.2877,54.6859,6.26148,12.220333333333334
25.290168,54.70309,25.2877,54.6859,2.3458699999999997,5.639666666666667
25.273066,54.676067,25.2877,54.6859,2.4364,5.8595
25.235313,54.714079,25.2877,54.6859,5.95812,11.223333333333333
25.222269,54.738465,25.2877,54.6859,8.55191,16.6295
25.224665,54.705118,25.2877,54.6859,6.02199,12.775
25.223398,54.726737,25.2877,54.6859,8.00119,15.494333333333334
25.312301,54.671512,25.2877,54.6859,3.23078,9.529833333333332
25.285353,54.704541,25.2877,54.6859,2.2868600000000003,5.688999999999999
25.26559,54.688497,25.2877,54.6859,1.49969,4.395166666666666
25.195413,54.66185,25.2877,54.6859,8.457049999999999,17.54416666666667
25.300373,54.67856,25.2877,54.6859,2.4384099999999997,8.039166666666667
25.218603,54.6506,25.2877,54.6859,7.13006,13.427999999999999
25.238077,54.717467,25.2877,54.6859,6.44127,12.909666666666668
25.429074,54.675335,25.2877,54.6859,13.196200000000001,21.88083333333333
25.429289,54.674826,25.2877,54.6859,13.14884,21.691333333333333
25.164972,54.707872,25.2877,54.6859,9.53865,19.457666666666668
25.252483,54.654109,25.2877,54.6859,6.98704,17.77466666666667
25.299743,54.718756,25.2877,54.6859,3.95731,9.675666666666666
25.302432,54.692825,25.2877,54.6859,1.34563,2.684166666666667
25.302432,54.692825,25.2877,54.6859,1.34563,2.684166666666667
25.302432,54.692825,25.2877,54.6859,1.34563,2.684166666666667
25.302432,54.692825,25.2877,54.6859,1.34563,2.684166666666667
25.302432,54.692825,25.2877,54.6859,1.34563,2.684166666666667
25.302432,54.692825,25.2877,54.6859,1.34563,2.684166666666667
25.302432,54.692825,25.2877,54.6859,1.34563,2.684166666666667
25.302432,54.692825,25.2877,54.6859,1.34563,2.684166666666667
25.302432,54.692825,25.2877,54.6859,1.34563,2.684166666666667
25.302432,54.692825,25.2877,54.6859,1.34563,2.684166666666667
25.302432,54.692825,25.2877,54.6859,1.34563,2.684166666666667
25.302432,54.692825,25.2877,54.6859,1.34563,2.684166666666667
25.302432,54.692825,25.2877,54.6859,1.34563,2.684166666666667
25.302432,54.692825,25.2877,54.6859,1.34563,2.684166666666667
25.302432,54.692825,25.2877,54.6859,1.34563,2.684166666666667
25.302432,54.692825,25.2877,54.6859,1.34563,2.684166666666667
