{
"type": "FeatureCollection",
"name": "Oro_uosto_triuk%C5%A1mas_2011_m.%3A_Integralus_Ldvn__triuk%C5%A1mo_lygis_(dBA)_",
"crs": { "type": "name", "properties": { "name": "urn:ogc:def:crs:OGC:1.3:CRS84" } },
"features": [
{ "type": "Feature", "properties": { "OBJECTID": 697706, "TRIUKSM": "35-39", "PERIODAS": 4, "TIPAS": 8, "METAI": 2011, "SHAPEarea": 2955000.0005120002, "SHAPElen": 12600 }, "geometry": { "type": "Polygon", "coordinates": [ [ [ 25.320259464946023, 54.631469276308401 ], [ 25.320274014937556, 54.63191841557547 ], [ 25.320288565330699, 54.632367554806407 ], [ 25.320303116125459, 54.632816694001185 ], [ 25.320317667321859, 54.633265833159804 ], [ 25.320332218919908, 54.633714972282291 ], [ 25.320346770919627, 54.634164111368612 ], [ 25.320361323321038, 54.634613250418788 ], [ 25.320375876124139, 54.635062389432818 ], [ 25.320390429328953, 54.635511528410689 ], [ 25.320404982935496, 54.635960667352414 ], [ 25.319630706820845, 54.635969107193333 ], [ 25.319616161742392, 54.635519968112284 ], [ 25.319601617065437, 54.635070828995076 ], [ 25.319587072789957, 54.634621689841723 ], [ 25.318812821857417, 54.634630124316132 ], [ 25.318798286510802, 54.634180984987381 ], [ 25.318783751565398, 54.633731845622499 ], [ 25.318769217021192, 54.633282706221465 ], [ 25.318754682878176, 54.632833566784285 ], [ 25.317980465652663, 54.632841995753537 ], [ 25.317965940437286, 54.632392856141074 ], [ 25.317951415622826, 54.631943716492458 ], [ 25.317936891209268, 54.631494576807718 ], [ 25.317162699161596, 54.631503000411548 ], [ 25.317148183674711, 54.63105386055161 ], [ 25.317133668588465, 54.630604720655512 ], [ 25.317119153902848, 54.630155580723297 ], [ 25.316344987031211, 54.630163998962232 ], [ 25.316330481271294, 54.629714858854904 ], [ 25.316315975911731, 54.629265718711444 ], [ 25.315541825689721, 54.629274131724898 ], [ 25.315527329255143, 54.628824991406432 ], [ 25.315512833220648, 54.628375851051793 ], [ 25.315498337586241, 54.627926710661065 ], [ 25.314724212537385, 54.627935118310546 ], [ 25.31470972582699, 54.62748597774489 ], [ 25.3146952395164, 54.627036837143095 ], [ 25.313921131115421, 54.627045239567835 ], [ 25.313906653728122, 54.626596098791211 ], [ 25.313892176740378, 54.626146957978449 ], [ 25.313118084986613, 54.626155355178788 ], [ 25.313103616921438, 54.62570621419129 ], [ 25.31308914925555, 54.625257073167674 ], [ 25.31307468198893, 54.624807932107935 ], [ 25.312300615404325, 54.624816323945652 ], [ 25.312286157059301, 54.624367182711268 ], [ 25.312271699113285, 54.623918041440753 ], [ 25.311497649174164, 54.623926428054823 ], [ 25.311483200149034, 54.623477286609756 ], [ 25.311468751522629, 54.623028145128565 ], [ 25.310694718228344, 54.623036526519314 ], [ 25.310680278522103, 54.62258738486365 ], [ 25.310665839214341, 54.622138243171889 ], [ 25.310651400305037, 54.621689101444005 ], [ 25.309877392175927, 54.621697477473489 ], [ 25.309862962185807, 54.621248335571245 ], [ 25.30984853259389, 54.620799193632884 ], [ 25.309074541107865, 54.620807564439794 ], [ 25.309060120434417, 54.620358422327143 ], [ 25.309045700158901, 54.619909280178376 ], [ 25.308271725315315, 54.619917645763053 ], [ 25.308257313957551, 54.61946850344011 ], [ 25.308242902997453, 54.619019361081037 ], [ 25.308228492434999, 54.618570218685868 ], [ 25.307454542752602, 54.618578578910657 ], [ 25.307440141106927, 54.618129436341391 ], [ 25.307425739858648, 54.617680293736008 ], [ 25.307411339007729, 54.617231151094551 ], [ 25.307396938554167, 54.616782008416969 ], [ 25.307382538497947, 54.616332865703299 ], [ 25.307368138839049, 54.615883722953505 ], [ 25.306594239870723, 54.615892077405221 ], [ 25.306579849126891, 54.615442934481429 ], [ 25.306565458780117, 54.614993791521542 ], [ 25.306551068830391, 54.614544648525545 ], [ 25.306536679277695, 54.614095505493466 ], [ 25.306522290122007, 54.613646362425271 ], [ 25.306507901363325, 54.613197219320973 ], [ 25.30649351300163, 54.612748076180594 ], [ 25.306479125036905, 54.612298933004084 ], [ 25.306464737469131, 54.611849789791478 ], [ 25.305690914755221, 54.611858138057805 ], [ 25.305676536100048, 54.611408994671343 ], [ 25.305662157841564, 54.610959851248758 ], [ 25.305647779979768, 54.610510707790063 ], [ 25.305633402514619, 54.610061564295293 ], [ 25.305619025446124, 54.609612420764407 ], [ 25.305604648774256, 54.609163277197403 ], [ 25.30559027249901, 54.608714133594319 ], [ 25.304816508993181, 54.608722475952362 ], [ 25.304802141628567, 54.608273332175514 ], [ 25.304787774660305, 54.607824188362549 ], [ 25.30477340808838, 54.607375044513489 ], [ 25.304759041912774, 54.606925900628319 ], [ 25.304744676133485, 54.606476756707053 ], [ 25.304730310750475, 54.60602761274972 ], [ 25.30395659792903, 54.60603594933832 ], [ 25.303942241454941, 54.605586805207288 ], [ 25.303927885376886, 54.605137661040168 ], [ 25.303913529694842, 54.604688516836951 ], [ 25.303899174408798, 54.60423937259764 ], [ 25.303884819518736, 54.603790228322232 ], [ 25.303870465024648, 54.603341084010729 ], [ 25.303856110926514, 54.602891939663131 ], [ 25.303841757224316, 54.602442795279423 ], [ 25.303068112101474, 54.602451125824722 ], [ 25.303053767305975, 54.602001981267463 ], [ 25.303039422906153, 54.601552836674095 ], [ 25.303025078901996, 54.60110369204466 ], [ 25.303010735293483, 54.600654547379115 ], [ 25.302237123816703, 54.600662872432096 ], [ 25.302222789113671, 54.600213727593086 ], [ 25.302208454806024, 54.599764582717981 ], [ 25.302194120893738, 54.59931543780678 ], [ 25.302179787376812, 54.598866292859498 ], [ 25.301406209542698, 54.598874612420872 ], [ 25.30139188493003, 54.598425467300217 ], [ 25.301377560712453, 54.597976322143452 ], [ 25.301363236889955, 54.597527176950614 ], [ 25.301348913462512, 54.597078031721693 ], [ 25.300575369267658, 54.597086345792128 ], [ 25.300561054743266, 54.596637200389935 ], [ 25.300546740613665, 54.596188054951654 ], [ 25.301320267792747, 54.596179741155595 ], [ 25.302093794576805, 54.596171422417875 ], [ 25.302108125721933, 54.596620567581716 ], [ 25.302881660618489, 54.596612243765023 ], [ 25.303655195119553, 54.596603915006625 ], [ 25.303669543675877, 54.597053059859576 ], [ 25.304443086289147, 54.59704472602197 ], [ 25.305216628506443, 54.597036387242582 ], [ 25.305230994474861, 54.597485531784308 ], [ 25.30600454480409, 54.597477187925442 ], [ 25.306778094736849, 54.597468839124765 ], [ 25.307551644272909, 54.597460485382221 ], [ 25.307566036162672, 54.597909629474529 ], [ 25.308339593810143, 54.597901270652244 ], [ 25.30911315106043, 54.597892906888013 ], [ 25.309127560364274, 54.598342050668279 ], [ 25.309901125725684, 54.598333681824059 ], [ 25.310674690689432, 54.598325308037857 ], [ 25.310689117408256, 54.598774451505712 ], [ 25.311462690482848, 54.598766072639265 ], [ 25.312236263159292, 54.598757688830773 ], [ 25.312250707293988, 54.599206831985875 ], [ 25.313024288080999, 54.599198443096903 ], [ 25.313797868469376, 54.599190049265815 ], [ 25.313812330020841, 54.599639192107844 ], [ 25.313826791971184, 54.60008833491375 ], [ 25.31384125432043, 54.600537477683503 ], [ 25.313855717068602, 54.600986620417153 ], [ 25.313870180215691, 54.60143576311463 ], [ 25.313884643761725, 54.601884905775997 ], [ 25.313899107706721, 54.602334048401211 ], [ 25.313913572050694, 54.602783190990301 ], [ 25.314687220120039, 54.602774791108246 ], [ 25.315460867790168, 54.602766386283406 ], [ 25.316234515060842, 54.602757976515804 ], [ 25.316249005336861, 54.603207118652662 ], [ 25.317022660718827, 54.603198703803457 ], [ 25.317037159905777, 54.603647845765288 ], [ 25.317051659492698, 54.60409698769098 ], [ 25.317066159479587, 54.604546129580527 ], [ 25.317080659866459, 54.604995271433914 ], [ 25.317095160653334, 54.605444413251178 ], [ 25.317868858193759, 54.605435992764363 ], [ 25.317883367893035, 54.605885134406506 ], [ 25.317897877992582, 54.606334276012483 ], [ 25.317912388492406, 54.606783417582335 ], [ 25.317926899392532, 54.607232559116021 ], [ 25.317941410692967, 54.607681700613554 ], [ 25.317955922393729, 54.608130842074942 ], [ 25.317970434494836, 54.608579983500192 ], [ 25.317984946996294, 54.609029124889268 ], [ 25.318758712241987, 54.609020698346775 ], [ 25.318773233658071, 54.60946983956066 ], [ 25.318787755474773, 54.609918980738392 ], [ 25.318802277692107, 54.610368121879944 ], [ 25.318816800310103, 54.610817262985378 ], [ 25.318831323328755, 54.611266404054646 ], [ 25.31884584674809, 54.611715545087748 ], [ 25.319619662682083, 54.61170711276641 ], [ 25.319634195017755, 54.612156253624221 ], [ 25.31964872775438, 54.612605394445843 ], [ 25.319663260891961, 54.613054535231342 ], [ 25.319677794430515, 54.613503675980667 ], [ 25.319692328370067, 54.613952816693846 ], [ 25.320466186483596, 54.613944378731858 ], [ 25.32048072934095, 54.614393519269605 ], [ 25.320495272599558, 54.614842659771206 ], [ 25.320509816259438, 54.615291800236641 ], [ 25.320524360320611, 54.615740940665937 ], [ 25.321298252101435, 54.615732497201769 ], [ 25.321312805081625, 54.61618163745554 ], [ 25.321327358463375, 54.616630777673137 ], [ 25.321341912246684, 54.617079917854582 ], [ 25.321356466431578, 54.617529057999874 ], [ 25.321371021018056, 54.617978198108993 ], [ 25.321385576006158, 54.618427338181952 ], [ 25.32140013139589, 54.61887647821878 ], [ 25.32141468718725, 54.619325618219435 ], [ 25.32142924338028, 54.619774758183929 ], [ 25.321443799974965, 54.620223898112251 ], [ 25.321458356971348, 54.620673038004433 ], [ 25.321472914369433, 54.62112217786045 ], [ 25.321487472169235, 54.621571317680313 ], [ 25.321502030370766, 54.622020457463989 ], [ 25.320728019320452, 54.622028902879485 ], [ 25.320742569402725, 54.622478042766424 ], [ 25.320757119886515, 54.622927182617225 ], [ 25.320771670771851, 54.623376322431838 ], [ 25.320786222058747, 54.623825462210327 ], [ 25.320800773747216, 54.624274601952642 ], [ 25.320815325837263, 54.624723741658805 ], [ 25.320829878328919, 54.625172881328815 ], [ 25.320844431222188, 54.625622020962673 ], [ 25.321618510447163, 54.625613574431853 ], [ 25.322392589270276, 54.625605122954148 ], [ 25.323166667691279, 54.625596666529589 ], [ 25.323181246554814, 54.626045805708763 ], [ 25.323955333096322, 54.626037344197641 ], [ 25.324729419235251, 54.626028877739579 ], [ 25.325503504971355, 54.626020406334604 ], [ 25.325518109806431, 54.626469545058349 ], [ 25.326292203662515, 54.626461068566478 ], [ 25.327066297115294, 54.626452587127638 ], [ 25.327840390164521, 54.6264441007418 ], [ 25.327855020972436, 54.62689323900932 ], [ 25.327869652184145, 54.627342377240666 ], [ 25.327095542088198, 54.62735086390672 ], [ 25.327110165180002, 54.62780000224199 ], [ 25.327124788675398, 54.628249140541079 ], [ 25.327139412574393, 54.628698278803981 ], [ 25.32636527650299, 54.628706760942897 ], [ 25.326379892281182, 54.629155899309659 ], [ 25.326394508462759, 54.629605037640225 ], [ 25.326409125047764, 54.630054175934632 ], [ 25.326423742036184, 54.630503314192865 ], [ 25.325649571462211, 54.630511791944137 ], [ 25.325664180328694, 54.630960930306131 ], [ 25.324890000826109, 54.630969403249544 ], [ 25.324115820920539, 54.630977871245094 ], [ 25.324101229104869, 54.630528732603437 ], [ 25.323327057321983, 54.630537195511444 ], [ 25.322552885136584, 54.630545653471707 ], [ 25.321778712548916, 54.630554106484169 ], [ 25.321764146711619, 54.63010496738746 ], [ 25.320989982247166, 54.630113415312699 ], [ 25.321004539559219, 54.630562554548867 ], [ 25.321019097273073, 54.631011693748874 ], [ 25.320244915356088, 54.631020137005166 ], [ 25.320259464946023, 54.631469276308401 ] ] ] } },
{ "type": "Feature", "properties": { "OBJECTID": 697707, "TRIUKSM": "35-39", "PERIODAS": 4, "TIPAS": 8, "METAI": 2011, "SHAPEarea": 39912500.006527998, "SHAPElen": 67500 }, "geometry": { "type": "Polygon", "coordinates": [ [ [ 25.108923764216648, 54.663241767537521 ], [ 25.108911528934016, 54.662792595453745 ], [ 25.108136681989347, 54.66279968556799 ], [ 25.107361834706946, 54.662806770727521 ], [ 25.106586987087059, 54.662813850932373 ], [ 25.105812139129913, 54.662820926182526 ], [ 25.105799938364701, 54.662371753595465 ], [ 25.105025098615432, 54.662378823774162 ], [ 25.10501290673189, 54.661929651034967 ], [ 25.104238075190519, 54.661936716142328 ], [ 25.104225892188179, 54.661487543251113 ], [ 25.104213709522348, 54.661038370324526 ], [ 25.104201527193013, 54.660589197362604 ], [ 25.103426720947763, 54.660596257165615 ], [ 25.103414547498666, 54.660147084051729 ], [ 25.104189345200158, 54.660140024365312 ], [ 25.104177163543788, 54.659690851332648 ], [ 25.104951952365319, 54.659683786808699 ], [ 25.105726740850159, 54.659676717330584 ], [ 25.106501528998059, 54.659669642898336 ], [ 25.107276316808804, 54.659662563511972 ], [ 25.108051104282133, 54.659655479171505 ], [ 25.108825891417826, 54.659648389876892 ], [ 25.10881365883855, 54.659199217510135 ], [ 25.109588437093187, 54.659192123378574 ], [ 25.109576196308822, 54.658742951093629 ], [ 25.110350965682418, 54.658735852125275 ], [ 25.110338716693445, 54.658286679922185 ], [ 25.110326468042775, 54.657837507683695 ], [ 25.110314219730402, 54.657388335409834 ], [ 25.110301971756314, 54.656939163100589 ], [ 25.110289724120488, 54.656489990755979 ], [ 25.110277476822933, 54.656040818375999 ], [ 25.109502758701989, 54.656047916640915 ], [ 25.108728040243037, 54.656055009952425 ], [ 25.107953321446303, 54.656062098310464 ], [ 25.107178602312036, 54.65606918171504 ], [ 25.107166389517936, 54.655620008831264 ], [ 25.106391678587695, 54.655627087165477 ], [ 25.105616967320405, 54.655634160546306 ], [ 25.104842255716296, 54.655641228973721 ], [ 25.104067543775606, 54.655648292447758 ], [ 25.103292831498567, 54.655655350968388 ], [ 25.10330500158587, 54.656104524435818 ], [ 25.102530280431328, 54.656111578119521 ], [ 25.101755558940891, 54.656118626849725 ], [ 25.100980837114804, 54.65612567062643 ], [ 25.100206114953298, 54.656132709449636 ], [ 25.099431392456619, 54.656139743319336 ], [ 25.09865666962499, 54.65614677223553 ], [ 25.097881946458653, 54.656153796198183 ], [ 25.097107222957842, 54.656160815207336 ], [ 25.096332499122795, 54.656167829262934 ], [ 25.095557774953743, 54.656174838365018 ], [ 25.094783050450925, 54.656181842513554 ], [ 25.094008325614585, 54.656188841708563 ], [ 25.093233600444943, 54.656195835950015 ], [ 25.092458874942242, 54.656202825237926 ], [ 25.092470925781651, 54.656652000293398 ], [ 25.091696191404321, 54.656658984743096 ], [ 25.090921456694389, 54.656665964239139 ], [ 25.090146721652097, 54.65667293878154 ], [ 25.090134696438152, 54.656223763380268 ], [ 25.089359969605574, 54.656230732853928 ], [ 25.088585242441116, 54.656237697374003 ], [ 25.088573234642524, 54.655788521707308 ], [ 25.087798515688053, 54.655795481158869 ], [ 25.0870237964022, 54.655802435656923 ], [ 25.087035787117507, 54.656251611553408 ], [ 25.086261058958829, 54.656258561212731 ], [ 25.085486330469216, 54.656265505918462 ], [ 25.085474356837231, 54.655816329792522 ], [ 25.084699636558604, 54.655823269430044 ], [ 25.083924915949517, 54.655830204114068 ], [ 25.083150195010212, 54.655837133844543 ], [ 25.082375473740928, 54.65584405862149 ], [ 25.08236353460552, 54.655394882002327 ], [ 25.081588821547985, 54.65540180171147 ], [ 25.080814108160958, 54.65540871646715 ], [ 25.080039394444668, 54.655415626269367 ], [ 25.079264680399355, 54.655422531118127 ], [ 25.078489966025245, 54.655429431013395 ], [ 25.077715251322591, 54.655436325955229 ], [ 25.076940536291609, 54.655443215943521 ], [ 25.076165820932548, 54.655450100978371 ], [ 25.075391105245643, 54.655456981059729 ], [ 25.074616389231128, 54.655463856187573 ], [ 25.073841672889227, 54.655470726361948 ], [ 25.073829828038129, 54.655021548454982 ], [ 25.073817983514154, 54.654572370512753 ], [ 25.073806139317288, 54.654123192535259 ], [ 25.073794295447531, 54.653674014522529 ], [ 25.073782451904865, 54.653224836474529 ], [ 25.073770608689269, 54.652775658391263 ], [ 25.073758765800747, 54.652326480272755 ], [ 25.073746923239273, 54.651877302118962 ], [ 25.073735081004848, 54.651428123929925 ], [ 25.073723239097447, 54.650978945705646 ], [ 25.073711397517062, 54.650529767446066 ], [ 25.073699556263687, 54.650080589151244 ], [ 25.0736877153373, 54.649631410821172 ], [ 25.074462320659556, 54.649624542121543 ], [ 25.075236925654593, 54.649617668469489 ], [ 25.075225067978558, 54.649168490331071 ], [ 25.075213210629958, 54.648719312157397 ], [ 25.075201353608783, 54.648270133948451 ], [ 25.07518949691503, 54.647820955704233 ], [ 25.075177640548674, 54.647371777424759 ], [ 25.075165784509707, 54.646922599109999 ], [ 25.075153928798116, 54.646473420759982 ], [ 25.07437938356631, 54.646480293617557 ], [ 25.074367536718746, 54.646031115118788 ], [ 25.074355690198303, 54.645581936584747 ], [ 25.074343844004964, 54.645132758015443 ], [ 25.074331998138724, 54.644683579410895 ], [ 25.074320152599562, 54.644234400771069 ], [ 25.074308307387465, 54.643785222095971 ], [ 25.073533813045021, 54.643792089321281 ], [ 25.072759318375763, 54.643798951595215 ], [ 25.071984823379925, 54.643805808917755 ], [ 25.07121032805772, 54.643812661288898 ], [ 25.070435832409409, 54.643819508708667 ], [ 25.069661336435225, 54.643826351177047 ], [ 25.068886840135395, 54.643833188694011 ], [ 25.068112343510148, 54.643840021259571 ], [ 25.068100566907535, 54.643390841644361 ], [ 25.068088790630075, 54.642941661993923 ], [ 25.068077014677765, 54.642492482308221 ], [ 25.068851485697678, 54.64248565008112 ], [ 25.069625956392215, 54.642478812902851 ], [ 25.07040042676115, 54.642471970773421 ], [ 25.070388625530097, 54.642022791391163 ], [ 25.071163087038588, 54.64201594442364 ], [ 25.071937548221012, 54.64200909250507 ], [ 25.07192573024706, 54.641559913313756 ], [ 25.072700182568845, 54.641553056557306 ], [ 25.073474634564096, 54.641546194849909 ], [ 25.07346279984824, 54.641097015849859 ], [ 25.074237242982658, 54.641090149304866 ], [ 25.074225400059696, 54.640640970382904 ], [ 25.07499983433329, 54.640634099000479 ], [ 25.075774268279684, 54.64062722266727 ], [ 25.075762408616509, 54.640178043937041 ], [ 25.076536833701887, 54.640171162766663 ], [ 25.076524965832807, 54.639721984114779 ], [ 25.076513098291375, 54.63927280542763 ], [ 25.075738690272441, 54.639279686370799 ], [ 25.075726831591524, 54.638830507534756 ], [ 25.074952431778065, 54.638837383413836 ], [ 25.074178031637452, 54.638844254342445 ], [ 25.074166190349224, 54.638395075244176 ], [ 25.073391798414363, 54.638401941108924 ], [ 25.073379965985477, 54.637952761862039 ], [ 25.072605582256379, 54.637959622663125 ], [ 25.07259375868637, 54.637510443267686 ], [ 25.071819383163074, 54.63751729900526 ], [ 25.071807568451462, 54.63706811946134 ], [ 25.071033201133989, 54.637074970135579 ], [ 25.07025883349058, 54.637081815859624 ], [ 25.06948446552148, 54.637088656633516 ], [ 25.068710097226916, 54.63709549245722 ], [ 25.067935728607132, 54.637102323330751 ], [ 25.067161359662357, 54.637109149254087 ], [ 25.066386990392825, 54.637115970227256 ], [ 25.065612620798777, 54.637122786250217 ], [ 25.064838250880445, 54.637129597322989 ], [ 25.064826513281321, 54.63668041672878 ], [ 25.06481477600623, 54.636231236099327 ], [ 25.064803039055164, 54.635782055434646 ], [ 25.064791302428112, 54.635332874734736 ], [ 25.064016966311819, 54.635339680407832 ], [ 25.063242629871752, 54.635346481131023 ], [ 25.062468293108175, 54.635353276904347 ], [ 25.061693956021291, 54.635360067727753 ], [ 25.060919618611358, 54.635366853601283 ], [ 25.060145280878594, 54.635373634524925 ], [ 25.059370942823247, 54.635380410498648 ], [ 25.058596604445547, 54.635387181522475 ], [ 25.058584936390293, 54.634937999890688 ], [ 25.058573268657142, 54.63448881822368 ], [ 25.05856160124608, 54.634039636521486 ], [ 25.059335914031436, 54.634032865833035 ], [ 25.059324238412142, 54.633583684207395 ], [ 25.059312563115153, 54.633134502546518 ], [ 25.059300888140456, 54.632685320850435 ], [ 25.058526600945328, 54.632692091203538 ], [ 25.057752313428161, 54.63269885660722 ], [ 25.056978025589189, 54.632705617061475 ], [ 25.056966376525619, 54.632256434995078 ], [ 25.056192096894708, 54.632263190388372 ], [ 25.055417816942477, 54.632269940832302 ], [ 25.054643536669154, 54.63227668632689 ], [ 25.053869256074972, 54.6322834268721 ], [ 25.053094975160178, 54.632290162467953 ], [ 25.052320693924994, 54.632296893114436 ], [ 25.052309096359597, 54.63184771034485 ], [ 25.051534823333746, 54.631854435930919 ], [ 25.050760549987995, 54.631861156567687 ], [ 25.050748969801237, 54.631411973540921 ], [ 25.049974704665086, 54.63141868911751 ], [ 25.049963133327015, 54.630969505944677 ], [ 25.049188876400482, 54.630976216461256 ], [ 25.049200439209514, 54.631425399744863 ], [ 25.048426173434752, 54.631432105422988 ], [ 25.047651907341042, 54.631438806151863 ], [ 25.046877640928628, 54.631445501931523 ], [ 25.046103374197735, 54.631452192761927 ], [ 25.045329107148596, 54.631458878643087 ], [ 25.045340627630235, 54.631908062444225 ], [ 25.044566351733732, 54.631914743486426 ], [ 25.044554839781455, 54.631465559574984 ], [ 25.044543328146933, 54.631016375628342 ], [ 25.045317586984964, 54.63100969480675 ], [ 25.045306067139329, 54.63056051093524 ], [ 25.045294547611675, 54.630111327028551 ], [ 25.044520305831171, 54.630118007629548 ], [ 25.043746063732929, 54.630124683281544 ], [ 25.042971821317185, 54.630131353984524 ], [ 25.042197578584179, 54.630138019738474 ], [ 25.042186093488205, 54.629688835355914 ], [ 25.041411858966622, 54.629695496050886 ], [ 25.040637624128259, 54.629702151796906 ], [ 25.039863388973345, 54.62970880259396 ], [ 25.03985192977909, 54.629259617846586 ], [ 25.039077702836124, 54.629266263584981 ], [ 25.038303475577095, 54.629272904374488 ], [ 25.038292033755191, 54.628823719372619 ], [ 25.037517814708373, 54.62883035510368 ], [ 25.037506381730108, 54.628381169957102 ], [ 25.036732170895522, 54.628387800629881 ], [ 25.035957959745613, 54.628394426353928 ], [ 25.035946544138096, 54.627945240953345 ], [ 25.035172341200692, 54.627951861619366 ], [ 25.035160934435645, 54.627502676074329 ], [ 25.034386739710769, 54.627509291682479 ], [ 25.033612544671293, 54.627515902342033 ], [ 25.033601155275402, 54.627066716543496 ], [ 25.03282696844872, 54.627073322145414 ], [ 25.032815587894131, 54.6266241362027 ], [ 25.032041409280286, 54.626630736747131 ], [ 25.032030037566521, 54.626181550660306 ], [ 25.031255867165523, 54.62618814614742 ], [ 25.030481696450899, 54.626194736686202 ], [ 25.030470342104, 54.625745550346544 ], [ 25.029696179602496, 54.62575213582825 ], [ 25.029684834095256, 54.625302949344736 ], [ 25.028910679806899, 54.625309529769531 ], [ 25.028899343138853, 54.624860343142259 ], [ 25.028125197063666, 54.624866918510271 ], [ 25.028113869234346, 54.624417731739349 ], [ 25.027339731372351, 54.624424302050777 ], [ 25.027328412381284, 54.623975115136233 ], [ 25.026554282732505, 54.623981680391246 ], [ 25.025780152771556, 54.623988240698267 ], [ 25.02500602249869, 54.623994796057325 ], [ 25.024994729396216, 54.623545608782763 ], [ 25.024983436605421, 54.623096421473093 ], [ 25.025757549827709, 54.623089866330467 ], [ 25.026531662738087, 54.623083306240019 ], [ 25.027305775336327, 54.623076741201785 ], [ 25.028079887622198, 54.623070171215723 ], [ 25.028853999595466, 54.623063596281888 ], [ 25.028842664491748, 54.622614409478977 ], [ 25.029616767627289, 54.622607829705949 ], [ 25.030390870449761, 54.622601244985226 ], [ 25.031164972958933, 54.622594655316782 ], [ 25.031939075154568, 54.622588060700657 ], [ 25.032713177036435, 54.622581461136825 ], [ 25.033487278604287, 54.622574856625285 ], [ 25.034261379857906, 54.622568247166086 ], [ 25.035035480797045, 54.622561632759201 ], [ 25.035809581421475, 54.622555013404629 ], [ 25.035798169909189, 54.622105827547081 ], [ 25.036572261694129, 54.622099203354189 ], [ 25.037346353163905, 54.62209257421371 ], [ 25.038120444318263, 54.62208594012565 ], [ 25.038894535156981, 54.622079301090011 ], [ 25.03966862567983, 54.622072657106813 ], [ 25.040442715886567, 54.62206600817602 ], [ 25.041216805776958, 54.622059354297669 ], [ 25.041205334909719, 54.621610169172136 ], [ 25.041979415959307, 54.621603510456161 ], [ 25.042753496692086, 54.62159684679267 ], [ 25.043527577107827, 54.621590178181741 ], [ 25.044301657206294, 54.621583504623359 ], [ 25.045075736987251, 54.621576826117483 ], [ 25.045849816450467, 54.621570142664176 ], [ 25.046623895595694, 54.621563454263395 ], [ 25.047397974422708, 54.621556760915155 ], [ 25.047386435680469, 54.62110757663612 ], [ 25.048160505665141, 54.621100878451031 ], [ 25.048934575331142, 54.621094175318575 ], [ 25.049708644678233, 54.621087467238773 ], [ 25.050482713706177, 54.621080754211604 ], [ 25.05125678241475, 54.621074036237133 ], [ 25.052030850803707, 54.621067313315287 ], [ 25.052804918872816, 54.621060585446116 ], [ 25.052793320783664, 54.620611401907595 ], [ 25.053567380009106, 54.62060466920223 ], [ 25.05434143891425, 54.620597931549632 ], [ 25.055115497498846, 54.620591188949767 ], [ 25.055889555762661, 54.620584441402698 ], [ 25.056663613705474, 54.620577688908384 ], [ 25.057437671327033, 54.620570931466858 ], [ 25.058211728627107, 54.620564169078087 ], [ 25.058200071194914, 54.620114986284044 ], [ 25.058974119650014, 54.620108219059759 ], [ 25.05974816778318, 54.620101446888377 ], [ 25.060522215594165, 54.620094669769841 ], [ 25.061296263082745, 54.620087887704202 ], [ 25.062070310248671, 54.620081100691429 ], [ 25.062844357091723, 54.620074308731546 ], [ 25.06361840361166, 54.620067511824558 ], [ 25.063606686840277, 54.61961832977898 ], [ 25.064380724513928, 54.619611528037154 ], [ 25.065154761864001, 54.619604721348331 ], [ 25.065928798890262, 54.619597909712489 ], [ 25.06591705687417, 54.619148727968742 ], [ 25.066691085053719, 54.619141911498396 ], [ 25.066679334839225, 54.618692729831935 ], [ 25.066667584948981, 54.618243548130209 ], [ 25.066655835382988, 54.617794366393227 ], [ 25.067429837671732, 54.617787545313782 ], [ 25.067418079908258, 54.617338363654156 ], [ 25.067406322469239, 54.616889181959273 ], [ 25.067394565354657, 54.616440000229147 ], [ 25.068168541754545, 54.616433174541037 ], [ 25.068156776443395, 54.615983992888317 ], [ 25.068145011456906, 54.615534811200334 ], [ 25.06813324679505, 54.615085629477115 ], [ 25.06890719730804, 54.615078799180836 ], [ 25.068895424450538, 54.614629617535094 ], [ 25.068883651917886, 54.614180435854095 ], [ 25.068871879710077, 54.613731254137861 ], [ 25.069645804338109, 54.613724419233826 ], [ 25.069634023935564, 54.613275237595126 ], [ 25.06962224385807, 54.612826055921182 ], [ 25.069610464105608, 54.612376874211954 ], [ 25.070384362850643, 54.612370034700717 ], [ 25.070372574904368, 54.61192085306913 ], [ 25.070360787283342, 54.611471671402278 ], [ 25.070348999987548, 54.611022489700169 ], [ 25.070337213016977, 54.610573307962781 ], [ 25.071111077362836, 54.610566463957731 ], [ 25.07109928219959, 54.610117282298056 ], [ 25.071087487361776, 54.609668100603102 ], [ 25.071861334346668, 54.609661251878812 ], [ 25.071849531316868, 54.609212070261634 ], [ 25.071837728612703, 54.608762888609178 ], [ 25.072611558237384, 54.608756035165925 ], [ 25.072599747341933, 54.608306853591344 ], [ 25.073373568123827, 54.608299995316294 ], [ 25.073361749037552, 54.60785081381961 ], [ 25.074135560976686, 54.607843950712905 ], [ 25.074123733700056, 54.607394769294231 ], [ 25.074111906749724, 54.606945587840272 ], [ 25.07488570132994, 54.606938720015435 ], [ 25.074873866189947, 54.606489538639565 ], [ 25.074862031376458, 54.606040357228387 ], [ 25.074850196889475, 54.605591175781953 ], [ 25.074838362728965, 54.60514199430024 ], [ 25.074826528894942, 54.604692812783249 ], [ 25.074814695387381, 54.604243631230958 ], [ 25.074802862206262, 54.603794449643381 ], [ 25.075576596853317, 54.603787577667852 ], [ 25.07556475548434, 54.603338396158421 ], [ 25.075552914442024, 54.602889214613718 ], [ 25.07554107372636, 54.602440033033716 ], [ 25.075529233337324, 54.601990851418435 ], [ 25.075517393274918, 54.60154166976789 ], [ 25.07550555353912, 54.601092488082031 ], [ 25.075493714129919, 54.600643306360901 ], [ 25.07626738885525, 54.60063643023571 ], [ 25.076255541259993, 54.600187248592775 ], [ 25.077029207145873, 54.600180367637599 ], [ 25.07701735136504, 54.599731186072944 ], [ 25.077791008411495, 54.599724300287996 ], [ 25.07777914444554, 54.599275118801671 ], [ 25.078552792652591, 54.599268228187086 ], [ 25.078564665130688, 54.599717409559688 ], [ 25.079338321522371, 54.599710513888034 ], [ 25.079350202840317, 54.60015969511155 ], [ 25.079362084486014, 54.600608876299745 ], [ 25.080135757574894, 54.600601975457003 ], [ 25.08014764806116, 54.601051156496027 ], [ 25.080159538875431, 54.601500337499743 ], [ 25.080933228662147, 54.601493431485558 ], [ 25.080945128317712, 54.601942612339997 ], [ 25.080957028301537, 54.60239179315915 ], [ 25.081730734786763, 54.60238488197318 ], [ 25.081742643612593, 54.602834062642977 ], [ 25.081754552766949, 54.603283243277446 ], [ 25.082528275951322, 54.603276326919392 ], [ 25.082540193948404, 54.60372550740442 ], [ 25.082552112274271, 54.604174687854133 ], [ 25.083325852158449, 54.604167766323641 ], [ 25.083337779327753, 54.604616946623814 ], [ 25.083349706826102, 54.605066126888701 ], [ 25.084123463410748, 54.605059200185423 ], [ 25.084135399753247, 54.605508380300684 ], [ 25.084909164523687, 54.60550144853871 ], [ 25.085682928964587, 54.605494511832404 ], [ 25.085694882667028, 54.60594369168345 ], [ 25.086468655293455, 54.6059367499182 ], [ 25.087242427589853, 54.605929803208525 ], [ 25.088016199555998, 54.605922851554404 ], [ 25.088028179134785, 54.606372031026154 ], [ 25.088801959285938, 54.606365074312805 ], [ 25.089575739106358, 54.606358112654938 ], [ 25.08958773604709, 54.606807291861671 ], [ 25.090361524052245, 54.606800325144313 ], [ 25.09113531172617, 54.606793353482381 ], [ 25.091147326029748, 54.607242532423726 ], [ 25.091921121888149, 54.607235555702083 ], [ 25.092694917414839, 54.607228574035787 ], [ 25.092706949082171, 54.60767775271141 ], [ 25.093480752793052, 54.607670765985176 ], [ 25.094254556171755, 54.607663774314204 ], [ 25.094266605203746, 54.608112952723772 ], [ 25.095040416766356, 54.608105955992606 ], [ 25.0958142279963, 54.608098954316645 ], [ 25.096588038893355, 54.608091947695897 ], [ 25.096600113807447, 54.608541125723441 ], [ 25.097373932887894, 54.608534114042172 ], [ 25.098147751634958, 54.608527097416044 ], [ 25.098159843915717, 54.608976275176708 ], [ 25.098933670845913, 54.608969253489832 ], [ 25.099707497442232, 54.608962226858019 ], [ 25.099695388128005, 54.608513049329233 ], [ 25.100469205873512, 54.608506017868557 ], [ 25.100457088376888, 54.608056840420439 ], [ 25.100444971214568, 54.607607662936964 ], [ 25.101218771593054, 54.60760062676372 ], [ 25.101206646249036, 54.607151449361012 ], [ 25.101194521239524, 54.606702271922956 ], [ 25.101968304251741, 54.606695231037435 ], [ 25.101956171061222, 54.606246053680202 ], [ 25.102729945223192, 54.606239007966465 ], [ 25.102717803852137, 54.605789830690163 ], [ 25.102705662816028, 54.605340653378484 ], [ 25.10347941961275, 54.605333602953046 ], [ 25.103467270396795, 54.604884425722354 ], [ 25.103455121515996, 54.604435248456291 ], [ 25.104228860948229, 54.604428193319478 ], [ 25.104216703888277, 54.603979016134495 ], [ 25.104990434470832, 54.603971956170128 ], [ 25.10576416471778, 54.603964891261761 ], [ 25.105776338806308, 54.604414068213636 ], [ 25.106550077231699, 54.604406998244606 ], [ 25.10656226017058, 54.604856175044411 ], [ 25.107336006774364, 54.60484910001454 ], [ 25.107323815320989, 54.604399923331492 ], [ 25.108097553073964, 54.604392843474308 ], [ 25.108085353442664, 54.603943666872716 ], [ 25.108859082344846, 54.603936582188396 ], [ 25.109632810910259, 54.603929492560106 ], [ 25.110406539138655, 54.603922397987873 ], [ 25.111180267029795, 54.603915298471641 ], [ 25.111168033679139, 54.603466122302834 ], [ 25.111941752718856, 54.603459017959899 ], [ 25.111929511191953, 54.603009841872954 ], [ 25.111917270002738, 54.602560665750595 ], [ 25.112690971677591, 54.60255355669846 ], [ 25.112678722312829, 54.602104380658034 ], [ 25.112666473285962, 54.601655204582187 ], [ 25.11344015759671, 54.601648090821129 ], [ 25.114213841569324, 54.601640972116549 ], [ 25.114201575854871, 54.60119179624018 ], [ 25.114975250976411, 54.601184672709621 ], [ 25.114962977087814, 54.600735496915419 ], [ 25.114950703537787, 54.60028632108579 ], [ 25.114938430326315, 54.599837145220761 ], [ 25.114164780741532, 54.599844268398648 ], [ 25.11415251638039, 54.599395092380647 ], [ 25.114140252357533, 54.598945916327253 ], [ 25.1133666194578, 54.598953034326982 ], [ 25.113354364284554, 54.598503858120687 ], [ 25.113342109449345, 54.598054681878992 ], [ 25.113329854952163, 54.597605505601898 ], [ 25.112556247247689, 54.597612618306428 ], [ 25.112544001599147, 54.597163441876539 ], [ 25.112531756288366, 54.596714265411244 ], [ 25.112519511315334, 54.596265088910542 ], [ 25.113293093488597, 54.596257976558142 ], [ 25.113280840343375, 54.595808800139373 ], [ 25.11405441366875, 54.595801682961863 ], [ 25.1140421523518, 54.595352506625161 ], [ 25.114029891373029, 54.59490333025304 ], [ 25.114017630732427, 54.594454153845518 ], [ 25.114005370429982, 54.594004977402584 ], [ 25.113993110465678, 54.593555800924236 ], [ 25.113980850839507, 54.593106624410453 ], [ 25.113968591551448, 54.592657447861278 ], [ 25.114742104975857, 54.592650326563941 ], [ 25.114729837517874, 54.592201150096855 ], [ 25.113956332601497, 54.592208271276689 ], [ 25.113182827347028, 54.592215387514692 ], [ 25.112409321754701, 54.592222498810884 ], [ 25.111635815824744, 54.592229605165237 ], [ 25.11162358273635, 54.591780428193196 ], [ 25.110850084976853, 54.591787529488542 ], [ 25.110076586880211, 54.591794625842113 ], [ 25.109303088446673, 54.591801717253908 ], [ 25.109290881218516, 54.591352539895169 ], [ 25.108517390955953, 54.59135962624827 ], [ 25.107743900356958, 54.591366707659681 ], [ 25.106970409421777, 54.591373784129402 ], [ 25.106958228052566, 54.590924606384689 ], [ 25.106184745288878, 54.590931677796014 ], [ 25.105411262189481, 54.590938744265713 ], [ 25.104637778754615, 54.590945805793766 ], [ 25.104625623243034, 54.590496627663882 ], [ 25.103852147980177, 54.590503684133871 ], [ 25.103078672382328, 54.590510735662299 ], [ 25.102305196449723, 54.590517782249172 ], [ 25.101531720182582, 54.590524823894476 ], [ 25.100758243581154, 54.590531860598198 ], [ 25.100746130940045, 54.590082681851534 ], [ 25.099972662511643, 54.590089713497655 ], [ 25.099199193749442, 54.590096740202277 ], [ 25.098425724653659, 54.590103761965388 ], [ 25.097652255224546, 54.590110778787 ], [ 25.096878785462319, 54.590117790667094 ], [ 25.096866715689618, 54.589668611305719 ], [ 25.09609325410144, 54.589675618128688 ], [ 25.095319792180629, 54.589682620010187 ], [ 25.094546329927436, 54.58968961695026 ], [ 25.093772867342089, 54.589696608948891 ], [ 25.092999404424813, 54.589703596006018 ], [ 25.092987377518483, 54.589254416032027 ], [ 25.093760831929025, 54.589247429090157 ], [ 25.093748796847869, 54.58879824919611 ], [ 25.094522242420023, 54.58879125742822 ], [ 25.094510199164517, 54.588342077614172 ], [ 25.095283635898308, 54.588335081020467 ], [ 25.095271584468925, 54.587885901286533 ], [ 25.096045012364382, 54.587878899867157 ], [ 25.09603295276159, 54.587429720213393 ], [ 25.096806371818726, 54.587422713968508 ], [ 25.096794304042984, 54.586973534394986 ], [ 25.097567714261839, 54.586966523324762 ], [ 25.097555638313626, 54.586517343831588 ], [ 25.098329039694214, 54.586510327936182 ], [ 25.098316955573992, 54.586061148523385 ], [ 25.099090348116341, 54.586054127802974 ], [ 25.099078255824587, 54.585604948470674 ], [ 25.099066163866279, 54.585155769103011 ], [ 25.099839539065901, 54.585148743673656 ], [ 25.099827438936746, 54.584699564386547 ], [ 25.100600805298424, 54.584692534132628 ], [ 25.100588696998887, 54.584243354926123 ], [ 25.101362054522653, 54.584236319847754 ], [ 25.101349938053211, 54.583787140721974 ], [ 25.102123286739086, 54.583780100819325 ], [ 25.102111162100201, 54.583330921774319 ], [ 25.102884501948211, 54.583323877047597 ], [ 25.102872369140357, 54.582874698083451 ], [ 25.103645700150519, 54.582867648532762 ], [ 25.103633559174163, 54.582418469649546 ], [ 25.10440688134651, 54.582411415275075 ], [ 25.10439473220212, 54.581962236472904 ], [ 25.105168045536676, 54.5819551772748 ], [ 25.105941358536004, 54.581948113136725 ], [ 25.105929192721508, 54.581498934532185 ], [ 25.106702496882846, 54.581491865570733 ], [ 25.106690322901503, 54.581042687047443 ], [ 25.10746361822488, 54.581035613262792 ], [ 25.107451436077159, 54.580586434820795 ], [ 25.108224722562596, 54.580579356213143 ], [ 25.108998008711914, 54.580572272665748 ], [ 25.108985809896485, 54.580123094422014 ], [ 25.109759087207674, 54.580116006051846 ], [ 25.109746880227043, 54.579666827889675 ], [ 25.110520148700118, 54.579659734696882 ], [ 25.110507933554761, 54.579210556616339 ], [ 25.111281193189747, 54.579203458601093 ], [ 25.112054452487719, 54.579196355646374 ], [ 25.112042220677065, 54.578747177764726 ], [ 25.112815471136749, 54.578740069987816 ], [ 25.112803231162552, 54.578290892188015 ], [ 25.113576472783983, 54.578283779589086 ], [ 25.114349714067718, 54.578276662050847 ], [ 25.114361971043454, 54.578725839615835 ], [ 25.115135220490004, 54.578718717020827 ], [ 25.115122955013515, 54.578269539573292 ], [ 25.115896195621144, 54.578262412156491 ], [ 25.115883921982324, 54.577813234791158 ], [ 25.115871648681878, 54.577364057390419 ], [ 25.11664487195036, 54.577356925269648 ], [ 25.116632590488276, 54.576907747951132 ], [ 25.116620309364791, 54.576458570597218 ], [ 25.116608028579893, 54.576009393207862 ], [ 25.117381226010426, 54.576002256501226 ], [ 25.118154423102158, 54.575995114855736 ], [ 25.118142125657229, 54.575545937666512 ], [ 25.118915313910634, 54.57553879120006 ], [ 25.119688501824768, 54.575531639794853 ], [ 25.119676187720785, 54.575082462806073 ], [ 25.120449366796411, 54.57507530658016 ], [ 25.121222545532305, 54.575068145415528 ], [ 25.121995723928251, 54.575060979312241 ], [ 25.121983384667423, 54.574611802642472 ], [ 25.122756554224434, 54.57460463171882 ], [ 25.123529723441028, 54.574597455856555 ], [ 25.123517367523359, 54.574148279388041 ], [ 25.124290527900818, 54.574141098705674 ], [ 25.12506368793742, 54.574133913084829 ], [ 25.125836847632922, 54.57412672252547 ], [ 25.125824466561145, 54.573677546377134 ], [ 25.126597617417094, 54.573670350998 ], [ 25.127370767931485, 54.573663150680474 ], [ 25.127358370205076, 54.573213974734173 ], [ 25.128131511879722, 54.573206769597128 ], [ 25.128904653212359, 54.573199559521754 ], [ 25.129677794202752, 54.573192344508087 ], [ 25.130450934850668, 54.573185124556112 ], [ 25.130463366568836, 54.573634300026441 ], [ 25.131236515371949, 54.573627075016994 ], [ 25.131248955930985, 54.574076250332638 ], [ 25.131261396832997, 54.574525425612812 ], [ 25.131273838077991, 54.574974600857537 ], [ 25.13050066377976, 54.574981826224594 ], [ 25.130513096868903, 54.575431001553042 ], [ 25.130525530300826, 54.575880176846006 ], [ 25.13053796407554, 54.576329352103485 ], [ 25.12976476393726, 54.576336572889296 ], [ 25.129777189555217, 54.576785748230463 ], [ 25.129789615515751, 54.577234923536125 ], [ 25.129802041818881, 54.57768409880633 ], [ 25.129028815838616, 54.577691315010455 ], [ 25.129041233984072, 54.578140490364241 ], [ 25.129053652471921, 54.578589665682578 ], [ 25.129066071302155, 54.579038840965417 ], [ 25.129839322783955, 54.579031624404124 ], [ 25.129826895452968, 54.578582449240344 ], [ 25.130600138091392, 54.578575227858828 ], [ 25.13137338038694, 54.578568001538038 ], [ 25.131360936397609, 54.578118826577146 ], [ 25.132134169849586, 54.578111595436397 ], [ 25.132907402958249, 54.57810435935648 ], [ 25.133680635723355, 54.578097118337375 ], [ 25.133668166576438, 54.577647943699141 ], [ 25.13444139049755, 54.577640697860417 ], [ 25.135214614074652, 54.577633447082597 ], [ 25.135987837307514, 54.577626191365717 ], [ 25.136000331954989, 54.578075365645049 ], [ 25.136773563343528, 54.578068104869267 ], [ 25.136786066835892, 54.578517278993338 ], [ 25.13755930638008, 54.578510013158528 ], [ 25.137571818717799, 54.578959187127197 ], [ 25.138345066417624, 54.578951916233223 ], [ 25.139118313772222, 54.578944640399939 ], [ 25.139891560781368, 54.578937359627353 ], [ 25.139879022941884, 54.578488186018788 ], [ 25.140652261104776, 54.57848090042711 ], [ 25.141425498921759, 54.578473609896236 ], [ 25.141438053762357, 54.578922783264304 ], [ 25.142211299733734, 54.578915487673839 ], [ 25.142984545358708, 54.57890818714408 ], [ 25.143757790637068, 54.578900881675068 ], [ 25.143745210294902, 54.578451708668346 ], [ 25.14451844672589, 54.578444398380668 ], [ 25.145291682809805, 54.578437083153794 ], [ 25.145279085813971, 54.577987910352867 ], [ 25.146052313050326, 54.577980590307583 ], [ 25.146039707901785, 54.577531417591892 ], [ 25.146812926290618, 54.577524092728368 ], [ 25.146800312989843, 54.577074920098006 ], [ 25.147573522531175, 54.577067590416391 ], [ 25.147560901078631, 54.576618417871437 ], [ 25.148334101772484, 54.576611083371908 ], [ 25.148321472168654, 54.576161910912411 ], [ 25.148308842913004, 54.57571273841738 ], [ 25.148296214005533, 54.575263565886807 ], [ 25.148283585446222, 54.574814393320693 ], [ 25.148270957235066, 54.574365220719066 ], [ 25.148258329372034, 54.573916048081898 ], [ 25.148245701857135, 54.573466875409196 ], [ 25.149018842712955, 54.57345953681839 ], [ 25.149006207048554, 54.573010364231223 ], [ 25.14977933905843, 54.5730030208233 ], [ 25.150552470719745, 54.572995672477219 ], [ 25.150539818408962, 54.572546500096884 ], [ 25.151312941224138, 54.572539146933941 ], [ 25.152086063690298, 54.572531788832919 ], [ 25.152073394734103, 54.572082616659728 ], [ 25.152846508353932, 54.572075253742099 ], [ 25.153619621624284, 54.572067885886462 ], [ 25.153606936023657, 54.571618713920756 ], [ 25.154380040447482, 54.571611341248762 ], [ 25.155153144521382, 54.571603963638886 ], [ 25.155140442277293, 54.57115479188095 ], [ 25.155913537504471, 54.571147409454944 ], [ 25.156686632381255, 54.571140022091143 ], [ 25.157459726907426, 54.571132629789545 ], [ 25.15744699952457, 54.570683458361664 ], [ 25.158220085203602, 54.570676061244299 ], [ 25.158993170531566, 54.570668659189224 ], [ 25.15976625550821, 54.570661252196409 ], [ 25.160539340133319, 54.570653840265912 ], [ 25.16131242440666, 54.570646423397733 ], [ 25.162085508327976, 54.570639001591829 ], [ 25.162858591897052, 54.570631574848257 ], [ 25.163631675113656, 54.570624143166995 ], [ 25.163618880113606, 54.570174972682054 ], [ 25.164391954481548, 54.570167536185799 ], [ 25.165165028496553, 54.570160094751955 ], [ 25.165938102158396, 54.570152648380514 ], [ 25.166711175466833, 54.57014519707149 ], [ 25.167484248421633, 54.570137740824897 ], [ 25.168257321022573, 54.570130279640729 ], [ 25.169030393269402, 54.570122813518999 ], [ 25.169803465161895, 54.570115342459694 ], [ 25.169790602549241, 54.569666172922865 ], [ 25.170563665591555, 54.569658697049341 ], [ 25.171336728279076, 54.569651216238334 ], [ 25.172109790611579, 54.569643730489872 ], [ 25.172882852588813, 54.569636239803941 ], [ 25.173655914210556, 54.569628744180562 ], [ 25.17442897547657, 54.569621243619729 ], [ 25.175202036386619, 54.569613738121447 ], [ 25.175214958468228, 54.570062906793275 ], [ 25.175988027517594, 54.57005539623367 ], [ 25.176761096210516, 54.570047880736531 ], [ 25.176774035639809, 54.570497049124839 ], [ 25.177547112471771, 54.570489528566114 ], [ 25.178320188946806, 54.57048200306982 ], [ 25.179093265064687, 54.570474472635929 ], [ 25.179106230338476, 54.570923640616144 ], [ 25.179879314594874, 54.570916105120382 ], [ 25.179892288722229, 54.571365272940653 ], [ 25.180665381117116, 54.571357732382829 ], [ 25.18143847315411, 54.571350186887265 ], [ 25.181451464631845, 54.571799354423021 ], [ 25.182224564807058, 54.57179180386516 ], [ 25.182237565139495, 54.572240971240696 ], [ 25.183010673452905, 54.572233415620403 ], [ 25.18302368264052, 54.572682582835625 ], [ 25.183796799092097, 54.57267502215273 ], [ 25.183809817135355, 54.573124189207576 ], [ 25.184582941725061, 54.573116623461907 ], [ 25.184595968624439, 54.573565790356263 ], [ 25.185369101352258, 54.573558219547664 ], [ 25.185382137108217, 54.574007386281458 ], [ 25.186155277974123, 54.573999810409781 ], [ 25.186168322587136, 54.574448976982936 ], [ 25.186181367559758, 54.574898143520414 ], [ 25.186194412892021, 54.575347310022224 ], [ 25.18620745858394, 54.575796476488385 ], [ 25.186220504635514, 54.576245642918892 ], [ 25.186233551046762, 54.5766948093137 ], [ 25.186246597817703, 54.577143975672854 ], [ 25.186259644948336, 54.577593141996324 ], [ 25.186272692438688, 54.578042308284161 ], [ 25.185499475085255, 54.578049885280812 ], [ 25.185512514435555, 54.578499051657964 ], [ 25.185525554145364, 54.578948217999468 ], [ 25.185538594214687, 54.57939738430531 ], [ 25.185551634643549, 54.579846550575489 ], [ 25.185564675431955, 54.580295716809992 ], [ 25.186337935286652, 54.580288139188269 ], [ 25.186350984935576, 54.580737305262097 ], [ 25.186364034944312, 54.581186471300256 ], [ 25.185590758087468, 54.581194049172034 ], [ 25.185603799954606, 54.581643215299557 ], [ 25.185616842181343, 54.582092381391412 ], [ 25.185629884767696, 54.582541547447605 ], [ 25.185642927713673, 54.582990713468142 ], [ 25.185655971019294, 54.58343987945301 ], [ 25.184882651293332, 54.583447453010045 ], [ 25.184895686456002, 54.583896619084214 ], [ 25.184908721978108, 54.584345785122736 ], [ 25.184921757859659, 54.584794951125588 ], [ 25.18493479410067, 54.585244117092778 ], [ 25.18416144000339, 54.585251686209446 ], [ 25.18417446810032, 54.585700852265866 ], [ 25.184187496556504, 54.586150018286617 ], [ 25.184200525371956, 54.586599184271755 ], [ 25.184213554546691, 54.587048350221195 ], [ 25.184226584080715, 54.587497516134995 ], [ 25.183453187103989, 54.587505080935507 ], [ 25.183466208492575, 54.587954246938466 ], [ 25.182692802652014, 54.587961806923069 ], [ 25.182679789768187, 54.58751264079536 ], [ 25.181906392073536, 54.587520195714561 ], [ 25.181893388053091, 54.587071029426546 ], [ 25.181880384391221, 54.586621863102891 ], [ 25.181107003346842, 54.586629412832288 ], [ 25.181094008547639, 54.586180246348405 ], [ 25.180320635649004, 54.586187791012804 ], [ 25.179547262392283, 54.5861953307368 ], [ 25.179534284959143, 54.585746163968373 ], [ 25.178760919848443, 54.585753698627599 ], [ 25.178747951276808, 54.585304531699236 ], [ 25.177974594312168, 54.585312061293877 ], [ 25.177961634601562, 54.584862894205621 ], [ 25.177188285782993, 54.584870418735854 ], [ 25.177175334932954, 54.584421251487797 ], [ 25.176401994260502, 54.584428770953735 ], [ 25.175628653231172, 54.584436285479548 ], [ 25.175615719744229, 54.583987117947835 ], [ 25.174842386861283, 54.583994627409616 ], [ 25.174069053621942, 54.584002131931356 ], [ 25.174056137497214, 54.583552964116272 ], [ 25.17328281240453, 54.583560463574209 ], [ 25.172509486955931, 54.583567958092175 ], [ 25.172496588192509, 54.583118789994103 ], [ 25.171723270890844, 54.583126279448493 ], [ 25.170949953233762, 54.583133763962977 ], [ 25.17017663522148, 54.583141243537547 ], [ 25.170163762320854, 54.582692075033393 ], [ 25.169390452456025, 54.582699549544721 ], [ 25.168617142236492, 54.582707019116206 ], [ 25.167843831662484, 54.582714483747836 ], [ 25.167070520734228, 54.582721943439616 ], [ 25.166297209451976, 54.58272939819156 ], [ 25.166284379417295, 54.582280229035973 ], [ 25.165511076283504, 54.58228767872513 ], [ 25.164737772796194, 54.582295123474495 ], [ 25.163964468955591, 54.582302563284074 ], [ 25.163191164761926, 54.582309998153839 ], [ 25.162417860215445, 54.582317428083819 ], [ 25.162430647738791, 54.582766597853151 ], [ 25.161657334337416, 54.582774022965829 ], [ 25.160884020583669, 54.582781443138614 ], [ 25.160110706477798, 54.582788858371501 ], [ 25.159337392020028, 54.582796268664488 ], [ 25.158564077210595, 54.582803674017569 ], [ 25.157790762049736, 54.582811074430744 ], [ 25.157017446537676, 54.582818469903991 ], [ 25.157030174895567, 54.583267640493617 ], [ 25.156256850529914, 54.583275031148872 ], [ 25.155483525813523, 54.583282416864158 ], [ 25.154710200746628, 54.583289797639388 ], [ 25.15393687532946, 54.583297173474612 ], [ 25.153949570026782, 54.583746344515973 ], [ 25.153176235756661, 54.583753715532801 ], [ 25.152402901136718, 54.583761081609531 ], [ 25.151629566167202, 54.583768442746127 ], [ 25.151642235705072, 54.58421761411654 ], [ 25.150868891883018, 54.584224970434398 ], [ 25.150095547711835, 54.584232321812053 ], [ 25.149322203191755, 54.584239668249488 ], [ 25.149334847568664, 54.584688839948264 ], [ 25.148561494196471, 54.584696181566621 ], [ 25.147788140475836, 54.584703518244687 ], [ 25.147014786406999, 54.584710849982443 ], [ 25.14702740562144, 54.585160022008829 ], [ 25.146254042700903, 54.585167348927165 ], [ 25.145480679432616, 54.585174670905111 ], [ 25.145493281987076, 54.585623843137682 ], [ 25.14471990986728, 54.585631160295954 ], [ 25.14394653740019, 54.585638472513736 ], [ 25.143959123293687, 54.58608764495218 ], [ 25.143185741975291, 54.586094952350038 ], [ 25.142412360310054, 54.586102254807308 ], [ 25.142424929541619, 54.58655142745129 ], [ 25.141651539025265, 54.586558725088395 ], [ 25.140878148162525, 54.58656601778484 ], [ 25.140890700731184, 54.587015190634077 ], [ 25.140117301017526, 54.587022478510072 ], [ 25.139343900957947, 54.587029761445322 ], [ 25.139356436862716, 54.58747893449948 ], [ 25.138583027952404, 54.587486212614046 ], [ 25.138595555697595, 54.5879353857528 ], [ 25.137822137936531, 54.587942659046512 ], [ 25.137048719830219, 54.587949927399308 ], [ 25.137061230909833, 54.588399100742507 ], [ 25.136287803952968, 54.588406364274185 ], [ 25.136300306871821, 54.588855537701754 ], [ 25.135526871064368, 54.588862796412194 ], [ 25.134753434912348, 54.588870050181498 ], [ 25.134765921163925, 54.589319223813057 ], [ 25.133992476161513, 54.58932647276086 ], [ 25.134004954251154, 54.589775646476532 ], [ 25.133231500398328, 54.58978289060267 ], [ 25.133243970325555, 54.5902320644024 ], [ 25.132470507622283, 54.590239303706689 ], [ 25.131697044575347, 54.590246538069607 ], [ 25.131709497832894, 54.590695712072687 ], [ 25.130936025935711, 54.590702941613493 ], [ 25.130948471029654, 54.59115211570041 ], [ 25.130174990282203, 54.591159340418962 ], [ 25.130187427212082, 54.59160851458963 ], [ 25.129413937614334, 54.591615734485757 ], [ 25.129426366379676, 54.592064908740099 ], [ 25.128652867931606, 54.592072123813658 ], [ 25.128665288531945, 54.592521298151574 ], [ 25.127891781233522, 54.592528508402374 ], [ 25.127904193668385, 54.592977682823822 ], [ 25.127130677519595, 54.592984888251699 ], [ 25.127143081788518, 54.593434062756586 ], [ 25.126369556789321, 54.593441263361385 ], [ 25.12638195289183, 54.593890437949639 ], [ 25.125608419042219, 54.593897633731203 ], [ 25.125620806977846, 54.594346808402733 ], [ 25.125633195255141, 54.594795983038829 ], [ 25.124859644046044, 54.59480317411564 ], [ 25.124872024155781, 54.595252348834961 ], [ 25.124098464095965, 54.595259535088104 ], [ 25.124110836037651, 54.595708709890566 ], [ 25.124123208320579, 54.596157884657558 ], [ 25.123349630900258, 54.596165066205401 ], [ 25.123361995014459, 54.596614241055455 ], [ 25.122588408743123, 54.596621417779254 ], [ 25.122600764688119, 54.597070592712313 ], [ 25.122613120973927, 54.597519767609931 ], [ 25.121839517341055, 54.597526939627819 ], [ 25.121851865456975, 54.597976114608365 ], [ 25.121864213913494, 54.598425289553482 ], [ 25.121876562710629, 54.598874464463158 ], [ 25.121102933204273, 54.598881631893121 ], [ 25.121115273830608, 54.599330806885646 ], [ 25.121127614797341, 54.599779981842737 ], [ 25.121139956104496, 54.600229156764392 ], [ 25.120366300722704, 54.600236319605976 ], [ 25.120378633858138, 54.600685494610417 ], [ 25.120390967333794, 54.601134669579409 ], [ 25.120403301149661, 54.601583844512966 ], [ 25.120415635305768, 54.602033019411095 ], [ 25.120427969802119, 54.60248219427379 ], [ 25.120440304638731, 54.602931369101057 ], [ 25.119666597840244, 54.602938527708226 ], [ 25.119678924503564, 54.603387702618207 ], [ 25.119691251506929, 54.603836877492768 ], [ 25.119703578850363, 54.604286052331879 ], [ 25.119715906533877, 54.604735227135606 ], [ 25.119728234557481, 54.60518440190387 ], [ 25.11974056292118, 54.605633576636713 ], [ 25.119752891624998, 54.606082751334128 ], [ 25.119765220668942, 54.60653192599613 ], [ 25.119777550053033, 54.606981100622697 ], [ 25.119789879777279, 54.607430275213829 ], [ 25.119802209841691, 54.607879449769541 ], [ 25.119814540246278, 54.608328624289825 ], [ 25.119826870991051, 54.608777798774675 ], [ 25.120600688484281, 54.608770638631441 ], [ 25.120613028085884, 54.609219812962678 ], [ 25.120625368027941, 54.609668987258516 ], [ 25.120637708310472, 54.610118161518912 ], [ 25.120650048933474, 54.610567335743859 ], [ 25.120662389896964, 54.6110165099334 ], [ 25.120674731200957, 54.611465684087506 ], [ 25.120687072845474, 54.61191485820617 ], [ 25.120699414830515, 54.612364032289442 ], [ 25.121473300122762, 54.612356866255261 ], [ 25.121485650966832, 54.612806040184779 ], [ 25.121498002151693, 54.61325521407889 ], [ 25.121510353677355, 54.613704387937574 ], [ 25.121522705543832, 54.614153561760816 ], [ 25.121535057751142, 54.614602735548637 ], [ 25.121547410299286, 54.615051909301016 ], [ 25.122321346365137, 54.615044737611164 ], [ 25.122333707774025, 54.615493911209747 ], [ 25.12234606952401, 54.61594308477288 ], [ 25.122358431615108, 54.6163922583006 ], [ 25.122370794047331, 54.616841431792878 ], [ 25.122383156820696, 54.617290605249735 ], [ 25.122395519935218, 54.617739778671144 ], [ 25.122407883390895, 54.618188952057125 ], [ 25.122420247187751, 54.618638125407685 ], [ 25.123194251078086, 54.618630947824137 ], [ 25.123206623737886, 54.619080121020794 ], [ 25.123218996739126, 54.619529294181973 ], [ 25.123231370081815, 54.619978467307746 ], [ 25.122457340625516, 54.619985645246743 ], [ 25.122469705787214, 54.620434818455557 ], [ 25.122482071290147, 54.620883991628943 ], [ 25.122494437134339, 54.621333164766895 ], [ 25.123268492158722, 54.621325986472449 ], [ 25.123280866867344, 54.621775159456483 ], [ 25.123293241917477, 54.622224332405096 ], [ 25.123305617309146, 54.62267350531824 ], [ 25.123317993042349, 54.623122678195983 ], [ 25.123330369117099, 54.623571851038278 ], [ 25.123342745533421, 54.624021023845145 ], [ 25.123355122291326, 54.624470196616578 ], [ 25.124129236641195, 54.62446301254495 ], [ 25.124141622265494, 54.624912185162366 ], [ 25.124154008231613, 54.62536135774431 ], [ 25.1241663945396, 54.625810530290863 ], [ 25.124178781189446, 54.626259702801953 ], [ 25.12419116818117, 54.626708875277615 ], [ 25.124965324815481, 54.626701685664926 ], [ 25.124977720675055, 54.627150857986472 ], [ 25.12499011687677, 54.627600030272554 ], [ 25.125002513420629, 54.628049202523222 ], [ 25.125014910306668, 54.628498374738435 ], [ 25.125027307534868, 54.628947546918234 ], [ 25.12580150645914, 54.628940351763625 ], [ 25.125813912556659, 54.629389523789186 ], [ 25.125826318996623, 54.629838695779313 ], [ 25.125838725779023, 54.63028786773399 ], [ 25.125851132903897, 54.630737039653248 ], [ 25.125863540371242, 54.631186211537049 ], [ 25.126637781590993, 54.631179010839624 ], [ 25.126650197929116, 54.631628182569116 ], [ 25.126662614609977, 54.63207735426316 ], [ 25.126675031633589, 54.632526525921755 ], [ 25.126687448999963, 54.632975697544921 ], [ 25.127461723991495, 54.632968491422801 ], [ 25.127474150229858, 54.633417662891553 ], [ 25.127486576811247, 54.633866834324827 ], [ 25.127499003735679, 54.634316005722695 ], [ 25.127511431003146, 54.634765177085121 ], [ 25.128285739769886, 54.634757965537595 ], [ 25.128298175910565, 54.635207136745507 ], [ 25.128310612394557, 54.635656307917976 ], [ 25.128323049221873, 54.63610547905499 ], [ 25.128335486392526, 54.636554650156548 ], [ 25.129109828937896, 54.636547433182933 ], [ 25.129122274982965, 54.636996604129905 ], [ 25.129134721371642, 54.637445775041428 ], [ 25.129147168103913, 54.637894945917502 ], [ 25.129159615179827, 54.63834411675812 ], [ 25.129172062599366, 54.638793287563303 ], [ 25.129946447458799, 54.638786065043639 ], [ 25.129958903754225, 54.639235235694123 ], [ 25.129971360393544, 54.639684406309165 ], [ 25.129983817376779, 54.640133576888729 ], [ 25.129996274703938, 54.640582747432866 ], [ 25.130008732375032, 54.641031917941525 ], [ 25.130021190390075, 54.641481088414764 ], [ 25.130795626102483, 54.641473860228857 ], [ 25.130808092995125, 54.641923030547282 ], [ 25.130820560231978, 54.642372200830266 ], [ 25.130833027813047, 54.64282137107778 ], [ 25.130845495738356, 54.643270541289851 ], [ 25.130857964007919, 54.643719711466474 ], [ 25.131632442046598, 54.643712477732699 ], [ 25.131644919195217, 54.644161647754423 ], [ 25.13165739668835, 54.644610817740691 ], [ 25.131669874526008, 54.645059987691504 ], [ 25.131682352708193, 54.645509157606881 ], [ 25.131694831234931, 54.645958327486781 ], [ 25.131707310106233, 54.646407497331232 ], [ 25.132481839012666, 54.646400257929145 ], [ 25.13249432676475, 54.646849427618619 ], [ 25.132506814861646, 54.647298597272624 ], [ 25.132519303303383, 54.647747766891179 ], [ 25.132531792089964, 54.64819693647425 ], [ 25.132544281221417, 54.648646106021893 ], [ 25.133318852466331, 54.648638861070083 ], [ 25.13333135048002, 54.649088030462622 ], [ 25.133343848838834, 54.649537199819704 ], [ 25.133356347542783, 54.649986369141345 ], [ 25.133368846591878, 54.650435538427516 ], [ 25.134143451642498, 54.650428288044814 ], [ 25.134155959575057, 54.650877457175802 ], [ 25.134168467853026, 54.651326626271334 ], [ 25.134180976476419, 54.651775795331382 ], [ 25.134193485445245, 54.652224964355995 ], [ 25.134968124305008, 54.652217708541727 ], [ 25.13498064215851, 54.65266687741105 ], [ 25.134993160357705, 54.653116046244918 ], [ 25.135005678902623, 54.653565215043294 ], [ 25.135018197793258, 54.654014383806235 ], [ 25.135030717029633, 54.654463552533706 ], [ 25.135805398242127, 54.654456291167264 ], [ 25.135817926364641, 54.654905459739361 ], [ 25.135830454833147, 54.655354628275987 ], [ 25.135842983647681, 54.65580379677715 ], [ 25.135855512808231, 54.656252965242849 ], [ 25.135868042314819, 54.6567021336731 ], [ 25.135880572167459, 54.657151302067859 ], [ 25.13665530427976, 54.657144035028345 ], [ 25.136667843020252, 54.657593203267645 ], [ 25.136680382107063, 54.658042371471488 ], [ 25.136692921540195, 54.65849153963984 ], [ 25.136705461319671, 54.658940707772743 ], [ 25.137480227254194, 54.658933435299318 ], [ 25.137492775922738, 54.659382603276626 ], [ 25.137505324937887, 54.659831771218506 ], [ 25.137517874299643, 54.660280939124867 ], [ 25.137530424008034, 54.6607301069958 ], [ 25.137542974063059, 54.661179274831241 ], [ 25.137555524464734, 54.661628442631212 ], [ 25.138330341312461, 54.661621164482781 ], [ 25.138342900604936, 54.662070332127072 ], [ 25.138355460244313, 54.662519499735922 ], [ 25.138368020230622, 54.662968667309286 ], [ 25.138380580563872, 54.663417834847181 ], [ 25.138393141244077, 54.663867002349612 ], [ 25.139168000467809, 54.663859718645377 ], [ 25.139180570040267, 54.664308885992035 ], [ 25.139193139959946, 54.664758053303224 ], [ 25.139205710226847, 54.665207220578935 ], [ 25.139218280840989, 54.665656387819155 ], [ 25.139230851802388, 54.66610555502394 ], [ 25.14000575340766, 54.666098265763047 ], [ 25.140018333262788, 54.666547432811953 ], [ 25.140030913465424, 54.666996599825374 ], [ 25.140043494015593, 54.667445766803326 ], [ 25.140056074913307, 54.667894933745785 ], [ 25.140068656158572, 54.66834410065281 ], [ 25.140081237751406, 54.668793267524329 ], [ 25.140093819691824, 54.669242434360392 ], [ 25.140106401979835, 54.669691601160963 ], [ 25.140118984615462, 54.670140767926078 ], [ 25.140131567598697, 54.670589934655688 ], [ 25.140144150929572, 54.671039101349848 ], [ 25.140919146211193, 54.671031805808433 ], [ 25.140931738438756, 54.671480972346622 ], [ 25.140944331014211, 54.671930138849326 ], [ 25.140956923937576, 54.672379305316539 ], [ 25.140969517208863, 54.672828471748289 ], [ 25.140982110828087, 54.673277638144569 ], [ 25.140994704795258, 54.673726804505371 ], [ 25.141769751026693, 54.673719503284367 ], [ 25.14178235389226, 54.67416866948907 ], [ 25.14179495710605, 54.674617835658324 ], [ 25.14180756066806, 54.675067001792087 ], [ 25.141820164578302, 54.675516167890372 ], [ 25.1418327688368, 54.675965333953179 ], [ 25.141845373443559, 54.67641449998051 ], [ 25.142620470632906, 54.676407193078838 ], [ 25.142633084139788, 54.676856358949991 ], [ 25.142645697995189, 54.677305524785659 ], [ 25.142658312199135, 54.67775469058585 ], [ 25.142670926751627, 54.678203856350557 ], [ 25.142683541652683, 54.678653022079793 ], [ 25.142696156902321, 54.679102187773545 ], [ 25.142708772500548, 54.679551353431805 ], [ 25.142721388447377, 54.680000519054602 ], [ 25.141946222836648, 54.680007826921951 ], [ 25.141958830578353, 54.680456992629978 ], [ 25.14197143866846, 54.680906158302534 ], [ 25.14198404710697, 54.681355323939613 ], [ 25.141208855485903, 54.681362627211193 ], [ 25.140433663516657, 54.681369925524862 ], [ 25.139658471199461, 54.681377218880606 ], [ 25.138883278534554, 54.681384507278416 ], [ 25.138108085522173, 54.68139179071828 ], [ 25.137332892162551, 54.681399069200211 ], [ 25.137320335049566, 54.680949902840503 ], [ 25.136545149897241, 54.68095717624432 ], [ 25.135769964398168, 54.680964444690289 ], [ 25.134994778552571, 54.680971708178362 ], [ 25.1349822474488, 54.680522541422988 ], [ 25.134207069811026, 54.680529799833288 ], [ 25.13419454760739, 54.680080632922547 ], [ 25.133419378177468, 54.680087886255201 ], [ 25.133406864873486, 54.679638719189207 ], [ 25.132631703651441, 54.679645967444436 ], [ 25.132619199246644, 54.679196800223238 ], [ 25.131844046232491, 54.67920404340115 ], [ 25.131831550726417, 54.678754876024854 ], [ 25.131056405920194, 54.678762114125639 ], [ 25.130281260768935, 54.678769347268918 ], [ 25.13026878271409, 54.678320179618161 ], [ 25.129493645771028, 54.678327407684534 ], [ 25.129481176613726, 54.677878239878922 ], [ 25.129468707800967, 54.677429072037881 ], [ 25.128693587618667, 54.677436294908212 ], [ 25.128681127702738, 54.676987126912429 ], [ 25.12790601572847, 54.676994344706252 ], [ 25.127893564708888, 54.676545176555813 ], [ 25.127118460942675, 54.676552389273319 ], [ 25.127106018818971, 54.676103220968294 ], [ 25.126330923260838, 54.676110428609626 ], [ 25.126318490032549, 54.675661260150129 ], [ 25.125543402682521, 54.67566846271545 ], [ 25.124768314989211, 54.675675660323826 ], [ 25.12475589920728, 54.675226491591026 ], [ 25.123980819722345, 54.675233684123619 ], [ 25.12396841283465, 54.674784515236595 ], [ 25.123193341558121, 54.674791702693582 ], [ 25.123180943564204, 54.674342533652428 ], [ 25.122405880496107, 54.674349716033973 ], [ 25.121630817085702, 54.674356893458771 ], [ 25.121618436535847, 54.673907724145025 ], [ 25.120843381334151, 54.673914896494622 ], [ 25.120831009676891, 54.673465727026972 ], [ 25.120055962683931, 54.673472894301526 ], [ 25.119280915349385, 54.673480056619503 ], [ 25.1192685611346, 54.673030886879751 ], [ 25.118493522009068, 54.673038044122919 ], [ 25.117718482542447, 54.673045196409589 ], [ 25.116943442734971, 54.673052343739734 ], [ 25.116168402586887, 54.673059486113345 ], [ 25.115393362098413, 54.673066623530453 ], [ 25.114618321269795, 54.673073755991034 ], [ 25.114630624182329, 54.673522926438885 ], [ 25.11385557446339, 54.67353005406067 ], [ 25.113080524404758, 54.673537176725823 ], [ 25.112305474006675, 54.673544294434357 ], [ 25.111530423269386, 54.673551407186253 ], [ 25.110755372193115, 54.673558514981529 ], [ 25.109980320778106, 54.673565617820174 ], [ 25.109992572726423, 54.674014788937825 ], [ 25.109217512422173, 54.674021886937062 ], [ 25.108442451779645, 54.674028979979568 ], [ 25.108454686964521, 54.674478151296242 ], [ 25.107679617432954, 54.674485239499106 ], [ 25.106904547563559, 54.674492322745138 ], [ 25.106916765984025, 54.674941494260565 ], [ 25.10614168722579, 54.674948572666686 ], [ 25.10536660813019, 54.674955646115912 ], [ 25.105378809785243, 54.67540481782973 ], [ 25.104603721801009, 54.675411886438802 ], [ 25.103828633479868, 54.675418950090858 ], [ 25.10305354482205, 54.675426008785905 ], [ 25.103065721158952, 54.67587518081443 ], [ 25.102290623612916, 54.675882234668983 ], [ 25.101515525730679, 54.675889283566434 ], [ 25.101527685299949, 54.67633845579256 ], [ 25.100752578529683, 54.676345499849262 ], [ 25.099977471423671, 54.676352538948791 ], [ 25.099989614224334, 54.676801711372207 ], [ 25.099214498230495, 54.67680874563073 ], [ 25.098439381901372, 54.676815774931974 ], [ 25.098451507932438, 54.677264947552359 ], [ 25.097676382715687, 54.677271972012356 ], [ 25.096901257164106, 54.677278991514967 ], [ 25.096913366424605, 54.677728164332024 ], [ 25.096138231985588, 54.677735178993117 ], [ 25.095363097212211, 54.677742188696783 ], [ 25.095375189701151, 54.678191361710169 ], [ 25.094600046040547, 54.678198366572062 ], [ 25.094612130310288, 54.678647539665846 ], [ 25.093836977762422, 54.678654539685816 ], [ 25.093849053812505, 54.679103712859913 ], [ 25.093073892377362, 54.679110708037797 ], [ 25.092298730608757, 54.679117698257961 ], [ 25.092310789884859, 54.679566871627763 ], [ 25.09153561922917, 54.679573857005558 ], [ 25.090760448240481, 54.679580837425554 ], [ 25.089985276919034, 54.679587812887732 ], [ 25.089997310866057, 54.680036986568169 ], [ 25.089222130657941, 54.680043957187664 ], [ 25.088446950117525, 54.680050922849219 ], [ 25.087671769245038, 54.680057883552877 ], [ 25.087683777861461, 54.680507057543224 ], [ 25.086908588102737, 54.680514013403865 ], [ 25.086133398012411, 54.680520964306481 ], [ 25.085358207590719, 54.680527910251087 ], [ 25.085346224637558, 54.680078735916254 ], [ 25.084571042439162, 54.680085676788174 ], [ 25.08455906837133, 54.679636502303396 ], [ 25.083783894396269, 54.679643438102808 ], [ 25.083771929213299, 54.679194263468183 ], [ 25.083759964360947, 54.678745088798266 ], [ 25.082984807163005, 54.67875201941083 ], [ 25.082972851194793, 54.678302844591144 ], [ 25.082197702220004, 54.678309770131591 ], [ 25.082185755135459, 54.67786059516223 ], [ 25.082173808381022, 54.677411420157583 ], [ 25.081398676182495, 54.677418340511757 ], [ 25.081386738311, 54.676969165357512 ], [ 25.080611614335453, 54.676976080639989 ], [ 25.080599685346435, 54.676526905336246 ], [ 25.08058775668702, 54.676077729997232 ], [ 25.080575828357198, 54.675628554622953 ], [ 25.079800729709209, 54.675635464605577 ], [ 25.079788810260887, 54.675186289081878 ], [ 25.079013719835483, 54.675193193993302 ], [ 25.079001809268188, 54.674744018320254 ], [ 25.078226727065395, 54.674750918160647 ], [ 25.078214825378659, 54.674301742338365 ], [ 25.078202924020758, 54.673852566480804 ], [ 25.077427858591847, 54.673859461136416 ], [ 25.077415966113779, 54.673410285129719 ], [ 25.077404073964289, 54.672961109087751 ], [ 25.076629025308605, 54.672967998558903 ], [ 25.076617142038227, 54.672518822367891 ], [ 25.075842101604774, 54.672525706768631 ], [ 25.075830227213039, 54.672076530428626 ], [ 25.075818353149373, 54.671627354053363 ], [ 25.075043329488285, 54.671634233270261 ], [ 25.075031464302537, 54.671185056746104 ], [ 25.074256448863508, 54.671191930893002 ], [ 25.074244592555218, 54.670742754220036 ], [ 25.074232736574476, 54.670293577511835 ], [ 25.074220880921281, 54.669844400768376 ], [ 25.074995870712083, 54.669837526962112 ], [ 25.074984006837482, 54.66938835029692 ], [ 25.075758987751595, 54.669381471648137 ], [ 25.075747115656064, 54.668932295061317 ], [ 25.076522087693512, 54.668925411570214 ], [ 25.07651020737752, 54.668476235061817 ], [ 25.077285170538321, 54.66846934672855 ], [ 25.077273282002341, 54.668020170298668 ], [ 25.078048236286524, 54.668013277123386 ], [ 25.078036339531035, 54.667564100772097 ], [ 25.078811284938624, 54.667557202754992 ], [ 25.07958623001733, 54.667550299782192 ], [ 25.0803611747669, 54.667543391853727 ], [ 25.080349252697019, 54.667094215809207 ], [ 25.079574316495112, 54.667101123623567 ], [ 25.079562403302003, 54.666651947429685 ], [ 25.079550490438002, 54.666202771200524 ], [ 25.07953857790309, 54.665753594936092 ], [ 25.079526665697241, 54.665304418636367 ], [ 25.079514753820462, 54.664855242301385 ], [ 25.079502842272728, 54.664406065931125 ], [ 25.080277727193572, 54.664399158801281 ], [ 25.080265807428859, 54.663949982509834 ], [ 25.081040683474424, 54.663943070539034 ], [ 25.081815559190503, 54.663936153613228 ], [ 25.081803622663521, 54.663486977514886 ], [ 25.082578489504119, 54.66348005574838 ], [ 25.083353356014761, 54.663473129026968 ], [ 25.083341402726489, 54.663023953122057 ], [ 25.084116260361462, 54.663017021560194 ], [ 25.084104298858129, 54.6625678457345 ], [ 25.084879147617439, 54.662560909332363 ], [ 25.084867177899508, 54.662111733585924 ], [ 25.085642017783201, 54.662104792343698 ], [ 25.086416857336026, 54.662097846146771 ], [ 25.087191696557749, 54.662090894995224 ], [ 25.087966535448146, 54.662083938889019 ], [ 25.088741374006968, 54.66207697782815 ], [ 25.089516212233988, 54.662070011812666 ], [ 25.090291050128972, 54.662063040842519 ], [ 25.091065887691666, 54.662056064917756 ], [ 25.091840724921859, 54.662049084038358 ], [ 25.092615561819297, 54.662042098204346 ], [ 25.093390398383747, 54.66203510741569 ], [ 25.094165234614973, 54.662028111672441 ], [ 25.094940070512749, 54.662021110974578 ], [ 25.095714906076829, 54.6620141053221 ], [ 25.096489741306982, 54.662007094715037 ], [ 25.097264576202971, 54.662000079153366 ], [ 25.098039410764557, 54.661993058637115 ], [ 25.098051525745575, 54.662442232423516 ], [ 25.098826368517297, 54.662435206836648 ], [ 25.099601210954141, 54.662428176295109 ], [ 25.100376053055861, 54.662421140798905 ], [ 25.101150894822226, 54.662414100348045 ], [ 25.101163044317857, 54.662863273634493 ], [ 25.101937894293584, 54.662856228112624 ], [ 25.102712743933481, 54.662849177636048 ], [ 25.103487593237293, 54.662842122204736 ], [ 25.103499768704083, 54.663291295106497 ], [ 25.104274626216739, 54.66328423460385 ], [ 25.105049483392843, 54.663277169146426 ], [ 25.105824340232143, 54.663270098734216 ], [ 25.106599196734411, 54.663263023367186 ], [ 25.106611406719033, 54.663712195766671 ], [ 25.10738627142937, 54.66370511532795 ], [ 25.108161135802195, 54.663698029934366 ], [ 25.108935999837271, 54.663690939585948 ], [ 25.108948235795872, 54.664140111598968 ], [ 25.109723108038498, 54.664133016178511 ], [ 25.110497979942881, 54.664125915803112 ], [ 25.111272851508797, 54.6641188104728 ], [ 25.111260589913599, 54.663669638811569 ], [ 25.110485726893206, 54.663676744024528 ], [ 25.109710863534346, 54.663683844282659 ], [ 25.108935999837271, 54.663690939585948 ], [ 25.108923764216648, 54.663241767537521 ] ] ] } },
{ "type": "Feature", "properties": { "OBJECTID": 697708, "TRIUKSM": "35-39", "PERIODAS": 4, "TIPAS": 8, "METAI": 2011, "SHAPEarea": 5175000.0004799999, "SHAPElen": 18400 }, "geometry": { "type": "Polygon", "coordinates": [ [ [ 25.154989522938525, 54.729754663189397 ], [ 25.154213411341722, 54.729762054007232 ], [ 25.154200645082586, 54.72931289390263 ], [ 25.154187879176586, 54.728863733762552 ], [ 25.154175113623726, 54.72841457358696 ], [ 25.153399027411851, 54.728421959071831 ], [ 25.153386270790996, 54.727972798738655 ], [ 25.153373514523004, 54.727523638369988 ], [ 25.15336075860786, 54.727074477965814 ], [ 25.153348003045565, 54.72662531752615 ], [ 25.152571950795, 54.726632697556639 ], [ 25.152559204163481, 54.726183536959482 ], [ 25.152546457884537, 54.725734376326827 ], [ 25.151770422437071, 54.725741751147389 ], [ 25.151757685088189, 54.725292590357363 ], [ 25.150981657865909, 54.725299960090133 ], [ 25.150205630291548, 54.725307324857006 ], [ 25.150192910449523, 54.724858163787935 ], [ 25.149416891100625, 54.724865523467273 ], [ 25.148640871400136, 54.724872878180776 ], [ 25.147864851348299, 54.724880227928445 ], [ 25.147852157589316, 54.724431066459211 ], [ 25.14783946418143, 54.723981904954478 ], [ 25.148615467079342, 54.723974555449786 ], [ 25.148602765445933, 54.72352539403105 ], [ 25.148590064163841, 54.723076232576844 ], [ 25.148577363233045, 54.722627071087146 ], [ 25.148564662653534, 54.722177909561985 ], [ 25.14934063089515, 54.722170555577783 ], [ 25.149327922091263, 54.721721394138669 ], [ 25.149315213638868, 54.721272232664063 ], [ 25.149302505537957, 54.720823071153966 ], [ 25.150078447701873, 54.720815712569291 ], [ 25.150065731377502, 54.720366551145339 ], [ 25.150053015404826, 54.719917389685861 ], [ 25.150040299783832, 54.719468228190934 ], [ 25.150816215872009, 54.719460865006269 ], [ 25.150803492028484, 54.719011703597509 ], [ 25.150790768536844, 54.718562542153258 ], [ 25.150778045397082, 54.718113380673529 ], [ 25.151553935411506, 54.718106012889351 ], [ 25.151541204050133, 54.717656851495875 ], [ 25.151528473040841, 54.7172076900669 ], [ 25.151515742383634, 54.716758528602426 ], [ 25.151503012078482, 54.716309367102482 ], [ 25.15227886744837, 54.716301994841075 ], [ 25.152266128922754, 54.715852833427476 ], [ 25.152253390749401, 54.715403671978336 ], [ 25.152240652928313, 54.714954510493726 ], [ 25.15222791545947, 54.714505348973596 ], [ 25.151452094378222, 54.714512720747656 ], [ 25.151439365833173, 54.714063559070212 ], [ 25.150663552971515, 54.714070925758627 ], [ 25.150650833349797, 54.713621763923932 ], [ 25.149875028707747, 54.713629125526822 ], [ 25.149862318008875, 54.713179963534998 ], [ 25.149849607661494, 54.712730801507654 ], [ 25.149836897665576, 54.712281639444839 ], [ 25.149824188021118, 54.711832477346526 ], [ 25.149048417310684, 54.711839833499369 ], [ 25.14903571658785, 54.71139067124399 ], [ 25.148259954096414, 54.711398022311904 ], [ 25.148247262294735, 54.710948859899545 ], [ 25.147471508022321, 54.710956205882717 ], [ 25.1466957533992, 54.710963546902548 ], [ 25.146683079087957, 54.710514384212019 ], [ 25.145907332684128, 54.710521720147334 ], [ 25.145894667292875, 54.710072557300094 ], [ 25.145118929108374, 54.710079888151057 ], [ 25.144343190573906, 54.710087214038865 ], [ 25.143567451689712, 54.710094534963517 ], [ 25.143580091372304, 54.710543698173957 ], [ 25.142804343569029, 54.710551014256346 ], [ 25.142028595416484, 54.710558325375487 ], [ 25.141252846914902, 54.710565631531402 ], [ 25.141265461237513, 54.71101479506882 ], [ 25.140489703817277, 54.711022096382131 ], [ 25.14047709806453, 54.710572932724055 ], [ 25.139701348865589, 54.710580228953454 ], [ 25.139688752031038, 54.710131065139343 ], [ 25.138913011053415, 54.710138356284993 ], [ 25.138137269727729, 54.710145642467459 ], [ 25.138124690380319, 54.709696478377005 ], [ 25.138112111380728, 54.709247314251094 ], [ 25.138099532728951, 54.708798150089734 ], [ 25.137323816763022, 54.708805430948033 ], [ 25.137311247027764, 54.708356266630915 ], [ 25.138086954424971, 54.708348985892918 ], [ 25.138074376468776, 54.707899821660675 ], [ 25.138850074949719, 54.70789253608018 ], [ 25.138837488773053, 54.707443371932854 ], [ 25.138061798860356, 54.707450657392933 ], [ 25.137286108599891, 54.707457937890311 ], [ 25.136510417991907, 54.707465213424975 ], [ 25.135734727036645, 54.707472483996938 ], [ 25.135722175480062, 54.707023319333089 ], [ 25.134946492745804, 54.707030584822292 ], [ 25.134933950104077, 54.706581420002934 ], [ 25.134921407809138, 54.70613225514812 ], [ 25.134145741863506, 54.706139515434735 ], [ 25.133370075571335, 54.706146770758863 ], [ 25.132594408932864, 54.706154021120497 ], [ 25.132606925524982, 54.706603186334988 ], [ 25.131831249972819, 54.706610431853868 ], [ 25.131055574074818, 54.706617672410189 ], [ 25.131068073877255, 54.707066837828592 ], [ 25.130292389065755, 54.707074073541897 ], [ 25.12951670390888, 54.707081304292537 ], [ 25.129529186920649, 54.707530469914595 ], [ 25.128753492850475, 54.707537695821955 ], [ 25.127977798435374, 54.707544916766579 ], [ 25.127990264655502, 54.707994082591924 ], [ 25.1272145613273, 54.70800129869302 ], [ 25.1272021036756, 54.70755213274844 ], [ 25.12718964636834, 54.707102966768417 ], [ 25.126413959832313, 54.707110177668362 ], [ 25.126401511437443, 54.706661011533768 ], [ 25.126389063386753, 54.706211845363782 ], [ 25.125613393642247, 54.706219051062867 ], [ 25.124837723553807, 54.706226251799428 ], [ 25.124850154469009, 54.706675418207489 ], [ 25.124074475469111, 54.706682614100423 ], [ 25.123298796125745, 54.706689805030742 ], [ 25.122523116439144, 54.706696990998431 ], [ 25.122535521994013, 54.707146157727564 ], [ 25.121759833396375, 54.707153338851292 ], [ 25.120984144455964, 54.707160515012298 ], [ 25.120996533217284, 54.707609681943289 ], [ 25.120220835366034, 54.70761685326007 ], [ 25.11944513717247, 54.707624019614038 ], [ 25.118669438636825, 54.707631181005212 ], [ 25.118681802035049, 54.708080348256075 ], [ 25.117906094588992, 54.708087504802663 ], [ 25.117130386801321, 54.708094656386372 ], [ 25.116354678672266, 54.708101803007146 ], [ 25.116367016705865, 54.708550970577164 ], [ 25.115591299666818, 54.708558112353046 ], [ 25.114815582286862, 54.708565249165936 ], [ 25.114039864566216, 54.708572381015806 ], [ 25.114052177233667, 54.709021548904261 ], [ 25.11327645060345, 54.709028675908897 ], [ 25.113264146505127, 54.70857950790267 ], [ 25.112488428103838, 54.708586629826534 ], [ 25.112476132914622, 54.708137461667242 ], [ 25.112463838065374, 54.7076882934726 ], [ 25.111688136461702, 54.707695410198227 ], [ 25.111675850520836, 54.707246241850598 ], [ 25.11090015714591, 54.707253353495837 ], [ 25.110887880112951, 54.706804184995327 ], [ 25.110112194966799, 54.706811291560349 ], [ 25.110099926841293, 54.706362122907045 ], [ 25.110087659054976, 54.705912954218398 ], [ 25.10931199070539, 54.705920055585999 ], [ 25.109299731825793, 54.705470886744642 ], [ 25.108524071704803, 54.705477983032438 ], [ 25.108511821731451, 54.705028814038471 ], [ 25.108499572096775, 54.704579645009133 ], [ 25.107723928771499, 54.70458673610009 ], [ 25.107711688042343, 54.704137566918234 ], [ 25.106936052945489, 54.704144652929799 ], [ 25.106923821121388, 54.703695483595489 ], [ 25.106148194252981, 54.703702564527823 ], [ 25.106135971333455, 54.703253395041159 ], [ 25.10536035269352, 54.703260470894399 ], [ 25.105348138678128, 54.702811301256546 ], [ 25.105335925000368, 54.702362131582269 ], [ 25.104560323154892, 54.702369202239751 ], [ 25.104548118380517, 54.701920032413305 ], [ 25.103772524763347, 54.701927097992119 ], [ 25.103760328891884, 54.701477928013574 ], [ 25.104535913943565, 54.701470862551517 ], [ 25.104523709844003, 54.701021692654358 ], [ 25.105299285993038, 54.70101462234738 ], [ 25.106074861804458, 54.701007547078696 ], [ 25.106850437278009, 54.701000466848363 ], [ 25.107626012413473, 54.700993381656382 ], [ 25.108401587210597, 54.70098629150273 ], [ 25.109177161669152, 54.700979196387415 ], [ 25.109952735788891, 54.70097209631048 ], [ 25.109940472071951, 54.700522927197497 ], [ 25.110716037287734, 54.700515822276301 ], [ 25.111491602164257, 54.70050871239355 ], [ 25.112267166701269, 54.700501597549248 ], [ 25.112254877629347, 54.700052428753324 ], [ 25.113030433261979, 54.700045309065111 ], [ 25.113805988554645, 54.700038184415462 ], [ 25.113793682693654, 54.699589015819548 ], [ 25.114569229081745, 54.699581886326229 ], [ 25.115344775129401, 54.699574751871538 ], [ 25.116120320836394, 54.699567612455482 ], [ 25.116107989623213, 54.699118444177842 ], [ 25.116883526425205, 54.699111299918478 ], [ 25.117659062886073, 54.699104150697856 ], [ 25.118434599005585, 54.699096996515948 ], [ 25.118446955911054, 54.699546164439219 ], [ 25.119222500253034, 54.699539005177762 ], [ 25.119998044253165, 54.699531840954961 ], [ 25.12077358791122, 54.699524671770845 ], [ 25.121549131226953, 54.699517497625386 ], [ 25.121536740065306, 54.699068330175791 ], [ 25.122312274474474, 54.699061151187621 ], [ 25.123087808540859, 54.699053967238235 ], [ 25.123863342264233, 54.699046778327592 ], [ 25.124638875644358, 54.699039584455733 ], [ 25.124626450570211, 54.6985904174457 ], [ 25.125401975043118, 54.698583218731549 ], [ 25.125389541748962, 54.698134051805049 ], [ 25.126165057314676, 54.698126848248798 ], [ 25.126940572536459, 54.698119639731487 ], [ 25.126928122459532, 54.697670473007697 ], [ 25.127703628773929, 54.697663259648522 ], [ 25.12847913474392, 54.697656041328422 ], [ 25.12925464036929, 54.697648818047341 ], [ 25.129242164947627, 54.69719965164591 ], [ 25.130017661665185, 54.697192423523319 ], [ 25.130005178025677, 54.696743257205881 ], [ 25.130780665835445, 54.696736024241943 ], [ 25.131556153299904, 54.696728786317216 ], [ 25.131543652880584, 54.696279620203462 ], [ 25.132319131437061, 54.696272377437644 ], [ 25.13309460964776, 54.696265129711129 ], [ 25.13310712719192, 54.696714295585465 ], [ 25.133882613619011, 54.696707042778449 ], [ 25.133870087512445, 54.696257877023939 ], [ 25.134645565030883, 54.696250619376073 ], [ 25.134633030708418, 54.695801453706046 ], [ 25.134620496732424, 54.695352288000571 ], [ 25.135395956780336, 54.695345025632029 ], [ 25.135408499318231, 54.695794191217509 ], [ 25.135421042202836, 54.696243356767546 ], [ 25.136196519028061, 54.696236089198351 ], [ 25.136209070821749, 54.69668525459285 ], [ 25.136984555862369, 54.696677981942848 ], [ 25.136997116565613, 54.697127147181746 ], [ 25.137772609821596, 54.697119869450766 ], [ 25.138548102730116, 54.697112586758934 ], [ 25.138560680906188, 54.697561751721814 ], [ 25.139336182029805, 54.697554463948784 ], [ 25.140111682805475, 54.697547171214865 ], [ 25.140124278455282, 54.697996335901372 ], [ 25.140899787445761, 54.697989038085993 ], [ 25.141675296087808, 54.697981735309654 ], [ 25.141687909212255, 54.698430899719433 ], [ 25.142463426068847, 54.698423591861406 ], [ 25.143238942576513, 54.698416279042348 ], [ 25.144014458735032, 54.69840896126226 ], [ 25.144001819921002, 54.697959797214949 ], [ 25.144777327166963, 54.697952474594835 ], [ 25.145552834063309, 54.697945147013783 ], [ 25.145540178472825, 54.697495983173056 ], [ 25.145527523232172, 54.69704681929683 ], [ 25.145514868341341, 54.696597655385126 ], [ 25.146290349199845, 54.6965903232066 ], [ 25.147065829708303, 54.696582986067391 ], [ 25.147053158042915, 54.696133822362583 ], [ 25.147828629638916, 54.696126480384009 ], [ 25.148604100884409, 54.696119133444853 ], [ 25.148616789674115, 54.696568296906975 ], [ 25.14939226913101, 54.696560944885761 ], [ 25.149404966833849, 54.697010108190888 ], [ 25.150180454502109, 54.69700275108746 ], [ 25.150193161118555, 54.697451914235558 ], [ 25.150968656998163, 54.697444552049745 ], [ 25.150981372528683, 54.697893715040692 ], [ 25.151756876619604, 54.697886347772346 ], [ 25.151769601064689, 54.698335510606071 ], [ 25.151782325861518, 54.698784673404276 ], [ 25.152557846726996, 54.698777300931418 ], [ 25.152570580439104, 54.699226463572316 ], [ 25.152583314503232, 54.699675626177694 ], [ 25.152596048919392, 54.700124788747566 ], [ 25.153371595124057, 54.700117410947975 ], [ 25.153384338456462, 54.700566573360426 ], [ 25.154159892873032, 54.700559190477541 ], [ 25.154172645122159, 54.701008352732515 ], [ 25.154948207750614, 54.701000964766195 ], [ 25.154960968916935, 54.701450126863577 ], [ 25.154973730436051, 54.701899288925432 ], [ 25.154986492307977, 54.702348450951789 ], [ 25.15499925453269, 54.702797612941559 ], [ 25.155774851068326, 54.702790219525141 ], [ 25.155787622211488, 54.703239381358301 ], [ 25.155800393707732, 54.703688543155955 ], [ 25.155813165557081, 54.704137704918068 ], [ 25.155825937759538, 54.704586866644668 ], [ 25.15583871031512, 54.705036028335755 ], [ 25.156614349327896, 54.705028629346302 ], [ 25.156627130803365, 54.70547779087962 ], [ 25.156639912632226, 54.705926952377403 ], [ 25.156652694814479, 54.706376113839696 ], [ 25.156665477350156, 54.706825275266439 ], [ 25.156678260239261, 54.707274436657656 ], [ 25.157453941734726, 54.7072670320943 ], [ 25.157466733545188, 54.70771619332767 ], [ 25.157479525709348, 54.708165354525512 ], [ 25.157492318227206, 54.708614515687813 ], [ 25.158268025073433, 54.708607105794556 ], [ 25.158280826513632, 54.709056266798896 ], [ 25.158293628307796, 54.709505427767716 ], [ 25.158306430455941, 54.709954588701031 ], [ 25.159082162654745, 54.709947173477346 ], [ 25.159094973726205, 54.710396334252586 ], [ 25.1591077851519, 54.710845494992299 ], [ 25.159120596931857, 54.711294655696484 ], [ 25.159133409066076, 54.711743816365136 ], [ 25.159909175189291, 54.711736395687907 ], [ 25.159921996248055, 54.712185556198406 ], [ 25.159934817661355, 54.712634716673392 ], [ 25.159947639429188, 54.713083877112844 ], [ 25.159960461551595, 54.713533037516768 ], [ 25.160736261602661, 54.713525611385279 ], [ 25.160749092650825, 54.713974771630951 ], [ 25.160761924053809, 54.71442393184109 ], [ 25.160774755811637, 54.714873092015694 ], [ 25.160787587924307, 54.715322252154792 ], [ 25.161563421906671, 54.715314820568345 ], [ 25.16157626294633, 54.715763980549085 ], [ 25.1615891043411, 54.716213140494297 ], [ 25.161601946091, 54.716662300403954 ], [ 25.162377805435291, 54.716654863484798 ], [ 25.162390656113146, 54.717104023236033 ], [ 25.162403507146397, 54.71755318295174 ], [ 25.162416358535054, 54.718002342631884 ], [ 25.162429210279122, 54.718451502276494 ], [ 25.163205103560671, 54.718444059901117 ], [ 25.163217964233926, 54.718893219387212 ], [ 25.163230825262865, 54.719342378837752 ], [ 25.163243686647494, 54.719791538252778 ], [ 25.163256548387832, 54.720240697632256 ], [ 25.164032475610085, 54.720233249799932 ], [ 25.164045346280833, 54.720682409020803 ], [ 25.164058217307549, 54.721131568206097 ], [ 25.164071088690257, 54.721580727355857 ], [ 25.164847041281277, 54.72157327418909 ], [ 25.164859921595365, 54.722022433180143 ], [ 25.164872802265702, 54.722471592135662 ], [ 25.164885683292294, 54.722920751055618 ], [ 25.164898564675177, 54.72336990994004 ], [ 25.165674551212867, 54.723362451315054 ], [ 25.165687441528345, 54.723811610040656 ], [ 25.16570033220037, 54.724260768730723 ], [ 25.165713223228945, 54.724709927385234 ], [ 25.165726114614092, 54.725159086004211 ], [ 25.166502135101886, 54.72515162192029 ], [ 25.166515035420868, 54.725600780380347 ], [ 25.165739006355814, 54.72560824458764 ], [ 25.165751898454126, 54.726057403135535 ], [ 25.16497586045497, 54.72606486250023 ], [ 25.164988744332156, 54.726514021135877 ], [ 25.165001628565722, 54.726963179735961 ], [ 25.164225573054459, 54.726970634381118 ], [ 25.16423844906619, 54.727419793068876 ], [ 25.163462384620523, 54.727427242871009 ], [ 25.163475252409953, 54.727876401646405 ], [ 25.162699179029854, 54.727883846605351 ], [ 25.16192310529404, 54.727891286597988 ], [ 25.161935956281951, 54.728340445583854 ], [ 25.161159873611915, 54.728347880733068 ], [ 25.160383790586625, 54.728355310915859 ], [ 25.15960770720632, 54.728362736132247 ], [ 25.159620532812696, 54.728811895451031 ], [ 25.158844440498584, 54.72881931582365 ], [ 25.158068347829914, 54.728826731229752 ], [ 25.157292254806936, 54.728834141669367 ], [ 25.157305055030246, 54.729283301320322 ], [ 25.156528953073877, 54.729290706915826 ], [ 25.155752850763648, 54.729298107544686 ], [ 25.154976748099806, 54.72930550320698 ], [ 25.154989522938525, 54.729754663189397 ] ] ] } },
{ "type": "Feature", "properties": { "OBJECTID": 697709, "TRIUKSM": "35-39", "PERIODAS": 4, "TIPAS": 8, "METAI": 2011, "SHAPEarea": 12500.0, "SHAPElen": 500 }, "geometry": { "type": "Polygon", "coordinates": [ [ [ 25.218635250579101, 54.755190141125546 ], [ 25.219411830367203, 54.755182335574986 ], [ 25.219425330707651, 54.755631483152904 ], [ 25.220201918714558, 54.755623672502168 ], [ 25.220215428021376, 54.756072819915232 ], [ 25.219438831421776, 54.756080630695109 ], [ 25.218662234448491, 54.756088436503781 ], [ 25.217885637101762, 54.756096237341254 ], [ 25.217872153573076, 54.755647089541007 ], [ 25.217858670417584, 54.755197941705049 ], [ 25.218635250579101, 54.755190141125546 ] ] ] } },
{ "type": "Feature", "properties": { "OBJECTID": 697710, "TRIUKSM": "35-39", "PERIODAS": 4, "TIPAS": 8, "METAI": 2011, "SHAPEarea": 57500.0, "SHAPElen": 1100 }, "geometry": { "type": "Polygon", "coordinates": [ [ [ 25.231142263231117, 54.757759529051604 ], [ 25.23036563751565, 54.757767409948968 ], [ 25.229589011423109, 54.757775285874878 ], [ 25.229575397497843, 54.757326140160984 ], [ 25.229561783949386, 54.756876994411343 ], [ 25.229548170777729, 54.756427848625925 ], [ 25.229534557982856, 54.755978702804768 ], [ 25.23031114970296, 54.755970827399715 ], [ 25.231087741046053, 54.755962947023541 ], [ 25.231864332011899, 54.755955061676254 ], [ 25.231850693816302, 54.755505916210197 ], [ 25.232627275812185, 54.755498026022238 ], [ 25.233403857430364, 54.755490130863244 ], [ 25.234180438670595, 54.755482230733222 ], [ 25.234194102643567, 54.755931375807677 ], [ 25.234207766994739, 54.756380520846342 ], [ 25.234221431724126, 54.756829665849217 ], [ 25.234235096831732, 54.757278810816324 ], [ 25.233458481220303, 54.757286711468844 ], [ 25.232681865230866, 54.757294607150001 ], [ 25.231905248863661, 54.75730249785979 ], [ 25.231128632118928, 54.757310383598238 ], [ 25.231142263231117, 54.757759529051604 ] ] ] } },
{ "type": "Feature", "properties": { "OBJECTID": 697711, "TRIUKSM": "35-39", "PERIODAS": 4, "TIPAS": 8, "METAI": 2011, "SHAPEarea": 1685000.0004799999, "SHAPElen": 11000 }, "geometry": { "type": "Polygon", "coordinates": [ [ [ 25.203223469049231, 54.759387559364463 ], [ 25.202446804125827, 54.759395261668097 ], [ 25.202433489875133, 54.75894611155519 ], [ 25.202420175992973, 54.7584969614066 ], [ 25.201643527890141, 54.758504658483801 ], [ 25.20163022297071, 54.758055508172284 ], [ 25.201616918419564, 54.757606357825125 ], [ 25.200840287136646, 54.757614049676221 ], [ 25.200826991547491, 54.757164899166227 ], [ 25.20005036849032, 54.757172585918639 ], [ 25.200037081862696, 54.756723435245881 ], [ 25.200023795602831, 54.756274284537454 ], [ 25.200010509710701, 54.755825133793408 ], [ 25.199233912065655, 54.755832815193287 ], [ 25.199220635134079, 54.755383664286562 ], [ 25.199207358569971, 54.754934513344182 ], [ 25.198430777742875, 54.754942189518992 ], [ 25.198417510138594, 54.754493038414033 ], [ 25.197640937536647, 54.754500709490905 ], [ 25.196864364567727, 54.75450837559675 ], [ 25.19687761498724, 54.754957526955295 ], [ 25.196101033059183, 54.754965188216779 ], [ 25.196114275252807, 54.755414339666345 ], [ 25.196127517812958, 54.75586349108027 ], [ 25.195350918332842, 54.755871147623829 ], [ 25.195364152666404, 54.756320299128703 ], [ 25.194587544226838, 54.756327950827504 ], [ 25.194600770333334, 54.75677710242325 ], [ 25.19461399680592, 54.757226253983369 ], [ 25.193837370813252, 54.757233900963676 ], [ 25.193824152934305, 54.756784749277116 ], [ 25.193047535169416, 54.756792391159529 ], [ 25.193034326249727, 54.756343239310979 ], [ 25.19302111769564, 54.75589408742681 ], [ 25.192244516751749, 54.755901724085213 ], [ 25.192231317156196, 54.755452572039147 ], [ 25.192218117925982, 54.755003419957454 ], [ 25.191441533802426, 54.755011051392195 ], [ 25.191428343530013, 54.754561899148698 ], [ 25.19065176763387, 54.754569525486211 ], [ 25.190638586318794, 54.754120373080994 ], [ 25.189862018650089, 54.754127994321408 ], [ 25.189085450616808, 54.754135610590843 ], [ 25.189072286850642, 54.753686457898091 ], [ 25.188295727045073, 54.753694069070676 ], [ 25.187519166875415, 54.75370167527236 ], [ 25.187506020657246, 54.753252522292385 ], [ 25.186729468715587, 54.753260123397453 ], [ 25.186716331452885, 54.752810970256206 ], [ 25.187492874802921, 54.752803369276776 ], [ 25.187479729312425, 54.752354216225584 ], [ 25.187466584185749, 54.751905063138771 ], [ 25.188243109989461, 54.751897457440087 ], [ 25.188229956635691, 54.751448304443414 ], [ 25.188216803645947, 54.750999151411108 ], [ 25.18820365102021, 54.75054999834321 ], [ 25.187427150988448, 54.750557603664653 ], [ 25.186650650592931, 54.750565204015722 ], [ 25.18663751551156, 54.750116050660814 ], [ 25.185861023342721, 54.75012364591597 ], [ 25.185847897214824, 54.749674492399862 ], [ 25.185071413272702, 54.749682082559268 ], [ 25.184294928967553, 54.749689667748477 ], [ 25.184281820382417, 54.749240513945864 ], [ 25.183505344304262, 54.749248094039551 ], [ 25.182728867863567, 54.749255669163091 ], [ 25.181952391060577, 54.749263239316491 ], [ 25.181965473876364, 54.749712393494825 ], [ 25.181978557054208, 54.750161547637553 ], [ 25.181991640594148, 54.750610701744684 ], [ 25.181215137658956, 54.750618267303182 ], [ 25.181228212970467, 54.751067421499819 ], [ 25.181241288643843, 54.751516575660858 ], [ 25.181254364679109, 54.751965729786306 ], [ 25.180477835609736, 54.751973290749447 ], [ 25.180490903415645, 54.752422444964303 ], [ 25.179714365393348, 54.752430001081741 ], [ 25.178937827009605, 54.752437552228436 ], [ 25.178950877994172, 54.752886706657492 ], [ 25.178174330657711, 54.752894252958242 ], [ 25.177397782960259, 54.75290179428815 ], [ 25.176621234902075, 54.752909330647249 ], [ 25.175844686483384, 54.752916862035512 ], [ 25.175857703462022, 54.753366016927572 ], [ 25.175081146091248, 54.753373543469444 ], [ 25.175068137704432, 54.752924388452961 ], [ 25.175055129677641, 54.75247523340088 ], [ 25.174278589130264, 54.752482754723118 ], [ 25.174265590054848, 54.752033599511115 ], [ 25.173489057739062, 54.752041115738315 ], [ 25.173476067614537, 54.751591960366504 ], [ 25.173463077849529, 54.751142804959095 ], [ 25.173450088444017, 54.750693649516151 ], [ 25.173437099397987, 54.750244494037638 ], [ 25.173424110711434, 54.749795338523562 ], [ 25.17341112238433, 54.74934618297393 ], [ 25.173398134416669, 54.748897027388729 ], [ 25.173385146808432, 54.748447871767972 ], [ 25.173372159559616, 54.747998716111645 ], [ 25.173359172670203, 54.747549560419749 ], [ 25.174135619085323, 54.747542045435104 ], [ 25.174122623966543, 54.747092889831897 ], [ 25.174899061433287, 54.74708537000172 ], [ 25.174886058085608, 54.746636214487268 ], [ 25.175662486604008, 54.746628689811729 ], [ 25.17643891476234, 54.746621160166491 ], [ 25.17642589459799, 54.746172004865358 ], [ 25.176412874793943, 54.74572284952864 ], [ 25.177189285415739, 54.745715315162855 ], [ 25.177176257384218, 54.745266159915118 ], [ 25.177163229713209, 54.74481700463182 ], [ 25.177939622799229, 54.744809465545799 ], [ 25.178716015524522, 54.744801921490442 ], [ 25.178729060370525, 54.74525107652439 ], [ 25.179505461322325, 54.745243527374889 ], [ 25.180281861912903, 54.74523597325598 ], [ 25.180268799891959, 54.744786818471724 ], [ 25.181045191533624, 54.74477925950837 ], [ 25.181032121286911, 54.744330104813478 ], [ 25.180255738232454, 54.744337663651862 ], [ 25.179479354816568, 54.744345217521015 ], [ 25.178702971039488, 54.744352766420903 ], [ 25.178689926915407, 54.743903611315794 ], [ 25.177913551364384, 54.743911155121715 ], [ 25.177137175452668, 54.74391869395847 ], [ 25.176360799180468, 54.743926227826044 ], [ 25.176347781177707, 54.743477072311443 ], [ 25.177124148863101, 54.743469538568434 ], [ 25.177111122633988, 54.743020383142813 ], [ 25.177887481372366, 54.743012844555317 ], [ 25.177874446917379, 54.742563689218741 ], [ 25.178650796708773, 54.742556145786956 ], [ 25.17863775402839, 54.742106990539504 ], [ 25.179414094872829, 54.742099442263566 ], [ 25.180190435356145, 54.742091889018774 ], [ 25.18020349520863, 54.742541044016583 ], [ 25.180979843916607, 54.742533485678017 ], [ 25.18175619226297, 54.742525922370547 ], [ 25.182532540247479, 54.742518354094173 ], [ 25.183308887869902, 54.742510780848882 ], [ 25.183321982428726, 54.7429599353108 ], [ 25.183335077349899, 54.743409089737099 ], [ 25.184111441782647, 54.743401511272381 ], [ 25.184124545652857, 54.743850665537792 ], [ 25.18490091830969, 54.743843081978639 ], [ 25.184914031129402, 54.744292236083076 ], [ 25.185690412010288, 54.744284647429346 ], [ 25.185703533779989, 54.744733801372725 ], [ 25.186479922884896, 54.744726207624247 ], [ 25.186493053605062, 54.745175361406474 ], [ 25.187269450933968, 54.745167762563078 ], [ 25.187282590605065, 54.745616916184069 ], [ 25.188058996157935, 54.745609312245598 ], [ 25.188072144780453, 54.746058465705282 ], [ 25.188848558557268, 54.74605085667158 ], [ 25.188861716131669, 54.74650000996985 ], [ 25.189638138132395, 54.746492395840775 ], [ 25.189651304659165, 54.746941548977546 ], [ 25.190427734883777, 54.746933929752878 ], [ 25.190440910363378, 54.747383082728064 ], [ 25.191217348811854, 54.747375458407703 ], [ 25.191230533244763, 54.747824611221191 ], [ 25.192006979917071, 54.747816981804959 ], [ 25.192020173303774, 54.748266134456721 ], [ 25.19279662819989, 54.748258499944434 ], [ 25.193573082730641, 54.748250860462235 ], [ 25.19358629366074, 54.748700012825836 ], [ 25.194362756415021, 54.748692368247376 ], [ 25.195139218803458, 54.748684718698918 ], [ 25.195152447277863, 54.749133870774038 ], [ 25.195928917889542, 54.749126216129071 ], [ 25.196705388134902, 54.749118556514077 ], [ 25.196718634154507, 54.749567708300347 ], [ 25.197495112622835, 54.749560043588581 ], [ 25.198271590724335, 54.749552373906695 ], [ 25.198284854290065, 54.750001525403796 ], [ 25.199061340614261, 54.749993850624932 ], [ 25.199837826571141, 54.749986170875864 ], [ 25.199851107683898, 54.750435322083462 ], [ 25.200627601863193, 54.750427637237166 ], [ 25.201404095674683, 54.750419947420603 ], [ 25.201417394335383, 54.750869098338342 ], [ 25.202193896369007, 54.750861403424317 ], [ 25.202207203988163, 54.75131055417917 ], [ 25.202983714243892, 54.751302854167498 ], [ 25.202997030821969, 54.751752004759389 ], [ 25.203773549299779, 54.751744299649928 ], [ 25.204550067408793, 54.751736589569965 ], [ 25.204563401537118, 54.752185739871315 ], [ 25.205339927867936, 54.752178024693329 ], [ 25.20611645382947, 54.752170304544791 ], [ 25.206129805508933, 54.752619454555258 ], [ 25.206906339691994, 54.752611729308441 ], [ 25.207682873505277, 54.752603999090979 ], [ 25.207696242736812, 54.753053148810245 ], [ 25.208472784771335, 54.753045413494299 ], [ 25.209249326435593, 54.753037673207608 ], [ 25.210025867729367, 54.753029927950266 ], [ 25.210039263105326, 54.753479077249906 ], [ 25.210052658852035, 54.753928226513885 ], [ 25.209276100375128, 54.75393597202735 ], [ 25.209289487900666, 54.754385121383685 ], [ 25.209302875796745, 54.754834270704329 ], [ 25.20852629976519, 54.754842011502923 ], [ 25.208539679439394, 54.755291160915867 ], [ 25.207763094445092, 54.755298896871331 ], [ 25.207776465896959, 54.755748046376475 ], [ 25.207789837718931, 54.756197195845971 ], [ 25.207013235168926, 54.756204927085982 ], [ 25.207026598767861, 54.756654076647607 ], [ 25.2062499872548, 54.756661803044075 ], [ 25.206263342630212, 54.757110952697765 ], [ 25.205486722154077, 54.757118674250535 ], [ 25.205500069305497, 54.757567823996226 ], [ 25.205513416826363, 54.758016973706248 ], [ 25.204736778793205, 54.758024690542733 ], [ 25.204750118089379, 54.758473840344664 ], [ 25.20397347109283, 54.758481552337038 ], [ 25.203986802163836, 54.75893070223082 ], [ 25.203210146203869, 54.758938409378899 ], [ 25.203223469049231, 54.759387559364463 ] ] ] } },
{ "type": "Feature", "properties": { "OBJECTID": 697712, "TRIUKSM": "35-39", "PERIODAS": 4, "TIPAS": 8, "METAI": 2011, "SHAPEarea": 16814999.997760002, "SHAPElen": 47900 }, "geometry": { "type": "Polygon", "coordinates": [ [ [ 25.454078007892502, 54.778654980463777 ], [ 25.454094119735799, 54.779104083336271 ], [ 25.454110232025243, 54.779553186172116 ], [ 25.454126344760837, 54.780002288971318 ], [ 25.454142457942606, 54.780451391733834 ], [ 25.454158571570566, 54.780900494459715 ], [ 25.454174685644734, 54.781349597148903 ], [ 25.454190800165126, 54.781798699801456 ], [ 25.45420691513176, 54.782247802417331 ], [ 25.453429891232734, 54.782257114155264 ], [ 25.452652866887689, 54.782266420918461 ], [ 25.451875842096864, 54.782275722706892 ], [ 25.451098816860494, 54.7822850195206 ], [ 25.450321791178819, 54.78229431135955 ], [ 25.449544765052078, 54.782303598223713 ], [ 25.448767738480502, 54.782312880113132 ], [ 25.448751683737267, 54.781863776421019 ], [ 25.447974665324512, 54.781873053182245 ], [ 25.447197646467419, 54.781882324968763 ], [ 25.44642062716623, 54.781891591780557 ], [ 25.445643607421179, 54.781900853617671 ], [ 25.445627587535299, 54.781451749275725 ], [ 25.444850575949861, 54.78146100598503 ], [ 25.444073563921052, 54.781470257719675 ], [ 25.443296551449116, 54.781479504479655 ], [ 25.443280557815896, 54.781030399642113 ], [ 25.442503553504118, 54.781039641274639 ], [ 25.441726548749699, 54.781048877932562 ], [ 25.441710572765, 54.780599772752801 ], [ 25.44093357617102, 54.780609004283491 ], [ 25.44091760923131, 54.780159898914462 ], [ 25.440140620797813, 54.780169125318046 ], [ 25.439363631922436, 54.780178346747199 ], [ 25.439347682629634, 54.779729241036499 ], [ 25.438570701915019, 54.779738457338787 ], [ 25.43855476166604, 54.779289351439076 ], [ 25.437777789112221, 54.779298562614692 ], [ 25.437000816117266, 54.779307768815997 ], [ 25.4369848935136, 54.778858662575111 ], [ 25.436207928679728, 54.778867863649964 ], [ 25.436192015118703, 54.778418757220336 ], [ 25.435415058445958, 54.778427953168915 ], [ 25.435399153927101, 54.777978846550631 ], [ 25.434622205415504, 54.777988037373049 ], [ 25.434606309938346, 54.777538930566195 ], [ 25.433829369587933, 54.777548116262665 ], [ 25.43381348315199, 54.777099009267332 ], [ 25.4330365509628, 54.777108189837968 ], [ 25.433020673567594, 54.776659082654248 ], [ 25.432243749539662, 54.776668258099242 ], [ 25.432227881184716, 54.776219150727208 ], [ 25.43221201326914, 54.775770043318623 ], [ 25.431435106002919, 54.775779213486501 ], [ 25.431419247126872, 54.775330105889672 ], [ 25.431403388689912, 54.774880998256322 ], [ 25.430626498184765, 54.77489016314739 ], [ 25.430610648786615, 54.774441055325902 ], [ 25.430594799827283, 54.773991947467863 ], [ 25.429817926082542, 54.774001107082462 ], [ 25.429802086161288, 54.773551999036385 ], [ 25.429786246678574, 54.773102890953759 ], [ 25.429009389693611, 54.773112045292237 ], [ 25.428993559248248, 54.772662937021678 ], [ 25.428977729241165, 54.772213828714563 ], [ 25.428961899672341, 54.771764720370889 ], [ 25.428185068044851, 54.771773869282278 ], [ 25.428169247512386, 54.771324760750772 ], [ 25.428153427417918, 54.77087565218271 ], [ 25.428137607761414, 54.77042654357809 ], [ 25.427360801489598, 54.770435687062928 ], [ 25.427344990868473, 54.769986578270561 ], [ 25.427329180685053, 54.769537469441644 ], [ 25.42731337093932, 54.769088360576177 ], [ 25.426536590021371, 54.769097498635006 ], [ 25.426520789310032, 54.768648389581877 ], [ 25.426504989036108, 54.768199280492226 ], [ 25.426489189199586, 54.767750171366025 ], [ 25.426473389800442, 54.767301062203288 ], [ 25.425696642830584, 54.767310194685564 ], [ 25.425680852464598, 54.766861085335272 ], [ 25.425665062535728, 54.766411975948429 ], [ 25.425649273043945, 54.765962866525051 ], [ 25.42487255142365, 54.765971993582404 ], [ 25.424856770964045, 54.765522883971563 ], [ 25.424840990941259, 54.765073774324193 ], [ 25.424825211355291, 54.76462466464028 ], [ 25.424809432206114, 54.764175554919824 ], [ 25.424032744527974, 54.764184676401975 ], [ 25.424016974409728, 54.763735566494155 ], [ 25.424001204728008, 54.763286456549807 ], [ 25.423985435482788, 54.762837346568936 ], [ 25.423969666674058, 54.762388236551502 ], [ 25.42319301293464, 54.762397352459139 ], [ 25.423177253155611, 54.761948242254462 ], [ 25.423161493812795, 54.761499132013256 ], [ 25.423145734906186, 54.761050021735507 ], [ 25.42312997643576, 54.760600911421243 ], [ 25.422353356631636, 54.760610021755049 ], [ 25.422337607189665, 54.760160911253607 ], [ 25.422321858183611, 54.759711800715635 ], [ 25.422306109613462, 54.759262690141142 ], [ 25.422290361479195, 54.758813579530113 ], [ 25.421513775606922, 54.758822684290827 ], [ 25.421498036499877, 54.758373573492747 ], [ 25.421482297828437, 54.757924462658117 ], [ 25.421466559592606, 54.757475351786979 ], [ 25.421450821792344, 54.757026240879327 ], [ 25.421435084427657, 54.756577129935124 ], [ 25.420658541074229, 54.756586228972978 ], [ 25.420642812735256, 54.756137117841831 ], [ 25.420627084831587, 54.755688006674163 ], [ 25.4206113573632, 54.755238895469965 ], [ 25.420595630330062, 54.754789784229231 ], [ 25.420579903732172, 54.754340672951969 ], [ 25.419803402892054, 54.754349766267914 ], [ 25.419787685318404, 54.753900654803786 ], [ 25.419771968179731, 54.753451543303171 ], [ 25.419756251476016, 54.753002431765999 ], [ 25.419740535207239, 54.752553320192327 ], [ 25.418964068286812, 54.752562407937468 ], [ 25.418948361041039, 54.752113296177029 ], [ 25.418932654229934, 54.751664184380076 ], [ 25.418916947853493, 54.751215072546621 ], [ 25.418901241911687, 54.750765960676617 ], [ 25.418124808907518, 54.750775042851643 ], [ 25.418109111987484, 54.750325930795007 ], [ 25.418093415501808, 54.749876818701829 ], [ 25.418077719450487, 54.749427706572156 ], [ 25.4180620238335, 54.748978594405976 ], [ 25.417285624742174, 54.748987671011598 ], [ 25.417269938145715, 54.748538558658829 ], [ 25.41725425198333, 54.74808944626956 ], [ 25.417238566254991, 54.747640333843783 ], [ 25.417222880960693, 54.747191221381492 ], [ 25.416446515778759, 54.747200292418441 ], [ 25.416430839503754, 54.746751179769689 ], [ 25.416415163662506, 54.746302067084407 ], [ 25.416399488255006, 54.74585295436264 ], [ 25.41562314839447, 54.745862019981438 ], [ 25.415607482005285, 54.745412907073309 ], [ 25.41559181604957, 54.744963794128651 ], [ 25.415576150527329, 54.744514681147486 ], [ 25.414799835986383, 54.744523741348686 ], [ 25.414784179481462, 54.744074628181266 ], [ 25.414768523409741, 54.743625514977332 ], [ 25.414752867771188, 54.743176401736896 ], [ 25.413976578548034, 54.743185456520976 ], [ 25.413960931925832, 54.742736343094371 ], [ 25.413945285736535, 54.742287229631252 ], [ 25.413929639980125, 54.741838116131625 ], [ 25.413153376072959, 54.741847165499159 ], [ 25.413137739331916, 54.741398051813462 ], [ 25.4131221030235, 54.740948938091258 ], [ 25.413106467147685, 54.740499824332566 ], [ 25.413090831704451, 54.740050710537368 ], [ 25.412314601693271, 54.740059754339327 ], [ 25.412298975264175, 54.739610640358144 ], [ 25.412283349267398, 54.739161526340482 ], [ 25.412267723702918, 54.738712412286318 ], [ 25.411491519003427, 54.738721450672834 ], [ 25.411475902452096, 54.738272336432765 ], [ 25.411460286332797, 54.737823222156216 ], [ 25.411444670645515, 54.737374107843188 ], [ 25.411429055390233, 54.736924993493666 ], [ 25.410652884580816, 54.7369340263159 ], [ 25.41063727833745, 54.736484911780593 ], [ 25.410621672525807, 54.736035797208785 ], [ 25.410606067145881, 54.735586682600484 ], [ 25.409829921643858, 54.735595710008397 ], [ 25.409814325274873, 54.735146595214417 ], [ 25.409798729337329, 54.73469748038395 ], [ 25.409783133831208, 54.734248365516969 ], [ 25.409007013634785, 54.734257387511072 ], [ 25.40899142713862, 54.733808272458511 ], [ 25.408975841073612, 54.733359157369463 ], [ 25.408960255439748, 54.732910042243951 ], [ 25.40818416054713, 54.732919058824741 ], [ 25.408168583922237, 54.732469943513692 ], [ 25.408153007728217, 54.732020828166199 ], [ 25.407376929560204, 54.732029839483125 ], [ 25.407361362374434, 54.731580723950195 ], [ 25.407345795619264, 54.731131608380814 ], [ 25.407330229294683, 54.730682492774925 ], [ 25.406554176427566, 54.730691498679484 ], [ 25.40653861911025, 54.730242382888292 ], [ 25.406523062223251, 54.729793267060636 ], [ 25.405747026078998, 54.729802267702105 ], [ 25.40573147819854, 54.72935315168921 ], [ 25.405715930748123, 54.728904035639836 ], [ 25.404939911326078, 54.728913031018557 ], [ 25.404924372881485, 54.728463914784051 ], [ 25.40490883486666, 54.728014798513087 ], [ 25.40413283216618, 54.728023788629365 ], [ 25.404117303156447, 54.727574672173368 ], [ 25.404101774576212, 54.727125555680878 ], [ 25.403325788596657, 54.727134540535076 ], [ 25.403310269020785, 54.726685423857646 ], [ 25.40329474987416, 54.726236307143758 ], [ 25.402518780614876, 54.726245286736209 ], [ 25.402503270471879, 54.725796169837452 ], [ 25.402487760757854, 54.725347052902244 ], [ 25.402472251472783, 54.724897935930578 ], [ 25.401696307507066, 54.724906910113297 ], [ 25.401680807224654, 54.724457792956869 ], [ 25.401665307370919, 54.724008675763976 ], [ 25.400889380123733, 54.724017644685709 ], [ 25.400873889271928, 54.723568527308153 ], [ 25.400858398848527, 54.723119409894124 ], [ 25.400082488319217, 54.723128373555191 ], [ 25.400067006897025, 54.722679255956592 ], [ 25.400051525902978, 54.722230138321549 ], [ 25.399275632090895, 54.722239096722284 ], [ 25.39926016009732, 54.721789978902763 ], [ 25.399244688531624, 54.72134086104677 ], [ 25.398468811436128, 54.721349814187526 ], [ 25.398453348870174, 54.72090069614714 ], [ 25.398437886731838, 54.720451578070325 ], [ 25.397662026352272, 54.720460525951403 ], [ 25.397646573212949, 54.720011407690272 ], [ 25.396870720977475, 54.720020350459841 ], [ 25.396855276836696, 54.719571232014488 ], [ 25.396839833123007, 54.719122113532691 ], [ 25.396063997602639, 54.719131051043192 ], [ 25.396048562886758, 54.718681932377265 ], [ 25.396033128597701, 54.718232813674916 ], [ 25.395257309791795, 54.718241745926655 ], [ 25.395241884499828, 54.717792627040275 ], [ 25.395226459634419, 54.717343508117459 ], [ 25.394450657542315, 54.71735243511079 ], [ 25.394435241673271, 54.716903316004043 ], [ 25.394419826230497, 54.716454196860859 ], [ 25.393644040851559, 54.716463118596138 ], [ 25.393628634404433, 54.716013999269087 ], [ 25.39361322838332, 54.715564879905621 ], [ 25.392837459716898, 54.715573796383161 ], [ 25.392822062690701, 54.715124676835934 ], [ 25.392806666090237, 54.714675557252285 ], [ 25.392030914135688, 54.714684468472434 ], [ 25.39201552652942, 54.71423534870511 ], [ 25.391239782717857, 54.714244254815348 ], [ 25.391224404105298, 54.713795134864441 ], [ 25.391209025917963, 54.713346014877146 ], [ 25.390433298817438, 54.713354915730569 ], [ 25.390417929623091, 54.712905795559763 ], [ 25.390402560853698, 54.712456675352541 ], [ 25.389626850463564, 54.71246557094949 ], [ 25.389611490686431, 54.712016450558849 ], [ 25.389596131333985, 54.711567330131835 ], [ 25.388820437653589, 54.711576220472637 ], [ 25.388805087292681, 54.71112709986231 ], [ 25.388789737356188, 54.710677979215575 ], [ 25.388014060384894, 54.710686864300555 ], [ 25.387998719439214, 54.710237743470593 ], [ 25.387223050610178, 54.710246623446828 ], [ 25.387207718654832, 54.709797502433744 ], [ 25.387192387123381, 54.709348381384252 ], [ 25.386416735002612, 54.70935725610525 ], [ 25.386401412460774, 54.708908134872729 ], [ 25.386386090342558, 54.708459013603829 ], [ 25.385610454929406, 54.708467883069922 ], [ 25.385595141800074, 54.708018761618064 ], [ 25.385579829094105, 54.707569640129826 ], [ 25.384804210387927, 54.707578504341356 ], [ 25.384788906670117, 54.707129382670253 ], [ 25.384013296105671, 54.70713824177394 ], [ 25.383998001375549, 54.706689119920064 ], [ 25.38398270706826, 54.706239998029822 ], [ 25.383207113209941, 54.706248851879515 ], [ 25.383191827889615, 54.705799729806586 ], [ 25.383176542991865, 54.70535060769727 ], [ 25.382400965839036, 54.705359456293316 ], [ 25.38238568992751, 54.704910334001433 ], [ 25.382370414438292, 54.704461211673156 ], [ 25.381594853990311, 54.704470055015889 ], [ 25.381579587486605, 54.704020932505131 ], [ 25.380804035179821, 54.70402977074091 ], [ 25.380788777661142, 54.703580648047748 ], [ 25.380773520564251, 54.703131525318192 ], [ 25.37999798496147, 54.703140358301255 ], [ 25.379982736848891, 54.702691235389409 ], [ 25.379967489157824, 54.702242112441176 ], [ 25.379191970258407, 54.70225094017183 ], [ 25.379176731550924, 54.701801817041385 ], [ 25.379161493264686, 54.701352693874583 ], [ 25.378385991067983, 54.70136151635316 ], [ 25.378370761764604, 54.700912393004224 ], [ 25.378355532882217, 54.700463269618922 ], [ 25.377580047387582, 54.700472086845792 ], [ 25.377564827487351, 54.700022963279523 ], [ 25.377549608007797, 54.699573839675814 ], [ 25.376774139214596, 54.699582651651284 ], [ 25.376758928716448, 54.699133527865634 ], [ 25.37598346806352, 54.699142334735541 ], [ 25.375968266546316, 54.698693210768035 ], [ 25.375953065449295, 54.69824408676417 ], [ 25.375177621496956, 54.698252888383259 ], [ 25.375162429380147, 54.697803764197623 ], [ 25.375147237683272, 54.697354639975657 ], [ 25.374371810430876, 54.697363436344261 ], [ 25.374356627713475, 54.696914311940617 ], [ 25.374341445415734, 54.696465187500607 ], [ 25.373566034862634, 54.696473978619082 ], [ 25.373550861543656, 54.696024853997471 ], [ 25.373535688644058, 54.695575729339552 ], [ 25.372760294789607, 54.695584515208196 ], [ 25.372745130868047, 54.695135390368769 ], [ 25.372729967365608, 54.694686265492997 ], [ 25.371954590209164, 54.694695046112187 ], [ 25.371939435684041, 54.694245921055021 ], [ 25.371924281577758, 54.693796795961511 ], [ 25.371148921118671, 54.693805571331545 ], [ 25.371133775988984, 54.693356446056711 ], [ 25.370358423669071, 54.693365216322825 ], [ 25.370343287515507, 54.692916090866802 ], [ 25.370328151780253, 54.692466965374415 ], [ 25.369552816156872, 54.692475730391962 ], [ 25.369537689397021, 54.692026604718457 ], [ 25.369522563055227, 54.691577479008636 ], [ 25.368747244127722, 54.691586238777951 ], [ 25.368732126760598, 54.691137112887077 ], [ 25.368717009811263, 54.69068798695988 ], [ 25.367941707578989, 54.690696741481304 ], [ 25.367926599603603, 54.690247615373153 ], [ 25.367911492045742, 54.689798489228679 ], [ 25.36713620650805, 54.689807238502553 ], [ 25.367121107923406, 54.689358112177217 ], [ 25.367106009756025, 54.688908985815551 ], [ 25.366330740912272, 54.68891772984221 ], [ 25.366315651717379, 54.688468603299789 ], [ 25.365540391011891, 54.688477342223898 ], [ 25.365525310789021, 54.688028215500808 ], [ 25.365510230982895, 54.687579088741394 ], [ 25.364734986970507, 54.68758782241887 ], [ 25.36471991613567, 54.687138695478858 ], [ 25.364704845717313, 54.686689568502551 ], [ 25.363929618397385, 54.686698296933713 ], [ 25.363914556949602, 54.6862491697769 ], [ 25.363899495918016, 54.685800042583779 ], [ 25.363124285289892, 54.685808765768975 ], [ 25.363109233228162, 54.685359638395454 ], [ 25.363094181582369, 54.684910510985617 ], [ 25.362318987645416, 54.684919228925168 ], [ 25.362303944968744, 54.68447010133503 ], [ 25.361528759169332, 54.68447881417319 ], [ 25.361513725461311, 54.684029686402816 ], [ 25.361498692168706, 54.683580558596155 ], [ 25.360723523059622, 54.683589266189259 ], [ 25.360708498734951, 54.683140138202447 ], [ 25.360693474825428, 54.682691010179369 ], [ 25.359918322406024, 54.682699712527729 ], [ 25.359903307463714, 54.682250584324599 ], [ 25.359888292936279, 54.681801456085161 ], [ 25.359113157205918, 54.68181015318914 ], [ 25.359098151644965, 54.681361024769757 ], [ 25.35908314649863, 54.680911896314086 ], [ 25.358308027456655, 54.680920588173997 ], [ 25.35829303127608, 54.68047145953846 ], [ 25.358278035509848, 54.680022330866628 ], [ 25.357502933155626, 54.680031017482833 ], [ 25.357487946354432, 54.679581888631247 ], [ 25.357472959967311, 54.679132759743354 ], [ 25.356697874300188, 54.679141441116158 ], [ 25.356682896877381, 54.678692312048611 ], [ 25.355907819346694, 54.678700988321673 ], [ 25.355892850887724, 54.678251859074514 ], [ 25.355877882842321, 54.67780272979109 ], [ 25.355102821997889, 54.677811400821334 ], [ 25.3550878629156, 54.677362271358412 ], [ 25.355072904246612, 54.676913141859195 ], [ 25.354297860087797, 54.67692180764697 ], [ 25.35428291038119, 54.67647267796837 ], [ 25.354267961087626, 54.676023548253482 ], [ 25.353492933613783, 54.676032208799121 ], [ 25.353477993281878, 54.675583078904914 ], [ 25.352702973943938, 54.675591734351677 ], [ 25.352688042573224, 54.675142604278264 ], [ 25.352673111615026, 54.674693474168571 ], [ 25.351898108961219, 54.674702124373788 ], [ 25.351883186963487, 54.674252994084938 ], [ 25.351868265378005, 54.673803863759851 ], [ 25.351093279407692, 54.673812508723842 ], [ 25.351078366781959, 54.67336337821969 ], [ 25.350303388947186, 54.673372018085459 ], [ 25.350288485280725, 54.672922887402379 ], [ 25.350273582025995, 54.672473756683004 ], [ 25.350258679182968, 54.672024625927399 ], [ 25.349483726577702, 54.672033260409933 ], [ 25.349468832692985, 54.671584129475441 ], [ 25.349453939219707, 54.671134998504712 ], [ 25.349439046157851, 54.670685867497703 ], [ 25.348664118780288, 54.670694496597484 ], [ 25.348649234675772, 54.670245365411738 ], [ 25.347874315432961, 54.670253989414135 ], [ 25.347859440285301, 54.669804858049694 ], [ 25.347844565548534, 54.669355726649002 ], [ 25.347069662985994, 54.66936434541185 ], [ 25.347054797205377, 54.66891521383257 ], [ 25.347039931835393, 54.66846608221703 ], [ 25.346265045952467, 54.668474695740656 ], [ 25.346250189537894, 54.668025563946628 ], [ 25.345475311789375, 54.668034172373524 ], [ 25.345460464329747, 54.667585040401057 ], [ 25.34468559471566, 54.667593643731401 ], [ 25.344670756210498, 54.667144511580631 ], [ 25.344655918115205, 54.66669537939363 ], [ 25.343881065179712, 54.666703977485575 ], [ 25.343866236038167, 54.666254845120314 ], [ 25.343851407306232, 54.66580571271885 ], [ 25.343076571048684, 54.665814305572709 ], [ 25.343061751269772, 54.665365172993098 ], [ 25.343046931900197, 54.664916040377243 ], [ 25.34227211231995, 54.664924627993379 ], [ 25.342257301902674, 54.664475495199497 ], [ 25.342242491894467, 54.664026362369363 ], [ 25.341467688990875, 54.664034944748096 ], [ 25.341452887934249, 54.663585811739999 ], [ 25.341438087286431, 54.6631366786957 ], [ 25.340663301058843, 54.663145255837371 ], [ 25.340648509361877, 54.662696122615195 ], [ 25.340633718073452, 54.662246989356802 ], [ 25.339858948521229, 54.662255561261723 ], [ 25.339844166182939, 54.661806427825532 ], [ 25.339829384252923, 54.661357294353131 ], [ 25.339054631375415, 54.661365861021672 ], [ 25.339039858394809, 54.660916727371571 ], [ 25.339025085822204, 54.660467593685262 ], [ 25.338250349618768, 54.660476155117756 ], [ 25.338235585994855, 54.660027021253839 ], [ 25.338220822778688, 54.659577887353713 ], [ 25.337446103248666, 54.659586443550467 ], [ 25.337431348980463, 54.65913730947284 ], [ 25.337416595119738, 54.658688175359011 ], [ 25.336641892262499, 54.658696726320358 ], [ 25.336627147349009, 54.658247592029099 ], [ 25.336612402842736, 54.657798457701659 ], [ 25.335837716657625, 54.657807003427926 ], [ 25.335822981097873, 54.65735786892315 ], [ 25.335808245945064, 54.656908734382171 ], [ 25.335033576431442, 54.656917274873713 ], [ 25.335018850224422, 54.656468140155489 ], [ 25.335004124424088, 54.656019005401077 ], [ 25.334229471581306, 54.656027540658236 ], [ 25.334214754726048, 54.655578405726665 ], [ 25.334200038277199, 54.655129270758906 ], [ 25.333425402104613, 54.655137800781993 ], [ 25.333410694600115, 54.654688665637188 ], [ 25.333395987501767, 54.654239530456167 ], [ 25.33262136799873, 54.654248055245539 ], [ 25.332606669844015, 54.653798919887571 ], [ 25.332591972095173, 54.653349784493408 ], [ 25.331817369261039, 54.653358304049362 ], [ 25.331802680455109, 54.652909168478317 ], [ 25.331787992054792, 54.652460032871105 ], [ 25.331013405888918, 54.652468547194019 ], [ 25.330998726430789, 54.652019411410016 ], [ 25.330984047378013, 54.651570275589819 ], [ 25.330209477879748, 54.651578784680005 ], [ 25.330194807768436, 54.651129648683124 ], [ 25.330180138062204, 54.650680512650055 ], [ 25.329405585230901, 54.65068901650784 ], [ 25.329390924465418, 54.650239880298187 ], [ 25.329376264104749, 54.649790744052325 ], [ 25.32860172793977, 54.649799242678064 ], [ 25.328587076519121, 54.649350106255696 ], [ 25.328572425503026, 54.648900969797175 ], [ 25.32779790600372, 54.648909463191174 ], [ 25.327783263926925, 54.648460326556219 ], [ 25.327768622254414, 54.648011189885096 ], [ 25.326994119420139, 54.648019678047703 ], [ 25.326979486686209, 54.64757054120026 ], [ 25.327753980986174, 54.647562053177822 ], [ 25.328528474881878, 54.647553560204528 ], [ 25.328513825483832, 54.647104423601277 ], [ 25.329288310441008, 54.64709592581746 ], [ 25.330062794993477, 54.647087423082908 ], [ 25.330837279141001, 54.6470789153976 ], [ 25.330822604546039, 54.646629779179349 ], [ 25.331597079754619, 54.646621266683859 ], [ 25.332371554557792, 54.646612749237732 ], [ 25.332356863300959, 54.64616361326447 ], [ 25.333131329164999, 54.64615509100841 ], [ 25.333905794623188, 54.646146563801786 ], [ 25.334680259675281, 54.646138031644632 ], [ 25.334665543224325, 54.645688896057557 ], [ 25.335439999336874, 54.645680359090797 ], [ 25.336214455042875, 54.645671817173593 ], [ 25.336199721932278, 54.645222681832294 ], [ 25.33697416869855, 54.645214135105761 ], [ 25.337748615057816, 54.645205583428847 ], [ 25.338523061009838, 54.645197026801583 ], [ 25.338537819719242, 54.645646161719299 ], [ 25.338552578836136, 54.646095296600784 ], [ 25.33932704144674, 54.646086734740436 ], [ 25.339341809504504, 54.646535869444342 ], [ 25.339356577970033, 54.646985004112025 ], [ 25.339371346843329, 54.647434138743492 ], [ 25.340145834646982, 54.647425571508293 ], [ 25.340160612462125, 54.647874705962074 ], [ 25.34017539068531, 54.648323840379604 ], [ 25.340949895149279, 54.648315267910597 ], [ 25.340964682315033, 54.64876440215037 ], [ 25.340979469889103, 54.649213536353919 ], [ 25.341753991014034, 54.649204958650735 ], [ 25.34176878753139, 54.649654092676435 ], [ 25.341783584457314, 54.650103226665905 ], [ 25.342558122243855, 54.650094643728195 ], [ 25.3425729281138, 54.650543777539731 ], [ 25.342587734392577, 54.650992911315015 ], [ 25.343362288841369, 54.650984323142474 ], [ 25.343377104064885, 54.651433456739731 ], [ 25.34339191969751, 54.651882590300701 ], [ 25.344166490809197, 54.65187399689303 ], [ 25.344181315387278, 54.652323130275903 ], [ 25.34419614037472, 54.652772263622531 ], [ 25.34497072814996, 54.652763664979346 ], [ 25.34498556208359, 54.65321279814777 ], [ 25.345000396426851, 54.653661931279913 ], [ 25.345775000866279, 54.653653327400896 ], [ 25.345789844156446, 54.654102460354743 ], [ 25.345804687856511, 54.654551593272345 ], [ 25.34657930896077, 54.65454298415716 ], [ 25.346594161608461, 54.654992116896352 ], [ 25.346609014666324, 54.655441249599313 ], [ 25.347383652436061, 54.655432635247628 ], [ 25.347398514442272, 54.655881767772087 ], [ 25.347413376858906, 54.656330900260294 ], [ 25.348188031294782, 54.656322280671773 ], [ 25.348202902660489, 54.656771412981385 ], [ 25.348217774436904, 54.657220545254738 ], [ 25.348992445539537, 54.657211920429077 ], [ 25.349007326265738, 54.657661052523743 ], [ 25.349022207402907, 54.658110184582164 ], [ 25.349796895172958, 54.658101554518993 ], [ 25.349811785260645, 54.658550686398627 ], [ 25.349826675759555, 54.658999818242023 ], [ 25.350601380197666, 54.658991182941016 ], [ 25.350616279647816, 54.659440314605554 ], [ 25.350631179509467, 54.659889446233812 ], [ 25.351405900616292, 54.659880805694648 ], [ 25.3514208094299, 54.660329937143949 ], [ 25.351435718655274, 54.660779068556991 ], [ 25.351450628292429, 54.661228199933767 ], [ 25.352225374609496, 54.661219554013329 ], [ 25.352240293199593, 54.661668685211069 ], [ 25.352255212201726, 54.662117816372529 ], [ 25.353029975189251, 54.662109165213174 ], [ 25.353044903145037, 54.662558296195485 ], [ 25.353059831513143, 54.663007427141537 ], [ 25.353834611171767, 54.662998770742902 ], [ 25.353849548494249, 54.663447901509748 ], [ 25.353864486229313, 54.663897032240286 ], [ 25.354639282559678, 54.663888370602088 ], [ 25.354654229249846, 54.664337501153312 ], [ 25.35466917635285, 54.664786631668264 ], [ 25.355443989355607, 54.664777964790133 ], [ 25.355458945414441, 54.66522709512568 ], [ 25.355473901886388, 54.665676225424939 ], [ 25.356248731562172, 54.665667553306555 ], [ 25.356263696990673, 54.666116683426324 ], [ 25.356278662832551, 54.666565813509806 ], [ 25.357053509182006, 54.6665571361508 ], [ 25.357068483981156, 54.667006266054699 ], [ 25.357083459193948, 54.667455395922296 ], [ 25.357858322217737, 54.667446713322391 ], [ 25.357873306388523, 54.667895843010307 ], [ 25.357888290973218, 54.668344972661927 ], [ 25.358663170671978, 54.668336284820761 ], [ 25.358678164215387, 54.668785414292614 ], [ 25.359453052044756, 54.668776721353424 ], [ 25.359468054547357, 54.669225850645404 ], [ 25.359483057464388, 54.669674979901103 ], [ 25.360257961969559, 54.669666281720076 ], [ 25.360272973846502, 54.670115410795816 ], [ 25.360287986138143, 54.670564539835247 ], [ 25.361062907319763, 54.670555836412071 ], [ 25.36107792857204, 54.67100496527145 ], [ 25.361092950239286, 54.67145409409455 ], [ 25.361867888097994, 54.671445385428854 ], [ 25.361882918726593, 54.671894514071809 ], [ 25.361897949770427, 54.672343642678456 ], [ 25.362672904306873, 54.672334928769914 ], [ 25.362687944312789, 54.672784057196345 ], [ 25.362702984734199, 54.673233185586469 ], [ 25.36347795594904, 54.673224466434746 ], [ 25.363493005333254, 54.673673594644548 ], [ 25.364267984679614, 54.673664870393402 ], [ 25.364283043027097, 54.674113998422804 ], [ 25.364298101790613, 54.67456312641589 ], [ 25.365073097816186, 54.67455439692101 ], [ 25.365088165543696, 54.675003524733583 ], [ 25.365863169700951, 54.674994790138889 ], [ 25.365878246392931, 54.675443917770892 ], [ 25.365893323501446, 54.67589304536655 ], [ 25.365908401026509, 54.676342172925914 ], [ 25.366683430412468, 54.676333432942528 ], [ 25.366698516902982, 54.676782560321207 ], [ 25.367473554420993, 54.676773815237496 ], [ 25.367488649877423, 54.677222942435421 ], [ 25.36826369552746, 54.677214192251242 ], [ 25.368278799950279, 54.677663319268284 ], [ 25.368293904790427, 54.67811244624901 ], [ 25.368309010047909, 54.67856157319342 ], [ 25.369084080929252, 54.678552817619369 ], [ 25.369099195154106, 54.679001944382826 ], [ 25.369874274167849, 54.678993183707817 ], [ 25.369889397360541, 54.679442310290227 ], [ 25.369904520971076, 54.6798914368363 ], [ 25.370679616667648, 54.679882670915383 ], [ 25.370694749246759, 54.680331797280331 ], [ 25.371469853075894, 54.680323026258037 ], [ 25.371484994624034, 54.680772152441769 ], [ 25.371500136590544, 54.681221278589135 ], [ 25.372275257103333, 54.681212502320363 ], [ 25.372290408039611, 54.681661628286449 ], [ 25.372305559394523, 54.682110754216168 ], [ 25.373080696591625, 54.682101972700544 ], [ 25.373095856917018, 54.682551098448883 ], [ 25.373871002247025, 54.682542311831249 ], [ 25.373886171543376, 54.682991437398094 ], [ 25.373901341258893, 54.683440562928588 ], [ 25.374676503274031, 54.683431771063532 ], [ 25.374691681961217, 54.683880896412447 ], [ 25.375466852109433, 54.683872099444969 ], [ 25.375482039768773, 54.684321224612212 ], [ 25.375497227847791, 54.684770349743104 ], [ 25.376272414681978, 54.684761547527643 ], [ 25.376287611733872, 54.685210672476771 ], [ 25.376302809205718, 54.685659797389548 ], [ 25.377078012726514, 54.685650989925747 ], [ 25.377093219171957, 54.686100114656668 ], [ 25.377108426037619, 54.686549239351216 ], [ 25.377883646245692, 54.686540426638778 ], [ 25.377898862085672, 54.686989551151399 ], [ 25.377914078346148, 54.687438675627646 ], [ 25.378689315242116, 54.687429857666196 ], [ 25.378704540477635, 54.687878981960417 ], [ 25.378719766133901, 54.688328106218272 ], [ 25.37949501971843, 54.688319283007495 ], [ 25.379510254350464, 54.688768407083224 ], [ 25.380285516068977, 54.688759578768639 ], [ 25.380300759677251, 54.689208702662143 ], [ 25.38031600370681, 54.68965782651928 ], [ 25.38109128211471, 54.689648992954794 ], [ 25.38110653512123, 54.690098116629621 ], [ 25.381121788549294, 54.690547240268081 ], [ 25.381897083647225, 54.690538401453338 ], [ 25.381912346052982, 54.690987524909396 ], [ 25.382687649285234, 54.690978680990192 ], [ 25.382702920669157, 54.691427804263768 ], [ 25.382718192475139, 54.691876927500964 ], [ 25.38349351239826, 54.691868078330927 ], [ 25.383508793183129, 54.692317201385535 ], [ 25.384284121240729, 54.692308347110625 ], [ 25.384299411004967, 54.692757469982588 ], [ 25.384314701191776, 54.69320659281815 ], [ 25.385090045941084, 54.693197733291839 ], [ 25.385105345107984, 54.693646855944635 ], [ 25.385880697991922, 54.693637991313039 ], [ 25.385896006139387, 54.694087113783006 ], [ 25.385911314709947, 54.694536236216585 ], [ 25.386686684286428, 54.694527366332977 ], [ 25.38670200183827, 54.694976488583642 ], [ 25.386717319813485, 54.695425610797855 ], [ 25.387492706083144, 54.695416735661972 ], [ 25.387508033040369, 54.695865857693178 ], [ 25.387523360421227, 54.69631497968799 ], [ 25.388298763384714, 54.69630609929942 ], [ 25.38831409974831, 54.69675522111114 ], [ 25.388329436535809, 54.697204342886437 ], [ 25.389104856193764, 54.697195457244874 ], [ 25.389120201964722, 54.697644578836957 ], [ 25.38913554815986, 54.698093700392633 ], [ 25.389910984512937, 54.698084809497765 ], [ 25.389926339692249, 54.698533930870141 ], [ 25.38994169529601, 54.698983052206117 ], [ 25.390717148344851, 54.698974156057588 ], [ 25.390732512933514, 54.699423277210165 ], [ 25.391507974118092, 54.69941437595471 ], [ 25.391523347692139, 54.699863496923797 ], [ 25.391538721691116, 54.700312617855417 ], [ 25.392314199572294, 54.700303711345718 ], [ 25.392329582557412, 54.700752832094828 ], [ 25.392344965967762, 54.701201952807516 ], [ 25.393120460546175, 54.70119304104324 ], [ 25.39313585294336, 54.701642161572281 ], [ 25.393911355657863, 54.701633244700453 ], [ 25.39392675704234, 54.702082365045712 ], [ 25.393942158852578, 54.702531485354555 ], [ 25.39471767826516, 54.702522563227561 ], [ 25.394733089063426, 54.70297168335258 ], [ 25.394748500287719, 54.703420803441148 ], [ 25.395524036399014, 54.703411876058667 ], [ 25.39553945661206, 54.703860995963304 ], [ 25.396315000859786, 54.703852063472603 ], [ 25.396330430062058, 54.704301183193238 ], [ 25.396345859690872, 54.7047503028774 ], [ 25.397121420638154, 54.70474136513063 ], [ 25.397136859256928, 54.705190484630705 ], [ 25.397152298302498, 54.70563960409433 ], [ 25.397927875949993, 54.705630661091163 ], [ 25.39794332398624, 54.70607978037058 ], [ 25.398718909770505, 54.706070832258511 ], [ 25.39873436679791, 54.706519951353634 ], [ 25.398749824252658, 54.706969070412327 ], [ 25.399525426737949, 54.706960117043295 ], [ 25.399540893184568, 54.707409235917581 ], [ 25.400316503806796, 54.707400277439241 ], [ 25.40033197924576, 54.70784939612907 ], [ 25.400347455112588, 54.708298514782463 ], [ 25.401123082436676, 54.708289551046555 ], [ 25.401138567296577, 54.70873866951537 ], [ 25.401914202757752, 54.708729700669764 ], [ 25.401929696611202, 54.709178818953923 ], [ 25.401945190893024, 54.709627937201617 ], [ 25.402720843056908, 54.709618963097867 ], [ 25.402736346333015, 54.71006808116082 ], [ 25.403512006634127, 54.710059101946975 ], [ 25.40352751890498, 54.710508219825094 ], [ 25.40354303160473, 54.710957337666763 ], [ 25.404318708609388, 54.710948353194169 ], [ 25.404334230304606, 54.711397470850891 ], [ 25.405109915446666, 54.711388481267811 ], [ 25.405125446137831, 54.711837598739528 ], [ 25.405140977258419, 54.712286716174773 ], [ 25.405916679104848, 54.712277721332377 ], [ 25.405932219222105, 54.712726838582519 ], [ 25.406707929206085, 54.712717838629189 ], [ 25.406723478320497, 54.713166955694156 ], [ 25.406739027864841, 54.713616072722616 ], [ 25.407514754554029, 54.713607067509407 ], [ 25.407530313096249, 54.714056184352593 ], [ 25.408306047923144, 54.714047174028053 ], [ 25.408321615463713, 54.714496290685879 ], [ 25.408337183434742, 54.714945407307198 ], [ 25.409112934967677, 54.714936391722198 ], [ 25.409128511937773, 54.715385508158064 ], [ 25.409904271608578, 54.715376487461313 ], [ 25.409919857578224, 54.715825603711629 ], [ 25.409935443978856, 54.716274719925458 ], [ 25.410711220356525, 54.716265693967649 ], [ 25.410726815757428, 54.716714809995835 ], [ 25.411502600273121, 54.716705778925878 ], [ 25.411518204674774, 54.717154894768342 ], [ 25.41153380950793, 54.717604010574298 ], [ 25.412309610731324, 54.717594974242708 ], [ 25.412325224565954, 54.718044089862836 ], [ 25.412340838832353, 54.718493205446478 ], [ 25.411565020468824, 54.71850224207671 ], [ 25.411549414772612, 54.718053126343747 ], [ 25.410773604547725, 54.718062157861411 ], [ 25.409997793891542, 54.718071184415862 ], [ 25.409221982804294, 54.718080206007045 ], [ 25.408446171286219, 54.71808922263498 ], [ 25.408461742701515, 54.71853833896445 ], [ 25.408477314547422, 54.71898745525742 ], [ 25.408492886823954, 54.719436571513903 ], [ 25.408508459531124, 54.719885687733921 ], [ 25.40852403266895, 54.720334803917446 ], [ 25.408539606237444, 54.720783920064477 ], [ 25.408555180236622, 54.721233036175036 ], [ 25.408570754666513, 54.721682152249116 ], [ 25.408586329527125, 54.722131268286695 ], [ 25.408601904818468, 54.722580384287802 ], [ 25.407826007156441, 54.72258939744183 ], [ 25.407841574305905, 54.723038513555395 ], [ 25.407857141885895, 54.723487629632508 ], [ 25.408633056693422, 54.723478616180557 ], [ 25.409408971070164, 54.723469597764392 ], [ 25.409424556226909, 54.723918713506997 ], [ 25.410200478745708, 54.723909689977461 ], [ 25.410976400833231, 54.723900661483597 ], [ 25.410992003567625, 54.724349776891394 ], [ 25.411767933796927, 54.724340743283953 ], [ 25.411783545536366, 54.724789858505964 ], [ 25.412559483907408, 54.724780819784755 ], [ 25.412575104652372, 54.725229934820888 ], [ 25.412590725829375, 54.725679049820506 ], [ 25.412606347438423, 54.726128164783638 ], [ 25.412621969479538, 54.72657727971027 ], [ 25.412637591952738, 54.727026394600401 ], [ 25.411861610710631, 54.72703543406854 ], [ 25.411877225041003, 54.727484549071569 ], [ 25.411892839803251, 54.72793366403809 ], [ 25.411908454997395, 54.72838277896814 ], [ 25.412684461964989, 54.728373739051797 ], [ 25.413460468500443, 54.728364694170367 ], [ 25.414236474603509, 54.728355644323813 ], [ 25.415012480273948, 54.728346589512164 ], [ 25.415788485511534, 54.72833752973542 ], [ 25.416564490316023, 54.728328464993581 ], [ 25.417340494687181, 54.728319395286682 ], [ 25.418116498624769, 54.728310320614689 ], [ 25.418132182855459, 54.728759434310682 ], [ 25.418908194934748, 54.728750354523569 ], [ 25.419684206579973, 54.728741269771298 ], [ 25.420460217790907, 54.728732180053889 ], [ 25.420475928182604, 54.729181293262911 ], [ 25.421251947534696, 54.729172198430071 ], [ 25.422027966452003, 54.729163098632021 ], [ 25.42280398493428, 54.729153993868756 ], [ 25.423580002981307, 54.72914488414029 ], [ 25.424356020592825, 54.729135769446643 ], [ 25.42437177429856, 54.729584881866749 ], [ 25.425147800050198, 54.729575762057202 ], [ 25.425163562767771, 54.730024874290031 ], [ 25.425939596659493, 54.730015749364384 ], [ 25.425955368389374, 54.730464861409857 ], [ 25.425179325921349, 54.730473986486309 ], [ 25.425195089510947, 54.730923098646038 ], [ 25.42521085353658, 54.73137221076923 ], [ 25.42522661799827, 54.731821322855865 ], [ 25.425242382896027, 54.732270434905935 ], [ 25.425258148229869, 54.732719546919469 ], [ 25.425273913999817, 54.733168658896439 ], [ 25.425289680205889, 54.733617770836858 ], [ 25.425305446848085, 54.734066882740734 ], [ 25.425321213926441, 54.734515994608067 ], [ 25.42533698144096, 54.734965106438842 ], [ 25.424560852760646, 54.734974228057354 ], [ 25.424576612132423, 54.735423340002342 ], [ 25.425352749391671, 54.735414218233068 ], [ 25.42612888621472, 54.735405091497455 ], [ 25.426144663180775, 54.735854203104267 ], [ 25.426920808146516, 54.735845071251418 ], [ 25.427696952675564, 54.735835934432153 ], [ 25.427712747236807, 54.736285045700441 ], [ 25.427728542234995, 54.736734156932194 ], [ 25.427744337670141, 54.737183268127382 ], [ 25.427760133542268, 54.737632379286019 ], [ 25.427775929851389, 54.738081490408071 ], [ 25.426999742423185, 54.738090627982466 ], [ 25.427015530588776, 54.738539739219007 ], [ 25.427031319191158, 54.738988850418991 ], [ 25.427807523780679, 54.738979712542523 ], [ 25.428583727933155, 54.738970569699084 ], [ 25.428599534134353, 54.739419680560346 ], [ 25.429375746430537, 54.739410532598747 ], [ 25.43015195828918, 54.739401379670106 ], [ 25.430928169710047, 54.73939222177443 ], [ 25.431704380692914, 54.739383058911748 ], [ 25.431720221656196, 54.739832169131112 ], [ 25.432496440781961, 54.739823001149865 ], [ 25.433272659469242, 54.739813828201534 ], [ 25.434048877717775, 54.739804650286118 ], [ 25.434825095527334, 54.739795467403617 ], [ 25.435601312897685, 54.739786279554039 ], [ 25.435617197206017, 54.740235388978292 ], [ 25.436393422718226, 54.740226196009701 ], [ 25.437169647790736, 54.740216998073961 ], [ 25.437945872423306, 54.740207795171088 ], [ 25.437961782915696, 54.740656904102629 ], [ 25.437977693848271, 54.74110601299757 ], [ 25.437993605221063, 54.741555121855903 ], [ 25.438009517034072, 54.742004230677637 ], [ 25.438025429287332, 54.742453339462763 ], [ 25.438801696389575, 54.742444130831707 ], [ 25.438817617665769, 54.742893239428014 ], [ 25.439593892910189, 54.742884025677121 ], [ 25.4396098232098, 54.743333134084523 ], [ 25.439625753950182, 54.743782242455318 ], [ 25.440402045919864, 54.743773023432034 ], [ 25.440417985684384, 54.744222131613824 ], [ 25.441194285796385, 54.744212907470313 ], [ 25.441178337448513, 54.743763799440998 ], [ 25.44195462853591, 54.74375457048221 ], [ 25.441970585467107, 54.74420367835895 ], [ 25.442746884696316, 54.744194444279756 ], [ 25.442762850652578, 54.744643551967243 ], [ 25.442778817050598, 54.745092659618109 ], [ 25.443555133005365, 54.745083420265622 ], [ 25.443571108429175, 54.745532527727136 ], [ 25.443587084295022, 54.74598163515202 ], [ 25.444363416975989, 54.745972390525921 ], [ 25.44437940186835, 54.746421497761361 ], [ 25.444395387203013, 54.746870604960158 ], [ 25.44441137298001, 54.747319712122355 ], [ 25.444427359199338, 54.747768819247902 ], [ 25.444443345861032, 54.748217926336835 ], [ 25.445219721024312, 54.74820867597802 ], [ 25.445235716714009, 54.748657782877416 ], [ 25.445251712846336, 54.749106889740141 ], [ 25.445267709421302, 54.749555996566244 ], [ 25.445283706438929, 54.750005103355733 ], [ 25.445299703899224, 54.750454210108572 ], [ 25.445315701802226, 54.750903316824775 ], [ 25.445331700147936, 54.751352423504365 ], [ 25.445347698936366, 54.751801530147318 ], [ 25.446124142348626, 54.751792273595868 ], [ 25.446140150167317, 54.752241380049149 ], [ 25.446156158429009, 54.752690486465802 ], [ 25.446172167133721, 54.75313959284582 ], [ 25.446188176281453, 54.753588699189201 ], [ 25.44620418587224, 54.754037805495962 ], [ 25.446220195906083, 54.754486911766072 ], [ 25.446996690403921, 54.754477649326709 ], [ 25.447012709469778, 54.754926755407041 ], [ 25.447028728978964, 54.755375861450773 ], [ 25.447044748931507, 54.755824967457841 ], [ 25.447821268753454, 54.755815699589121 ], [ 25.447837297738985, 54.756264805406332 ], [ 25.44785332716814, 54.756713911186907 ], [ 25.44862986372593, 54.756704638041654 ], [ 25.448645902188797, 54.75715374363228 ], [ 25.448661941095562, 54.757602849186249 ], [ 25.449438494389835, 54.757593570764115 ], [ 25.449454542331047, 54.758042676128049 ], [ 25.44947059071642, 54.758491781455326 ], [ 25.450247160747825, 54.758482497755992 ], [ 25.45026321816837, 54.758931602893121 ], [ 25.45103979634634, 54.758922314069814 ], [ 25.451055862802541, 54.75937141901673 ], [ 25.451071929703428, 54.759820523926983 ], [ 25.451848524619358, 54.759811229825878 ], [ 25.451864600556625, 54.760260334545826 ], [ 25.452641203619272, 54.760251035320344 ], [ 25.452657288593397, 54.760700139849874 ], [ 25.453433899802715, 54.760690835499837 ], [ 25.453449993814171, 54.761139939838891 ], [ 25.453466088271103, 54.76158904414126 ], [ 25.453482183173509, 54.762038148406951 ], [ 25.453498278521426, 54.762487252636006 ], [ 25.453514374314857, 54.762936356828391 ], [ 25.453530470553826, 54.763385460984125 ], [ 25.453546567238345, 54.763834565103181 ], [ 25.453562664368437, 54.764283669185545 ], [ 25.453578761944115, 54.764732773231259 ], [ 25.453594859965399, 54.765181877240344 ], [ 25.453610958432296, 54.765630981212738 ], [ 25.453627057344836, 54.766080085148467 ], [ 25.453643156703027, 54.766529189047532 ], [ 25.453659256506889, 54.766978292909954 ], [ 25.453675356756438, 54.767427396735684 ], [ 25.453691457451693, 54.767876500524771 ], [ 25.453707558592662, 54.768325604277173 ], [ 25.453723660179371, 54.768774707992939 ], [ 25.453739762211839, 54.769223811672013 ], [ 25.453755864690073, 54.769672915314452 ], [ 25.453771967614095, 54.770122018920205 ], [ 25.453788070983922, 54.770571122489322 ], [ 25.454564870828868, 54.770561809781533 ], [ 25.454580983241847, 54.771010913159969 ], [ 25.454597096100894, 54.771460016501756 ], [ 25.454613209406041, 54.771909119806857 ], [ 25.454629323157295, 54.772358223075308 ], [ 25.454645437354678, 54.772807326307081 ], [ 25.454661551998196, 54.773256429502204 ], [ 25.454677667087878, 54.773705532660649 ], [ 25.454693782623742, 54.77415463578243 ], [ 25.454709898605795, 54.77460373886754 ], [ 25.454726015034055, 54.775052841915986 ], [ 25.454742131908546, 54.775501944927782 ], [ 25.454758249229275, 54.775951047902893 ], [ 25.454774366996265, 54.776400150841326 ], [ 25.454790485209543, 54.77684925374313 ], [ 25.454806603869105, 54.777298356608256 ], [ 25.454822722974985, 54.777747459436711 ], [ 25.454838842527185, 54.77819656222848 ], [ 25.454061896495322, 54.778205877554591 ], [ 25.454078007892502, 54.778654980463777 ] ] ] } },
{ "type": "Feature", "properties": { "OBJECTID": 697713, "TRIUKSM": "35-39", "PERIODAS": 4, "TIPAS": 8, "METAI": 2011, "SHAPEarea": 31125000.005856, "SHAPElen": 71600 }, "geometry": { "type": "Polygon", "coordinates": [ [ [ 25.289868546096208, 54.796686337610822 ], [ 25.289091191882466, 54.796694598394659 ], [ 25.289076898700859, 54.796245465841537 ], [ 25.289062605915205, 54.795796333252426 ], [ 25.288285268531936, 54.79580458878484 ], [ 25.288270984755073, 54.795355456023216 ], [ 25.287493655588985, 54.795363706440988 ], [ 25.287507930752973, 54.795812839339106 ], [ 25.286730592578554, 54.795821084915247 ], [ 25.285953254008923, 54.795829325513246 ], [ 25.285175915044302, 54.795837561133098 ], [ 25.285190164764316, 54.796286694404174 ], [ 25.284412816791782, 54.796294925182018 ], [ 25.283635468424738, 54.796303150981615 ], [ 25.282858119663413, 54.796311371802965 ], [ 25.2828723439379, 54.796760505446308 ], [ 25.282094986169078, 54.796768721425323 ], [ 25.282080770508049, 54.796319587646053 ], [ 25.282066555240814, 54.795870453830851 ], [ 25.281289214304881, 54.795878664559851 ], [ 25.281275008044432, 54.795429530572882 ], [ 25.28126080217752, 54.794980396549981 ], [ 25.281246596704122, 54.79453126249112 ], [ 25.280469281212955, 54.794539467834738 ], [ 25.279691965328517, 54.794547668200423 ], [ 25.27891464905105, 54.794555863588144 ], [ 25.278137332380798, 54.794564053997945 ], [ 25.278123161750166, 54.794114919360709 ], [ 25.277345853299718, 54.794123104657153 ], [ 25.276568544456968, 54.794131284975698 ], [ 25.275791235222162, 54.794139460316359 ], [ 25.275777090820462, 54.79369032523725 ], [ 25.275762946810559, 54.793241190122231 ], [ 25.275748803192464, 54.792792054971287 ], [ 25.275734659966133, 54.79234291978441 ], [ 25.275720517131568, 54.791893784561623 ], [ 25.275706374688749, 54.791444649302896 ], [ 25.275692232637663, 54.790995514008259 ], [ 25.275678090978296, 54.790546378677689 ], [ 25.27566394971063, 54.790097243311187 ], [ 25.275649808834654, 54.789648107908768 ], [ 25.27563566835035, 54.789198972470402 ], [ 25.275621528257705, 54.788749836996139 ], [ 25.275607388556708, 54.788300701485944 ], [ 25.275593249247329, 54.78785156593981 ], [ 25.275579110329577, 54.787402430357773 ], [ 25.275564971803419, 54.786953294739796 ], [ 25.275550833668845, 54.786504159085901 ], [ 25.27553669592584, 54.786055023396074 ], [ 25.275522558574401, 54.785605887670322 ], [ 25.275508421614489, 54.785156751908644 ], [ 25.275494285046104, 54.784707616111042 ], [ 25.275480148869242, 54.784258480277494 ], [ 25.275466013083868, 54.783809344408027 ], [ 25.275451877689967, 54.783360208502657 ], [ 25.275437742687551, 54.78291107256134 ], [ 25.275423608076579, 54.782461936584106 ], [ 25.275409473857039, 54.782012800570939 ], [ 25.275395340028929, 54.78156366452184 ], [ 25.274618271452677, 54.781571831101559 ], [ 25.274604146621463, 54.781122694881482 ], [ 25.274590022181403, 54.78067355862548 ], [ 25.274575898132483, 54.780224422333546 ], [ 25.274561774474687, 54.77977528600568 ], [ 25.274547651208007, 54.779326149641896 ], [ 25.27453352833242, 54.778877013242194 ], [ 25.274519405847915, 54.778427876806568 ], [ 25.275296414190745, 54.778419711172234 ], [ 25.276073422142275, 54.778411540562878 ], [ 25.276850429702254, 54.778403364978523 ], [ 25.277627436870461, 54.778395184419161 ], [ 25.278404443646643, 54.778386998884791 ], [ 25.279181450030574, 54.778378808375457 ], [ 25.279958456022005, 54.778370612891116 ], [ 25.280735461620697, 54.778362412431797 ], [ 25.281512466826427, 54.778354206997513 ], [ 25.282289471638947, 54.77834599658825 ], [ 25.283066476058018, 54.77833778120403 ], [ 25.283843480083402, 54.778329560844846 ], [ 25.28462048371486, 54.778321335510711 ], [ 25.284606249772899, 54.777872200801134 ], [ 25.284592016225073, 54.777423066055597 ], [ 25.284577783071384, 54.7769739312741 ], [ 25.284563550311816, 54.776524796456641 ], [ 25.284549317946354, 54.776075661603215 ], [ 25.284535085974969, 54.775626526713829 ], [ 25.284520854397663, 54.775177391788475 ], [ 25.284506623214408, 54.774728256827153 ], [ 25.2844923924252, 54.774279121829878 ], [ 25.283715466217966, 54.77428734593984 ], [ 25.282938539616946, 54.774295565075604 ], [ 25.282952753202657, 54.774744700344804 ], [ 25.282175817606316, 54.774752914642178 ], [ 25.281398881616639, 54.774761123965263 ], [ 25.280621945233875, 54.774769328314022 ], [ 25.27984500845826, 54.774777527688457 ], [ 25.279068071290023, 54.774785722088581 ], [ 25.278291133729414, 54.774793911514365 ], [ 25.277514195776664, 54.774802095965825 ], [ 25.276737257432014, 54.774810275442952 ], [ 25.275960318695702, 54.77481844994572 ], [ 25.275946182526447, 54.774369313456873 ], [ 25.275932046748604, 54.773920176932108 ], [ 25.27515512482443, 54.773928346190331 ], [ 25.274378202509105, 54.77393651047435 ], [ 25.274392321083603, 54.774385647269234 ], [ 25.27361538977566, 54.774393806714002 ], [ 25.272838458077025, 54.774401961184495 ], [ 25.272061525987926, 54.774410110680677 ], [ 25.272075619147522, 54.774859247844198 ], [ 25.272089712697348, 54.775308384971808 ], [ 25.271312763013839, 54.775316529763089 ], [ 25.27132684835146, 54.775765666989493 ], [ 25.270549889675479, 54.775773806940919 ], [ 25.270563966800424, 54.77622294426601 ], [ 25.27057804431518, 54.776672081555198 ], [ 25.269801068043726, 54.776680216801154 ], [ 25.269786999131934, 54.776231079377439 ], [ 25.269010031073872, 54.776239209514195 ], [ 25.268233062626489, 54.776247334676327 ], [ 25.268247114332318, 54.776696472368876 ], [ 25.268261166427259, 54.777145610025535 ], [ 25.267484180384546, 54.777153730481594 ], [ 25.266707193952946, 54.77716184596283 ], [ 25.265930207132712, 54.777169956469251 ], [ 25.265153219924063, 54.777178062000822 ], [ 25.265139202242171, 54.776728923807482 ], [ 25.265125184948424, 54.776279785578261 ], [ 25.265111168042825, 54.775830647313136 ], [ 25.265097151525342, 54.775381509012121 ], [ 25.265874104322275, 54.775373404016712 ], [ 25.265860079590574, 54.774924265813851 ], [ 25.266637023396846, 54.774916155978076 ], [ 25.266622990451395, 54.77446701787342 ], [ 25.267399925267039, 54.774458903197406 ], [ 25.267385884108318, 54.774009765191074 ], [ 25.267371843338363, 54.773560627148832 ], [ 25.267357802957179, 54.773111489070693 ], [ 25.268134711579311, 54.773103369823183 ], [ 25.268120662985776, 54.772654231843397 ], [ 25.267343762964742, 54.772662350956651 ], [ 25.267329723361048, 54.772213212806726 ], [ 25.266552831552154, 54.772221326811767 ], [ 25.265775939354779, 54.772229435842917 ], [ 25.265761917341091, 54.771780297388801 ], [ 25.264985033356137, 54.77178840131198 ], [ 25.26420814898319, 54.771796500261338 ], [ 25.264194144558591, 54.771347361503366 ], [ 25.263417268398353, 54.771355455345002 ], [ 25.262640391850617, 54.771363544212868 ], [ 25.26262640501421, 54.770914405151423 ], [ 25.261849536679456, 54.770922488911793 ], [ 25.261072667957688, 54.770930567698464 ], [ 25.261058698708567, 54.770481428333859 ], [ 25.260281838200068, 54.770489502013312 ], [ 25.259504977305053, 54.770497570719129 ], [ 25.259491025642305, 54.770048431051691 ], [ 25.258714172960836, 54.770056494650518 ], [ 25.257937319893337, 54.770064553275773 ], [ 25.257923385816049, 54.769615413305871 ], [ 25.257146540962385, 54.769623466824385 ], [ 25.25636969572318, 54.769631515369404 ], [ 25.256355779230447, 54.769182375097358 ], [ 25.255578942205357, 54.769190418535864 ], [ 25.255565034697092, 54.76874127809495 ], [ 25.25478820588614, 54.768749316427105 ], [ 25.254011376690389, 54.768757349785901 ], [ 25.253997486765076, 54.768308209043369 ], [ 25.253220665783743, 54.768316237296069 ], [ 25.252443844418107, 54.768324260575483 ], [ 25.25242997207484, 54.767875119531688 ], [ 25.251653158923904, 54.767883137705219 ], [ 25.250876345389159, 54.767891150905541 ], [ 25.250862490627025, 54.767442009560796 ], [ 25.250085685307258, 54.767450017655513 ], [ 25.249308879604172, 54.767458020777077 ], [ 25.249295042422258, 54.76700887913173 ], [ 25.248518244934434, 54.767016877147903 ], [ 25.248504416733716, 54.766567735334469 ], [ 25.248490588915814, 54.766118593485196 ], [ 25.249267369207647, 54.766110595733551 ], [ 25.249253533174919, 54.765661453980691 ], [ 25.249239697525212, 54.765212312192006 ], [ 25.248462934428424, 54.765220309679187 ], [ 25.248449107758894, 54.764771167722422 ], [ 25.247672352876513, 54.764779160104709 ], [ 25.247658535186694, 54.764330017979972 ], [ 25.246881788518728, 54.764338005257514 ], [ 25.24686797980814, 54.763888862964876 ], [ 25.246091241354637, 54.763896845137857 ], [ 25.246077441622802, 54.763447702677382 ], [ 25.245300711383784, 54.763455679745974 ], [ 25.244523980762999, 54.763463651842109 ], [ 25.24451019860572, 54.763014509082105 ], [ 25.243733476199701, 54.763022476074092 ], [ 25.243719703020009, 54.762573333146534 ], [ 25.243705930221573, 54.762124190183158 ], [ 25.243692157804389, 54.761675047183985 ], [ 25.243678385768444, 54.761225904148993 ], [ 25.243664614113719, 54.760776761078169 ], [ 25.2436508428402, 54.760327617971555 ], [ 25.243637071947877, 54.759878474829122 ], [ 25.242860409328117, 54.759886435927235 ], [ 25.24284664741138, 54.759437292617356 ], [ 25.242832885875572, 54.758988149271651 ], [ 25.242056240063484, 54.758996105134877 ], [ 25.242042487502541, 54.758546961621825 ], [ 25.242028735322254, 54.758097818072962 ], [ 25.24125210631718, 54.758105768701647 ], [ 25.24123836311103, 54.757656624985522 ], [ 25.240461742319052, 54.757664570511373 ], [ 25.240448008086567, 54.757215426628058 ], [ 25.239671395507717, 54.757223367051232 ], [ 25.239685121146923, 54.757672511065813 ], [ 25.238908499594867, 54.757680446648891 ], [ 25.23892221702047, 54.758129590758877 ], [ 25.23814558649519, 54.758137521501681 ], [ 25.237368955590451, 54.75814544727298 ], [ 25.237355255351968, 54.757696302900783 ], [ 25.236578632661583, 54.757704223569633 ], [ 25.236564941395638, 54.757255079030699 ], [ 25.236551250508644, 54.756805934455983 ], [ 25.237327856012588, 54.75679801404906 ], [ 25.237314156911673, 54.756348869569507 ], [ 25.236537560000592, 54.756356789845483 ], [ 25.236523869871458, 54.755907645199173 ], [ 25.236510180121243, 54.755458500517094 ], [ 25.237286759847315, 54.755450580503037 ], [ 25.238063339194252, 54.75544265551796 ], [ 25.238049632638649, 54.754993511062061 ], [ 25.238826203014096, 54.754985581237122 ], [ 25.239602773009945, 54.754977646441262 ], [ 25.240379342625964, 54.754969706674508 ], [ 25.24115591186191, 54.754961761936848 ], [ 25.241932480717551, 54.754953812228315 ], [ 25.242709049192637, 54.754945857548876 ], [ 25.242695291465306, 54.754496713845079 ], [ 25.243471850967826, 54.75448875432636 ], [ 25.244248410089327, 54.754480789836855 ], [ 25.245024968829593, 54.754472820376563 ], [ 25.24580152718837, 54.754464845945492 ], [ 25.246578085165428, 54.754456866543649 ], [ 25.247354642760534, 54.754448882171033 ], [ 25.247340833864833, 54.753999739222223 ], [ 25.248117382486267, 54.753991750010933 ], [ 25.248893930725284, 54.753983755828962 ], [ 25.249670478581642, 54.753975756676326 ], [ 25.250447026055109, 54.753967752553002 ], [ 25.250433183176732, 54.753518610097224 ], [ 25.251209721675899, 54.753510601135666 ], [ 25.2519862597917, 54.753502587203528 ], [ 25.252762797523911, 54.753494568300823 ], [ 25.253539334872297, 54.753486544427567 ], [ 25.253525458013357, 54.753037402466092 ], [ 25.254301986386793, 54.753029373754991 ], [ 25.255078514375942, 54.75302134007346 ], [ 25.255855041980556, 54.75301330142144 ], [ 25.255841139733782, 54.752564159822555 ], [ 25.256617658363034, 54.752556116333061 ], [ 25.257394176607299, 54.752548067873207 ], [ 25.258170694466333, 54.752540014442957 ], [ 25.258156766833263, 54.752090873207415 ], [ 25.258933275716508, 54.75208281494006 ], [ 25.259709784214078, 54.752074751702409 ], [ 25.260486292325723, 54.752066683494498 ], [ 25.260472339307892, 54.751617542623016 ], [ 25.261248838443329, 54.751609469578312 ], [ 25.262025337192391, 54.751601391563433 ], [ 25.262011367381113, 54.751152250923084 ], [ 25.262787857153775, 54.751144168071669 ], [ 25.263564346539592, 54.75113608025017 ], [ 25.264340835538327, 54.751127987458595 ], [ 25.264326840345095, 54.750678847183494 ], [ 25.265103320367022, 54.750670749555724 ], [ 25.2658798000014, 54.750662646957984 ], [ 25.265865788016981, 54.750213506914804 ], [ 25.266642258674356, 54.750205399481125 ], [ 25.267418728943731, 54.750197287077519 ], [ 25.267404700169116, 54.749748147266615 ], [ 25.268181161461285, 54.749740030027354 ], [ 25.268957622364994, 54.749731907818266 ], [ 25.268943576801181, 54.749282768239922 ], [ 25.269720028727491, 54.74927464119542 ], [ 25.270496480264885, 54.749266509181219 ], [ 25.271272931413115, 54.749258372197296 ], [ 25.27125886047267, 54.748809232986368 ], [ 25.27203530264309, 54.748801091167351 ], [ 25.272811744423883, 54.748792944378756 ], [ 25.272797656696493, 54.748343805401177 ], [ 25.273574089499284, 54.74833565377773 ], [ 25.274350521911995, 54.748327497184761 ], [ 25.274336417398651, 54.747878358440879 ], [ 25.275112840833167, 54.747870197013327 ], [ 25.275889263877144, 54.747862030616382 ], [ 25.27587514257884, 54.747412892106482 ], [ 25.276651556644421, 54.747404720875181 ], [ 25.276637427149506, 54.746955582464437 ], [ 25.277413832236736, 54.746947406398967 ], [ 25.278190236932726, 54.746939225364279 ], [ 25.278176090654583, 54.746490087188008 ], [ 25.278952486372027, 54.746481901319399 ], [ 25.278938331898473, 54.746032763242482 ], [ 25.27971471863739, 54.746024572540144 ], [ 25.280491104984399, 54.746016376868752 ], [ 25.280476933729332, 54.745567239026776 ], [ 25.281253311097625, 54.745559038521883 ], [ 25.281239131648348, 54.745109900779532 ], [ 25.282015500037954, 54.745101695441313 ], [ 25.282791868034966, 54.745093485134241 ], [ 25.282777671805896, 54.744644347627279 ], [ 25.283554030824025, 54.74463613248713 ], [ 25.283539826401963, 54.744186995080021 ], [ 25.284316176441241, 54.744178775106967 ], [ 25.284301963826646, 54.743729637799767 ], [ 25.285078304887108, 54.743721412993985 ], [ 25.285064084080457, 54.743272275786786 ], [ 25.285840416162127, 54.74326404614844 ], [ 25.285826187163895, 54.742814909041279 ], [ 25.286602510266796, 54.742806674570545 ], [ 25.286588273077466, 54.742357537563542 ], [ 25.28736458720164, 54.742349298260571 ], [ 25.287350341821686, 54.741900161353776 ], [ 25.287336096835876, 54.74145102441102 ], [ 25.288112393397036, 54.741442780412264 ], [ 25.288098140221297, 54.74099364356978 ], [ 25.288874427804046, 54.740985394739198 ], [ 25.288860166438848, 54.740536257997086 ], [ 25.288845905468232, 54.740087121218977 ], [ 25.289622175489022, 54.740078867693185 ], [ 25.28960790632965, 54.739629731015519 ], [ 25.289593637565059, 54.739180594301864 ], [ 25.290369890024664, 54.739172336081168 ], [ 25.290355613072023, 54.738723199468012 ], [ 25.290341336514363, 54.738274062818867 ], [ 25.290327060351689, 54.737824926133726 ], [ 25.291103286668541, 54.737816663355062 ], [ 25.291089002318728, 54.737367526770484 ], [ 25.291074718364097, 54.736918390149917 ], [ 25.291060434804635, 54.73646925349334 ], [ 25.291046151640334, 54.736020116800766 ], [ 25.29182234323504, 54.736011849601233 ], [ 25.29180805188474, 54.735562713009315 ], [ 25.291793760929806, 54.73511357638138 ], [ 25.291779470370212, 54.734664439717456 ], [ 25.291765180205964, 54.7342153030175 ], [ 25.291750890437033, 54.733766166281562 ], [ 25.292527038733084, 54.733757894798501 ], [ 25.292512740779511, 54.733308758163254 ], [ 25.292498443221472, 54.732859621492018 ], [ 25.292484146058943, 54.732410484784758 ], [ 25.292469849291916, 54.731961348041494 ], [ 25.292455552920369, 54.731512211262235 ], [ 25.292441256944297, 54.731063074446951 ], [ 25.29242696136367, 54.73061393759567 ], [ 25.292412666178482, 54.730164800708366 ], [ 25.292398371388721, 54.729715663785058 ], [ 25.292384076994367, 54.729266526825739 ], [ 25.292369782995408, 54.728817389830404 ], [ 25.292355489391827, 54.728368252799072 ], [ 25.293131534348845, 54.728359977990642 ], [ 25.293117232563549, 54.727910841060073 ], [ 25.293102931173838, 54.727461704093479 ], [ 25.29232690337075, 54.727469978628363 ], [ 25.292312610953214, 54.727020841489001 ], [ 25.292298318931007, 54.726571704313621 ], [ 25.292284027304099, 54.72612256710223 ], [ 25.292269736072477, 54.72567342985483 ], [ 25.292255445236133, 54.725224292571411 ], [ 25.292241154795057, 54.724775155251997 ], [ 25.292226864749217, 54.724326017896551 ], [ 25.292212575098613, 54.723876880505131 ], [ 25.292198285843227, 54.72342774307765 ], [ 25.292183996983034, 54.722978605614195 ], [ 25.291408054540181, 54.722986873816865 ], [ 25.291393774649428, 54.722537736180726 ], [ 25.291379495153617, 54.722088598508599 ], [ 25.291365216052725, 54.721639460800468 ], [ 25.291350937346731, 54.721190323056312 ], [ 25.291336659035629, 54.720741185276175 ], [ 25.291322381119404, 54.720292047459978 ], [ 25.290546489723656, 54.720300309878525 ], [ 25.290532220775138, 54.719851171889815 ], [ 25.290517952221229, 54.719402033865087 ], [ 25.290503684061914, 54.718952895804357 ], [ 25.29048941629717, 54.718503757707602 ], [ 25.290475148926998, 54.718054619574865 ], [ 25.289699299998563, 54.718062876346821 ], [ 25.28968504159462, 54.717613738041607 ], [ 25.289670783584967, 54.717164599700425 ], [ 25.289656525969601, 54.716715461323211 ], [ 25.289642268748501, 54.716266322910009 ], [ 25.289628011921653, 54.715817184460782 ], [ 25.288852205455001, 54.715825435587021 ], [ 25.288837957592907, 54.715376296965466 ], [ 25.288823710124788, 54.714927158307887 ], [ 25.288809463050647, 54.714478019614319 ], [ 25.28879521637046, 54.714028880884747 ], [ 25.288019443790478, 54.71403712650244 ], [ 25.288005206073809, 54.713587987600604 ], [ 25.287990968750833, 54.71313884866278 ], [ 25.28797673182153, 54.712689709688959 ], [ 25.287962495285893, 54.712240570679121 ], [ 25.287186756589147, 54.712248810788957 ], [ 25.287172529015805, 54.711799671606968 ], [ 25.287158301835838, 54.711350532388991 ], [ 25.287144075049266, 54.710901393135011 ], [ 25.287129848656054, 54.710452253845048 ], [ 25.286354143839116, 54.710460488447715 ], [ 25.286339926406963, 54.710011348985681 ], [ 25.286325709367919, 54.709562209487643 ], [ 25.286311492721953, 54.709113069953617 ], [ 25.286297276469053, 54.708663930383601 ], [ 25.28552160552848, 54.708672159479818 ], [ 25.285507398235417, 54.708223019737815 ], [ 25.28549319133516, 54.707773879959852 ], [ 25.285478984827691, 54.707324740145886 ], [ 25.285464778712992, 54.70687560029593 ], [ 25.284689141645359, 54.706883823886372 ], [ 25.284674944489272, 54.706434683864543 ], [ 25.284660747725685, 54.705985543806712 ], [ 25.284646551354598, 54.705536403712898 ], [ 25.283870939591317, 54.705544621934095 ], [ 25.283856752177854, 54.705095481668515 ], [ 25.283842565156625, 54.704646341366931 ], [ 25.283828378527602, 54.704197201029395 ], [ 25.283052792066876, 54.704205413881795 ], [ 25.28303861439451, 54.703756273372555 ], [ 25.28302443711409, 54.703307132827348 ], [ 25.283010260225602, 54.702857992246123 ], [ 25.282996083729021, 54.702408851628931 ], [ 25.282220531132811, 54.702417058977503 ], [ 25.282206363591666, 54.701967918188735 ], [ 25.282192196442168, 54.701518777363972 ], [ 25.282178029684342, 54.7010696365043 ], [ 25.281402502386374, 54.701077838485233 ], [ 25.281388344582968, 54.700628697453006 ], [ 25.281374187170929, 54.700179556384796 ], [ 25.281360030150246, 54.699730415280619 ], [ 25.281345873520905, 54.699281274140432 ], [ 25.280570380081514, 54.699289470618822 ], [ 25.280556232405399, 54.698840329307252 ], [ 25.280542085120356, 54.698391187959722 ], [ 25.280527938226378, 54.697942046576209 ], [ 25.279752470080929, 54.697950237688033 ], [ 25.279738332139193, 54.69750109613323 ], [ 25.279724194588258, 54.697051954542431 ], [ 25.279710057428098, 54.696602812915671 ], [ 25.278934614574798, 54.696610998661519 ], [ 25.278920486365916, 54.696161856863533 ], [ 25.278906358547548, 54.695712715029593 ], [ 25.278892231119677, 54.695263573159693 ], [ 25.278878104082285, 54.694814431253803 ], [ 25.278102695079138, 54.694822611498985 ], [ 25.278088576991792, 54.694373469422004 ], [ 25.278074459294682, 54.693924327309041 ], [ 25.278060341987768, 54.693475185160125 ], [ 25.277284958272453, 54.693483360040382 ], [ 25.277270849914611, 54.693034217720445 ], [ 25.277256741946712, 54.692585075364534 ], [ 25.277242634368733, 54.692135932972654 ], [ 25.276467275939453, 54.692144102488548 ], [ 25.276453177309573, 54.691694959925748 ], [ 25.276439079069359, 54.691245817326987 ], [ 25.276424981218781, 54.690796674692251 ], [ 25.275649648073731, 54.690804838844265 ], [ 25.275635559170286, 54.690355696038729 ], [ 25.275621470656205, 54.68990655319719 ], [ 25.275607382531494, 54.689457410319733 ], [ 25.275593294796135, 54.689008267406294 ], [ 25.27481799549032, 54.689016426060171 ], [ 25.274803916700858, 54.688567282975995 ], [ 25.274789838300478, 54.688118139855874 ], [ 25.274775760289163, 54.687668996699784 ], [ 25.274000486263287, 54.687677149990897 ], [ 25.273986417196902, 54.687228006664171 ], [ 25.273972348519312, 54.686778863301491 ], [ 25.273958280230516, 54.686329719902858 ], [ 25.273944212330498, 54.685880576468278 ], [ 25.273930144819239, 54.685431432997746 ], [ 25.273916077696722, 54.684982289491231 ], [ 25.273140854613793, 54.684990437016324 ], [ 25.273126796434475, 54.684541293339294 ], [ 25.273112738643636, 54.684092149626295 ], [ 25.273098681241258, 54.683643005877364 ], [ 25.272323483432579, 54.683651148040994 ], [ 25.272309434972431, 54.683202004121611 ], [ 25.272295386900474, 54.682752860166261 ], [ 25.272281339216715, 54.682303716174978 ], [ 25.271506166680474, 54.682311852977662 ], [ 25.271492127937961, 54.68186270881602 ], [ 25.271478089583368, 54.681413564618431 ], [ 25.271464051616672, 54.68096442038491 ], [ 25.270688904351083, 54.680972551827161 ], [ 25.270674875324669, 54.680523407423358 ], [ 25.270660846685892, 54.680074262983617 ], [ 25.270646818434741, 54.679625118507957 ], [ 25.270632790571209, 54.679175973996323 ], [ 25.269857677126137, 54.679184099944422 ], [ 25.269843658201658, 54.678734955262634 ], [ 25.269829639664518, 54.678285810544899 ], [ 25.2690545429348, 54.67829393126781 ], [ 25.269040533335989, 54.677844786380014 ], [ 25.269026524124261, 54.677395641456258 ], [ 25.269012515299597, 54.676946496496598 ], [ 25.268237443835115, 54.676954611860609 ], [ 25.268223443947804, 54.676505466730937 ], [ 25.268209444447297, 54.676056321565348 ], [ 25.268195445333578, 54.675607176363798 ], [ 25.267420399132536, 54.675615286369435 ], [ 25.2674064089552, 54.675166140998016 ], [ 25.267392419164381, 54.674716995590664 ], [ 25.267378429760072, 54.67426785014738 ], [ 25.266603408820668, 54.674275954795142 ], [ 25.266589428351768, 54.67382680918206 ], [ 25.266575448269105, 54.673377663533046 ], [ 25.265800444041076, 54.673385762957224 ], [ 25.265786472893101, 54.67293661713849 ], [ 25.265772502131103, 54.672487471283851 ], [ 25.265758531755072, 54.672038325393288 ], [ 25.264983552785768, 54.672046419460521 ], [ 25.264969591343448, 54.67159727340033 ], [ 25.264955630286828, 54.671148127304235 ], [ 25.264941669615897, 54.670698981172194 ], [ 25.26416671590351, 54.670707069882994 ], [ 25.264152764165313, 54.670257923581438 ], [ 25.264138812812533, 54.669808777243972 ], [ 25.264124861845161, 54.669359630870595 ], [ 25.263349933387904, 54.669367714225459 ], [ 25.263335991352299, 54.668918567682653 ], [ 25.263322049701834, 54.668469421103907 ], [ 25.263308108436494, 54.668020274489265 ], [ 25.262533205232558, 54.668028352488726 ], [ 25.262519272898015, 54.66757920570474 ], [ 25.26250534094833, 54.667130058884844 ], [ 25.26249140938349, 54.66668091202903 ], [ 25.261716531431073, 54.666688984673598 ], [ 25.26170260879606, 54.666239837648547 ], [ 25.261688686545629, 54.665790690587571 ], [ 25.260913825298399, 54.665798758010993 ], [ 25.26089991197707, 54.665349610780886 ], [ 25.260885999040056, 54.664900463514854 ], [ 25.260872086487343, 54.664451316212926 ], [ 25.26009725048873, 54.664459378282373 ], [ 25.260083346864143, 54.664010230811378 ], [ 25.260069443623596, 54.663561083304486 ], [ 25.26005554076707, 54.663111935761677 ], [ 25.259280730015277, 54.663119992477682 ], [ 25.25926683608591, 54.662670844765906 ], [ 25.259252942540297, 54.662221697018239 ], [ 25.258478148490827, 54.662229748514278 ], [ 25.258464263871655, 54.66178060059773 ], [ 25.257689477981383, 54.661788647007008 ], [ 25.257675602288174, 54.661339498921677 ], [ 25.257661726978206, 54.660890350800429 ], [ 25.25764785205147, 54.660441202643305 ], [ 25.257633977507943, 54.659992054450278 ], [ 25.257620103347627, 54.659542906221347 ], [ 25.257606229570481, 54.659093757956498 ], [ 25.25683149454834, 54.659101798615232 ], [ 25.256817629695448, 54.658652650181715 ], [ 25.256042902831449, 54.658660685754448 ], [ 25.256029046902331, 54.658211537152326 ], [ 25.255254328196518, 54.658219567639208 ], [ 25.25524048119069, 54.657770418868573 ], [ 25.25522663456729, 54.657321270062056 ], [ 25.255212788326297, 54.656872121219664 ], [ 25.255198942467693, 54.656422972341367 ], [ 25.254424257540606, 54.656430997344977 ], [ 25.254410420604074, 54.655981848298268 ], [ 25.25439658404968, 54.655532699215669 ], [ 25.253621915819647, 54.655540719001571 ], [ 25.253608088186606, 54.655091569750631 ], [ 25.252833428113956, 54.655099584451492 ], [ 25.252819609401797, 54.654650435032352 ], [ 25.252044957486561, 54.654658444648348 ], [ 25.252031147694819, 54.654209295061051 ], [ 25.252017338284436, 54.653760145437879 ], [ 25.252003529255411, 54.65331099577881 ], [ 25.251228902574539, 54.653319000045748 ], [ 25.251215102464947, 54.652869850218636 ], [ 25.251201302736455, 54.652420700355641 ], [ 25.25118750338903, 54.651971550456764 ], [ 25.251173704422655, 54.651522400522019 ], [ 25.250399111511758, 54.651530399308321 ], [ 25.250385321463611, 54.651081249205625 ], [ 25.250371531796254, 54.650632099067032 ], [ 25.249596955578703, 54.650640092637389 ], [ 25.249583174828853, 54.65019094233093 ], [ 25.248808606767497, 54.650198930817567 ], [ 25.248034038325844, 54.650206914352481 ], [ 25.248020275029539, 54.649757763746422 ], [ 25.247245714744359, 54.649765742197836 ], [ 25.247231960364399, 54.649316591424167 ], [ 25.248006512113278, 54.649308613104495 ], [ 25.247992749577044, 54.648859462426699 ], [ 25.247978987420826, 54.648410311713036 ], [ 25.247204452743834, 54.648418289769246 ], [ 25.246429917687074, 54.648426262874054 ], [ 25.246416172982045, 54.647977111861152 ], [ 25.246402428656534, 54.647527960812376 ], [ 25.247176946642323, 54.647519987970874 ], [ 25.247163194161178, 54.647070837017871 ], [ 25.246388684710528, 54.647078809727731 ], [ 25.245614174880384, 54.647086777486436 ], [ 25.245600439848769, 54.646637626234366 ], [ 25.244825938174301, 54.646645588910395 ], [ 25.244812212056615, 54.646196437491 ], [ 25.244798486317919, 54.645747286035757 ], [ 25.245572970923245, 54.645739323622678 ], [ 25.245559237029294, 54.645290172263053 ], [ 25.244784760958193, 54.645298134544646 ], [ 25.244771035977426, 54.644848983017681 ], [ 25.243996568061352, 54.644856940217061 ], [ 25.243222099766584, 54.644864892465648 ], [ 25.243208392232297, 54.644415740640142 ], [ 25.24243393209284, 54.644423687806729 ], [ 25.242420233470572, 54.643974535814159 ], [ 25.242406535226511, 54.643525383785743 ], [ 25.242392837360647, 54.64307623172148 ], [ 25.242379139872963, 54.642627079621363 ], [ 25.24236544276345, 54.642177927485406 ], [ 25.242351746032082, 54.641728775313581 ], [ 25.24233804967886, 54.641279623105945 ], [ 25.242324353703765, 54.640830470862433 ], [ 25.241549961448044, 54.640838412029304 ], [ 25.241536274382742, 54.640389259618843 ], [ 25.241522587695307, 54.639940107172528 ], [ 25.241508901385703, 54.639490954690359 ], [ 25.240734534346508, 54.639498890514098 ], [ 25.239960166929716, 54.639506821388018 ], [ 25.239946498059954, 54.639057668608046 ], [ 25.23993282956754, 54.638608515792242 ], [ 25.23991916145247, 54.638159362940598 ], [ 25.239144819250665, 54.638167288472118 ], [ 25.238370476671783, 54.638175209054054 ], [ 25.238356825994682, 54.637726055904963 ], [ 25.2383431756944, 54.637276902720011 ], [ 25.237568849799128, 54.63728481809099 ], [ 25.237555208405549, 54.636835664739529 ], [ 25.237541567388536, 54.636386511352242 ], [ 25.238315876224299, 54.636378596242622 ], [ 25.238302227054444, 54.635929442950179 ], [ 25.237527926748086, 54.63593735792913 ], [ 25.237514286484174, 54.635488204470171 ], [ 25.2375006465968, 54.635039050975386 ], [ 25.237487007085928, 54.634589897444748 ], [ 25.236712731989869, 54.634597807082748 ], [ 25.236699101383987, 54.634148653385722 ], [ 25.235924834440151, 54.634156557944266 ], [ 25.23591121273877, 54.633707404080909 ], [ 25.235136953947183, 54.633715303560152 ], [ 25.235123341149841, 54.633266149530563 ], [ 25.235109728728251, 54.632816995465134 ], [ 25.235096116682396, 54.632367841363902 ], [ 25.234321883098492, 54.632375735503359 ], [ 25.234308279955702, 54.631926581235973 ], [ 25.234294677188398, 54.63147742693274 ], [ 25.233520460283479, 54.631485315863188 ], [ 25.233506866418512, 54.631036161393915 ], [ 25.23273265766527, 54.631044045245801 ], [ 25.232719072702185, 54.630594890610553 ], [ 25.23270548811406, 54.630145735939493 ], [ 25.231931296038969, 54.630153614582923 ], [ 25.231917720352005, 54.629704459745987 ], [ 25.231143536428416, 54.629712333311289 ], [ 25.231129969642137, 54.629263178308548 ], [ 25.231116403230313, 54.628814023269989 ], [ 25.230342235984033, 54.62882189162741 ], [ 25.230328678472169, 54.628372736423159 ], [ 25.229554519377231, 54.628380599702837 ], [ 25.229540970764873, 54.627931444332972 ], [ 25.229527422526445, 54.627482288927297 ], [ 25.228753280107973, 54.627490146999669 ], [ 25.228739740768329, 54.627040991428487 ], [ 25.227965606501037, 54.627048844423513 ], [ 25.227952076059701, 54.626599688686888 ], [ 25.227938545991787, 54.626150532914451 ], [ 25.227164428400116, 54.626158380702762 ], [ 25.227150907229788, 54.625709224764989 ], [ 25.226376797789133, 54.625717067476387 ], [ 25.22636328551593, 54.625267911373335 ], [ 25.226349773615638, 54.624818755234493 ], [ 25.225575680849754, 54.624826592739744 ], [ 25.225562177845863, 54.624377436435751 ], [ 25.224788093230831, 54.624385268864465 ], [ 25.22477459912287, 54.623936112395377 ], [ 25.224000522658709, 54.623943939747754 ], [ 25.223987037446214, 54.623494783113649 ], [ 25.223973552605862, 54.623045626443776 ], [ 25.22319949281545, 54.623053448590824 ], [ 25.223186016869843, 54.622604291756041 ], [ 25.22241196523014, 54.622612108827141 ], [ 25.222398498178805, 54.622162951827541 ], [ 25.222385031499098, 54.621713794792143 ], [ 25.221610996532299, 54.621721606658511 ], [ 25.221597538746153, 54.621272449458402 ], [ 25.221584081331386, 54.620823292222504 ], [ 25.220810063036829, 54.62083109888443 ], [ 25.220796614514896, 54.62038194148392 ], [ 25.220783166364068, 54.619932784047599 ], [ 25.220009164741121, 54.619940585505461 ], [ 25.219995725482413, 54.619491427904606 ], [ 25.219221732009618, 54.619499224287402 ], [ 25.219208301642549, 54.619050066522071 ], [ 25.219194871646092, 54.618600908720985 ], [ 25.218420894844058, 54.618608699900307 ], [ 25.218407473738523, 54.618159541934823 ], [ 25.218394053003323, 54.617710383933598 ], [ 25.2176200928714, 54.617718169909743 ], [ 25.21760668102641, 54.617269011744227 ], [ 25.217593269551497, 54.616819853542943 ], [ 25.216819326089031, 54.616827634316238 ], [ 25.216805923503607, 54.616378475950775 ], [ 25.21603198819075, 54.616386251649907 ], [ 25.21601859449434, 54.61593709312033 ], [ 25.216005201167501, 54.615487934554992 ], [ 25.215231282523263, 54.61549570505187 ], [ 25.21521789808472, 54.615046546322525 ], [ 25.215204514015483, 54.61459738755741 ], [ 25.214430612039205, 54.614605152852349 ], [ 25.21441723685755, 54.614155993923319 ], [ 25.214403862044939, 54.613706834958528 ], [ 25.213629976735977, 54.613714595051896 ], [ 25.213616610810224, 54.61326543592326 ], [ 25.212842733650323, 54.613273190943353 ], [ 25.212829376610962, 54.612824031650959 ], [ 25.212816019940135, 54.612374872322853 ], [ 25.212042159446707, 54.612382622141922 ], [ 25.212028811661554, 54.61193346265015 ], [ 25.212015464244669, 54.611484303122602 ], [ 25.211241620417066, 54.611492047741002 ], [ 25.211228281885134, 54.611042888049894 ], [ 25.210454446206228, 54.611050627595681 ], [ 25.210441116558783, 54.610601467741098 ], [ 25.210427787279095, 54.610152307850747 ], [ 25.209653968265176, 54.610160042196448 ], [ 25.209640647869254, 54.609710882142721 ], [ 25.208866837003864, 54.609718611416199 ], [ 25.208853525491236, 54.609269451199161 ], [ 25.208840214345869, 54.608820290946397 ], [ 25.208066420144615, 54.608828015020336 ], [ 25.208053117881821, 54.608378854604346 ], [ 25.207279331828932, 54.608386573606502 ], [ 25.20726603844825, 54.607937413027386 ], [ 25.206492260543754, 54.607945126957894 ], [ 25.206478976044711, 54.607495966215737 ], [ 25.206465691912161, 54.607046805437854 ], [ 25.205691930670763, 54.607054514169654 ], [ 25.205678655419135, 54.606605353228822 ], [ 25.205665380533723, 54.606156192252257 ], [ 25.204891635954787, 54.606163895785684 ], [ 25.204878369949586, 54.605714734646263 ], [ 25.204104633518682, 54.605722433108696 ], [ 25.204091376393219, 54.605273271806503 ], [ 25.203317648110374, 54.605280965198098 ], [ 25.203304399864169, 54.604831803733219 ], [ 25.203291151983443, 54.604382642232615 ], [ 25.202517440362012, 54.604390330426661 ], [ 25.202504201359837, 54.60394116876347 ], [ 25.201730497886295, 54.603948851887097 ], [ 25.201717267762188, 54.60349969006139 ], [ 25.201704038003047, 54.603050528199951 ], [ 25.200930351190085, 54.603058206126605 ], [ 25.200917130308298, 54.602609044102763 ], [ 25.200903909791204, 54.60215988204321 ], [ 25.200130239638174, 54.602167554773231 ], [ 25.200117027997724, 54.601718392551319 ], [ 25.199343365992224, 54.601726060211561 ], [ 25.199330163227948, 54.601276897827425 ], [ 25.199316960827861, 54.60082773540757 ], [ 25.198543315481444, 54.600835397871769 ], [ 25.198530121956814, 54.600386235289754 ], [ 25.198516928796103, 54.599937072672063 ], [ 25.199290557120179, 54.599929410460774 ], [ 25.200064185080116, 54.599921743306659 ], [ 25.20007739526292, 54.600370905671404 ], [ 25.200851031369499, 54.600363233447851 ], [ 25.201624667111464, 54.6003555562814 ], [ 25.201611439906625, 54.59990639416997 ], [ 25.20238506677272, 54.599898712187432 ], [ 25.202371831421964, 54.599449550167058 ], [ 25.202358596436273, 54.599000388110994 ], [ 25.20313220591602, 54.598992701439315 ], [ 25.203118962785101, 54.598543539474363 ], [ 25.203105720019455, 54.598094377473686 ], [ 25.203879312113621, 54.598086686113255 ], [ 25.203866061203442, 54.597637524203776 ], [ 25.203852810658738, 54.597188362258585 ], [ 25.204626385368066, 54.59718066620966 ], [ 25.204613126679522, 54.596731504355766 ], [ 25.204599868356656, 54.596282342466132 ], [ 25.205373425681923, 54.596274641729053 ], [ 25.205360159215903, 54.595825479930774 ], [ 25.205346893115781, 54.595376318096754 ], [ 25.20612043305773, 54.595368612671862 ], [ 25.206107158815136, 54.594919450929268 ], [ 25.20609388493865, 54.594470289150948 ], [ 25.206867407498041, 54.594462579038549 ], [ 25.206854125479779, 54.594013417351725 ], [ 25.20684084382782, 54.593564255629154 ], [ 25.207614349005414, 54.593556540829567 ], [ 25.208387853816479, 54.593548821088355 ], [ 25.20840115248366, 54.593997982556232 ], [ 25.208414451517623, 54.594447143988347 ], [ 25.209187972977343, 54.59443941905058 ], [ 25.209201280886155, 54.594888580319484 ], [ 25.209214589162009, 54.595337741552662 ], [ 25.209988127271028, 54.595330011417985 ], [ 25.210001444422456, 54.595779172487859 ], [ 25.210774990672686, 54.595771437283602 ], [ 25.210788316700153, 54.596220598190079 ], [ 25.210801643095174, 54.596669759060802 ], [ 25.211575205995548, 54.59666201865906 ], [ 25.211588541267322, 54.597111179366323 ], [ 25.211601876906908, 54.597560340037816 ], [ 25.212375456458076, 54.597552594438262 ], [ 25.212388800975141, 54.598001754946196 ], [ 25.213162388667875, 54.597994004276408 ], [ 25.213175742062884, 54.59844316462069 ], [ 25.213189095826213, 54.598892324929217 ], [ 25.213962700170587, 54.598884569061042 ], [ 25.213976062812581, 54.599333729205803 ], [ 25.214749675298691, 54.599325968266982 ], [ 25.214763046819815, 54.599775128247941 ], [ 25.214776418709771, 54.600224288193111 ], [ 25.21555004784835, 54.600216522055334 ], [ 25.215563428618157, 54.600665681836588 ], [ 25.216337065898649, 54.600657910627774 ], [ 25.216350455548763, 54.601107070245007 ], [ 25.217124100971134, 54.601099293964985 ], [ 25.217137499502044, 54.601548453418133 ], [ 25.21715089840254, 54.601997612835497 ], [ 25.217924560478419, 54.601989831355702 ], [ 25.217937968260422, 54.602438990608881 ], [ 25.21795137641228, 54.602888149826306 ], [ 25.218725055142311, 54.602880363146369 ], [ 25.218738472176394, 54.603329522199502 ], [ 25.218751889580595, 54.603778681216866 ], [ 25.219525584965435, 54.603770889336502 ], [ 25.219539011252575, 54.604220048189489 ], [ 25.219552437910092, 54.604669207006708 ], [ 25.220326149950392, 54.604661409925555 ], [ 25.220339585491562, 54.605110568578318 ], [ 25.221113305674489, 54.605102766424814 ], [ 25.221126750099792, 54.605551924913023 ], [ 25.22114019489598, 54.60600108336547 ], [ 25.221913931735198, 54.605993276010608 ], [ 25.221927385416237, 54.606442434298408 ], [ 25.221940839468427, 54.606891592550426 ], [ 25.222714592964589, 54.606883779993879 ], [ 25.222728055902344, 54.607332938081164 ], [ 25.223501817541486, 54.607325120451613 ], [ 25.223515289365274, 54.607774278374094 ], [ 25.223528761560718, 54.608223436260786 ], [ 25.224302539857653, 54.608215613428968 ], [ 25.224316020939852, 54.608664771150757 ], [ 25.224329502393985, 54.609113928836763 ], [ 25.225103297349342, 54.609106100802329 ], [ 25.225116787690943, 54.60955525832334 ], [ 25.225130278404738, 54.610004415808568 ], [ 25.225904090019181, 54.609996582571213 ], [ 25.225917589621158, 54.610445739891347 ], [ 25.226691409379136, 54.610437901580099 ], [ 25.226704917869768, 54.610887058735052 ], [ 25.2267184267331, 54.611336215854223 ], [ 25.227492263151003, 54.611328372339486 ], [ 25.227505780903709, 54.611777529293363 ], [ 25.227519299029385, 54.612226686211471 ], [ 25.228293152107856, 54.61221883749289 ], [ 25.228306679123623, 54.612667994245633 ], [ 25.228320206512617, 54.61311715096258 ], [ 25.229094076252316, 54.613109297039806 ], [ 25.229107612532118, 54.613558453591317 ], [ 25.229121149185413, 54.614007610106995 ], [ 25.229895035586985, 54.613999750979751 ], [ 25.229908581131809, 54.614448907329908 ], [ 25.229922127050386, 54.614898063644276 ], [ 25.230696030114476, 54.614890199312164 ], [ 25.230709584925304, 54.615339355460904 ], [ 25.23072314011014, 54.615788511573832 ], [ 25.231497059837405, 54.615780642036562 ], [ 25.231510623915206, 54.61622979798377 ], [ 25.231524188367299, 54.616678953895175 ], [ 25.232298124758376, 54.616671079152397 ], [ 25.232311698104144, 54.617120234897996 ], [ 25.233085642640074, 54.617112355079428 ], [ 25.233099224880004, 54.617561510659151 ], [ 25.233112807494724, 54.618010666203062 ], [ 25.23388676869531, 54.618002781178426 ], [ 25.233900360204899, 54.618451936556347 ], [ 25.234674329550504, 54.618444046455522 ], [ 25.234687929955442, 54.618893201667397 ], [ 25.234701530735677, 54.619342356843418 ], [ 25.235475516746778, 54.619334461535949 ], [ 25.235489126423087, 54.619783616545845 ], [ 25.23626312057937, 54.619775716161776 ], [ 25.236276739152206, 54.620224871005419 ], [ 25.23629035810086, 54.620674025813237 ], [ 25.23706436892348, 54.620666120221934 ], [ 25.237077996769386, 54.621115274863421 ], [ 25.23785201573736, 54.621107364195133 ], [ 25.237865652480981, 54.621556518670204 ], [ 25.238639679594268, 54.621548602924761 ], [ 25.238653325236086, 54.621997757233324 ], [ 25.238666971254482, 54.622446911506053 ], [ 25.239441015035148, 54.622438990552546 ], [ 25.239454669952448, 54.622888144658681 ], [ 25.240228721878598, 54.622880218627621 ], [ 25.240242385695279, 54.623329372567071 ], [ 25.241016445766881, 54.623321441458287 ], [ 25.241030118483412, 54.623770595230987 ], [ 25.241043791577287, 54.624219748967811 ], [ 25.241817868317295, 54.624211812650159 ], [ 25.241831550311737, 54.624660966220134 ], [ 25.242605635197371, 54.624653024824354 ], [ 25.242619326092846, 54.62510217822738 ], [ 25.242633017366185, 54.625551331594572 ], [ 25.243407118921063, 54.625543384989321 ], [ 25.243420819096158, 54.625992538189458 ], [ 25.244194928796816, 54.625984586505687 ], [ 25.244208637874138, 54.626433739538705 ], [ 25.244982755720553, 54.626425782776245 ], [ 25.244996473700578, 54.62687493564205 ], [ 25.245010192059212, 54.627324088472008 ], [ 25.245784326575912, 54.627316126499245 ], [ 25.245798053837969, 54.627765279161906 ], [ 25.246572196500587, 54.627757312110049 ], [ 25.246585932666523, 54.628206464605313 ], [ 25.246599669211601, 54.628655617064695 ], [ 25.247373828545346, 54.628647644801994 ], [ 25.247387573995017, 54.629096797093901 ], [ 25.248161741474842, 54.629088819751701 ], [ 25.248175495829607, 54.629537971876047 ], [ 25.248189250564, 54.629987123964504 ], [ 25.248963434715787, 54.629979141410871 ], [ 25.248977198355984, 54.63042829333169 ], [ 25.24899096237608, 54.630877445216626 ], [ 25.24976516320049, 54.630869457451212 ], [ 25.2497789361271, 54.631318609168396 ], [ 25.249792709433876, 54.631767760849726 ], [ 25.250566926931548, 54.63175976787219 ], [ 25.25058070914557, 54.632208919385668 ], [ 25.250594491740014, 54.632658070863279 ], [ 25.250608274714903, 54.633107222304993 ], [ 25.251382517414001, 54.633099223982981 ], [ 25.251396309297096, 54.63354837525678 ], [ 25.251410101560904, 54.633997526494682 ], [ 25.252184360935015, 54.633989522959794 ], [ 25.252198162107742, 54.634438674029695 ], [ 25.252211963661448, 54.634887825063693 ], [ 25.252986239711223, 54.634879816315625 ], [ 25.253000050174574, 54.635328967181522 ], [ 25.253013861019156, 54.63577811801153 ], [ 25.253788153745255, 54.635770104049918 ], [ 25.253801973500199, 54.636219254711726 ], [ 25.253815793636651, 54.636668405337652 ], [ 25.253829614154618, 54.637117555927667 ], [ 25.254603932087246, 54.637109536619811 ], [ 25.254617761516545, 54.637558687041548 ], [ 25.254631591327623, 54.638007837427374 ], [ 25.255405925938319, 54.637999812905257 ], [ 25.255419764661454, 54.638448963122698 ], [ 25.254645421520493, 54.63845698777731 ], [ 25.254659252095163, 54.638906138091372 ], [ 25.255433603766626, 54.638898113304258 ], [ 25.255447443253853, 54.639347263449906 ], [ 25.255461283123154, 54.639796413559658 ], [ 25.256235651474245, 54.639788383557772 ], [ 25.256249500256828, 54.640237533499061 ], [ 25.256263349421733, 54.640686683404432 ], [ 25.256277198968984, 54.641135833273907 ], [ 25.257051592532008, 54.641127797924227 ], [ 25.257065450993512, 54.64157694762514 ], [ 25.257079309837618, 54.642026097290149 ], [ 25.257853720082029, 54.642018056724922 ], [ 25.257867587841105, 54.642467206221262 ], [ 25.258642006234982, 54.642459160573011 ], [ 25.258655882909494, 54.642908309900612 ], [ 25.258669759967145, 54.643357459192288 ], [ 25.258683637407927, 54.643806608448081 ], [ 25.259458081017041, 54.643798557450786 ], [ 25.259471967374239, 54.644247706537705 ], [ 25.259485854114835, 54.644696855588748 ], [ 25.259499741238848, 54.645146004603838 ], [ 25.260274210065003, 54.645137948256988 ], [ 25.260288106106394, 54.645587097103167 ], [ 25.261062583082822, 54.645579035672462 ], [ 25.261076488042061, 54.646028184349618 ], [ 25.261090393385235, 54.646477332990855 ], [ 25.261864887046279, 54.646469266342947 ], [ 25.261878801308029, 54.646918414815076 ], [ 25.262653303119507, 54.646910343082901 ], [ 25.262667226300298, 54.647359491385821 ], [ 25.262681149865529, 54.647808639652823 ], [ 25.263455668362472, 54.647800562702876 ], [ 25.263469600847465, 54.648249710800599 ], [ 25.263483533717178, 54.648698858862382 ], [ 25.26425806890024, 54.648690776694295 ], [ 25.264272010690426, 54.64913992458672 ], [ 25.264285952865592, 54.649589072443185 ], [ 25.264299895425751, 54.650038220263745 ], [ 25.265074455831787, 54.65003013274368 ], [ 25.265088407313396, 54.650479280394769 ], [ 25.265102359180261, 54.650928428009912 ], [ 25.265876936274172, 54.65092033527096 ], [ 25.265890897063208, 54.651369482716554 ], [ 25.265904858237771, 54.651818630126201 ], [ 25.266679452020195, 54.651810532168057 ], [ 25.266693422117651, 54.652259679408061 ], [ 25.266707392600892, 54.652708826612113 ], [ 25.266721363469923, 54.653157973780232 ], [ 25.267495982479339, 54.653149870468766 ], [ 25.267509962272243, 54.65359901746713 ], [ 25.267523942451209, 54.654048164429575 ], [ 25.268298578150894, 54.654040055898129 ], [ 25.268312567254444, 54.654489202690733 ], [ 25.268326556744324, 54.65493834944737 ], [ 25.269101209134938, 54.654930235695652 ], [ 25.269115207550129, 54.655379382282376 ], [ 25.269129206351906, 54.655828528833148 ], [ 25.269143205540292, 54.656277675348001 ], [ 25.269157205115299, 54.656726821826901 ], [ 25.269171205076937, 54.657175968269854 ], [ 25.269185205425224, 54.657625114676833 ], [ 25.269959908666525, 54.65761699516819 ], [ 25.269973917941851, 54.658066141405151 ], [ 25.270748629336616, 54.658058016809349 ], [ 25.270762647539438, 54.658507162876212 ], [ 25.270776666129422, 54.658956308907108 ], [ 25.271551394218427, 54.658948179089748 ], [ 25.271565421736643, 54.659397324950461 ], [ 25.271579449642285, 54.659846470775207 ], [ 25.271593477935369, 54.660295616564007 ], [ 25.272368231260767, 54.660287481390419 ], [ 25.272382268483049, 54.660736627008887 ], [ 25.272396306093039, 54.661185772591452 ], [ 25.272410344090748, 54.661634918138013 ], [ 25.273185122654343, 54.661626777607673 ], [ 25.273199169582217, 54.662075922983874 ], [ 25.273213216898089, 54.662525068324108 ], [ 25.27322726460196, 54.662974213628381 ], [ 25.273241312693845, 54.663423358896694 ], [ 25.27401612504055, 54.663415212874568 ], [ 25.274030182063829, 54.663864357972386 ], [ 25.274044239475391, 54.664313503034258 ], [ 25.274058297275239, 54.664762648060162 ], [ 25.27407235546341, 54.665211793050105 ], [ 25.274086414039896, 54.665660938004095 ], [ 25.27486126871743, 54.665652786354869 ], [ 25.274875336226788, 54.666101931138265 ], [ 25.274889404124728, 54.666551075885685 ], [ 25.274903472411278, 54.66700022059716 ], [ 25.274917541086449, 54.667449365272653 ], [ 25.275692429554869, 54.667441208130171 ], [ 25.27570650716412, 54.66789035263497 ], [ 25.275720585162262, 54.66833949710383 ], [ 25.275734663549301, 54.668788641536715 ], [ 25.276509577265877, 54.668780479035071 ], [ 25.27652366458798, 54.669229623297163 ], [ 25.276537752299244, 54.669678767523294 ], [ 25.276551840399684, 54.670127911713472 ], [ 25.277326779366216, 54.670119743852148 ], [ 25.277340876402697, 54.670568887871468 ], [ 25.277354973828619, 54.671018031854786 ], [ 25.277369071643996, 54.671467175802135 ], [ 25.278144035862287, 54.671459002580626 ], [ 25.278158142614672, 54.671908146357026 ], [ 25.278172249756775, 54.672357290097437 ], [ 25.278186357288622, 54.672806433801888 ], [ 25.278961346760472, 54.672798255219689 ], [ 25.278975463230299, 54.673247398753077 ], [ 25.278989580090126, 54.673696542250489 ], [ 25.279003697339977, 54.67414568571192 ], [ 25.279778712067181, 54.67413750176852 ], [ 25.279792838255986, 54.674586645058795 ], [ 25.279806964835064, 54.675035788313103 ], [ 25.27982109180444, 54.675484931531422 ], [ 25.280596131788812, 54.675476742226309 ], [ 25.280610267698119, 54.675925885273394 ], [ 25.280624403997979, 54.676375028284468 ], [ 25.280638540688422, 54.676824171259604 ], [ 25.280652677769464, 54.677273314198729 ], [ 25.281427751563108, 54.677265119396033 ], [ 25.281441897585289, 54.677714262163811 ], [ 25.281456043998336, 54.678163404895621 ], [ 25.281470190802249, 54.678612547591449 ], [ 25.28224528985734, 54.678604347425903 ], [ 25.282259445603387, 54.679053489950277 ], [ 25.282273601740563, 54.679502632438698 ], [ 25.28228775826889, 54.679951774891101 ], [ 25.283062882587238, 54.679943569362223 ], [ 25.283077048058672, 54.680392711643108 ], [ 25.283091213921509, 54.680841853887983 ], [ 25.283105380175794, 54.681290996096905 ], [ 25.283880529759191, 54.681282785204168 ], [ 25.28389470495754, 54.681731927241451 ], [ 25.283908880547589, 54.682181069242738 ], [ 25.283923056529346, 54.682630211208036 ], [ 25.283937232902836, 54.683079353137337 ], [ 25.284712416306409, 54.683071136744523 ], [ 25.284726601625195, 54.683520278502094 ], [ 25.284740787335974, 54.683969420223683 ], [ 25.284754973438758, 54.684418561909276 ], [ 25.285530182111682, 54.684410340151487 ], [ 25.28554437716074, 54.684859481665271 ], [ 25.285558572602064, 54.685308623143044 ], [ 25.285572768435685, 54.685757764584835 ], [ 25.286348002379761, 54.685749537461568 ], [ 25.286362207160618, 54.686198678731429 ], [ 25.286376412334036, 54.686647819965316 ], [ 25.286390617900022, 54.687096961163185 ], [ 25.287165877117047, 54.687088728673913 ], [ 25.287180091631257, 54.687537869699796 ], [ 25.287194306538296, 54.68798701068966 ], [ 25.287208521838178, 54.68843615164355 ], [ 25.287222737530925, 54.688885292561402 ], [ 25.28799803057904, 54.688877054569545 ], [ 25.288012255221236, 54.689326195315317 ], [ 25.288026480256558, 54.689775336025079 ], [ 25.288040705685027, 54.690224476698837 ], [ 25.288816024010394, 54.690216233339875 ], [ 25.288830258389282, 54.690665373841426 ], [ 25.28884449316158, 54.691114514306982 ], [ 25.288858728327305, 54.691563654736534 ], [ 25.289634071931719, 54.69155540600994 ], [ 25.28964831604884, 54.692004546267206 ], [ 25.289662560559648, 54.692453686488463 ], [ 25.289676805464154, 54.692902826673702 ], [ 25.290452174349429, 54.692894572578972 ], [ 25.290466428206315, 54.69334371259184 ], [ 25.290480682457162, 54.693792852568691 ], [ 25.290494937101997, 54.694241992509532 ], [ 25.291270331269928, 54.69423373304614 ], [ 25.29128459486811, 54.694682872814518 ], [ 25.291298858860554, 54.695132012546871 ], [ 25.291313123247253, 54.6955811522432 ], [ 25.292088542699638, 54.695572887410648 ], [ 25.292102816040661, 54.696022026934429 ], [ 25.292117089776216, 54.696471166422185 ], [ 25.292131363906321, 54.696920305873903 ], [ 25.292906808644961, 54.696912035671687 ], [ 25.29292109173036, 54.697361174950764 ], [ 25.292935375210575, 54.697810314193831 ], [ 25.292949659085615, 54.698259453400844 ], [ 25.292963943355506, 54.698708592571847 ], [ 25.293739421943641, 54.698700316862713 ], [ 25.293753715170048, 54.699149455860962 ], [ 25.293768008791563, 54.699598594823186 ], [ 25.2937823028082, 54.700047733749379 ], [ 25.294557806686893, 54.700039452669465 ], [ 25.294572109661033, 54.700488591422804 ], [ 25.294586413030558, 54.700937730140154 ], [ 25.294600716795461, 54.701386868820364 ], [ 25.294615020955813, 54.70183600746563 ], [ 25.295390558689931, 54.701827720877489 ], [ 25.295404871809005, 54.702276859349816 ], [ 25.295419185323773, 54.702725997786104 ], [ 25.295433499234239, 54.703175136186374 ], [ 25.296209062263213, 54.703166844226317 ], [ 25.296223385133384, 54.703615982453549 ], [ 25.296237708399516, 54.704065120644735 ], [ 25.296252032061634, 54.704514258799897 ], [ 25.297027620387272, 54.704505961467426 ], [ 25.297041953010066, 54.70495509944945 ], [ 25.297056286029104, 54.705404237395456 ], [ 25.297070619444412, 54.705853375305395 ], [ 25.297084953255997, 54.70630251317931 ], [ 25.297860575445473, 54.706294210336736 ], [ 25.297874918218969, 54.706743348037406 ], [ 25.297889261388995, 54.707192485702052 ], [ 25.297903604955593, 54.707641623330673 ], [ 25.298679252446043, 54.707633315114528 ], [ 25.298693604975515, 54.708082452569833 ], [ 25.298707957901811, 54.708531589989072 ], [ 25.298722311224953, 54.708980727372271 ], [ 25.298736664944951, 54.709429864719439 ], [ 25.299512346305168, 54.709421550991884 ], [ 25.29952670898928, 54.709870688165637 ], [ 25.299541072070504, 54.710319825303323 ], [ 25.299555435548868, 54.710768962404998 ], [ 25.300331142214358, 54.710760643302756 ], [ 25.300345514657806, 54.711209780230917 ], [ 25.300359887498661, 54.711658917123003 ], [ 25.300374260736938, 54.712108053979051 ], [ 25.300388634372645, 54.712557190799075 ], [ 25.301164374913832, 54.712548866184115 ], [ 25.301178757515853, 54.712998002830503 ], [ 25.301193140515579, 54.713447139440859 ], [ 25.301207523913014, 54.713896276015163 ], [ 25.301221907708182, 54.714345412553406 ], [ 25.301997682128505, 54.714337082425011 ], [ 25.302012074891213, 54.714786218789563 ], [ 25.302026468051917, 54.715235355118054 ], [ 25.302040861610642, 54.715684491410485 ], [ 25.302055255567382, 54.716133627666864 ], [ 25.302831063870272, 54.716125292024358 ], [ 25.302845466795787, 54.716574428106952 ], [ 25.302859870119597, 54.717023564153486 ], [ 25.302874273841724, 54.717472700163952 ], [ 25.303650107459173, 54.717464359144458 ], [ 25.303664520151049, 54.717913494981026 ], [ 25.303678933241486, 54.718362630781542 ], [ 25.303693346730523, 54.718811766546004 ], [ 25.303707760618156, 54.719260902274421 ], [ 25.304483628124121, 54.71925255573948 ], [ 25.30449805098273, 54.719701691293878 ], [ 25.304512474240223, 54.720150826812237 ], [ 25.304526897896594, 54.720599962294528 ], [ 25.30454132195187, 54.721049097740767 ], [ 25.305317223349757, 54.721040745689706 ], [ 25.305331656377238, 54.721489880961848 ], [ 25.305346089803891, 54.721939016197901 ], [ 25.30536052362973, 54.722388151397929 ], [ 25.305374957854767, 54.722837286561855 ], [ 25.306150893148022, 54.722828928993984 ], [ 25.306165336346496, 54.723278063983742 ], [ 25.306179779944433, 54.723727198937446 ], [ 25.306194223941848, 54.724176333855077 ], [ 25.306208668338765, 54.724625468736626 ], [ 25.306984637530817, 54.724617105651227 ], [ 25.306999090902401, 54.725066240358501 ], [ 25.307013544673747, 54.725515375029715 ], [ 25.30702799884487, 54.725964509664855 ], [ 25.307042453415782, 54.726413644263921 ], [ 25.30781845651007, 54.726405275660291 ], [ 25.307832920056875, 54.726854410084975 ], [ 25.30784738400375, 54.727303544473614 ], [ 25.307861848350694, 54.72775267882615 ], [ 25.307876313097729, 54.72820181314264 ], [ 25.308652350097688, 54.72819343902006 ], [ 25.308666823821845, 54.72864257316207 ], [ 25.308681297946368, 54.729091707268012 ], [ 25.30869577247126, 54.729540841337851 ], [ 25.308710247396544, 54.729989975371637 ], [ 25.309486318305598, 54.729981595729456 ], [ 25.309500802209236, 54.730430729588655 ], [ 25.309515286513527, 54.730879863411786 ], [ 25.309529771218486, 54.731328997198837 ], [ 25.309544256324131, 54.731778130949813 ], [ 25.309558741830475, 54.732227264664708 ], [ 25.310334855230963, 54.7322188793636 ], [ 25.310349349717146, 54.732668012903822 ], [ 25.3103638446043, 54.733117146407977 ], [ 25.310378339892434, 54.733566279876044 ], [ 25.310392835581567, 54.734015413308029 ], [ 25.310407331671712, 54.734464546703947 ], [ 25.311183487569163, 54.734456155743011 ], [ 25.311197992640626, 54.734905288964143 ], [ 25.31121249811337, 54.7353544221492 ], [ 25.311227003987412, 54.735803555298169 ], [ 25.311241510262768, 54.736252688411057 ], [ 25.311256016939446, 54.736701821487877 ], [ 25.3120322153394, 54.736693424866239 ], [ 25.31204673099888, 54.737142557768173 ], [ 25.312061247059955, 54.737591690634012 ], [ 25.312075763522639, 54.738040823463798 ], [ 25.31209028038694, 54.73848995625746 ], [ 25.312104797652879, 54.738939089015055 ], [ 25.312119315320476, 54.739388221736561 ], [ 25.312895564811122, 54.739379819314458 ], [ 25.312910091463259, 54.739828951860993 ], [ 25.312924618517314, 54.74027808437144 ], [ 25.312939145973306, 54.740727216845812 ], [ 25.312953673831252, 54.741176349284082 ], [ 25.312968202091159, 54.741625481686263 ], [ 25.312982730753046, 54.742074614052356 ], [ 25.312997259816928, 54.742523746382368 ], [ 25.313011789282825, 54.742972878676298 ], [ 25.313026319150744, 54.74342201093414 ], [ 25.313040849420705, 54.743871143155893 ], [ 25.31305538009272, 54.744320275341579 ], [ 25.313069911166814, 54.744769407491155 ], [ 25.313084442642992, 54.74521853960465 ], [ 25.313098974521267, 54.745667671682071 ], [ 25.313113506801667, 54.746116803723396 ], [ 25.313128039484187, 54.746565935728633 ], [ 25.313142572568861, 54.747015067697781 ], [ 25.313157106055694, 54.747464199630848 ], [ 25.313171639944706, 54.747913331527833 ], [ 25.313186174235909, 54.748362463388737 ], [ 25.313200708929323, 54.748811595213567 ], [ 25.313215244024956, 54.749260727002287 ], [ 25.313229779522825, 54.749709858754926 ], [ 25.313244315422953, 54.75015899047149 ], [ 25.313258851725344, 54.750608122151966 ], [ 25.313273388430019, 54.751057253796361 ], [ 25.313287925536994, 54.751506385404667 ], [ 25.313302463046277, 54.751955516976878 ], [ 25.313317000957895, 54.752404648513021 ], [ 25.313331539271857, 54.752853780013076 ], [ 25.313346077988164, 54.753302911477029 ], [ 25.313360617106863, 54.753752042904921 ], [ 25.313375156627945, 54.754201174296725 ], [ 25.313389696551429, 54.754650305652433 ], [ 25.31261315510989, 54.754658712798673 ], [ 25.312627686844852, 54.755107844257303 ], [ 25.312642218982003, 54.755556975679845 ], [ 25.312656751521367, 54.756006107066327 ], [ 25.312671284462962, 54.756455238416706 ], [ 25.311894708253977, 54.756463641148166 ], [ 25.311909233005895, 54.75691277260141 ], [ 25.311923758159843, 54.757361904018559 ], [ 25.311938283715822, 54.757811035399641 ], [ 25.311952809673841, 54.758260166744655 ], [ 25.311967336033934, 54.758709298053567 ], [ 25.311981862796113, 54.759158429326419 ], [ 25.31199638996037, 54.759607560563204 ], [ 25.311219753200906, 54.75961595929585 ], [ 25.311234272173689, 54.760065090635408 ], [ 25.311248791548362, 54.760514221938898 ], [ 25.310472137199575, 54.760522615977735 ], [ 25.310486648382074, 54.760971747383934 ], [ 25.31050115996625, 54.761420878754095 ], [ 25.30972448802736, 54.761429268098794 ], [ 25.309738991418666, 54.761878399571572 ], [ 25.309753495211439, 54.762327531008296 ], [ 25.308976805681681, 54.762335915658539 ], [ 25.308991301280884, 54.762785047197838 ], [ 25.309005797281348, 54.763234178701047 ], [ 25.308229090159948, 54.763242558656536 ], [ 25.308243577966142, 54.763691690262263 ], [ 25.30746686184813, 54.76370006538415 ], [ 25.307481341459578, 54.764149197092308 ], [ 25.307495821471854, 54.7645983287644 ], [ 25.306719087761152, 54.764606699190949 ], [ 25.306733559577985, 54.765055830965402 ], [ 25.306748031795443, 54.765504962703787 ], [ 25.305971280491271, 54.765513328434686 ], [ 25.305985744512586, 54.765962460275361 ], [ 25.305208984211198, 54.765970821172004 ], [ 25.305223440035899, 54.76641995311487 ], [ 25.305237896260795, 54.766869085021696 ], [ 25.304461118364873, 54.766877441222121 ], [ 25.304475566392458, 54.767326573231074 ], [ 25.304490014820022, 54.767775705203981 ], [ 25.303713219328802, 54.767784056707853 ], [ 25.303727659558355, 54.768233188782816 ], [ 25.302950855069334, 54.768241535451764 ], [ 25.302965287100392, 54.768690667628725 ], [ 25.30297971953101, 54.769139799769626 ], [ 25.302202897445632, 54.769148141741475 ], [ 25.302217321677055, 54.769597273984289 ], [ 25.302231746307832, 54.770046406191064 ], [ 25.30145490662532, 54.770054743465458 ], [ 25.301469323056207, 54.770503875774089 ], [ 25.30148373988624, 54.770953008046668 ], [ 25.301498157115429, 54.771402140283222 ], [ 25.300721291235263, 54.771410472997651 ], [ 25.300735700263644, 54.771859605335969 ], [ 25.301512574743796, 54.77185127248373 ], [ 25.30152699277135, 54.772300404648234 ], [ 25.301541411198105, 54.772749536776693 ], [ 25.301555830024078, 54.773198668869121 ], [ 25.301570249249288, 54.773647800925517 ], [ 25.302347157732505, 54.773639462548061 ], [ 25.302361585958121, 54.774088594430538 ], [ 25.303138502642998, 54.774080250941111 ], [ 25.303152939869495, 54.774529382649568 ], [ 25.30316737749575, 54.774978514321987 ], [ 25.303944310983859, 54.774970165582374 ], [ 25.303958757611728, 54.775419297080681 ], [ 25.303973204639608, 54.77586842854295 ], [ 25.304750154931604, 54.775860074552803 ], [ 25.304764610961833, 54.776309205840889 ], [ 25.304779067392349, 54.776758337092915 ], [ 25.304793524223175, 54.777207468308902 ], [ 25.304807981454317, 54.777656599488857 ], [ 25.305584965756623, 54.777648239971327 ], [ 25.30559943199134, 54.778097370976987 ], [ 25.306376424496296, 54.778089006346427 ], [ 25.306390899735067, 54.778538137177691 ], [ 25.306405375374684, 54.778987267972916 ], [ 25.305628365662571, 54.778995632880161 ], [ 25.305642833099103, 54.779444763777683 ], [ 25.305657300936268, 54.779893894639152 ], [ 25.305671769174083, 54.780343025464582 ], [ 25.304894733248773, 54.780351385811663 ], [ 25.304909193282583, 54.780800516739298 ], [ 25.304923653716841, 54.781249647630929 ], [ 25.30493811455155, 54.781698778486493 ], [ 25.304161052411043, 54.781707134272907 ], [ 25.304175505040828, 54.78215626523064 ], [ 25.304189958070857, 54.782605396152334 ], [ 25.303412878319055, 54.782613747239516 ], [ 25.303427323143463, 54.78306287826328 ], [ 25.303441768367911, 54.783512009251019 ], [ 25.302664671004031, 54.783520355638643 ], [ 25.302679108022154, 54.783969486728388 ], [ 25.302693545440111, 54.78441861778208 ], [ 25.301916430463386, 54.784426959469833 ], [ 25.301930859674307, 54.784876090625481 ], [ 25.301945289284863, 54.785325221745097 ], [ 25.301168156694519, 54.785333558732653 ], [ 25.30118257809735, 54.785782689954118 ], [ 25.301196999899595, 54.78623182113958 ], [ 25.300419849694848, 54.786240153426618 ], [ 25.300434263288672, 54.786689284713837 ], [ 25.299657104076868, 54.786697612162293 ], [ 25.299671509461792, 54.787146743551233 ], [ 25.299685915245693, 54.787595874904163 ], [ 25.298908738418433, 54.787604197651518 ], [ 25.298923135992737, 54.788053329106098 ], [ 25.298937533965823, 54.788502460524654 ], [ 25.29816033952233, 54.78851077857059 ], [ 25.298174729285115, 54.788959910090725 ], [ 25.298189119446466, 54.789409041574821 ], [ 25.297411907385971, 54.789417354919031 ], [ 25.297426289336322, 54.789866486504636 ], [ 25.297440671685031, 54.790315618054237 ], [ 25.29745505443212, 54.790764749567813 ], [ 25.296677816143774, 54.790773058347384 ], [ 25.296692190678943, 54.791222189962411 ], [ 25.296706565612268, 54.791671321541401 ], [ 25.295929309704881, 54.791679625618499 ], [ 25.295943676425587, 54.792128757298869 ], [ 25.295958043544257, 54.792577888943242 ], [ 25.295180770017044, 54.792586188317557 ], [ 25.295195128922391, 54.793035320063197 ], [ 25.295209488225488, 54.793484451772827 ], [ 25.294432197077676, 54.793492746444038 ], [ 25.29444654816675, 54.793941878254884 ], [ 25.293669248009611, 54.793950168085551 ], [ 25.293683590884186, 54.794399299997522 ], [ 25.292906281717684, 54.794407584987461 ], [ 25.292920616377284, 54.794856717000492 ], [ 25.292143298201399, 54.794864997149553 ], [ 25.291365979628665, 54.794873272320658 ], [ 25.29138029746024, 54.795322404571543 ], [ 25.290602969878304, 54.795330674901514 ], [ 25.290617279493695, 54.795779807253219 ], [ 25.290631589505512, 54.796228939568955 ], [ 25.289854244301278, 54.796237205194352 ], [ 25.289868546096208, 54.796686337610822 ] ] ] } },
{ "type": "Feature", "properties": { "OBJECTID": 697714, "TRIUKSM": "35-39", "PERIODAS": 4, "TIPAS": 8, "METAI": 2011, "SHAPEarea": 432500.00032, "SHAPElen": 3600 }, "geometry": { "type": "Polygon", "coordinates": [ [ [ 25.454884146908345, 54.801110079179942 ], [ 25.45490028107924, 54.801559180219435 ], [ 25.454122887013405, 54.801568498582334 ], [ 25.453345492500837, 54.801577811966972 ], [ 25.452568097541757, 54.801587120373334 ], [ 25.451790702136417, 54.801596423801399 ], [ 25.451013306285049, 54.801605722251182 ], [ 25.450235909987885, 54.801615015722668 ], [ 25.449458513245183, 54.801624304215842 ], [ 25.449442439369385, 54.801175202099088 ], [ 25.448665050795018, 54.801184485460389 ], [ 25.447887661775592, 54.80119376384345 ], [ 25.447110272311349, 54.801203037248278 ], [ 25.446332882402526, 54.801212305674838 ], [ 25.445555492049362, 54.801221569123157 ], [ 25.444778101252094, 54.801230827593216 ], [ 25.444000710010958, 54.801240081084998 ], [ 25.443223318326197, 54.801249329598505 ], [ 25.443207313803473, 54.800800226218932 ], [ 25.442429930288867, 54.800809469601276 ], [ 25.441652546331131, 54.800818708005394 ], [ 25.440875161930499, 54.800827941431308 ], [ 25.440097777087217, 54.800837169879003 ], [ 25.440081807461191, 54.800388065851706 ], [ 25.440859183691114, 54.800378837556657 ], [ 25.441636559478404, 54.800369604283475 ], [ 25.441620573068551, 54.799920500524969 ], [ 25.442397939799875, 54.79991126242647 ], [ 25.442381945220035, 54.799462158784181 ], [ 25.443159302895427, 54.799452915860542 ], [ 25.443143300146083, 54.799003812334512 ], [ 25.443920648765573, 54.798994564585897 ], [ 25.44390463784719, 54.798545461176246 ], [ 25.444681977410823, 54.798536208602812 ], [ 25.445459316530687, 54.798526951051592 ], [ 25.445443288831683, 54.798077847911507 ], [ 25.446220618895495, 54.798068585535759 ], [ 25.44620458302866, 54.797619482512253 ], [ 25.446981904036459, 54.797610215312105 ], [ 25.447759224599803, 54.797600943134363 ], [ 25.447743171954084, 54.797151840380913 ], [ 25.448520483461227, 54.797142563379033 ], [ 25.448504422648895, 54.796693460742389 ], [ 25.449281725099855, 54.796684178916571 ], [ 25.450059027105695, 54.796674892113302 ], [ 25.450042949516202, 54.796225789747162 ], [ 25.450820242465682, 54.796216498120238 ], [ 25.450804156710785, 54.795767395871138 ], [ 25.451581440603931, 54.795758099420645 ], [ 25.452358724051273, 54.795748797992928 ], [ 25.452342621520962, 54.79529969601483 ], [ 25.453119895911776, 54.795290389763814 ], [ 25.453103785217262, 54.794841287902983 ], [ 25.453881050551605, 54.794831976828867 ], [ 25.45465831543946, 54.794822660777712 ], [ 25.454642187971256, 54.79437355918833 ], [ 25.455419443802441, 54.794364238314301 ], [ 25.455435579880575, 54.794813339749524 ], [ 25.455451716405683, 54.795262441148068 ], [ 25.455467853377773, 54.795711542509963 ], [ 25.455483990796868, 54.796160643835186 ], [ 25.455500128662973, 54.796609745123753 ], [ 25.455516266976112, 54.797058846375656 ], [ 25.455532405736299, 54.797507947590873 ], [ 25.455548544943561, 54.797957048769469 ], [ 25.455564684597906, 54.798406149911379 ], [ 25.45558082469935, 54.798855251016633 ], [ 25.45559696524791, 54.799304352085215 ], [ 25.455613106243604, 54.799753453117155 ], [ 25.455629247686456, 54.800202554112417 ], [ 25.455645389576475, 54.800651655071015 ], [ 25.454868013184427, 54.800660978103757 ], [ 25.454884146908345, 54.801110079179942 ] ] ] } },
{ "type": "Feature", "properties": { "OBJECTID": 697722, "TRIUKSM": "40-44", "PERIODAS": 4, "TIPAS": 8, "METAI": 2011, "SHAPEarea": 182500.000416, "SHAPElen": 2500 }, "geometry": { "type": "Polygon", "coordinates": [ [ [ 25.175962166719788, 54.569157059102182 ], [ 25.176735218421957, 54.569149543852994 ], [ 25.177508269767465, 54.56914202366648 ], [ 25.178281320756088, 54.569134498542589 ], [ 25.17905437138759, 54.569126968481385 ], [ 25.179827421661741, 54.569119433482832 ], [ 25.180600471578302, 54.569111893546967 ], [ 25.181373521137051, 54.569104348673775 ], [ 25.182146570337732, 54.569096798863256 ], [ 25.182159568520149, 54.569545966452708 ], [ 25.18293262585771, 54.569538411580247 ], [ 25.183705682836724, 54.569530851770374 ], [ 25.184478739456967, 54.569523287023145 ], [ 25.185251795718209, 54.569515717338533 ], [ 25.186024851620214, 54.569508142716529 ], [ 25.186037892637756, 54.569957309646362 ], [ 25.18605093401478, 54.570406476540533 ], [ 25.18606397575131, 54.570855643399021 ], [ 25.186077017847349, 54.571304810221839 ], [ 25.186090060302913, 54.571753977009003 ], [ 25.186103103118022, 54.57220314376049 ], [ 25.186116146292687, 54.572652310476322 ], [ 25.186129189826911, 54.57310147715647 ], [ 25.186142233720716, 54.573550643800942 ], [ 25.186155277974123, 54.573999810409781 ], [ 25.185382137108217, 54.574007386281458 ], [ 25.185369101352258, 54.573558219547664 ], [ 25.184595968624439, 54.573565790356263 ], [ 25.184582941725061, 54.573116623461907 ], [ 25.183809817135355, 54.573124189207576 ], [ 25.183796799092097, 54.57267502215273 ], [ 25.18302368264052, 54.572682582835625 ], [ 25.183010673452905, 54.572233415620403 ], [ 25.182237565139495, 54.572240971240696 ], [ 25.182224564807058, 54.57179180386516 ], [ 25.181451464631845, 54.571799354423021 ], [ 25.18143847315411, 54.571350186887265 ], [ 25.180665381117116, 54.571357732382829 ], [ 25.179892288722229, 54.571365272940653 ], [ 25.179879314594874, 54.570916105120382 ], [ 25.179106230338476, 54.570923640616144 ], [ 25.179093265064687, 54.570474472635929 ], [ 25.178320188946806, 54.57048200306982 ], [ 25.177547112471771, 54.570489528566114 ], [ 25.176774035639809, 54.570497049124839 ], [ 25.176761096210516, 54.570047880736531 ], [ 25.175988027517594, 54.57005539623367 ], [ 25.175214958468228, 54.570062906793275 ], [ 25.175202036386619, 54.569613738121447 ], [ 25.175189114661215, 54.569164569413999 ], [ 25.175962166719788, 54.569157059102182 ] ] ] } },
{ "type": "Feature", "properties": { "OBJECTID": 697723, "TRIUKSM": "40-44", "PERIODAS": 4, "TIPAS": 8, "METAI": 2011, "SHAPEarea": 239999.99945599999, "SHAPElen": 3000 }, "geometry": { "type": "Polygon", "coordinates": [ [ [ 25.118154423102158, 54.575995114855736 ], [ 25.117381226010426, 54.576002256501226 ], [ 25.1173689370648, 54.575553079194187 ], [ 25.117356648457964, 54.575103901851719 ], [ 25.118129828551336, 54.575096760441859 ], [ 25.118117531784449, 54.574647583181765 ], [ 25.118105235356577, 54.574198405886257 ], [ 25.118092939267694, 54.573749228555315 ], [ 25.118866093526304, 54.573742082560464 ], [ 25.11885378927828, 54.573292905311973 ], [ 25.118841485369465, 54.572843728028047 ], [ 25.1196146222929, 54.572836577330676 ], [ 25.119602310225638, 54.57238740012928 ], [ 25.119589998497784, 54.571938222892449 ], [ 25.119577687109331, 54.57148904562019 ], [ 25.120350798201191, 54.571481890338688 ], [ 25.120338478655196, 54.571032713149009 ], [ 25.120326159448819, 54.570583535923902 ], [ 25.121099253207486, 54.570576375940639 ], [ 25.121086925844253, 54.570127198798183 ], [ 25.121074598820847, 54.569678021620312 ], [ 25.121847675247079, 54.569670856935552 ], [ 25.121860010766678, 54.570120033995238 ], [ 25.122633095349055, 54.570112864254504 ], [ 25.122645439705117, 54.57056204116045 ], [ 25.123418532443605, 54.570554866363587 ], [ 25.124191624841561, 54.570547686628878 ], [ 25.124203986531171, 54.570996863262579 ], [ 25.124977087084975, 54.570989678471484 ], [ 25.124989457612191, 54.571438854951182 ], [ 25.125762566321814, 54.571431665103553 ], [ 25.126535674690178, 54.571424470317943 ], [ 25.126548062552526, 54.571873646524878 ], [ 25.127321179076443, 54.571866446682485 ], [ 25.12733357577757, 54.572315622735175 ], [ 25.128106700456996, 54.572308417835863 ], [ 25.128879824794446, 54.572301207998379 ], [ 25.128892238832286, 54.572750383777802 ], [ 25.129665371324979, 54.572743168883164 ], [ 25.129677794202752, 54.573192344508087 ], [ 25.128904653212359, 54.573199559521754 ], [ 25.128131511879722, 54.573206769597128 ], [ 25.127358370205076, 54.573213974734173 ], [ 25.127370767931485, 54.573663150680474 ], [ 25.126597617417094, 54.573670350998 ], [ 25.125824466561145, 54.573677546377134 ], [ 25.125836847632922, 54.57412672252547 ], [ 25.12506368793742, 54.574133913084829 ], [ 25.124290527900818, 54.574141098705674 ], [ 25.123517367523359, 54.574148279388041 ], [ 25.123529723441028, 54.574597455856555 ], [ 25.122756554224434, 54.57460463171882 ], [ 25.121983384667423, 54.574611802642472 ], [ 25.121995723928251, 54.575060979312241 ], [ 25.121222545532305, 54.575068145415528 ], [ 25.120449366796411, 54.57507530658016 ], [ 25.119676187720785, 54.575082462806073 ], [ 25.119688501824768, 54.575531639794853 ], [ 25.118915313910634, 54.57553879120006 ], [ 25.118142125657229, 54.575545937666512 ], [ 25.118154423102158, 54.575995114855736 ] ] ] } },
{ "type": "Feature", "properties": { "OBJECTID": 697724, "TRIUKSM": "40-44", "PERIODAS": 4, "TIPAS": 8, "METAI": 2011, "SHAPEarea": 23335000.02352, "SHAPElen": 70800 }, "geometry": { "type": "Polygon", "coordinates": [ [ [ 25.408349567616721, 54.804804130324165 ], [ 25.409127039324506, 54.804795104794259 ], [ 25.409142668299165, 54.805244214532088 ], [ 25.408365187975196, 54.805253240211307 ], [ 25.407587707218426, 54.805262260911306 ], [ 25.406810226029112, 54.805271276632062 ], [ 25.406032744407479, 54.805280287373613 ], [ 25.405255262353776, 54.805289293135921 ], [ 25.404477779868234, 54.805298293919009 ], [ 25.403700296951094, 54.80530728972284 ], [ 25.402922813602597, 54.805316280547437 ], [ 25.402145329822975, 54.805325266392735 ], [ 25.402129778394531, 54.804876155314133 ], [ 25.402907253557839, 54.804867169617438 ], [ 25.402891693944188, 54.804418058651031 ], [ 25.403669160060332, 54.804409068123917 ], [ 25.403653592261954, 54.80395995726979 ], [ 25.404431049330974, 54.803950961912399 ], [ 25.404415473348337, 54.803501851170644 ], [ 25.405192921370265, 54.803492850983147 ], [ 25.405177337203853, 54.803043740353836 ], [ 25.405954776178721, 54.803034735336382 ], [ 25.405939183829013, 54.802585624819606 ], [ 25.406716613756846, 54.802576614972367 ], [ 25.406701013224321, 54.802127504568176 ], [ 25.407478434105155, 54.802118489891349 ], [ 25.407462825390279, 54.801669379599822 ], [ 25.408240237224149, 54.801660360093557 ], [ 25.408224620327413, 54.801211249914786 ], [ 25.40820900386332, 54.800762139699543 ], [ 25.408986398036223, 54.800753115513267 ], [ 25.408970773390962, 54.800304005410865 ], [ 25.409748158517214, 54.80029497639557 ], [ 25.409732525691265, 54.799845866406045 ], [ 25.410509901770904, 54.799836832561894 ], [ 25.410494260764739, 54.799387722685346 ], [ 25.41047862019186, 54.798938612772325 ], [ 25.411255978611898, 54.798929574248994 ], [ 25.411240329859499, 54.798480464449028 ], [ 25.412017679233244, 54.798471421097247 ], [ 25.412002022301809, 54.798022311410392 ], [ 25.411986365804104, 54.797573201687058 ], [ 25.412763697519303, 54.797564153656673 ], [ 25.41274803284325, 54.797115044046521 ], [ 25.41273236860113, 54.796665934399911 ], [ 25.413509682658567, 54.796656881691234 ], [ 25.4134940102388, 54.796207772157871 ], [ 25.414271315250549, 54.796198714621418 ], [ 25.414255634653617, 54.795749605201401 ], [ 25.414239954491041, 54.79530049574489 ], [ 25.415017241846094, 54.795291433530693 ], [ 25.415001553507054, 54.794842324187613 ], [ 25.414985865602567, 54.794393214808025 ], [ 25.415763135301706, 54.794384147916432 ], [ 25.415747439221459, 54.793935038650346 ], [ 25.415731743575968, 54.793485929347753 ], [ 25.415716048365233, 54.793036820008666 ], [ 25.415700353589234, 54.792587710633114 ], [ 25.415684659247944, 54.792138601221033 ], [ 25.416461885463203, 54.792129530102507 ], [ 25.416446182947514, 54.791680420803992 ], [ 25.416430480866747, 54.791231311468962 ], [ 25.417207689429134, 54.791222235673899 ], [ 25.417191979174657, 54.7907731264525 ], [ 25.417176269355313, 54.7903240171946 ], [ 25.417160559971077, 54.789874907900213 ], [ 25.417144851021934, 54.789425798569305 ], [ 25.417129142507871, 54.78897668920191 ], [ 25.417113434428867, 54.788527579798 ], [ 25.417097726784913, 54.788078470357625 ], [ 25.417082019575986, 54.787629360880715 ], [ 25.417066312802074, 54.787180251367339 ], [ 25.417050606463157, 54.786731141817434 ], [ 25.417034900559223, 54.78628203223105 ], [ 25.417019195090244, 54.785832922608151 ], [ 25.417003490056221, 54.785383812948758 ], [ 25.416987785457124, 54.784934703252873 ], [ 25.41697208129294, 54.784485593520486 ], [ 25.416195001834726, 54.784494667064216 ], [ 25.416179306710482, 54.784045557145248 ], [ 25.416163612020881, 54.783596447189801 ], [ 25.416147917765912, 54.783147337197853 ], [ 25.416132223945556, 54.782698227169419 ], [ 25.416116530559783, 54.782249117104485 ], [ 25.415339493689807, 54.782258184922973 ], [ 25.415323809342485, 54.781809074671592 ], [ 25.41530812542949, 54.781359964383697 ], [ 25.4152924419508, 54.7809108540593 ], [ 25.415276758906405, 54.780461743698432 ], [ 25.41449975601618, 54.780470805942464 ], [ 25.414484082008986, 54.780021695395227 ], [ 25.414468408435816, 54.779572584811497 ], [ 25.414452735296646, 54.779123474191259 ], [ 25.414437062591468, 54.778674363534563 ], [ 25.413660093677564, 54.778683420204835 ], [ 25.413644430008347, 54.778234309361864 ], [ 25.413628766772849, 54.777785198482391 ], [ 25.413613103971056, 54.777336087566439 ], [ 25.413597441602942, 54.776886976614009 ], [ 25.412820506661927, 54.776896027711238 ], [ 25.412804853328542, 54.776446916572645 ], [ 25.412789200428573, 54.775997805397544 ], [ 25.412773547962001, 54.775548694185971 ], [ 25.412757895928809, 54.775099582937898 ], [ 25.411980994957233, 54.775108628462796 ], [ 25.411965351957534, 54.77465951702866 ], [ 25.411949709390942, 54.774210405558058 ], [ 25.411934067257441, 54.773761294050985 ], [ 25.41115719165245, 54.773770334153696 ], [ 25.41114155855146, 54.773321222460652 ], [ 25.41112592588329, 54.7728721107311 ], [ 25.41111029364793, 54.772422998965091 ], [ 25.411094661845365, 54.771973887162602 ], [ 25.410317820203872, 54.771982921694288 ], [ 25.410302197432571, 54.771533809705915 ], [ 25.410286575093789, 54.771084697681097 ], [ 25.410270953187513, 54.770635585619758 ], [ 25.410255331713735, 54.770186473521974 ], [ 25.409478524032298, 54.770195502483325 ], [ 25.409462911588545, 54.769746390199764 ], [ 25.409447299577007, 54.769297277879708 ], [ 25.409431687997671, 54.768848165523202 ], [ 25.408654905676016, 54.76885718906415 ], [ 25.408639303125721, 54.768408076521943 ], [ 25.408623701007361, 54.767958963943293 ], [ 25.408608099320912, 54.76750985132815 ], [ 25.408592498066369, 54.767060738676562 ], [ 25.407815749698845, 54.767069756648475 ], [ 25.40780015747211, 54.766620643811301 ], [ 25.407784565676998, 54.766171530937648 ], [ 25.407768974313509, 54.765722418027543 ], [ 25.406992251301435, 54.765731430580153 ], [ 25.406976668964763, 54.765282317484555 ], [ 25.40696108705944, 54.764833204352506 ], [ 25.406945505585437, 54.764384091183963 ], [ 25.406168807927028, 54.764393098317818 ], [ 25.406153235478872, 54.763943984963888 ], [ 25.406137663461767, 54.763494871573506 ], [ 25.406122091875702, 54.763045758146681 ], [ 25.406106520720659, 54.762596644683377 ], [ 25.405329857007949, 54.76260564625013 ], [ 25.40531429487751, 54.76215653260153 ], [ 25.40529873317783, 54.76170741891648 ], [ 25.405283171908888, 54.761258305194985 ], [ 25.404506533545522, 54.76126730134407 ], [ 25.404490981300199, 54.760818187437373 ], [ 25.404475429485341, 54.760369073494211 ], [ 25.404459878100941, 54.759919959514605 ], [ 25.403683265085125, 54.759928950246547 ], [ 25.403667722723362, 54.759479836081837 ], [ 25.403652180791774, 54.75903072188067 ], [ 25.403636639290358, 54.758581607643052 ], [ 25.402860051620294, 54.75859059295837 ], [ 25.402844519140533, 54.758141478535762 ], [ 25.402828987090665, 54.757692364076689 ], [ 25.402813455470675, 54.757243249581173 ], [ 25.402797924280552, 54.756794135049205 ], [ 25.402021370545238, 54.756803114799972 ], [ 25.402005848375534, 54.756354000083086 ], [ 25.401990326635421, 54.755904885329763 ], [ 25.401974805324887, 54.75545577054001 ], [ 25.401198276931019, 54.755464744875255 ], [ 25.40118276463992, 54.755015629900676 ], [ 25.40116725277813, 54.754566514889653 ], [ 25.401151741345625, 54.754117399842201 ], [ 25.401136230342402, 54.753668284758277 ], [ 25.400359735877355, 54.753677253530277 ], [ 25.400344233892337, 54.753228138261662 ], [ 25.400328732336312, 54.752779022956602 ], [ 25.39955225461992, 54.752787986462408 ], [ 25.399536762081375, 54.752338870972721 ], [ 25.399521269971569, 54.751889755446605 ], [ 25.399505778290472, 54.751440639884038 ], [ 25.399490287038084, 54.750991524285041 ], [ 25.399474796214385, 54.750542408649622 ], [ 25.398698361009366, 54.750551366445301 ], [ 25.398682879201647, 54.750102250625353 ], [ 25.398667397822347, 54.74965313476897 ], [ 25.398651916871451, 54.749204018876135 ], [ 25.39787550699927, 54.749212971258565 ], [ 25.397860035063378, 54.748763855181309 ], [ 25.397844563555608, 54.748314739067631 ], [ 25.397829092475959, 54.74786562291753 ], [ 25.397052707934822, 54.747874569887223 ], [ 25.397037245869189, 54.747425453552793 ], [ 25.397021784231409, 54.74697633718192 ], [ 25.397006323021454, 54.746527220774617 ], [ 25.396229963809546, 54.746536162332099 ], [ 25.396214511612637, 54.746087045740573 ], [ 25.396199059843273, 54.745637929112597 ], [ 25.39618360850147, 54.745188812448227 ], [ 25.396168157587187, 54.744739695747441 ], [ 25.395391832287245, 54.74474863174548 ], [ 25.395376390384762, 54.744299514860522 ], [ 25.395360948909548, 54.743850397939177 ], [ 25.39534550786157, 54.743401280981381 ], [ 25.394569207886562, 54.743410211568332 ], [ 25.394553775849406, 54.742961094426512 ], [ 25.394538344239226, 54.742511977248249 ], [ 25.394522913056004, 54.742062860033592 ], [ 25.393746638404131, 54.742071785209966 ], [ 25.393731216230744, 54.741622667811349 ], [ 25.393715794484052, 54.741173550376296 ], [ 25.39370037316403, 54.740724432904869 ], [ 25.392924123833485, 54.740733352671178 ], [ 25.39290871152232, 54.740284235015864 ], [ 25.392893299637567, 54.739835117324155 ], [ 25.392877888179193, 54.739385999596045 ], [ 25.39210166416818, 54.7393949139528 ], [ 25.392086261717683, 54.738945796040895 ], [ 25.392070859693309, 54.738496678092616 ], [ 25.392055458095037, 54.738047560107908 ], [ 25.391279259401749, 54.738056469055628 ], [ 25.391263866810377, 54.737607350887252 ], [ 25.391248474644836, 54.737158232682482 ], [ 25.391233082905106, 54.73670911444129 ], [ 25.390456909527742, 54.736718017980508 ], [ 25.390441526793939, 54.736268899555768 ], [ 25.39042614448568, 54.735819781094605 ], [ 25.390410762602944, 54.735370662597035 ], [ 25.390395381145726, 54.73492154406307 ], [ 25.389619241661915, 54.734930442047208 ], [ 25.389603869209385, 54.734481323329796 ], [ 25.3895884971821, 54.734032204575939 ], [ 25.38957312558005, 54.733583085785718 ], [ 25.388797011407863, 54.73359197836244 ], [ 25.388781648809513, 54.733142859388835 ], [ 25.388766286636127, 54.732693740378821 ], [ 25.388750924887677, 54.732244621332413 ], [ 25.387974836025322, 54.732253508502275 ], [ 25.387959483279602, 54.731804389272575 ], [ 25.387944130958555, 54.73135527000651 ], [ 25.387928779062175, 54.730906150704023 ], [ 25.387913427590433, 54.730457031365141 ], [ 25.387137372613211, 54.730465912981842 ], [ 25.387122030142958, 54.730016793459789 ], [ 25.387106688097077, 54.729567673901343 ], [ 25.386330649848983, 54.72957655025899 ], [ 25.386315316803866, 54.729127430517437 ], [ 25.386299984182866, 54.728678310739511 ], [ 25.38628465198595, 54.728229190925191 ], [ 25.385508639042275, 54.728238061877505 ], [ 25.385493315845146, 54.727788941880178 ], [ 25.385477993071841, 54.727339821846492 ], [ 25.384701996855547, 54.727348687540491 ], [ 25.384686683081284, 54.72689956732389 ], [ 25.384671369730594, 54.726450447070881 ], [ 25.383895390241026, 54.726459307506943 ], [ 25.383880085888649, 54.72601018707114 ], [ 25.38386478195957, 54.725561066598956 ], [ 25.383849478453751, 54.725111946090379 ], [ 25.383073524264599, 54.725120801122465 ], [ 25.383058229756131, 54.724671680431172 ], [ 25.383042935670662, 54.724222559703499 ], [ 25.38302764200818, 54.723773438939475 ], [ 25.382251713117643, 54.723782288568096 ], [ 25.382236428451534, 54.723333167621441 ], [ 25.382221144208131, 54.722884046638391 ], [ 25.381445232041472, 54.722892891010233 ], [ 25.38142995679372, 54.722443769844659 ], [ 25.381414681968408, 54.72199464864272 ], [ 25.381399407565528, 54.721545527404395 ], [ 25.380623520694581, 54.721554366373738 ], [ 25.380608255286365, 54.721105244952973 ], [ 25.380592990300322, 54.72065612349585 ], [ 25.380577725736412, 54.720207002002368 ], [ 25.379801864159376, 54.720215835569682 ], [ 25.379786608589153, 54.719766713893847 ], [ 25.379771353440816, 54.719317592181653 ], [ 25.378995508584786, 54.719326420493381 ], [ 25.378980262429408, 54.718877298598926 ], [ 25.378965016695638, 54.718428176668084 ], [ 25.378949771383461, 54.71797905470094 ], [ 25.378173951818443, 54.717987877611591 ], [ 25.378158715498241, 54.717538755462257 ], [ 25.37814347959937, 54.717089633276565 ], [ 25.377367676753614, 54.717098450932376 ], [ 25.377352449845997, 54.716649328564621 ], [ 25.377337223359429, 54.716200206160487 ], [ 25.377321997293912, 54.715751083720029 ], [ 25.376546219736259, 54.715759895975715 ], [ 25.376531002661014, 54.715310773353274 ], [ 25.376515786006539, 54.714861650694488 ], [ 25.375740025166397, 54.714870457696101 ], [ 25.375724817501478, 54.714421334855416 ], [ 25.375709610257058, 54.713972211978387 ], [ 25.375694403433126, 54.713523089065006 ], [ 25.37491866787818, 54.713531890667412 ], [ 25.37490347004282, 54.71308276757226 ], [ 25.374888272627686, 54.712633644440743 ], [ 25.374112553788507, 54.712642440789836 ], [ 25.374097365361205, 54.712193317476633 ], [ 25.374082177353863, 54.711744194127085 ], [ 25.374066989766455, 54.711295070741187 ], [ 25.373291296209572, 54.711303861692024 ], [ 25.373276117609034, 54.710854738124539 ], [ 25.37326093942816, 54.710405614520702 ], [ 25.372485262585283, 54.71041440021898 ], [ 25.372470093390547, 54.709965276433614 ], [ 25.372454924615216, 54.709516152611933 ], [ 25.372439756259272, 54.709067028753907 ], [ 25.371664104695789, 54.709075809054887 ], [ 25.371648945325006, 54.708626685015446 ], [ 25.371633786373334, 54.708177560939674 ], [ 25.370858151522111, 54.708186335988827 ], [ 25.370843001554881, 54.707737211731732 ], [ 25.370827852006499, 54.707288087438307 ], [ 25.370812702876943, 54.706838963108552 ], [ 25.370037093302209, 54.706847732761325 ], [ 25.370021953156119, 54.706398608250346 ], [ 25.370006813428589, 54.705949483703009 ], [ 25.369231220564362, 54.705958248104736 ], [ 25.369216089819574, 54.705509123376288 ], [ 25.369200959493075, 54.70505999861151 ], [ 25.369185829584854, 54.70461087381041 ], [ 25.368410261994221, 54.704619632816694 ], [ 25.368395141067758, 54.704170507834554 ], [ 25.368380020559311, 54.703721382816084 ], [ 25.367604469677428, 54.703730136572062 ], [ 25.367589358150013, 54.703281011372631 ], [ 25.367574247040341, 54.702831886136892 ], [ 25.366798712866562, 54.702840634642918 ], [ 25.366783610737201, 54.702391509226331 ], [ 25.366768509025313, 54.701942383773407 ], [ 25.366753407730879, 54.70149325828416 ], [ 25.365977898826692, 54.701502001396108 ], [ 25.365962806511593, 54.701052875726099 ], [ 25.365947714613689, 54.700603750019788 ], [ 25.36517222241585, 54.700612487882523 ], [ 25.365157139496588, 54.700163361996616 ], [ 25.365142056994209, 54.699714236073298 ], [ 25.364366581502086, 54.699722968687183 ], [ 25.364351507977592, 54.699273842583302 ], [ 25.364336434869752, 54.698824716443092 ], [ 25.363560976082692, 54.698833443808439 ], [ 25.363545911952009, 54.698384317487758 ], [ 25.363530848237708, 54.69793519113076 ], [ 25.363515784939796, 54.697486064737461 ], [ 25.362740351417212, 54.697494786710514 ], [ 25.362725297095466, 54.697045660136801 ], [ 25.362710243189827, 54.696596533526815 ], [ 25.361934826370554, 54.696605250252091 ], [ 25.361919781440374, 54.696156123461769 ], [ 25.361904736926032, 54.695706996635181 ], [ 25.361129336809416, 54.695715708113006 ], [ 25.361114301269808, 54.695266581106182 ], [ 25.361099266145761, 54.694817454063056 ], [ 25.360323882731166, 54.694826160293772 ], [ 25.360308856581135, 54.694377033070531 ], [ 25.360293830846395, 54.693927905811002 ], [ 25.359518464133181, 54.693936606794935 ], [ 25.359503447371722, 54.693487479355376 ], [ 25.359488431025305, 54.693038351879515 ], [ 25.358713081012819, 54.693047047617007 ], [ 25.358698073638944, 54.692597919961216 ], [ 25.358683066679852, 54.692148792269144 ], [ 25.358668060135507, 54.691699664540778 ], [ 25.357892735380172, 54.69170835488859 ], [ 25.357877737807407, 54.691259226980378 ], [ 25.357862740649129, 54.690810099035879 ], [ 25.35708743259277, 54.69081878413801 ], [ 25.357072444405347, 54.690369656013758 ], [ 25.357057456632145, 54.689920527853218 ], [ 25.356282165274113, 54.689929207710001 ], [ 25.356267186471033, 54.689480079369794 ], [ 25.356252208081912, 54.689030950993327 ], [ 25.355476933421567, 54.689039625605098 ], [ 25.35546196400184, 54.688590497049042 ], [ 25.355446994995805, 54.688141368456726 ], [ 25.354671737032501, 54.68815003782381 ], [ 25.354656776995146, 54.687700909051998 ], [ 25.354641817371206, 54.687251780243898 ], [ 25.353866576104291, 54.687260444366665 ], [ 25.353851625448307, 54.686811315379181 ], [ 25.353836675205471, 54.686362186355417 ], [ 25.3530614506343, 54.686370845234173 ], [ 25.353046509358702, 54.68592171603111 ], [ 25.353031568495982, 54.685472586791811 ], [ 25.352256360619904, 54.685481240426853 ], [ 25.352241428723694, 54.685032111008333 ], [ 25.352226497240107, 54.684582981553547 ], [ 25.351451306058483, 54.684591629945267 ], [ 25.351436383540673, 54.684142500311353 ], [ 25.351421461435208, 54.683693370641187 ], [ 25.350646286947384, 54.683702013789897 ], [ 25.350631373806991, 54.683252883940703 ], [ 25.350616461078666, 54.68280375405525 ], [ 25.349841303284002, 54.682812391961278 ], [ 25.349826399520023, 54.682363261896882 ], [ 25.349811496167852, 54.68191413179624 ], [ 25.349036355065699, 54.681922764459927 ], [ 25.349021460677147, 54.681473634180449 ], [ 25.349006566700144, 54.681024503864691 ], [ 25.348231442289848, 54.681033131286377 ], [ 25.348216557275734, 54.680584000791882 ], [ 25.348201672672893, 54.680134870261142 ], [ 25.347426564953825, 54.680143492441147 ], [ 25.347411689313155, 54.679694361731741 ], [ 25.347396814083499, 54.679245230986105 ], [ 25.346621723054998, 54.679253847924763 ], [ 25.346606856786785, 54.678804717000538 ], [ 25.346591990929312, 54.678355586040084 ], [ 25.345816916590739, 54.678364197737743 ], [ 25.345802059693995, 54.6779150665988 ], [ 25.34578720320772, 54.677465935423605 ], [ 25.345012145558421, 54.677474541880599 ], [ 25.344997298032144, 54.677025410527015 ], [ 25.344982450916081, 54.676576279137201 ], [ 25.34420740995542, 54.676584880353857 ], [ 25.344192571798629, 54.67613574878574 ], [ 25.344177734051787, 54.675686617181405 ], [ 25.343402709779109, 54.67569521315805 ], [ 25.343387880990807, 54.675246081375491 ], [ 25.343373052612193, 54.674796949556701 ], [ 25.342598045026854, 54.674805540293697 ], [ 25.342583225606067, 54.674356408296788 ], [ 25.342568406594683, 54.673907276263662 ], [ 25.341793415696038, 54.673915861761301 ], [ 25.341778605641757, 54.67346672955015 ], [ 25.341763795996631, 54.67301759730276 ], [ 25.340988821784034, 54.673026177561411 ], [ 25.340974021095281, 54.672577045136094 ], [ 25.340959220815407, 54.672127912674561 ], [ 25.340184263288211, 54.67213648769453 ], [ 25.340169471963993, 54.671687355055148 ], [ 25.339394522574977, 54.671695924978337 ], [ 25.339379740205938, 54.671246792161199 ], [ 25.339364958245277, 54.67079765930783 ], [ 25.338590025540821, 54.670806223992926 ], [ 25.338575252534614, 54.670357090961907 ], [ 25.338560479936497, 54.669907957894679 ], [ 25.337785563915961, 54.669916517342024 ], [ 25.337770800271581, 54.66946738409721 ], [ 25.337756037035032, 54.669018250816194 ], [ 25.336981137697773, 54.669026805026114 ], [ 25.336966383414236, 54.668577671567611 ], [ 25.33695162953827, 54.668128538072892 ], [ 25.336176746883631, 54.668137087045743 ], [ 25.336162001959948, 54.667687953373623 ], [ 25.336147257443571, 54.667238819665322 ], [ 25.335372391470909, 54.667247363401415 ], [ 25.335357655906098, 54.666798229515798 ], [ 25.33534292074831, 54.666349095593986 ], [ 25.33532818599754, 54.665899961635979 ], [ 25.334553345250047, 54.665908499994636 ], [ 25.334538619449869, 54.665459365859405 ], [ 25.334523894056446, 54.665010231687994 ], [ 25.333749069989178, 54.665018764810654 ], [ 25.333734353545626, 54.664569630462118 ], [ 25.332959537615025, 54.664578158489952 ], [ 25.332944830120869, 54.664129023964371 ], [ 25.332930123032952, 54.66367988940263 ], [ 25.332915416351245, 54.663230754804687 ], [ 25.332140625642499, 54.663239277456356 ], [ 25.332125927909225, 54.662790142681459 ], [ 25.332111230581894, 54.662341007870403 ], [ 25.331336456551433, 54.662349525287063 ], [ 25.331321768171822, 54.661900390299152 ], [ 25.331307080197874, 54.661451255275033 ], [ 25.33053232284507, 54.661459767457053 ], [ 25.330517643818112, 54.661010632256193 ], [ 25.330502965196573, 54.660561497019145 ], [ 25.32972822452076, 54.660570003966839 ], [ 25.32971355484548, 54.660120868553115 ], [ 25.32969888557535, 54.659671733103252 ], [ 25.329684216710358, 54.65922259761718 ], [ 25.328909501251303, 54.659231099190464 ], [ 25.328894841331596, 54.658781963527844 ], [ 25.32812013400784, 54.658790460007857 ], [ 25.328105483032957, 54.658341324168745 ], [ 25.328090832462685, 54.657892188293452 ], [ 25.327316141813988, 54.657900679540141 ], [ 25.327301500187819, 54.657451543488477 ], [ 25.32652681767426, 54.657460029642294 ], [ 25.326512184991714, 54.657010893414309 ], [ 25.326497552713263, 54.656561757150165 ], [ 25.326482920838902, 54.656112620849854 ], [ 25.326468289368609, 54.655663484513354 ], [ 25.325693640606669, 54.655671965154369 ], [ 25.325679018078784, 54.655222828641648 ], [ 25.324904377451386, 54.655231304190366 ], [ 25.324889763865425, 54.654782167501558 ], [ 25.324115131372597, 54.654790637958136 ], [ 25.324100526728095, 54.654341501093313 ], [ 25.324085922486901, 54.653892364192302 ], [ 25.323311306666351, 54.653900829417132 ], [ 25.323296711365892, 54.653451692340198 ], [ 25.322522103679756, 54.653460152473301 ], [ 25.322507517319561, 54.653011015220514 ], [ 25.322492931362149, 54.652561877931575 ], [ 25.322478345807514, 54.652112740606469 ], [ 25.321703763329598, 54.6521211953688 ], [ 25.321689186714259, 54.651672057867941 ], [ 25.320914612370366, 54.651680507539062 ], [ 25.320900044693847, 54.651231369862536 ], [ 25.320885477419576, 54.650782232149851 ], [ 25.320110919745847, 54.650790676590461 ], [ 25.320096361409682, 54.650341538702193 ], [ 25.319321811869823, 54.650349978051999 ], [ 25.319307262471284, 54.649900839988248 ], [ 25.318532721065324, 54.649909274247378 ], [ 25.318518180603945, 54.649460136008223 ], [ 25.318503640544051, 54.649010997732915 ], [ 25.317729115807222, 54.649019426762379 ], [ 25.317714584683767, 54.648570288311767 ], [ 25.317700053961534, 54.648121149825023 ], [ 25.316925545893188, 54.648129573625134 ], [ 25.316911024106673, 54.647680434963164 ], [ 25.316896502721118, 54.647231296265062 ], [ 25.316122011320601, 54.647239714836175 ], [ 25.316107498870039, 54.646790575962925 ], [ 25.316092986820166, 54.646341437053557 ], [ 25.315318512086836, 54.646349850395985 ], [ 25.315304008971243, 54.645900711311576 ], [ 25.315289506256075, 54.645451572191043 ], [ 25.314515048189289, 54.64545998030512 ], [ 25.314500554407672, 54.645010841009643 ], [ 25.314486061026212, 54.644561701678022 ], [ 25.314471568044898, 54.644112562310298 ], [ 25.313697135176696, 54.644120965057624 ], [ 25.313682651127966, 54.643671825515042 ], [ 25.313668167479115, 54.643222685936315 ], [ 25.312893751275709, 54.643231083456051 ], [ 25.312879276558721, 54.642781943702587 ], [ 25.312864802241343, 54.642332803912979 ], [ 25.312850328323567, 54.641883664087274 ], [ 25.31207593731585, 54.64189205624119 ], [ 25.31206147232896, 54.641442916240798 ], [ 25.312047007741413, 54.640993776204304 ], [ 25.31203254355318, 54.640544636131679 ], [ 25.311258177739354, 54.640553022920301 ], [ 25.311243722481034, 54.640103882673102 ], [ 25.311229267621773, 54.63965474238978 ], [ 25.311214813161552, 54.639205602070355 ], [ 25.310440472539828, 54.639213983494194 ], [ 25.310426027008553, 54.638764843000267 ], [ 25.310411581876053, 54.638315702470258 ], [ 25.310397137142314, 54.637866561904126 ], [ 25.309622821710896, 54.63787493796368 ], [ 25.309608385905126, 54.637425797223145 ], [ 25.309593950497856, 54.636976656446514 ], [ 25.309579515489066, 54.636527515633766 ], [ 25.308805225246168, 54.636535886329554 ], [ 25.308790799164381, 54.63608674534251 ], [ 25.308776373480807, 54.635637604319371 ], [ 25.308761948195432, 54.635188463260128 ], [ 25.308747523308245, 54.634739322164776 ], [ 25.308733098819229, 54.634290181033315 ], [ 25.307958850818512, 54.634298546089639 ], [ 25.307944435255031, 54.633849404784002 ], [ 25.307930020089444, 54.633400263442212 ], [ 25.307155788745359, 54.633408623273986 ], [ 25.307141382504589, 54.632959481758128 ], [ 25.307126976661461, 54.632510340206146 ], [ 25.30711257121596, 54.632061198618096 ], [ 25.306338365054323, 54.632069553087717 ], [ 25.306323968532663, 54.631620411325642 ], [ 25.30630957240836, 54.631171269527464 ], [ 25.306295176681406, 54.630722127693183 ], [ 25.305520995700419, 54.630730476801183 ], [ 25.305506608896337, 54.630281334792983 ], [ 25.30473243604381, 54.630289678815345 ], [ 25.304718058162134, 54.629840536633317 ], [ 25.304703680677282, 54.629391394415187 ], [ 25.303929524478352, 54.629399733214406 ], [ 25.303915155915178, 54.628950590822541 ], [ 25.303900787748571, 54.62850144839458 ], [ 25.303886419978515, 54.628052305930538 ], [ 25.303112288956932, 54.628060639369394 ], [ 25.303097930107594, 54.62761149673171 ], [ 25.303083571654529, 54.62716235405793 ], [ 25.303069213597745, 54.626713211348054 ], [ 25.302295107751728, 54.626721539427059 ], [ 25.302280758614682, 54.626272396543641 ], [ 25.302266409873639, 54.625823253624141 ], [ 25.30149232067836, 54.625831576481161 ], [ 25.301477980856344, 54.625382433388197 ], [ 25.301463641430075, 54.624933290259158 ], [ 25.300689568884891, 54.624941607894556 ], [ 25.300675238376911, 54.624492464592137 ], [ 25.300660908264415, 54.62404332125363 ], [ 25.299886852368687, 54.624051633667726 ], [ 25.299872531173765, 54.623602490155953 ], [ 25.299858210374062, 54.623153346608099 ], [ 25.299843889969559, 54.622704203024156 ], [ 25.299069859244291, 54.622712510080184 ], [ 25.299055547756399, 54.622263366323047 ], [ 25.299041236663435, 54.621814222529849 ], [ 25.299026925965389, 54.621365078700578 ], [ 25.299012615662249, 54.620915934835224 ], [ 25.298238618626407, 54.620924236396654 ], [ 25.298224317238656, 54.620475092358227 ], [ 25.298210016245545, 54.620025948283732 ], [ 25.298195715647058, 54.61957680417315 ], [ 25.298181415443189, 54.619127660026507 ], [ 25.298167115633909, 54.618678515843797 ], [ 25.297393160803644, 54.618686811774367 ], [ 25.297378869908293, 54.618237667418654 ], [ 25.297364579407265, 54.617788523026903 ], [ 25.29735028930056, 54.617339378599063 ], [ 25.297335999588146, 54.616890234135155 ], [ 25.297321710270026, 54.616441089635188 ], [ 25.297307421346176, 54.615991945099168 ], [ 25.297293132816577, 54.615542800527059 ], [ 25.297278844681223, 54.615093655918898 ], [ 25.29650495760491, 54.615101945809023 ], [ 25.296490678381268, 54.614652801027972 ], [ 25.296476399551594, 54.614203656210847 ], [ 25.296462121115891, 54.613754511357683 ], [ 25.296447843074134, 54.613305366468438 ], [ 25.296433565426305, 54.612856221543119 ], [ 25.296419288172398, 54.612407076581761 ], [ 25.296405011312395, 54.611957931584314 ], [ 25.296390734846284, 54.611508786550814 ], [ 25.296376458774038, 54.611059641481248 ], [ 25.29636218309566, 54.610610496375635 ], [ 25.295588380789734, 54.610618779953384 ], [ 25.295574114020347, 54.610169634674982 ], [ 25.295559847644551, 54.609720489360512 ], [ 25.295545581662335, 54.609271344009983 ], [ 25.295531316073689, 54.608822198623407 ], [ 25.29551705087859, 54.608373053200744 ], [ 25.295502786077037, 54.607923907742062 ], [ 25.29548852166899, 54.607474762247293 ], [ 25.294714778570658, 54.607483039924404 ], [ 25.294700523069636, 54.607033894256951 ], [ 25.294686267961886, 54.606584748553459 ], [ 25.294672013247371, 54.606135602813914 ], [ 25.294657758926085, 54.605686457038281 ], [ 25.294643504998014, 54.605237311226603 ], [ 25.294629251463142, 54.604788165378878 ], [ 25.293855559049213, 54.604796437293139 ], [ 25.293841314419645, 54.604347291272845 ], [ 25.293827070183013, 54.603898145216483 ], [ 25.293812826339298, 54.603448999124062 ], [ 25.293798582888495, 54.602999852995595 ], [ 25.293024924128773, 54.60300811942092 ], [ 25.293010689582058, 54.602558973119969 ], [ 25.292996455427989, 54.602109826782979 ], [ 25.292982221666538, 54.601660680409928 ], [ 25.292208588047099, 54.601668941483346 ], [ 25.292194363188777, 54.601219794937911 ], [ 25.29218013872282, 54.600770648356409 ], [ 25.292165914649203, 54.60032150173889 ], [ 25.291392306168269, 54.600329757460898 ], [ 25.291378090996812, 54.599880610671093 ], [ 25.291363876217439, 54.5994314638452 ], [ 25.291349661830139, 54.598982316983289 ], [ 25.291335447834889, 54.598533170085332 ], [ 25.29056187299981, 54.598541420320288 ], [ 25.290547667905496, 54.598092273250145 ], [ 25.290533463202983, 54.597643126143943 ], [ 25.290519258892235, 54.597193979001695 ], [ 25.290505054973256, 54.596744831823408 ], [ 25.289731513780612, 54.596753076572028 ], [ 25.289717318761355, 54.596303929221641 ], [ 25.289703124133602, 54.595854781835229 ], [ 25.28968892989732, 54.595405634412742 ], [ 25.289674736052515, 54.594956486954246 ], [ 25.288901228498922, 54.594964726217214 ], [ 25.28888704355262, 54.59451557858668 ], [ 25.288872858997525, 54.594066430920144 ], [ 25.288858674833616, 54.593617283217554 ], [ 25.288844491060885, 54.593168135478926 ], [ 25.289617964587663, 54.593159896759758 ], [ 25.289632156866748, 54.593609044362431 ], [ 25.290405638508467, 54.593600800566087 ], [ 25.291179119758549, 54.593592551828522 ], [ 25.291193329442162, 54.594041699123011 ], [ 25.291966818806909, 54.594033445308035 ], [ 25.291981037389196, 54.594482592430282 ], [ 25.292754534868568, 54.594474333537718 ], [ 25.293528031955567, 54.594466069703806 ], [ 25.294301528649953, 54.59445780092851 ], [ 25.294315773145325, 54.594906947605601 ], [ 25.295089277953817, 54.594898673752432 ], [ 25.295862782369213, 54.594890394957822 ], [ 25.29663628639128, 54.594882111221771 ], [ 25.296650556801026, 54.59533125745299 ], [ 25.297424068936671, 54.595322968638754 ], [ 25.298197580678508, 54.595314674883014 ], [ 25.298211868496569, 54.595763820804528 ], [ 25.298985388351699, 54.595755521970347 ], [ 25.299758907812535, 54.595747218194589 ], [ 25.300532426878849, 54.595738909477276 ], [ 25.300546740613665, 54.596188054951654 ], [ 25.300561054743266, 54.596637200389935 ], [ 25.300575369267658, 54.597086345792128 ], [ 25.301348913462512, 54.597078031721693 ], [ 25.301363236889955, 54.597527176950614 ], [ 25.301377560712453, 54.597976322143452 ], [ 25.30139188493003, 54.598425467300217 ], [ 25.301406209542698, 54.598874612420872 ], [ 25.302179787376812, 54.598866292859498 ], [ 25.302194120893738, 54.59931543780678 ], [ 25.302208454806024, 54.599764582717981 ], [ 25.302222789113671, 54.600213727593086 ], [ 25.302237123816703, 54.600662872432096 ], [ 25.303010735293483, 54.600654547379115 ], [ 25.303025078901996, 54.60110369204466 ], [ 25.303039422906153, 54.601552836674095 ], [ 25.303053767305975, 54.602001981267463 ], [ 25.303068112101474, 54.602451125824722 ], [ 25.303841757224316, 54.602442795279423 ], [ 25.303856110926514, 54.602891939663131 ], [ 25.303870465024648, 54.603341084010729 ], [ 25.303884819518736, 54.603790228322232 ], [ 25.303899174408798, 54.60423937259764 ], [ 25.303913529694842, 54.604688516836951 ], [ 25.303927885376886, 54.605137661040168 ], [ 25.303942241454941, 54.605586805207288 ], [ 25.30395659792903, 54.60603594933832 ], [ 25.304730310750475, 54.60602761274972 ], [ 25.304744676133485, 54.606476756707053 ], [ 25.304759041912774, 54.606925900628319 ], [ 25.30477340808838, 54.607375044513489 ], [ 25.304787774660305, 54.607824188362549 ], [ 25.304802141628567, 54.608273332175514 ], [ 25.304816508993181, 54.608722475952362 ], [ 25.30559027249901, 54.608714133594319 ], [ 25.305604648774256, 54.609163277197403 ], [ 25.305619025446124, 54.609612420764407 ], [ 25.305633402514619, 54.610061564295293 ], [ 25.305647779979768, 54.610510707790063 ], [ 25.305662157841564, 54.610959851248758 ], [ 25.305676536100048, 54.611408994671343 ], [ 25.305690914755221, 54.611858138057805 ], [ 25.306464737469131, 54.611849789791478 ], [ 25.306479125036905, 54.612298933004084 ], [ 25.30649351300163, 54.612748076180594 ], [ 25.306507901363325, 54.613197219320973 ], [ 25.306522290122007, 54.613646362425271 ], [ 25.306536679277695, 54.614095505493466 ], [ 25.306551068830391, 54.614544648525545 ], [ 25.306565458780117, 54.614993791521542 ], [ 25.306579849126891, 54.615442934481429 ], [ 25.306594239870723, 54.615892077405221 ], [ 25.307368138839049, 54.615883722953505 ], [ 25.307382538497947, 54.616332865703299 ], [ 25.307396938554167, 54.616782008416969 ], [ 25.307411339007729, 54.617231151094551 ], [ 25.307425739858648, 54.617680293736008 ], [ 25.307440141106927, 54.618129436341391 ], [ 25.307454542752602, 54.618578578910657 ], [ 25.308228492434999, 54.618570218685868 ], [ 25.308242902997453, 54.619019361081037 ], [ 25.308257313957551, 54.61946850344011 ], [ 25.308271725315315, 54.619917645763053 ], [ 25.309045700158901, 54.619909280178376 ], [ 25.309060120434417, 54.620358422327143 ], [ 25.309074541107865, 54.620807564439794 ], [ 25.30984853259389, 54.620799193632884 ], [ 25.309862962185807, 54.621248335571245 ], [ 25.309877392175927, 54.621697477473489 ], [ 25.310651400305037, 54.621689101444005 ], [ 25.310665839214341, 54.622138243171889 ], [ 25.310680278522103, 54.62258738486365 ], [ 25.310694718228344, 54.623036526519314 ], [ 25.311468751522629, 54.623028145128565 ], [ 25.311483200149034, 54.623477286609756 ], [ 25.311497649174164, 54.623926428054823 ], [ 25.312271699113285, 54.623918041440753 ], [ 25.312286157059301, 54.624367182711268 ], [ 25.312300615404325, 54.624816323945652 ], [ 25.31307468198893, 54.624807932107935 ], [ 25.31308914925555, 54.625257073167674 ], [ 25.313103616921438, 54.62570621419129 ], [ 25.313118084986613, 54.626155355178788 ], [ 25.313892176740378, 54.626146957978449 ], [ 25.313906653728122, 54.626596098791211 ], [ 25.313921131115421, 54.627045239567835 ], [ 25.3146952395164, 54.627036837143095 ], [ 25.31470972582699, 54.62748597774489 ], [ 25.314724212537385, 54.627935118310546 ], [ 25.315498337586241, 54.627926710661065 ], [ 25.315512833220648, 54.628375851051793 ], [ 25.315527329255143, 54.628824991406432 ], [ 25.315541825689721, 54.629274131724898 ], [ 25.316315975911731, 54.629265718711444 ], [ 25.316330481271294, 54.629714858854904 ], [ 25.316344987031211, 54.630163998962232 ], [ 25.317119153902848, 54.630155580723297 ], [ 25.317133668588465, 54.630604720655512 ], [ 25.317148183674711, 54.63105386055161 ], [ 25.317162699161596, 54.631503000411548 ], [ 25.317936891209268, 54.631494576807718 ], [ 25.317951415622826, 54.631943716492458 ], [ 25.317965940437286, 54.632392856141074 ], [ 25.317980465652663, 54.632841995753537 ], [ 25.318754682878176, 54.632833566784285 ], [ 25.318769217021192, 54.633282706221465 ], [ 25.318783751565398, 54.633731845622499 ], [ 25.318798286510802, 54.634180984987381 ], [ 25.318812821857417, 54.634630124316132 ], [ 25.319587072789957, 54.634621689841723 ], [ 25.319601617065437, 54.635070828995076 ], [ 25.319616161742392, 54.635519968112284 ], [ 25.319630706820845, 54.635969107193333 ], [ 25.319645252300798, 54.63641824623825 ], [ 25.319659798182283, 54.636867385247029 ], [ 25.319674344465312, 54.637316524219649 ], [ 25.319688891149884, 54.637765663156124 ], [ 25.319703438236019, 54.638214802056446 ], [ 25.319717985723745, 54.638663940920615 ], [ 25.31973253361307, 54.639113079748654 ], [ 25.319747081904001, 54.63956221854054 ], [ 25.319761630596567, 54.640011357296288 ], [ 25.319776179690781, 54.640460496015884 ], [ 25.31979072918665, 54.640909634699319 ], [ 25.319805279084186, 54.641358773346617 ], [ 25.319819829383423, 54.641807911957791 ], [ 25.319834380084359, 54.642257050532798 ], [ 25.319848931187007, 54.642706189071667 ], [ 25.319863482691396, 54.643155327574377 ], [ 25.319878034597526, 54.643604466040969 ], [ 25.319892586905429, 54.644053604471381 ], [ 25.319907139615104, 54.64450274286569 ], [ 25.319921692726588, 54.644951881223825 ], [ 25.319936246239866, 54.645401019545808 ], [ 25.319950800154967, 54.645850157831646 ], [ 25.319965354471915, 54.646299296081374 ], [ 25.320739826797642, 54.646290853034955 ], [ 25.320754390050183, 54.646739991109101 ], [ 25.321528870507546, 54.646731542972546 ], [ 25.321514298721283, 54.646282405037894 ], [ 25.322288770242597, 54.646273952090198 ], [ 25.322303350562571, 54.646723089885285 ], [ 25.322317931285124, 54.647172227644226 ], [ 25.3230924194715, 54.647163769466594 ], [ 25.323107009130812, 54.647612907049734 ], [ 25.323121599192959, 54.648062044596692 ], [ 25.323136189657969, 54.648511182107519 ], [ 25.323910703044685, 54.648502718559861 ], [ 25.324685216028289, 54.648494250061184 ], [ 25.325459728608543, 54.648485776611466 ], [ 25.325445112539718, 54.648036639520107 ], [ 25.326219616181827, 54.648028161259383 ], [ 25.326994119420139, 54.648019678047703 ], [ 25.327768622254414, 54.648011189885096 ], [ 25.327783263926925, 54.648460326556219 ], [ 25.32779790600372, 54.648909463191174 ], [ 25.328572425503026, 54.648900969797175 ], [ 25.328587076519121, 54.649350106255696 ], [ 25.32860172793977, 54.649799242678064 ], [ 25.329376264104749, 54.649790744052325 ], [ 25.329390924465418, 54.650239880298187 ], [ 25.329405585230901, 54.65068901650784 ], [ 25.330180138062204, 54.650680512650055 ], [ 25.330194807768436, 54.651129648683124 ], [ 25.330209477879748, 54.651578784680005 ], [ 25.330984047378013, 54.651570275589819 ], [ 25.330998726430789, 54.652019411410016 ], [ 25.331013405888918, 54.652468547194019 ], [ 25.331787992054792, 54.652460032871105 ], [ 25.331802680455109, 54.652909168478317 ], [ 25.331817369261039, 54.653358304049362 ], [ 25.332591972095173, 54.653349784493408 ], [ 25.332606669844015, 54.653798919887571 ], [ 25.33262136799873, 54.654248055245539 ], [ 25.333395987501767, 54.654239530456167 ], [ 25.333410694600115, 54.654688665637188 ], [ 25.333425402104613, 54.655137800781993 ], [ 25.334200038277199, 54.655129270758906 ], [ 25.334214754726048, 54.655578405726665 ], [ 25.334229471581306, 54.656027540658236 ], [ 25.335004124424088, 54.656019005401077 ], [ 25.335018850224422, 54.656468140155489 ], [ 25.335033576431442, 54.656917274873713 ], [ 25.335808245945064, 54.656908734382171 ], [ 25.335822981097873, 54.65735786892315 ], [ 25.335837716657625, 54.657807003427926 ], [ 25.336612402842736, 54.657798457701659 ], [ 25.336627147349009, 54.658247592029099 ], [ 25.336641892262499, 54.658696726320358 ], [ 25.337416595119738, 54.658688175359011 ], [ 25.337431348980463, 54.65913730947284 ], [ 25.337446103248666, 54.659586443550467 ], [ 25.338220822778688, 54.659577887353713 ], [ 25.338235585994855, 54.660027021253839 ], [ 25.338250349618768, 54.660476155117756 ], [ 25.339025085822204, 54.660467593685262 ], [ 25.339039858394809, 54.660916727371571 ], [ 25.339054631375415, 54.661365861021672 ], [ 25.339829384252923, 54.661357294353131 ], [ 25.339844166182939, 54.661806427825532 ], [ 25.339858948521229, 54.662255561261723 ], [ 25.340633718073452, 54.662246989356802 ], [ 25.340648509361877, 54.662696122615195 ], [ 25.340663301058843, 54.663145255837371 ], [ 25.341438087286431, 54.6631366786957 ], [ 25.341452887934249, 54.663585811739999 ], [ 25.341467688990875, 54.664034944748096 ], [ 25.342242491894467, 54.664026362369363 ], [ 25.342257301902674, 54.664475495199497 ], [ 25.34227211231995, 54.664924627993379 ], [ 25.343046931900197, 54.664916040377243 ], [ 25.343061751269772, 54.665365172993098 ], [ 25.343076571048684, 54.665814305572709 ], [ 25.343851407306232, 54.66580571271885 ], [ 25.343866236038167, 54.666254845120314 ], [ 25.343881065179712, 54.666703977485575 ], [ 25.344655918115205, 54.66669537939363 ], [ 25.344670756210498, 54.667144511580631 ], [ 25.34468559471566, 54.667593643731401 ], [ 25.345460464329747, 54.667585040401057 ], [ 25.345475311789375, 54.668034172373524 ], [ 25.346250189537894, 54.668025563946628 ], [ 25.346265045952467, 54.668474695740656 ], [ 25.347039931835393, 54.66846608221703 ], [ 25.347054797205377, 54.66891521383257 ], [ 25.347069662985994, 54.66936434541185 ], [ 25.347844565548534, 54.669355726649002 ], [ 25.347859440285301, 54.669804858049694 ], [ 25.347874315432961, 54.670253989414135 ], [ 25.348649234675772, 54.670245365411738 ], [ 25.348664118780288, 54.670694496597484 ], [ 25.349439046157851, 54.670685867497703 ], [ 25.349453939219707, 54.671134998504712 ], [ 25.349468832692985, 54.671584129475441 ], [ 25.349483726577702, 54.672033260409933 ], [ 25.350258679182968, 54.672024625927399 ], [ 25.350273582025995, 54.672473756683004 ], [ 25.350288485280725, 54.672922887402379 ], [ 25.350303388947186, 54.673372018085459 ], [ 25.351078366781959, 54.67336337821969 ], [ 25.351093279407692, 54.673812508723842 ], [ 25.351868265378005, 54.673803863759851 ], [ 25.351883186963487, 54.674252994084938 ], [ 25.351898108961219, 54.674702124373788 ], [ 25.352673111615026, 54.674693474168571 ], [ 25.352688042573224, 54.675142604278264 ], [ 25.352702973943938, 54.675591734351677 ], [ 25.353477993281878, 54.675583078904914 ], [ 25.353492933613783, 54.676032208799121 ], [ 25.354267961087626, 54.676023548253482 ], [ 25.35428291038119, 54.67647267796837 ], [ 25.354297860087797, 54.67692180764697 ], [ 25.355072904246612, 54.676913141859195 ], [ 25.3550878629156, 54.677362271358412 ], [ 25.355102821997889, 54.677811400821334 ], [ 25.355877882842321, 54.67780272979109 ], [ 25.355892850887724, 54.678251859074514 ], [ 25.355907819346694, 54.678700988321673 ], [ 25.356682896877381, 54.678692312048611 ], [ 25.356697874300188, 54.679141441116158 ], [ 25.357472959967311, 54.679132759743354 ], [ 25.357487946354432, 54.679581888631247 ], [ 25.357502933155626, 54.680031017482833 ], [ 25.358278035509848, 54.680022330866628 ], [ 25.35829303127608, 54.68047145953846 ], [ 25.358308027456655, 54.680920588173997 ], [ 25.35908314649863, 54.680911896314086 ], [ 25.359098151644965, 54.681361024769757 ], [ 25.359113157205918, 54.68181015318914 ], [ 25.359888292936279, 54.681801456085161 ], [ 25.359903307463714, 54.682250584324599 ], [ 25.359918322406024, 54.682699712527729 ], [ 25.360693474825428, 54.682691010179369 ], [ 25.360708498734951, 54.683140138202447 ], [ 25.360723523059622, 54.683589266189259 ], [ 25.361498692168706, 54.683580558596155 ], [ 25.361513725461311, 54.684029686402816 ], [ 25.361528759169332, 54.68447881417319 ], [ 25.362303944968744, 54.68447010133503 ], [ 25.362318987645416, 54.684919228925168 ], [ 25.363094181582369, 54.684910510985617 ], [ 25.363109233228162, 54.685359638395454 ], [ 25.363124285289892, 54.685808765768975 ], [ 25.363899495918016, 54.685800042583779 ], [ 25.363914556949602, 54.6862491697769 ], [ 25.363929618397385, 54.686698296933713 ], [ 25.364704845717313, 54.686689568502551 ], [ 25.36471991613567, 54.687138695478858 ], [ 25.364734986970507, 54.68758782241887 ], [ 25.365510230982895, 54.687579088741394 ], [ 25.365525310789021, 54.688028215500808 ], [ 25.365540391011891, 54.688477342223898 ], [ 25.366315651717379, 54.688468603299789 ], [ 25.366330740912272, 54.68891772984221 ], [ 25.367106009756025, 54.688908985815551 ], [ 25.367121107923406, 54.689358112177217 ], [ 25.36713620650805, 54.689807238502553 ], [ 25.367911492045742, 54.689798489228679 ], [ 25.367926599603603, 54.690247615373153 ], [ 25.367941707578989, 54.690696741481304 ], [ 25.368717009811263, 54.69068798695988 ], [ 25.368732126760598, 54.691137112887077 ], [ 25.368747244127722, 54.691586238777951 ], [ 25.369522563055227, 54.691577479008636 ], [ 25.369537689397021, 54.692026604718457 ], [ 25.369552816156872, 54.692475730391962 ], [ 25.370328151780253, 54.692466965374415 ], [ 25.370343287515507, 54.692916090866802 ], [ 25.370358423669071, 54.693365216322825 ], [ 25.371133775988984, 54.693356446056711 ], [ 25.371148921118671, 54.693805571331545 ], [ 25.371924281577758, 54.693796795961511 ], [ 25.371939435684041, 54.694245921055021 ], [ 25.371954590209164, 54.694695046112187 ], [ 25.372729967365608, 54.694686265492997 ], [ 25.372745130868047, 54.695135390368769 ], [ 25.372760294789607, 54.695584515208196 ], [ 25.373535688644058, 54.695575729339552 ], [ 25.373550861543656, 54.696024853997471 ], [ 25.373566034862634, 54.696473978619082 ], [ 25.374341445415734, 54.696465187500607 ], [ 25.374356627713475, 54.696914311940617 ], [ 25.374371810430876, 54.697363436344261 ], [ 25.375147237683272, 54.697354639975657 ], [ 25.375162429380147, 54.697803764197623 ], [ 25.375177621496956, 54.698252888383259 ], [ 25.375953065449295, 54.69824408676417 ], [ 25.375968266546316, 54.698693210768035 ], [ 25.37598346806352, 54.699142334735541 ], [ 25.376758928716448, 54.699133527865634 ], [ 25.376774139214596, 54.699582651651284 ], [ 25.377549608007797, 54.699573839675814 ], [ 25.377564827487351, 54.700022963279523 ], [ 25.377580047387582, 54.700472086845792 ], [ 25.378355532882217, 54.700463269618922 ], [ 25.378370761764604, 54.700912393004224 ], [ 25.378385991067983, 54.70136151635316 ], [ 25.379161493264686, 54.701352693874583 ], [ 25.379176731550924, 54.701801817041385 ], [ 25.379191970258407, 54.70225094017183 ], [ 25.379967489157824, 54.702242112441176 ], [ 25.379982736848891, 54.702691235389409 ], [ 25.37999798496147, 54.703140358301255 ], [ 25.380773520564251, 54.703131525318192 ], [ 25.380788777661142, 54.703580648047748 ], [ 25.380804035179821, 54.70402977074091 ], [ 25.381579587486605, 54.704020932505131 ], [ 25.381594853990311, 54.704470055015889 ], [ 25.382370414438292, 54.704461211673156 ], [ 25.38238568992751, 54.704910334001433 ], [ 25.382400965839036, 54.705359456293316 ], [ 25.383176542991865, 54.70535060769727 ], [ 25.383191827889615, 54.705799729806586 ], [ 25.383207113209941, 54.706248851879515 ], [ 25.38398270706826, 54.706239998029822 ], [ 25.383998001375549, 54.706689119920064 ], [ 25.384013296105671, 54.70713824177394 ], [ 25.384788906670117, 54.707129382670253 ], [ 25.384804210387927, 54.707578504341356 ], [ 25.385579829094105, 54.707569640129826 ], [ 25.385595141800074, 54.708018761618064 ], [ 25.385610454929406, 54.708467883069922 ], [ 25.386386090342558, 54.708459013603829 ], [ 25.386401412460774, 54.708908134872729 ], [ 25.386416735002612, 54.70935725610525 ], [ 25.387192387123381, 54.709348381384252 ], [ 25.387207718654832, 54.709797502433744 ], [ 25.387223050610178, 54.710246623446828 ], [ 25.387998719439214, 54.710237743470593 ], [ 25.388014060384894, 54.710686864300555 ], [ 25.388789737356188, 54.710677979215575 ], [ 25.388805087292681, 54.71112709986231 ], [ 25.388820437653589, 54.711576220472637 ], [ 25.389596131333985, 54.711567330131835 ], [ 25.389611490686431, 54.712016450558849 ], [ 25.389626850463564, 54.71246557094949 ], [ 25.390402560853698, 54.712456675352541 ], [ 25.390417929623091, 54.712905795559763 ], [ 25.390433298817438, 54.713354915730569 ], [ 25.391209025917963, 54.713346014877146 ], [ 25.391224404105298, 54.713795134864441 ], [ 25.391239782717857, 54.714244254815348 ], [ 25.39201552652942, 54.71423534870511 ], [ 25.392030914135688, 54.714684468472434 ], [ 25.392806666090237, 54.714675557252285 ], [ 25.392822062690701, 54.715124676835934 ], [ 25.392837459716898, 54.715573796383161 ], [ 25.39361322838332, 54.715564879905621 ], [ 25.393628634404433, 54.716013999269087 ], [ 25.393644040851559, 54.716463118596138 ], [ 25.394419826230497, 54.716454196860859 ], [ 25.394435241673271, 54.716903316004043 ], [ 25.394450657542315, 54.71735243511079 ], [ 25.395226459634419, 54.717343508117459 ], [ 25.395241884499828, 54.717792627040275 ], [ 25.395257309791795, 54.718241745926655 ], [ 25.396033128597701, 54.718232813674916 ], [ 25.396048562886758, 54.718681932377265 ], [ 25.396063997602639, 54.719131051043192 ], [ 25.396839833123007, 54.719122113532691 ], [ 25.396855276836696, 54.719571232014488 ], [ 25.396870720977475, 54.720020350459841 ], [ 25.397646573212949, 54.720011407690272 ], [ 25.397662026352272, 54.720460525951403 ], [ 25.398437886731838, 54.720451578070325 ], [ 25.398453348870174, 54.72090069614714 ], [ 25.398468811436128, 54.721349814187526 ], [ 25.399244688531624, 54.72134086104677 ], [ 25.39926016009732, 54.721789978902763 ], [ 25.399275632090895, 54.722239096722284 ], [ 25.400051525902978, 54.722230138321549 ], [ 25.400067006897025, 54.722679255956592 ], [ 25.400082488319217, 54.723128373555191 ], [ 25.400858398848527, 54.723119409894124 ], [ 25.400873889271928, 54.723568527308153 ], [ 25.400889380123733, 54.724017644685709 ], [ 25.401665307370919, 54.724008675763976 ], [ 25.401680807224654, 54.724457792956869 ], [ 25.401696307507066, 54.724906910113297 ], [ 25.402472251472783, 54.724897935930578 ], [ 25.402487760757854, 54.725347052902244 ], [ 25.402503270471879, 54.725796169837452 ], [ 25.402518780614876, 54.726245286736209 ], [ 25.40329474987416, 54.726236307143758 ], [ 25.403310269020785, 54.726685423857646 ], [ 25.403325788596657, 54.727134540535076 ], [ 25.404101774576212, 54.727125555680878 ], [ 25.404117303156447, 54.727574672173368 ], [ 25.40413283216618, 54.728023788629365 ], [ 25.40490883486666, 54.728014798513087 ], [ 25.404924372881485, 54.728463914784051 ], [ 25.404939911326078, 54.728913031018557 ], [ 25.405715930748123, 54.728904035639836 ], [ 25.40573147819854, 54.72935315168921 ], [ 25.405747026078998, 54.729802267702105 ], [ 25.406523062223251, 54.729793267060636 ], [ 25.40653861911025, 54.730242382888292 ], [ 25.406554176427566, 54.730691498679484 ], [ 25.407330229294683, 54.730682492774925 ], [ 25.407345795619264, 54.731131608380814 ], [ 25.407361362374434, 54.731580723950195 ], [ 25.407376929560204, 54.732029839483125 ], [ 25.408153007728217, 54.732020828166199 ], [ 25.408168583922237, 54.732469943513692 ], [ 25.40818416054713, 54.732919058824741 ], [ 25.408960255439748, 54.732910042243951 ], [ 25.408975841073612, 54.733359157369463 ], [ 25.40899142713862, 54.733808272458511 ], [ 25.409007013634785, 54.734257387511072 ], [ 25.409783133831208, 54.734248365516969 ], [ 25.409798729337329, 54.73469748038395 ], [ 25.409814325274873, 54.735146595214417 ], [ 25.409829921643858, 54.735595710008397 ], [ 25.410606067145881, 54.735586682600484 ], [ 25.410621672525807, 54.736035797208785 ], [ 25.41063727833745, 54.736484911780593 ], [ 25.410652884580816, 54.7369340263159 ], [ 25.411429055390233, 54.736924993493666 ], [ 25.411444670645515, 54.737374107843188 ], [ 25.411460286332797, 54.737823222156216 ], [ 25.411475902452096, 54.738272336432765 ], [ 25.411491519003427, 54.738721450672834 ], [ 25.412267723702918, 54.738712412286318 ], [ 25.412283349267398, 54.739161526340482 ], [ 25.412298975264175, 54.739610640358144 ], [ 25.412314601693271, 54.740059754339327 ], [ 25.413090831704451, 54.740050710537368 ], [ 25.413106467147685, 54.740499824332566 ], [ 25.4131221030235, 54.740948938091258 ], [ 25.413137739331916, 54.741398051813462 ], [ 25.413153376072959, 54.741847165499159 ], [ 25.413929639980125, 54.741838116131625 ], [ 25.413945285736535, 54.742287229631252 ], [ 25.413960931925832, 54.742736343094371 ], [ 25.413976578548034, 54.743185456520976 ], [ 25.414752867771188, 54.743176401736896 ], [ 25.414768523409741, 54.743625514977332 ], [ 25.414784179481462, 54.744074628181266 ], [ 25.414799835986383, 54.744523741348686 ], [ 25.415576150527329, 54.744514681147486 ], [ 25.41559181604957, 54.744963794128651 ], [ 25.415607482005285, 54.745412907073309 ], [ 25.41562314839447, 54.745862019981438 ], [ 25.416399488255006, 54.74585295436264 ], [ 25.416415163662506, 54.746302067084407 ], [ 25.416430839503754, 54.746751179769689 ], [ 25.416446515778759, 54.747200292418441 ], [ 25.417222880960693, 54.747191221381492 ], [ 25.417238566254991, 54.747640333843783 ], [ 25.41725425198333, 54.74808944626956 ], [ 25.417269938145715, 54.748538558658829 ], [ 25.417285624742174, 54.748987671011598 ], [ 25.4180620238335, 54.748978594405976 ], [ 25.418077719450487, 54.749427706572156 ], [ 25.418093415501808, 54.749876818701829 ], [ 25.418109111987484, 54.750325930795007 ], [ 25.418124808907518, 54.750775042851643 ], [ 25.418901241911687, 54.750765960676617 ], [ 25.418916947853493, 54.751215072546621 ], [ 25.418932654229934, 54.751664184380076 ], [ 25.418948361041039, 54.752113296177029 ], [ 25.418964068286812, 54.752562407937468 ], [ 25.419740535207239, 54.752553320192327 ], [ 25.419756251476016, 54.753002431765999 ], [ 25.419771968179731, 54.753451543303171 ], [ 25.419787685318404, 54.753900654803786 ], [ 25.419803402892054, 54.754349766267914 ], [ 25.420579903732172, 54.754340672951969 ], [ 25.420595630330062, 54.754789784229231 ], [ 25.4206113573632, 54.755238895469965 ], [ 25.420627084831587, 54.755688006674163 ], [ 25.420642812735256, 54.756137117841831 ], [ 25.420658541074229, 54.756586228972978 ], [ 25.421435084427657, 54.756577129935124 ], [ 25.421450821792344, 54.757026240879327 ], [ 25.421466559592606, 54.757475351786979 ], [ 25.421482297828437, 54.757924462658117 ], [ 25.421498036499877, 54.758373573492747 ], [ 25.421513775606922, 54.758822684290827 ], [ 25.422290361479195, 54.758813579530113 ], [ 25.422306109613462, 54.759262690141142 ], [ 25.422321858183611, 54.759711800715635 ], [ 25.422337607189665, 54.760160911253607 ], [ 25.422353356631636, 54.760610021755049 ], [ 25.42312997643576, 54.760600911421243 ], [ 25.423145734906186, 54.761050021735507 ], [ 25.423161493812795, 54.761499132013256 ], [ 25.423177253155611, 54.761948242254462 ], [ 25.42319301293464, 54.762397352459139 ], [ 25.423969666674058, 54.762388236551502 ], [ 25.423985435482788, 54.762837346568936 ], [ 25.424001204728008, 54.763286456549807 ], [ 25.424016974409728, 54.763735566494155 ], [ 25.424032744527974, 54.764184676401975 ], [ 25.424809432206114, 54.764175554919824 ], [ 25.424825211355291, 54.76462466464028 ], [ 25.424840990941259, 54.765073774324193 ], [ 25.424856770964045, 54.765522883971563 ], [ 25.42487255142365, 54.765971993582404 ], [ 25.425649273043945, 54.765962866525051 ], [ 25.425665062535728, 54.766411975948429 ], [ 25.425680852464598, 54.766861085335272 ], [ 25.425696642830584, 54.767310194685564 ], [ 25.426473389800442, 54.767301062203288 ], [ 25.426489189199586, 54.767750171366025 ], [ 25.426504989036108, 54.768199280492226 ], [ 25.426520789310032, 54.768648389581877 ], [ 25.426536590021371, 54.769097498635006 ], [ 25.42731337093932, 54.769088360576177 ], [ 25.427329180685053, 54.769537469441644 ], [ 25.427344990868473, 54.769986578270561 ], [ 25.427360801489598, 54.770435687062928 ], [ 25.428137607761414, 54.77042654357809 ], [ 25.428153427417918, 54.77087565218271 ], [ 25.428169247512386, 54.771324760750772 ], [ 25.428185068044851, 54.771773869282278 ], [ 25.428961899672341, 54.771764720370889 ], [ 25.428977729241165, 54.772213828714563 ], [ 25.428993559248248, 54.772662937021678 ], [ 25.429009389693611, 54.773112045292237 ], [ 25.429786246678574, 54.773102890953759 ], [ 25.429802086161288, 54.773551999036385 ], [ 25.429817926082542, 54.774001107082462 ], [ 25.430594799827283, 54.773991947467863 ], [ 25.430610648786615, 54.774441055325902 ], [ 25.430626498184765, 54.77489016314739 ], [ 25.431403388689912, 54.774880998256322 ], [ 25.431419247126872, 54.775330105889672 ], [ 25.431435106002919, 54.775779213486501 ], [ 25.43221201326914, 54.775770043318623 ], [ 25.432227881184716, 54.776219150727208 ], [ 25.432243749539662, 54.776668258099242 ], [ 25.433020673567594, 54.776659082654248 ], [ 25.4330365509628, 54.777108189837968 ], [ 25.43381348315199, 54.777099009267332 ], [ 25.433829369587933, 54.777548116262665 ], [ 25.434606309938346, 54.777538930566195 ], [ 25.434622205415504, 54.777988037373049 ], [ 25.435399153927101, 54.777978846550631 ], [ 25.435415058445958, 54.778427953168915 ], [ 25.436192015118703, 54.778418757220336 ], [ 25.436207928679728, 54.778867863649964 ], [ 25.4369848935136, 54.778858662575111 ], [ 25.437000816117266, 54.779307768815997 ], [ 25.437777789112221, 54.779298562614692 ], [ 25.43855476166604, 54.779289351439076 ], [ 25.438570701915019, 54.779738457338787 ], [ 25.439347682629634, 54.779729241036499 ], [ 25.439363631922436, 54.780178346747199 ], [ 25.440140620797813, 54.780169125318046 ], [ 25.44091760923131, 54.780159898914462 ], [ 25.44093357617102, 54.780609004283491 ], [ 25.441710572765, 54.780599772752801 ], [ 25.441726548749699, 54.781048877932562 ], [ 25.442503553504118, 54.781039641274639 ], [ 25.443280557815896, 54.781030399642113 ], [ 25.443296551449116, 54.781479504479655 ], [ 25.444073563921052, 54.781470257719675 ], [ 25.444850575949861, 54.78146100598503 ], [ 25.445627587535299, 54.781451749275725 ], [ 25.445643607421179, 54.781900853617671 ], [ 25.44642062716623, 54.781891591780557 ], [ 25.447197646467419, 54.781882324968763 ], [ 25.447974665324512, 54.781873053182245 ], [ 25.448751683737267, 54.781863776421019 ], [ 25.448767738480502, 54.782312880113132 ], [ 25.449544765052078, 54.782303598223713 ], [ 25.450321791178819, 54.78229431135955 ], [ 25.451098816860494, 54.7822850195206 ], [ 25.451875842096864, 54.782275722706892 ], [ 25.452652866887689, 54.782266420918461 ], [ 25.453429891232734, 54.782257114155264 ], [ 25.45420691513176, 54.782247802417331 ], [ 25.454223030544647, 54.782696904996541 ], [ 25.454239146403815, 54.783146007539102 ], [ 25.454255262709268, 54.783595110044992 ], [ 25.454271379461034, 54.784044212514232 ], [ 25.45428749665912, 54.784493314946808 ], [ 25.454303614303555, 54.784942417342727 ], [ 25.454319732394342, 54.785391519701989 ], [ 25.454335850931503, 54.78584062202458 ], [ 25.455112943219035, 54.785831304079167 ], [ 25.455129070808006, 54.786280406210992 ], [ 25.455145198843631, 54.786729508306152 ], [ 25.455161327325914, 54.787178610364656 ], [ 25.45517745625488, 54.787627712386474 ], [ 25.455193585630539, 54.788076814371628 ], [ 25.455209715452913, 54.788525916320154 ], [ 25.455225845722016, 54.78897501823198 ], [ 25.455241976437875, 54.789424120107157 ], [ 25.455258107600493, 54.789873221945669 ], [ 25.455274239209896, 54.790322323747532 ], [ 25.455290371266095, 54.790771425512716 ], [ 25.455306503769108, 54.791220527241229 ], [ 25.45532263671895, 54.791669628933086 ], [ 25.455338770115649, 54.792118730588292 ], [ 25.455354903959201, 54.792567832206821 ], [ 25.455371038249652, 54.793016933788678 ], [ 25.455387172986988, 54.793466035333871 ], [ 25.455403308171249, 54.793915136842415 ], [ 25.455419443802441, 54.794364238314301 ], [ 25.454642187971256, 54.79437355918833 ], [ 25.45465831543946, 54.794822660777712 ], [ 25.453881050551605, 54.794831976828867 ], [ 25.453103785217262, 54.794841287902983 ], [ 25.453119895911776, 54.795290389763814 ], [ 25.452342621520962, 54.79529969601483 ], [ 25.452358724051273, 54.795748797992928 ], [ 25.451581440603931, 54.795758099420645 ], [ 25.450804156710785, 54.795767395871138 ], [ 25.450820242465682, 54.796216498120238 ], [ 25.450042949516202, 54.796225789747162 ], [ 25.450059027105695, 54.796674892113302 ], [ 25.449281725099855, 54.796684178916571 ], [ 25.448504422648895, 54.796693460742389 ], [ 25.448520483461227, 54.797142563379033 ], [ 25.447743171954084, 54.797151840380913 ], [ 25.447759224599803, 54.797600943134363 ], [ 25.446981904036459, 54.797610215312105 ], [ 25.44620458302866, 54.797619482512253 ], [ 25.446220618895495, 54.798068585535759 ], [ 25.445443288831683, 54.798077847911507 ], [ 25.445459316530687, 54.798526951051592 ], [ 25.444681977410823, 54.798536208602812 ], [ 25.44390463784719, 54.798545461176246 ], [ 25.443920648765573, 54.798994564585897 ], [ 25.443143300146083, 54.799003812334512 ], [ 25.443159302895427, 54.799452915860542 ], [ 25.442381945220035, 54.799462158784181 ], [ 25.442397939799875, 54.79991126242647 ], [ 25.441620573068551, 54.799920500524969 ], [ 25.441636559478404, 54.800369604283475 ], [ 25.440859183691114, 54.800378837556657 ], [ 25.440081807461191, 54.800388065851706 ], [ 25.440097777087217, 54.800837169879003 ], [ 25.439320391801512, 54.800846393348493 ], [ 25.438543006073633, 54.800855611839737 ], [ 25.437765619903811, 54.800864825352761 ], [ 25.437749676117956, 54.800415720867989 ], [ 25.436972298119851, 54.800424929250461 ], [ 25.436194919680304, 54.800434132654743 ], [ 25.435417540799545, 54.800443331080857 ], [ 25.434640161477816, 54.800452524528794 ], [ 25.433862781715352, 54.800461712998562 ], [ 25.433085401512397, 54.800470896490125 ], [ 25.432308020869179, 54.800480075003492 ], [ 25.431530639785954, 54.800489248538668 ], [ 25.431514765347742, 54.800040142801052 ], [ 25.430737392438058, 54.800049311206365 ], [ 25.429960019088842, 54.800058474633538 ], [ 25.429182645300337, 54.800067633082577 ], [ 25.428405271072791, 54.80007678655344 ], [ 25.427627896406438, 54.800085935046191 ], [ 25.42685052130151, 54.800095078560773 ], [ 25.426073145758252, 54.8001042170972 ], [ 25.42605733205172, 54.799655110263146 ], [ 25.425279964683558, 54.799664243670293 ], [ 25.424502596877559, 54.799673372099356 ], [ 25.423725228633966, 54.79968249555035 ], [ 25.422947859953002, 54.799691614023217 ], [ 25.422170490834926, 54.799700727517973 ], [ 25.421393121279959, 54.799709836034609 ], [ 25.420615751288338, 54.79971893957314 ], [ 25.419838380860316, 54.79972803813353 ], [ 25.41982263649599, 54.799278930056609 ], [ 25.419045274244887, 54.799288023488444 ], [ 25.418267911557859, 54.799297111942202 ], [ 25.417490548435161, 54.799306195417927 ], [ 25.416713184877032, 54.79931527391556 ], [ 25.415935820883689, 54.799324347435125 ], [ 25.415951522182407, 54.799773456263324 ], [ 25.415967223916105, 54.800222565055044 ], [ 25.415982926084794, 54.800671673810264 ], [ 25.415998628688495, 54.80112078252899 ], [ 25.416014331727222, 54.801569891211237 ], [ 25.416030035200997, 54.802018999856983 ], [ 25.41604573910983, 54.802468108466243 ], [ 25.416061443453735, 54.802917217039031 ], [ 25.416077148232745, 54.803366325575304 ], [ 25.416092853446859, 54.803815434075105 ], [ 25.415315402876111, 54.803824504116832 ], [ 25.414537951870482, 54.803833569179645 ], [ 25.413760500430197, 54.803842629263528 ], [ 25.412983048555503, 54.803851684368496 ], [ 25.412205596246636, 54.803860734494556 ], [ 25.411428143503837, 54.803869779641644 ], [ 25.410650690327344, 54.803878819809803 ], [ 25.409873236717388, 54.803887854999012 ], [ 25.409095782674221, 54.803896885209255 ], [ 25.408318328198071, 54.803905910440569 ], [ 25.408333947691013, 54.8043550204006 ], [ 25.408349567616721, 54.804804130324165 ] ] ] } },
{ "type": "Feature", "properties": { "OBJECTID": 697725, "TRIUKSM": "40-44", "PERIODAS": 4, "TIPAS": 8, "METAI": 2011, "SHAPEarea": 75000.0, "SHAPElen": 1600 }, "geometry": { "type": "Polygon", "coordinates": [ [ [ 25.377601795137043, 54.815490722593289 ], [ 25.37761708057382, 54.815939837549813 ], [ 25.376839384447823, 54.815948662433698 ], [ 25.376061687898446, 54.815957482336209 ], [ 25.375283990925933, 54.815966297257368 ], [ 25.374506293530516, 54.815975107197168 ], [ 25.373728595712443, 54.815983912155588 ], [ 25.372950897471942, 54.815992712132619 ], [ 25.372173198809261, 54.816001507128284 ], [ 25.371395499724628, 54.816010297142569 ], [ 25.370617800218287, 54.816019082175444 ], [ 25.369840100290485, 54.816027862226932 ], [ 25.369062399941452, 54.816036637296996 ], [ 25.368284699171426, 54.816045407385658 ], [ 25.368269517203657, 54.815596290682478 ], [ 25.369047209351177, 54.815587520738902 ], [ 25.369824901077717, 54.815578745814015 ], [ 25.370602592383051, 54.815569965907812 ], [ 25.370587384969259, 54.8151208496039 ], [ 25.371365067230922, 54.815112064861701 ], [ 25.37214274907091, 54.815103275138291 ], [ 25.372920430488985, 54.815094480433658 ], [ 25.372905197630747, 54.81464536452971 ], [ 25.373682870004732, 54.814636564989442 ], [ 25.374460541956342, 54.814627760468063 ], [ 25.375238213485346, 54.814618950965531 ], [ 25.37522295518421, 54.814169835462287 ], [ 25.376000617668709, 54.814161021124498 ], [ 25.376778279730136, 54.814152201805655 ], [ 25.377555941368247, 54.814143377505786 ], [ 25.377571225534272, 54.814592492571286 ], [ 25.377586510123866, 54.815041607600449 ], [ 25.377601795137043, 54.815490722593289 ] ] ] } },
{ "type": "Feature", "properties": { "OBJECTID": 697726, "TRIUKSM": "40-44", "PERIODAS": 4, "TIPAS": 8, "METAI": 2011, "SHAPEarea": 192499.99996799999, "SHAPElen": 3700 }, "geometry": { "type": "Polygon", "coordinates": [ [ [ 25.367063026626571, 54.825943497289437 ], [ 25.366285134838442, 54.825952255621459 ], [ 25.365507242629931, 54.825961008970239 ], [ 25.365492085913147, 54.825511892485423 ], [ 25.364714201912332, 54.825520640706202 ], [ 25.364699054243278, 54.825071524040375 ], [ 25.363921178450184, 54.825080267133288 ], [ 25.363143302237454, 54.825089005243079 ], [ 25.363128172243044, 54.824639888251724 ], [ 25.36235030423833, 54.824648621233926 ], [ 25.362335183290469, 54.824199504061788 ], [ 25.361557323493791, 54.824208231916515 ], [ 25.361542211592003, 54.823759114563728 ], [ 25.360764360003397, 54.823767837291179 ], [ 25.360749257147202, 54.823318719757779 ], [ 25.359971413766715, 54.823327437358103 ], [ 25.359956319955636, 54.822878319644211 ], [ 25.35994122656292, 54.822429201894082 ], [ 25.359163400016843, 54.822437914223244 ], [ 25.359148315668506, 54.8219887962927 ], [ 25.358370497330373, 54.821997503495169 ], [ 25.358355422025944, 54.821548385384318 ], [ 25.358340347139357, 54.821099267237187 ], [ 25.357562545634792, 54.82110796916912 ], [ 25.357547479791371, 54.820658850841767 ], [ 25.356769686494598, 54.820667547647382 ], [ 25.356754629693878, 54.820218429139899 ], [ 25.35673957331046, 54.819769310596193 ], [ 25.356724517344354, 54.819320192016235 ], [ 25.356709461795521, 54.818871073400061 ], [ 25.356694406663955, 54.818421954747627 ], [ 25.356679351949637, 54.817972836058964 ], [ 25.357457093499224, 54.817964140116707 ], [ 25.357442030578444, 54.817515021535691 ], [ 25.357426968075121, 54.817065902918429 ], [ 25.358204691960108, 54.817057202282264 ], [ 25.358982415427423, 54.817048496664434 ], [ 25.359760138476815, 54.81703978606496 ], [ 25.359745050521369, 54.816590667843563 ], [ 25.360522764529449, 54.816581952406636 ], [ 25.36053786110805, 54.817031070483836 ], [ 25.360552958105046, 54.817480188524755 ], [ 25.360568055520453, 54.817929306529436 ], [ 25.35979031564219, 54.817938022398977 ], [ 25.359805404852157, 54.818387140511618 ], [ 25.359820494480324, 54.818836258587993 ], [ 25.359835584526714, 54.819285376628123 ], [ 25.359057818357883, 54.819294087948258 ], [ 25.359072900197901, 54.819743206096277 ], [ 25.359087982455936, 54.820192324208065 ], [ 25.35910306513199, 54.820641442283588 ], [ 25.359880857175355, 54.82063273053101 ], [ 25.359895948894781, 54.821081848426168 ], [ 25.359911041032511, 54.821530966285039 ], [ 25.360688849908438, 54.821522249261712 ], [ 25.360703951090262, 54.821971366940112 ], [ 25.361481768173402, 54.821962644789984 ], [ 25.361496878399802, 54.822411762287807 ], [ 25.362274703690129, 54.82240303501073 ], [ 25.36305252856139, 54.822394302751036 ], [ 25.363067656459055, 54.822843419923707 ], [ 25.363845489537212, 54.822834682536815 ], [ 25.36386062648063, 54.823283799528639 ], [ 25.364638467765651, 54.823275057014413 ], [ 25.364653613755301, 54.823724173825298 ], [ 25.365431463247159, 54.823715426183561 ], [ 25.366209312318944, 54.823706673558988 ], [ 25.366224475982168, 54.82415579004401 ], [ 25.366239640065722, 54.824604906492794 ], [ 25.367017505971145, 54.824596148595525 ], [ 25.367032679102355, 54.825045264863107 ], [ 25.367810553214518, 54.825036501837857 ], [ 25.367825735393875, 54.825485617924159 ], [ 25.367047852654157, 54.825494381094401 ], [ 25.367063026626571, 54.825943497289437 ] ] ] } },
{ "type": "Feature", "properties": { "OBJECTID": 697727, "TRIUKSM": "40-44", "PERIODAS": 4, "TIPAS": 8, "METAI": 2011, "SHAPEarea": 42152499.987744004, "SHAPElen": 87700 }, "geometry": { "type": "Polygon", "coordinates": [ [ [ 25.315118540861757, 54.831908793153701 ], [ 25.314340517871429, 54.831917219268277 ], [ 25.313562494476546, 54.831925640398254 ], [ 25.312784470677354, 54.831934056543588 ], [ 25.312769895841427, 54.831484930835387 ], [ 25.311991880269911, 54.831493341856891 ], [ 25.31197731446958, 54.831044215973442 ], [ 25.311199307125776, 54.831052621871265 ], [ 25.310421299378412, 54.831061022784617 ], [ 25.3104067512445, 54.830611896586987 ], [ 25.309628751725135, 54.830620292376899 ], [ 25.309614212625618, 54.830171166004284 ], [ 25.308836221334282, 54.830179556670942 ], [ 25.308058229640125, 54.830187942353255 ], [ 25.308043708205428, 54.829738815666964 ], [ 25.307265724739583, 54.829747196226251 ], [ 25.306487740871411, 54.829755571801272 ], [ 25.306473237100612, 54.829306444801652 ], [ 25.306458733731883, 54.828857317766015 ], [ 25.306444230765223, 54.828408190694333 ], [ 25.305666272386308, 54.828416560869542 ], [ 25.305651778451661, 54.827967433623321 ], [ 25.305637284918792, 54.827518306341084 ], [ 25.305622791787705, 54.827069179022793 ], [ 25.305608299058374, 54.826620051668492 ], [ 25.304830374796168, 54.826628416305965 ], [ 25.304052450132463, 54.826636775959741 ], [ 25.30327452506749, 54.826645130629785 ], [ 25.302496599601493, 54.826653480316139 ], [ 25.302482141790119, 54.826204352372621 ], [ 25.301704224552424, 54.826212696937155 ], [ 25.301689775770676, 54.825763568819561 ], [ 25.300911866761304, 54.825771908262446 ], [ 25.300133957351665, 54.825780242721763 ], [ 25.300148388875666, 54.826229371115282 ], [ 25.299370470437083, 54.826237700728868 ], [ 25.299384893732, 54.826686829224244 ], [ 25.298606966264451, 54.826695153991928 ], [ 25.298621381329813, 54.827144282589032 ], [ 25.297843444833266, 54.827152602510637 ], [ 25.297857851668592, 54.827601731209427 ], [ 25.297079906143015, 54.827610046284811 ], [ 25.296301960218294, 54.827618356376256 ], [ 25.296287570642303, 54.827169227402329 ], [ 25.295509632948367, 54.827177532372431 ], [ 25.294731694855777, 54.827185832358651 ], [ 25.293953756364786, 54.827194127361025 ], [ 25.293175817475611, 54.827202417379539 ], [ 25.2931614628164, 54.826753287820402 ], [ 25.293147108555114, 54.826304158225284 ], [ 25.292369186526788, 54.826312442985724 ], [ 25.292354841292436, 54.825863313217546 ], [ 25.292340496455743, 54.825414183413386 ], [ 25.291562591287605, 54.82542246291608 ], [ 25.29154825547711, 54.824973332938924 ], [ 25.291533920064001, 54.824524202925801 ], [ 25.290756031755393, 54.824532477171104 ], [ 25.290741705367754, 54.824083346985098 ], [ 25.29072737937723, 54.823634216763111 ], [ 25.289949507927503, 54.823642485751357 ], [ 25.289935190961721, 54.823193355356565 ], [ 25.289920874392774, 54.822744224925799 ], [ 25.289143019801276, 54.822752488657329 ], [ 25.288365164813172, 54.822760747405766 ], [ 25.28758730942873, 54.822769001171132 ], [ 25.287601600115366, 54.823218132011874 ], [ 25.28682373570734, 54.823226380930649 ], [ 25.286045870903433, 54.823234624866259 ], [ 25.28526800570387, 54.82324286381867 ], [ 25.2844901401089, 54.823251097787924 ], [ 25.28447588393221, 54.82280196640167 ], [ 25.284461628150677, 54.822352834979498 ], [ 25.285239476490865, 54.822344601282751 ], [ 25.285225212477439, 54.821895469960864 ], [ 25.286003051795234, 54.821887231417428 ], [ 25.285988779550401, 54.821438100195898 ], [ 25.285210948859383, 54.821446338603025 ], [ 25.285196685636677, 54.820997207209231 ], [ 25.285974507701155, 54.82098896893843 ], [ 25.286752329370053, 54.820980725684869 ], [ 25.28753015064315, 54.820972477448542 ], [ 25.287515861936921, 54.82052334642799 ], [ 25.287501573626731, 54.820074215371477 ], [ 25.286723769605938, 54.820082463334849 ], [ 25.286709490317563, 54.819633332105894 ], [ 25.286695211424959, 54.819184200840986 ], [ 25.286680932928103, 54.818735069540118 ], [ 25.286666654826998, 54.81828593820331 ], [ 25.285888884912215, 54.818294180638517 ], [ 25.285874615831677, 54.817845049129346 ], [ 25.285860347146606, 54.817395917584228 ], [ 25.285846078856999, 54.816946786003172 ], [ 25.285831810962822, 54.81649765438614 ], [ 25.285817543464074, 54.816048522733141 ], [ 25.285803276360738, 54.815599391044209 ], [ 25.285789009652795, 54.815150259319317 ], [ 25.285011299711577, 54.815158495818224 ], [ 25.284997042022216, 54.814709363921096 ], [ 25.284982784727976, 54.814260231988015 ], [ 25.284968527828852, 54.813811100018967 ], [ 25.284954271324821, 54.813361968013993 ], [ 25.285731946774685, 54.813353732060179 ], [ 25.285717682043501, 54.812904600155498 ], [ 25.286495348475821, 54.812896359356664 ], [ 25.286481075517958, 54.812447227552362 ], [ 25.287258732932763, 54.81243898190867 ], [ 25.287244451748698, 54.811989850204853 ], [ 25.288022100146023, 54.811981599716489 ], [ 25.288036389951806, 54.812430731283797 ], [ 25.288814046574839, 54.812422475677735 ], [ 25.288828345398571, 54.812871607072488 ], [ 25.289606010247279, 54.812863346348593 ], [ 25.289620318089444, 54.813312477570697 ], [ 25.290397991163804, 54.813304211728756 ], [ 25.290383674699491, 54.812855080643423 ], [ 25.291161338754961, 54.812846809956973 ], [ 25.291147014065494, 54.812397678972509 ], [ 25.291924669102109, 54.812389403441756 ], [ 25.291910336187961, 54.811940272558203 ], [ 25.291896003670999, 54.811491141638676 ], [ 25.292673641067392, 54.811482861400776 ], [ 25.293451278066382, 54.811474576181872 ], [ 25.294228914667713, 54.811466285981993 ], [ 25.294214556684519, 54.811017155437725 ], [ 25.294200199099187, 54.81056802485746 ], [ 25.294185841911727, 54.810118894241192 ], [ 25.294171485122096, 54.80966976358895 ], [ 25.293393883003816, 54.809678053240198 ], [ 25.29337953523218, 54.809228922414803 ], [ 25.292601941336486, 54.809237206948346 ], [ 25.291824347043455, 54.809245486501304 ], [ 25.291046752353328, 54.809253761073684 ], [ 25.29106107426438, 54.809702892310035 ], [ 25.290283470557171, 54.809711162038631 ], [ 25.290269157266348, 54.809262030665487 ], [ 25.289491561782739, 54.809270295276683 ], [ 25.289477257508548, 54.808821163730819 ], [ 25.289462953630707, 54.808372032148988 ], [ 25.289448650149229, 54.807922900531189 ], [ 25.289434347064081, 54.807473768877401 ], [ 25.289420044375259, 54.807024637187652 ], [ 25.289405742082735, 54.806575505461929 ], [ 25.289391440186503, 54.806126373700231 ], [ 25.289377138686554, 54.805677241902565 ], [ 25.290154665216825, 54.805668978385121 ], [ 25.290140355495041, 54.805219846688196 ], [ 25.290917873010734, 54.805211578327643 ], [ 25.290903555067597, 54.804762446731502 ], [ 25.290126046169739, 54.804770714955282 ], [ 25.29011173724091, 54.804321583186393 ], [ 25.290097428708538, 54.80387245138153 ], [ 25.2900831205726, 54.803423319540684 ], [ 25.290068812833091, 54.802974187663878 ], [ 25.290054505489991, 54.802525055751097 ], [ 25.290040198543281, 54.802075923802306 ], [ 25.289262740951074, 54.802084186226153 ], [ 25.289248443016927, 54.801635054104707 ], [ 25.288470993644779, 54.801643311412668 ], [ 25.288485282962721, 54.802092443670709 ], [ 25.287707824578458, 54.80210069613598 ], [ 25.287693543876738, 54.801651563741444 ], [ 25.287679263570659, 54.801202431310912 ], [ 25.287664983660218, 54.800753298844413 ], [ 25.287650704145388, 54.800304166341959 ], [ 25.287636425026172, 54.799855033803546 ], [ 25.288413840331739, 54.799846782020829 ], [ 25.288428128066222, 54.800295914422755 ], [ 25.289205551591209, 54.800287657524571 ], [ 25.289982974720115, 54.800279395647451 ], [ 25.289968669755162, 54.799830263518786 ], [ 25.289954365186514, 54.79938113135416 ], [ 25.289940061014157, 54.798931999153538 ], [ 25.289162663730227, 54.798940260620675 ], [ 25.289148368568661, 54.798491128247399 ], [ 25.289134073803112, 54.798041995838183 ], [ 25.289911453858249, 54.798033734644392 ], [ 25.290688833517144, 54.798025468472062 ], [ 25.290674521919549, 54.797576336300246 ], [ 25.28989715087468, 54.797584602335853 ], [ 25.289882848287338, 54.797135469991318 ], [ 25.289868546096208, 54.796686337610822 ], [ 25.289854244301278, 54.796237205194352 ], [ 25.290631589505512, 54.796228939568955 ], [ 25.290617279493695, 54.795779807253219 ], [ 25.290602969878304, 54.795330674901514 ], [ 25.29138029746024, 54.795322404571543 ], [ 25.291365979628665, 54.794873272320658 ], [ 25.292143298201399, 54.794864997149553 ], [ 25.292920616377284, 54.794856717000492 ], [ 25.292906281717684, 54.794407584987461 ], [ 25.293683590884186, 54.794399299997522 ], [ 25.293669248009611, 54.793950168085551 ], [ 25.29444654816675, 54.793941878254884 ], [ 25.294432197077676, 54.793492746444038 ], [ 25.295209488225488, 54.793484451772827 ], [ 25.295195128922391, 54.793035320063197 ], [ 25.295180770017044, 54.792586188317557 ], [ 25.295958043544257, 54.792577888943242 ], [ 25.295943676425587, 54.792128757298869 ], [ 25.295929309704881, 54.791679625618499 ], [ 25.296706565612268, 54.791671321541401 ], [ 25.296692190678943, 54.791222189962411 ], [ 25.296677816143774, 54.790773058347384 ], [ 25.29745505443212, 54.790764749567813 ], [ 25.297440671685031, 54.790315618054237 ], [ 25.297426289336322, 54.789866486504636 ], [ 25.297411907385971, 54.789417354919031 ], [ 25.298189119446466, 54.789409041574821 ], [ 25.298174729285115, 54.788959910090725 ], [ 25.29816033952233, 54.78851077857059 ], [ 25.298937533965823, 54.788502460524654 ], [ 25.298923135992737, 54.788053329106098 ], [ 25.298908738418433, 54.787604197651518 ], [ 25.299685915245693, 54.787595874904163 ], [ 25.299671509461792, 54.787146743551233 ], [ 25.299657104076868, 54.786697612162293 ], [ 25.300434263288672, 54.786689284713837 ], [ 25.300419849694848, 54.786240153426618 ], [ 25.301196999899595, 54.78623182113958 ], [ 25.30118257809735, 54.785782689954118 ], [ 25.301168156694519, 54.785333558732653 ], [ 25.301945289284863, 54.785325221745097 ], [ 25.301930859674307, 54.784876090625481 ], [ 25.301916430463386, 54.784426959469833 ], [ 25.302693545440111, 54.78441861778208 ], [ 25.302679108022154, 54.783969486728388 ], [ 25.302664671004031, 54.783520355638643 ], [ 25.303441768367911, 54.783512009251019 ], [ 25.303427323143463, 54.78306287826328 ], [ 25.303412878319055, 54.782613747239516 ], [ 25.304189958070857, 54.782605396152334 ], [ 25.304175505040828, 54.78215626523064 ], [ 25.304161052411043, 54.781707134272907 ], [ 25.30493811455155, 54.781698778486493 ], [ 25.304923653716841, 54.781249647630929 ], [ 25.304909193282583, 54.780800516739298 ], [ 25.304894733248773, 54.780351385811663 ], [ 25.305671769174083, 54.780343025464582 ], [ 25.305657300936268, 54.779893894639152 ], [ 25.305642833099103, 54.779444763777683 ], [ 25.305628365662571, 54.778995632880161 ], [ 25.306405375374684, 54.778987267972916 ], [ 25.306390899735067, 54.778538137177691 ], [ 25.306376424496296, 54.778089006346427 ], [ 25.30559943199134, 54.778097370976987 ], [ 25.305584965756623, 54.777648239971327 ], [ 25.304807981454317, 54.777656599488857 ], [ 25.304793524223175, 54.777207468308902 ], [ 25.304779067392349, 54.776758337092915 ], [ 25.304764610961833, 54.776309205840889 ], [ 25.304750154931604, 54.775860074552803 ], [ 25.303973204639608, 54.77586842854295 ], [ 25.303958757611728, 54.775419297080681 ], [ 25.303944310983859, 54.774970165582374 ], [ 25.30316737749575, 54.774978514321987 ], [ 25.303152939869495, 54.774529382649568 ], [ 25.303138502642998, 54.774080250941111 ], [ 25.302361585958121, 54.774088594430538 ], [ 25.302347157732505, 54.773639462548061 ], [ 25.301570249249288, 54.773647800925517 ], [ 25.301555830024078, 54.773198668869121 ], [ 25.301541411198105, 54.772749536776693 ], [ 25.30152699277135, 54.772300404648234 ], [ 25.301512574743796, 54.77185127248373 ], [ 25.300735700263644, 54.771859605335969 ], [ 25.300721291235263, 54.771410472997651 ], [ 25.301498157115429, 54.771402140283222 ], [ 25.30148373988624, 54.770953008046668 ], [ 25.301469323056207, 54.770503875774089 ], [ 25.30145490662532, 54.770054743465458 ], [ 25.302231746307832, 54.770046406191064 ], [ 25.302217321677055, 54.769597273984289 ], [ 25.302202897445632, 54.769148141741475 ], [ 25.30297971953101, 54.769139799769626 ], [ 25.302965287100392, 54.768690667628725 ], [ 25.302950855069334, 54.768241535451764 ], [ 25.303727659558355, 54.768233188782816 ], [ 25.303713219328802, 54.767784056707853 ], [ 25.304490014820022, 54.767775705203981 ], [ 25.304475566392458, 54.767326573231074 ], [ 25.304461118364873, 54.766877441222121 ], [ 25.305237896260795, 54.766869085021696 ], [ 25.305223440035899, 54.76641995311487 ], [ 25.305208984211198, 54.765970821172004 ], [ 25.305985744512586, 54.765962460275361 ], [ 25.305971280491271, 54.765513328434686 ], [ 25.306748031795443, 54.765504962703787 ], [ 25.306733559577985, 54.765055830965402 ], [ 25.306719087761152, 54.764606699190949 ], [ 25.307495821471854, 54.7645983287644 ], [ 25.307481341459578, 54.764149197092308 ], [ 25.30746686184813, 54.76370006538415 ], [ 25.308243577966142, 54.763691690262263 ], [ 25.308229090159948, 54.763242558656536 ], [ 25.309005797281348, 54.763234178701047 ], [ 25.308991301280884, 54.762785047197838 ], [ 25.308976805681681, 54.762335915658539 ], [ 25.309753495211439, 54.762327531008296 ], [ 25.309738991418666, 54.761878399571572 ], [ 25.30972448802736, 54.761429268098794 ], [ 25.31050115996625, 54.761420878754095 ], [ 25.310486648382074, 54.760971747383934 ], [ 25.310472137199575, 54.760522615977735 ], [ 25.311248791548362, 54.760514221938898 ], [ 25.311234272173689, 54.760065090635408 ], [ 25.311219753200906, 54.75961595929585 ], [ 25.31199638996037, 54.759607560563204 ], [ 25.311981862796113, 54.759158429326419 ], [ 25.311967336033934, 54.758709298053567 ], [ 25.311952809673841, 54.758260166744655 ], [ 25.311938283715822, 54.757811035399641 ], [ 25.311923758159843, 54.757361904018559 ], [ 25.311909233005895, 54.75691277260141 ], [ 25.311894708253977, 54.756463641148166 ], [ 25.312671284462962, 54.756455238416706 ], [ 25.312656751521367, 54.756006107066327 ], [ 25.312642218982003, 54.755556975679845 ], [ 25.312627686844852, 54.755107844257303 ], [ 25.31261315510989, 54.754658712798673 ], [ 25.313389696551429, 54.754650305652433 ], [ 25.313375156627945, 54.754201174296725 ], [ 25.313360617106863, 54.753752042904921 ], [ 25.313346077988164, 54.753302911477029 ], [ 25.313331539271857, 54.752853780013076 ], [ 25.313317000957895, 54.752404648513021 ], [ 25.313302463046277, 54.751955516976878 ], [ 25.313287925536994, 54.751506385404667 ], [ 25.313273388430019, 54.751057253796361 ], [ 25.313258851725344, 54.750608122151966 ], [ 25.313244315422953, 54.75015899047149 ], [ 25.313229779522825, 54.749709858754926 ], [ 25.313215244024956, 54.749260727002287 ], [ 25.313200708929323, 54.748811595213567 ], [ 25.313186174235909, 54.748362463388737 ], [ 25.313171639944706, 54.747913331527833 ], [ 25.313157106055694, 54.747464199630848 ], [ 25.313142572568861, 54.747015067697781 ], [ 25.313128039484187, 54.746565935728633 ], [ 25.313113506801667, 54.746116803723396 ], [ 25.313098974521267, 54.745667671682071 ], [ 25.313084442642992, 54.74521853960465 ], [ 25.313069911166814, 54.744769407491155 ], [ 25.31305538009272, 54.744320275341579 ], [ 25.313040849420705, 54.743871143155893 ], [ 25.313026319150744, 54.74342201093414 ], [ 25.313011789282825, 54.742972878676298 ], [ 25.312997259816928, 54.742523746382368 ], [ 25.312982730753046, 54.742074614052356 ], [ 25.312968202091159, 54.741625481686263 ], [ 25.312953673831252, 54.741176349284082 ], [ 25.312939145973306, 54.740727216845812 ], [ 25.312924618517314, 54.74027808437144 ], [ 25.312910091463259, 54.739828951860993 ], [ 25.312895564811122, 54.739379819314458 ], [ 25.312119315320476, 54.739388221736561 ], [ 25.312104797652879, 54.738939089015055 ], [ 25.31209028038694, 54.73848995625746 ], [ 25.312075763522639, 54.738040823463798 ], [ 25.312061247059955, 54.737591690634012 ], [ 25.31204673099888, 54.737142557768173 ], [ 25.3120322153394, 54.736693424866239 ], [ 25.311256016939446, 54.736701821487877 ], [ 25.311241510262768, 54.736252688411057 ], [ 25.311227003987412, 54.735803555298169 ], [ 25.31121249811337, 54.7353544221492 ], [ 25.311197992640626, 54.734905288964143 ], [ 25.311183487569163, 54.734456155743011 ], [ 25.310407331671712, 54.734464546703947 ], [ 25.310392835581567, 54.734015413308029 ], [ 25.310378339892434, 54.733566279876044 ], [ 25.3103638446043, 54.733117146407977 ], [ 25.310349349717146, 54.732668012903822 ], [ 25.310334855230963, 54.7322188793636 ], [ 25.309558741830475, 54.732227264664708 ], [ 25.309544256324131, 54.731778130949813 ], [ 25.309529771218486, 54.731328997198837 ], [ 25.309515286513527, 54.730879863411786 ], [ 25.309500802209236, 54.730430729588655 ], [ 25.309486318305598, 54.729981595729456 ], [ 25.308710247396544, 54.729989975371637 ], [ 25.30869577247126, 54.729540841337851 ], [ 25.308681297946368, 54.729091707268012 ], [ 25.308666823821845, 54.72864257316207 ], [ 25.308652350097688, 54.72819343902006 ], [ 25.307876313097729, 54.72820181314264 ], [ 25.307861848350694, 54.72775267882615 ], [ 25.30784738400375, 54.727303544473614 ], [ 25.307832920056875, 54.726854410084975 ], [ 25.30781845651007, 54.726405275660291 ], [ 25.307042453415782, 54.726413644263921 ], [ 25.30702799884487, 54.725964509664855 ], [ 25.307013544673747, 54.725515375029715 ], [ 25.306999090902401, 54.725066240358501 ], [ 25.306984637530817, 54.724617105651227 ], [ 25.306208668338765, 54.724625468736626 ], [ 25.306194223941848, 54.724176333855077 ], [ 25.306179779944433, 54.723727198937446 ], [ 25.306165336346496, 54.723278063983742 ], [ 25.306150893148022, 54.722828928993984 ], [ 25.305374957854767, 54.722837286561855 ], [ 25.30536052362973, 54.722388151397929 ], [ 25.305346089803891, 54.721939016197901 ], [ 25.305331656377238, 54.721489880961848 ], [ 25.305317223349757, 54.721040745689706 ], [ 25.30454132195187, 54.721049097740767 ], [ 25.304526897896594, 54.720599962294528 ], [ 25.304512474240223, 54.720150826812237 ], [ 25.30449805098273, 54.719701691293878 ], [ 25.304483628124121, 54.71925255573948 ], [ 25.303707760618156, 54.719260902274421 ], [ 25.303693346730523, 54.718811766546004 ], [ 25.303678933241486, 54.718362630781542 ], [ 25.303664520151049, 54.717913494981026 ], [ 25.303650107459173, 54.717464359144458 ], [ 25.302874273841724, 54.717472700163952 ], [ 25.302859870119597, 54.717023564153486 ], [ 25.302845466795787, 54.716574428106952 ], [ 25.302831063870272, 54.716125292024358 ], [ 25.302055255567382, 54.716133627666864 ], [ 25.302040861610642, 54.715684491410485 ], [ 25.302026468051917, 54.715235355118054 ], [ 25.302012074891213, 54.714786218789563 ], [ 25.301997682128505, 54.714337082425011 ], [ 25.301221907708182, 54.714345412553406 ], [ 25.301207523913014, 54.713896276015163 ], [ 25.301193140515579, 54.713447139440859 ], [ 25.301178757515853, 54.712998002830503 ], [ 25.301164374913832, 54.712548866184115 ], [ 25.300388634372645, 54.712557190799075 ], [ 25.300374260736938, 54.712108053979051 ], [ 25.300359887498661, 54.711658917123003 ], [ 25.300345514657806, 54.711209780230917 ], [ 25.300331142214358, 54.710760643302756 ], [ 25.299555435548868, 54.710768962404998 ], [ 25.299541072070504, 54.710319825303323 ], [ 25.29952670898928, 54.709870688165637 ], [ 25.299512346305168, 54.709421550991884 ], [ 25.298736664944951, 54.709429864719439 ], [ 25.298722311224953, 54.708980727372271 ], [ 25.298707957901811, 54.708531589989072 ], [ 25.298693604975515, 54.708082452569833 ], [ 25.298679252446043, 54.707633315114528 ], [ 25.297903604955593, 54.707641623330673 ], [ 25.297889261388995, 54.707192485702052 ], [ 25.297874918218969, 54.706743348037406 ], [ 25.297860575445473, 54.706294210336736 ], [ 25.297084953255997, 54.70630251317931 ], [ 25.297070619444412, 54.705853375305395 ], [ 25.297056286029104, 54.705404237395456 ], [ 25.297041953010066, 54.70495509944945 ], [ 25.297027620387272, 54.704505961467426 ], [ 25.296252032061634, 54.704514258799897 ], [ 25.296237708399516, 54.704065120644735 ], [ 25.296223385133384, 54.703615982453549 ], [ 25.296209062263213, 54.703166844226317 ], [ 25.295433499234239, 54.703175136186374 ], [ 25.295419185323773, 54.702725997786104 ], [ 25.295404871809005, 54.702276859349816 ], [ 25.295390558689931, 54.701827720877489 ], [ 25.294615020955813, 54.70183600746563 ], [ 25.294600716795461, 54.701386868820364 ], [ 25.294586413030558, 54.700937730140154 ], [ 25.294572109661033, 54.700488591422804 ], [ 25.294557806686893, 54.700039452669465 ], [ 25.2937823028082, 54.700047733749379 ], [ 25.293768008791563, 54.699598594823186 ], [ 25.293753715170048, 54.699149455860962 ], [ 25.293739421943641, 54.698700316862713 ], [ 25.292963943355506, 54.698708592571847 ], [ 25.292949659085615, 54.698259453400844 ], [ 25.292935375210575, 54.697810314193831 ], [ 25.29292109173036, 54.697361174950764 ], [ 25.292906808644961, 54.696912035671687 ], [ 25.292131363906321, 54.696920305873903 ], [ 25.292117089776216, 54.696471166422185 ], [ 25.292102816040661, 54.696022026934429 ], [ 25.292088542699638, 54.695572887410648 ], [ 25.291313123247253, 54.6955811522432 ], [ 25.291298858860554, 54.695132012546871 ], [ 25.29128459486811, 54.694682872814518 ], [ 25.291270331269928, 54.69423373304614 ], [ 25.290494937101997, 54.694241992509532 ], [ 25.290480682457162, 54.693792852568691 ], [ 25.290466428206315, 54.69334371259184 ], [ 25.290452174349429, 54.692894572578972 ], [ 25.289676805464154, 54.692902826673702 ], [ 25.289662560559648, 54.692453686488463 ], [ 25.28964831604884, 54.692004546267206 ], [ 25.289634071931719, 54.69155540600994 ], [ 25.288858728327305, 54.691563654736534 ], [ 25.28884449316158, 54.691114514306982 ], [ 25.288830258389282, 54.690665373841426 ], [ 25.288816024010394, 54.690216233339875 ], [ 25.288040705685027, 54.690224476698837 ], [ 25.288026480256558, 54.689775336025079 ], [ 25.288012255221236, 54.689326195315317 ], [ 25.28799803057904, 54.688877054569545 ], [ 25.287222737530925, 54.688885292561402 ], [ 25.287208521838178, 54.68843615164355 ], [ 25.287194306538296, 54.68798701068966 ], [ 25.287180091631257, 54.687537869699796 ], [ 25.287165877117047, 54.687088728673913 ], [ 25.286390617900022, 54.687096961163185 ], [ 25.286376412334036, 54.686647819965316 ], [ 25.286362207160618, 54.686198678731429 ], [ 25.286348002379761, 54.685749537461568 ], [ 25.285572768435685, 54.685757764584835 ], [ 25.285558572602064, 54.685308623143044 ], [ 25.28554437716074, 54.684859481665271 ], [ 25.285530182111682, 54.684410340151487 ], [ 25.284754973438758, 54.684418561909276 ], [ 25.284740787335974, 54.683969420223683 ], [ 25.284726601625195, 54.683520278502094 ], [ 25.284712416306409, 54.683071136744523 ], [ 25.283937232902836, 54.683079353137337 ], [ 25.283923056529346, 54.682630211208036 ], [ 25.283908880547589, 54.682181069242738 ], [ 25.28389470495754, 54.681731927241451 ], [ 25.283880529759191, 54.681282785204168 ], [ 25.283105380175794, 54.681290996096905 ], [ 25.283091213921509, 54.680841853887983 ], [ 25.283077048058672, 54.680392711643108 ], [ 25.283062882587238, 54.679943569362223 ], [ 25.28228775826889, 54.679951774891101 ], [ 25.282273601740563, 54.679502632438698 ], [ 25.282259445603387, 54.679053489950277 ], [ 25.28224528985734, 54.678604347425903 ], [ 25.281470190802249, 54.678612547591449 ], [ 25.281456043998336, 54.678163404895621 ], [ 25.281441897585289, 54.677714262163811 ], [ 25.281427751563108, 54.677265119396033 ], [ 25.280652677769464, 54.677273314198729 ], [ 25.280638540688422, 54.676824171259604 ], [ 25.280624403997979, 54.676375028284468 ], [ 25.280610267698119, 54.675925885273394 ], [ 25.280596131788812, 54.675476742226309 ], [ 25.27982109180444, 54.675484931531422 ], [ 25.279806964835064, 54.675035788313103 ], [ 25.279792838255986, 54.674586645058795 ], [ 25.279778712067181, 54.67413750176852 ], [ 25.279003697339977, 54.67414568571192 ], [ 25.278989580090126, 54.673696542250489 ], [ 25.278975463230299, 54.673247398753077 ], [ 25.278961346760472, 54.672798255219689 ], [ 25.278186357288622, 54.672806433801888 ], [ 25.278172249756775, 54.672357290097437 ], [ 25.278158142614672, 54.671908146357026 ], [ 25.278144035862287, 54.671459002580626 ], [ 25.277369071643996, 54.671467175802135 ], [ 25.277354973828619, 54.671018031854786 ], [ 25.277340876402697, 54.670568887871468 ], [ 25.277326779366216, 54.670119743852148 ], [ 25.276551840399684, 54.670127911713472 ], [ 25.276537752299244, 54.669678767523294 ], [ 25.27652366458798, 54.669229623297163 ], [ 25.276509577265877, 54.668780479035071 ], [ 25.275734663549301, 54.668788641536715 ], [ 25.275720585162262, 54.66833949710383 ], [ 25.27570650716412, 54.66789035263497 ], [ 25.275692429554869, 54.667441208130171 ], [ 25.274917541086449, 54.667449365272653 ], [ 25.274903472411278, 54.66700022059716 ], [ 25.274889404124728, 54.666551075885685 ], [ 25.274875336226788, 54.666101931138265 ], [ 25.27486126871743, 54.665652786354869 ], [ 25.274086414039896, 54.665660938004095 ], [ 25.27407235546341, 54.665211793050105 ], [ 25.274058297275239, 54.664762648060162 ], [ 25.274044239475391, 54.664313503034258 ], [ 25.274030182063829, 54.663864357972386 ], [ 25.27401612504055, 54.663415212874568 ], [ 25.273241312693845, 54.663423358896694 ], [ 25.27322726460196, 54.662974213628381 ], [ 25.273213216898089, 54.662525068324108 ], [ 25.273199169582217, 54.662075922983874 ], [ 25.273185122654343, 54.661626777607673 ], [ 25.272410344090748, 54.661634918138013 ], [ 25.272396306093039, 54.661185772591452 ], [ 25.272382268483049, 54.660736627008887 ], [ 25.272368231260767, 54.660287481390419 ], [ 25.271593477935369, 54.660295616564007 ], [ 25.271579449642285, 54.659846470775207 ], [ 25.271565421736643, 54.659397324950461 ], [ 25.271551394218427, 54.658948179089748 ], [ 25.270776666129422, 54.658956308907108 ], [ 25.270762647539438, 54.658507162876212 ], [ 25.270748629336616, 54.658058016809349 ], [ 25.269973917941851, 54.658066141405151 ], [ 25.269959908666525, 54.65761699516819 ], [ 25.269185205425224, 54.657625114676833 ], [ 25.269171205076937, 54.657175968269854 ], [ 25.269157205115299, 54.656726821826901 ], [ 25.269143205540292, 54.656277675348001 ], [ 25.269129206351906, 54.655828528833148 ], [ 25.269115207550129, 54.655379382282376 ], [ 25.269101209134938, 54.654930235695652 ], [ 25.268326556744324, 54.65493834944737 ], [ 25.268312567254444, 54.654489202690733 ], [ 25.268298578150894, 54.654040055898129 ], [ 25.267523942451209, 54.654048164429575 ], [ 25.267509962272243, 54.65359901746713 ], [ 25.267495982479339, 54.653149870468766 ], [ 25.266721363469923, 54.653157973780232 ], [ 25.266707392600892, 54.652708826612113 ], [ 25.266693422117651, 54.652259679408061 ], [ 25.266679452020195, 54.651810532168057 ], [ 25.265904858237771, 54.651818630126201 ], [ 25.265890897063208, 54.651369482716554 ], [ 25.265876936274172, 54.65092033527096 ], [ 25.265102359180261, 54.650928428009912 ], [ 25.265088407313396, 54.650479280394769 ], [ 25.265074455831787, 54.65003013274368 ], [ 25.264299895425751, 54.650038220263745 ], [ 25.264285952865592, 54.649589072443185 ], [ 25.264272010690426, 54.64913992458672 ], [ 25.26425806890024, 54.648690776694295 ], [ 25.263483533717178, 54.648698858862382 ], [ 25.263469600847465, 54.648249710800599 ], [ 25.263455668362472, 54.647800562702876 ], [ 25.262681149865529, 54.647808639652823 ], [ 25.262667226300298, 54.647359491385821 ], [ 25.262653303119507, 54.646910343082901 ], [ 25.261878801308029, 54.646918414815076 ], [ 25.261864887046279, 54.646469266342947 ], [ 25.261090393385235, 54.646477332990855 ], [ 25.261076488042061, 54.646028184349618 ], [ 25.261062583082822, 54.645579035672462 ], [ 25.260288106106394, 54.645587097103167 ], [ 25.260274210065003, 54.645137948256988 ], [ 25.259499741238848, 54.645146004603838 ], [ 25.259485854114835, 54.644696855588748 ], [ 25.259471967374239, 54.644247706537705 ], [ 25.259458081017041, 54.643798557450786 ], [ 25.258683637407927, 54.643806608448081 ], [ 25.258669759967145, 54.643357459192288 ], [ 25.258655882909494, 54.642908309900612 ], [ 25.258642006234982, 54.642459160573011 ], [ 25.257867587841105, 54.642467206221262 ], [ 25.257853720082029, 54.642018056724922 ], [ 25.257079309837618, 54.642026097290149 ], [ 25.257065450993512, 54.64157694762514 ], [ 25.257051592532008, 54.641127797924227 ], [ 25.256277198968984, 54.641135833273907 ], [ 25.256263349421733, 54.640686683404432 ], [ 25.256249500256828, 54.640237533499061 ], [ 25.256235651474245, 54.639788383557772 ], [ 25.255461283123154, 54.639796413559658 ], [ 25.255447443253853, 54.639347263449906 ], [ 25.255433603766626, 54.638898113304258 ], [ 25.254659252095163, 54.638906138091372 ], [ 25.254645421520493, 54.63845698777731 ], [ 25.255419764661454, 54.638448963122698 ], [ 25.255405925938319, 54.637999812905257 ], [ 25.254631591327623, 54.638007837427374 ], [ 25.254617761516545, 54.637558687041548 ], [ 25.254603932087246, 54.637109536619811 ], [ 25.253829614154618, 54.637117555927667 ], [ 25.253815793636651, 54.636668405337652 ], [ 25.253801973500199, 54.636219254711726 ], [ 25.253788153745255, 54.635770104049918 ], [ 25.253013861019156, 54.63577811801153 ], [ 25.253000050174574, 54.635328967181522 ], [ 25.252986239711223, 54.634879816315625 ], [ 25.252211963661448, 54.634887825063693 ], [ 25.252198162107742, 54.634438674029695 ], [ 25.252184360935015, 54.633989522959794 ], [ 25.251410101560904, 54.633997526494682 ], [ 25.251396309297096, 54.63354837525678 ], [ 25.251382517414001, 54.633099223982981 ], [ 25.250608274714903, 54.633107222304993 ], [ 25.250594491740014, 54.632658070863279 ], [ 25.25058070914557, 54.632208919385668 ], [ 25.250566926931548, 54.63175976787219 ], [ 25.249792709433876, 54.631767760849726 ], [ 25.2497789361271, 54.631318609168396 ], [ 25.24976516320049, 54.630869457451212 ], [ 25.24899096237608, 54.630877445216626 ], [ 25.248977198355984, 54.63042829333169 ], [ 25.248963434715787, 54.629979141410871 ], [ 25.248189250564, 54.629987123964504 ], [ 25.248175495829607, 54.629537971876047 ], [ 25.248161741474842, 54.629088819751701 ], [ 25.247387573995017, 54.629096797093901 ], [ 25.247373828545346, 54.628647644801994 ], [ 25.246599669211601, 54.628655617064695 ], [ 25.246585932666523, 54.628206464605313 ], [ 25.246572196500587, 54.627757312110049 ], [ 25.245798053837969, 54.627765279161906 ], [ 25.245784326575912, 54.627316126499245 ], [ 25.245010192059212, 54.627324088472008 ], [ 25.244996473700578, 54.62687493564205 ], [ 25.244982755720553, 54.626425782776245 ], [ 25.244208637874138, 54.626433739538705 ], [ 25.244194928796816, 54.625984586505687 ], [ 25.243420819096158, 54.625992538189458 ], [ 25.243407118921063, 54.625543384989321 ], [ 25.242633017366185, 54.625551331594572 ], [ 25.242619326092846, 54.62510217822738 ], [ 25.242605635197371, 54.624653024824354 ], [ 25.241831550311737, 54.624660966220134 ], [ 25.241817868317295, 54.624211812650159 ], [ 25.241043791577287, 54.624219748967811 ], [ 25.241030118483412, 54.623770595230987 ], [ 25.241016445766881, 54.623321441458287 ], [ 25.240242385695279, 54.623329372567071 ], [ 25.240228721878598, 54.622880218627621 ], [ 25.239454669952448, 54.622888144658681 ], [ 25.239441015035148, 54.622438990552546 ], [ 25.238666971254482, 54.622446911506053 ], [ 25.238653325236086, 54.621997757233324 ], [ 25.238639679594268, 54.621548602924761 ], [ 25.237865652480981, 54.621556518670204 ], [ 25.23785201573736, 54.621107364195133 ], [ 25.237077996769386, 54.621115274863421 ], [ 25.23706436892348, 54.620666120221934 ], [ 25.23629035810086, 54.620674025813237 ], [ 25.236276739152206, 54.620224871005419 ], [ 25.23626312057937, 54.619775716161776 ], [ 25.235489126423087, 54.619783616545845 ], [ 25.235475516746778, 54.619334461535949 ], [ 25.234701530735677, 54.619342356843418 ], [ 25.234687929955442, 54.618893201667397 ], [ 25.234674329550504, 54.618444046455522 ], [ 25.233900360204899, 54.618451936556347 ], [ 25.23388676869531, 54.618002781178426 ], [ 25.233112807494724, 54.618010666203062 ], [ 25.233099224880004, 54.617561510659151 ], [ 25.233085642640074, 54.617112355079428 ], [ 25.232311698104144, 54.617120234897996 ], [ 25.232298124758376, 54.616671079152397 ], [ 25.231524188367299, 54.616678953895175 ], [ 25.231510623915206, 54.61622979798377 ], [ 25.231497059837405, 54.615780642036562 ], [ 25.23072314011014, 54.615788511573832 ], [ 25.230709584925304, 54.615339355460904 ], [ 25.230696030114476, 54.614890199312164 ], [ 25.229922127050386, 54.614898063644276 ], [ 25.229908581131809, 54.614448907329908 ], [ 25.229895035586985, 54.613999750979751 ], [ 25.229121149185413, 54.614007610106995 ], [ 25.229107612532118, 54.613558453591317 ], [ 25.229094076252316, 54.613109297039806 ], [ 25.228320206512617, 54.61311715096258 ], [ 25.228306679123623, 54.612667994245633 ], [ 25.228293152107856, 54.61221883749289 ], [ 25.227519299029385, 54.612226686211471 ], [ 25.227505780903709, 54.611777529293363 ], [ 25.227492263151003, 54.611328372339486 ], [ 25.2267184267331, 54.611336215854223 ], [ 25.226704917869768, 54.610887058735052 ], [ 25.226691409379136, 54.610437901580099 ], [ 25.225917589621158, 54.610445739891347 ], [ 25.225904090019181, 54.609996582571213 ], [ 25.225130278404738, 54.610004415808568 ], [ 25.225116787690943, 54.60955525832334 ], [ 25.225103297349342, 54.609106100802329 ], [ 25.224329502393985, 54.609113928836763 ], [ 25.224316020939852, 54.608664771150757 ], [ 25.224302539857653, 54.608215613428968 ], [ 25.223528761560718, 54.608223436260786 ], [ 25.223515289365274, 54.607774278374094 ], [ 25.223501817541486, 54.607325120451613 ], [ 25.222728055902344, 54.607332938081164 ], [ 25.222714592964589, 54.606883779993879 ], [ 25.221940839468427, 54.606891592550426 ], [ 25.221927385416237, 54.606442434298408 ], [ 25.221913931735198, 54.605993276010608 ], [ 25.22114019489598, 54.60600108336547 ], [ 25.221126750099792, 54.605551924913023 ], [ 25.221113305674489, 54.605102766424814 ], [ 25.220339585491562, 54.605110568578318 ], [ 25.220326149950392, 54.604661409925555 ], [ 25.219552437910092, 54.604669207006708 ], [ 25.219539011252575, 54.604220048189489 ], [ 25.219525584965435, 54.603770889336502 ], [ 25.218751889580595, 54.603778681216866 ], [ 25.218738472176394, 54.603329522199502 ], [ 25.218725055142311, 54.602880363146369 ], [ 25.21795137641228, 54.602888149826306 ], [ 25.217937968260422, 54.602438990608881 ], [ 25.217924560478419, 54.601989831355702 ], [ 25.21715089840254, 54.601997612835497 ], [ 25.217137499502044, 54.601548453418133 ], [ 25.217124100971134, 54.601099293964985 ], [ 25.216350455548763, 54.601107070245007 ], [ 25.216337065898649, 54.600657910627774 ], [ 25.215563428618157, 54.600665681836588 ], [ 25.21555004784835, 54.600216522055334 ], [ 25.214776418709771, 54.600224288193111 ], [ 25.214763046819815, 54.599775128247941 ], [ 25.214749675298691, 54.599325968266982 ], [ 25.213976062812581, 54.599333729205803 ], [ 25.213962700170587, 54.598884569061042 ], [ 25.213189095826213, 54.598892324929217 ], [ 25.213175742062884, 54.59844316462069 ], [ 25.213162388667875, 54.597994004276408 ], [ 25.212388800975141, 54.598001754946196 ], [ 25.212375456458076, 54.597552594438262 ], [ 25.211601876906908, 54.597560340037816 ], [ 25.211588541267322, 54.597111179366323 ], [ 25.211575205995548, 54.59666201865906 ], [ 25.210801643095174, 54.596669759060802 ], [ 25.210788316700153, 54.596220598190079 ], [ 25.210774990672686, 54.595771437283602 ], [ 25.210001444422456, 54.595779172487859 ], [ 25.209988127271028, 54.595330011417985 ], [ 25.209214589162009, 54.595337741552662 ], [ 25.209201280886155, 54.594888580319484 ], [ 25.209187972977343, 54.59443941905058 ], [ 25.208414451517623, 54.594447143988347 ], [ 25.20840115248366, 54.593997982556232 ], [ 25.208387853816479, 54.593548821088355 ], [ 25.207614349005414, 54.593556540829567 ], [ 25.207601059212372, 54.593107379198571 ], [ 25.207587769785842, 54.592658217531849 ], [ 25.208361257582403, 54.592650498045423 ], [ 25.208347960015473, 54.59220133647031 ], [ 25.208334662815268, 54.591752174859472 ], [ 25.209108133231549, 54.591744450686498 ], [ 25.209094827891633, 54.591295289167377 ], [ 25.209081522918655, 54.590846127612515 ], [ 25.209854975955405, 54.590838398753291 ], [ 25.209841662843406, 54.590389237290218 ], [ 25.210615107007083, 54.590381503617479 ], [ 25.210601785756534, 54.589932342246271 ], [ 25.210588464873343, 54.589483180839323 ], [ 25.211361891658527, 54.589475442480918 ], [ 25.211348562637479, 54.5890262811659 ], [ 25.211335233983984, 54.588577119815113 ], [ 25.211321905698046, 54.588127958428579 ], [ 25.211308577779651, 54.587678797006312 ], [ 25.212081970177895, 54.587671054218092 ], [ 25.212855362208384, 54.58766330648934 ], [ 25.212868707135748, 54.588112467656018 ], [ 25.212882052431116, 54.588561628786927 ], [ 25.213655461102771, 54.588553875861791 ], [ 25.213668815271095, 54.589003036829034 ], [ 25.21444223207941, 54.588995278835192 ], [ 25.215215648519223, 54.58898751590057 ], [ 25.2159890645903, 54.58897974802521 ], [ 25.216002444642299, 54.589428908572394 ], [ 25.216775868849513, 54.589421135628001 ], [ 25.216789257775847, 54.589870296011185 ], [ 25.216802647071418, 54.590319456358593 ], [ 25.21757608792031, 54.590311678216679 ], [ 25.217589486090919, 54.590760838399959 ], [ 25.217602884631027, 54.591209998547463 ], [ 25.218376342122241, 54.591202215207716 ], [ 25.218389749538115, 54.591651375191013 ], [ 25.218403157323753, 54.592100535138556 ], [ 25.219176631457934, 54.592092746600606 ], [ 25.219190048120048, 54.592541906383836 ], [ 25.21996353039092, 54.592534112775979 ], [ 25.219976955929987, 54.592983272394839 ], [ 25.219990381839317, 54.593432431977888 ], [ 25.220763880754003, 54.593424633171281 ], [ 25.220777315541007, 54.593873792589868 ], [ 25.22079075069853, 54.594322951972678 ], [ 25.22156426625768, 54.594315147966967 ], [ 25.221577710293595, 54.594764307185208 ], [ 25.222351233989784, 54.594756498108964 ], [ 25.222364686904552, 54.595205657162538 ], [ 25.222378140190362, 54.59565481618035 ], [ 25.223151680531853, 54.59564700190441 ], [ 25.223165142697233, 54.596096160757483 ], [ 25.223178605233919, 54.596545319574759 ], [ 25.223952162221355, 54.596537500098805 ], [ 25.223965633638333, 54.596986658751256 ], [ 25.223979105426867, 54.597435817367909 ], [ 25.224752679060906, 54.597427992691628 ], [ 25.224766159730446, 54.597877151143358 ], [ 25.225539741502086, 54.597869321395635 ], [ 25.225553231053098, 54.598318479682362 ], [ 25.2255667209762, 54.598767637933278 ], [ 25.226340319395277, 54.598759802984638 ], [ 25.226353818200558, 54.59920896107046 ], [ 25.22636731737818, 54.59965811912047 ], [ 25.227140932445341, 54.599650278970593 ], [ 25.227154440505878, 54.600099436855437 ], [ 25.227167948939016, 54.600548594704463 ], [ 25.227941580654903, 54.600540749353009 ], [ 25.22795509797167, 54.600989907036755 ], [ 25.227968615661297, 54.601439064684705 ], [ 25.228742264026572, 54.601431214131352 ], [ 25.228755790600545, 54.601880371613923 ], [ 25.229529447104159, 54.601872515987971 ], [ 25.229542982562943, 54.602321673305099 ], [ 25.22955651839511, 54.602770830586394 ], [ 25.230330191548948, 54.602762969757968 ], [ 25.230343736266644, 54.603212126873721 ], [ 25.230357281357978, 54.60366128395367 ], [ 25.231130971162681, 54.603653417922423 ], [ 25.23114452514027, 54.604102574836745 ], [ 25.231158079491749, 54.60455173171524 ], [ 25.231931785947967, 54.604543860480852 ], [ 25.231945349186429, 54.604993017193607 ], [ 25.23195891279904, 54.60544217387055 ], [ 25.232732635907428, 54.605434297432666 ], [ 25.232746208407733, 54.605883453943811 ], [ 25.233519939655206, 54.605875572432197 ], [ 25.233533521043661, 54.606324728777444 ], [ 25.233547102806792, 54.606773885086852 ], [ 25.23432085070727, 54.606765998371174 ], [ 25.234334441359277, 54.607215154514599 ], [ 25.234348032386222, 54.607664310622177 ], [ 25.235121796940351, 54.607656418702128 ], [ 25.235135396856887, 54.608105574643631 ], [ 25.23514899714862, 54.608554730549308 ], [ 25.235922778357061, 54.608546833424526 ], [ 25.235936387539102, 54.608995989164029 ], [ 25.235949997096611, 54.609445144867706 ], [ 25.236723794959989, 54.609437242537851 ], [ 25.23673741340853, 54.609886398075275 ], [ 25.236751032232796, 54.610335553576839 ], [ 25.237524846751775, 54.610327646041611 ], [ 25.237538474467787, 54.610776801376836 ], [ 25.237552102559786, 54.611225956676222 ], [ 25.238325933735013, 54.611218043935288 ], [ 25.238339570719482, 54.611667199068229 ], [ 25.238353208080188, 54.61211635416533 ], [ 25.239127055912316, 54.612108436218314 ], [ 25.23914070216621, 54.612557591148892 ], [ 25.239154348796621, 54.613006746043624 ], [ 25.239928213286294, 54.612998822890226 ], [ 25.239941868810607, 54.613447977618343 ], [ 25.239955524711696, 54.613897132310598 ], [ 25.240729405859557, 54.613889203950485 ], [ 25.24074307065527, 54.614338358476054 ], [ 25.241516959943915, 54.614330425039832 ], [ 25.241530633634724, 54.614779579398586 ], [ 25.241544307702817, 54.61522873372148 ], [ 25.242318213650496, 54.615220795077974 ], [ 25.242331896614395, 54.615669949233997 ], [ 25.243105810703032, 54.615662005513975 ], [ 25.243119502563207, 54.616111159503021 ], [ 25.243133194801196, 54.616560313456205 ], [ 25.24390712554969, 54.616552364528303 ], [ 25.243920826684676, 54.617001518314424 ], [ 25.244694765574298, 54.616993564309624 ], [ 25.244708475606739, 54.617442717928583 ], [ 25.244722186017505, 54.617891871511674 ], [ 25.245496141567841, 54.617883912298424 ], [ 25.245509860876783, 54.618333065714275 ], [ 25.246283824568401, 54.6183251014237 ], [ 25.246297552776003, 54.61877425467226 ], [ 25.246311281362434, 54.619223407884895 ], [ 25.247085261715597, 54.619215438385282 ], [ 25.247098999201409, 54.619664591430542 ], [ 25.24787298769602, 54.619656616853206 ], [ 25.247886734081675, 54.620105769730948 ], [ 25.247900480846663, 54.620554922572808 ], [ 25.248674486003669, 54.620546942785857 ], [ 25.248688241669221, 54.620996095460121 ], [ 25.249462254967835, 54.620988110595043 ], [ 25.249476019534423, 54.621437263101612 ], [ 25.25025004097461, 54.62142927315827 ], [ 25.250263814442707, 54.621878425497052 ], [ 25.250277588290903, 54.622327577799986 ], [ 25.251051626394517, 54.622319582646192 ], [ 25.251065409144939, 54.62276873478126 ], [ 25.251839455390297, 54.622760734548763 ], [ 25.251853247043414, 54.623209886515887 ], [ 25.252627301430483, 54.623201881204523 ], [ 25.252641101986761, 54.62365103300359 ], [ 25.252654902923904, 54.624100184766789 ], [ 25.253428973975428, 54.624092174244169 ], [ 25.253442783816457, 54.624541325839239 ], [ 25.254216863009866, 54.624533310237361 ], [ 25.254230681755246, 54.62498246166421 ], [ 25.255004769090505, 54.624974440982911 ], [ 25.255018596740705, 54.625423592241454 ], [ 25.25503242477253, 54.6258727434641 ], [ 25.255806528773277, 54.625864717570714 ], [ 25.255820365710644, 54.626313868624969 ], [ 25.256594477853415, 54.626305837651756 ], [ 25.256608323696788, 54.626754988537535 ], [ 25.256622169922306, 54.627204139387409 ], [ 25.257396298731408, 54.627196103201541 ], [ 25.257410153863656, 54.627645253882861 ], [ 25.258184290814928, 54.627637212616726 ], [ 25.258198154854373, 54.628086363129377 ], [ 25.258212019276481, 54.628535513606138 ], [ 25.258986172894925, 54.62852746712678 ], [ 25.259000046224951, 54.62897661743478 ], [ 25.259013919937885, 54.629425767706856 ], [ 25.259788090224152, 54.629417716013961 ], [ 25.259801972845736, 54.629866866117197 ], [ 25.260576151274531, 54.629858809343389 ], [ 25.260590042805219, 54.630307959277722 ], [ 25.260603934719349, 54.630757109176109 ], [ 25.260617827016908, 54.631206259038606 ], [ 25.261392030640753, 54.631198196917566 ], [ 25.261405931848397, 54.631647346611025 ], [ 25.261419833439753, 54.632096496268566 ], [ 25.262194053733353, 54.632088428932974 ], [ 25.262207964235511, 54.632537578421406 ], [ 25.262221875121636, 54.63298672787392 ], [ 25.262996112085649, 54.632978655323427 ], [ 25.263010031883297, 54.633427804606733 ], [ 25.263023952065176, 54.633876953854127 ], [ 25.263037872631305, 54.634326103065582 ], [ 25.263812134794374, 54.6343180251665 ], [ 25.263826064272994, 54.634767174208669 ], [ 25.263839994136124, 54.635216323214905 ], [ 25.263853924383788, 54.635665472185202 ], [ 25.264628211747699, 54.635657388937027 ], [ 25.264642150908823, 54.636106537737959 ], [ 25.264656090454732, 54.63655568650293 ], [ 25.265430394491911, 54.636547598038696 ], [ 25.265444342952005, 54.636996746634203 ], [ 25.265458291797156, 54.6374458951938 ], [ 25.265472241027375, 54.637895043717421 ], [ 25.266246570268297, 54.637886949903155 ], [ 25.266260528413664, 54.63833609825722 ], [ 25.266274486944379, 54.638785246575374 ], [ 25.267048832860315, 54.638777147544268 ], [ 25.267062800306892, 54.639226295692751 ], [ 25.26707676813907, 54.639675443805288 ], [ 25.267851130730673, 54.639667339557036 ], [ 25.267865107479441, 54.640116487499832 ], [ 25.267879084614066, 54.640565635406681 ], [ 25.268653463881996, 54.640557525940928 ], [ 25.268667449933936, 54.64100667367795 ], [ 25.268681436372002, 54.641455821379019 ], [ 25.26945583231689, 54.641447706695438 ], [ 25.269469827672992, 54.64189685422658 ], [ 25.269483823415484, 54.642346001721762 ], [ 25.270258236037979, 54.64233788182004 ], [ 25.270272240699221, 54.642787029145204 ], [ 25.270286245747123, 54.643236176434414 ], [ 25.271060675047885, 54.64322805131421 ], [ 25.271074689015258, 54.643677198433323 ], [ 25.271088703369557, 54.64412634551649 ], [ 25.271102718110786, 54.644575492563675 ], [ 25.271877172623711, 54.644567362090406 ], [ 25.271891196285384, 54.645016508967394 ], [ 25.271905220334254, 54.645465655808444 ], [ 25.272679691527195, 54.645457520115926 ], [ 25.272693724497231, 54.645906666786679 ], [ 25.272707757854725, 54.646355813421444 ], [ 25.272721791599714, 54.646804960020283 ], [ 25.273496288007717, 54.646796818973769 ], [ 25.273510330674831, 54.647245965402206 ], [ 25.273524373729689, 54.647695111794683 ], [ 25.273538417172304, 54.648144258151191 ], [ 25.274312938797173, 54.648136111750176 ], [ 25.274326991162894, 54.648585257936212 ], [ 25.274341043916639, 54.649034404086265 ], [ 25.274355097058422, 54.649483550200372 ], [ 25.275129643901952, 54.649475398444338 ], [ 25.275143705967814, 54.649924544387872 ], [ 25.275157768421973, 54.650373690295424 ], [ 25.275171831264448, 54.650822836167016 ], [ 25.275946403328437, 54.650814679055451 ], [ 25.27596047509596, 54.65126382475637 ], [ 25.275974547252062, 54.651712970421329 ], [ 25.276749136001136, 54.651704808088517 ], [ 25.276763217083012, 54.652153953582705 ], [ 25.277537813980409, 54.652145786163175 ], [ 25.277551903988531, 54.652594931486519 ], [ 25.277565994385739, 54.653044076773895 ], [ 25.277580085172062, 54.653493222025311 ], [ 25.278354707293229, 54.653485049248971 ], [ 25.278368807006764, 54.65393419432943 ], [ 25.278382907109673, 54.654383339373915 ], [ 25.278397007601974, 54.654832484382425 ], [ 25.27841110848367, 54.655281629354953 ], [ 25.278425209754786, 54.655730774291484 ], [ 25.279199874179334, 54.655722595887752 ], [ 25.279213984379133, 54.656171740653257 ], [ 25.27998865695325, 54.656163557161804 ], [ 25.28000277608221, 54.656612701756202 ], [ 25.280016895601101, 54.657061846314591 ], [ 25.280031015509945, 54.657510990837011 ], [ 25.280045135808745, 54.657960135323428 ], [ 25.280819842152194, 54.657951946338422 ], [ 25.280833971381369, 54.658401090653641 ], [ 25.280059256497527, 54.658409279773878 ], [ 25.280073377576301, 54.658858424188338 ], [ 25.280848101000782, 54.658850234932864 ], [ 25.280862231010431, 54.659299379176097 ], [ 25.280876361410343, 54.659748523383342 ], [ 25.280890492200516, 54.660197667554598 ], [ 25.281665240858043, 54.660189472940012 ], [ 25.281679380580073, 54.660638616939949 ], [ 25.281693520692642, 54.661087760903889 ], [ 25.282468286042977, 54.661079561065108 ], [ 25.282482435088117, 54.661528704857652 ], [ 25.28170766119576, 54.661536904831856 ], [ 25.281721802089447, 54.661986048723833 ], [ 25.282496584524065, 54.661977848614207 ], [ 25.282510734350815, 54.662426992334751 ], [ 25.282524884568407, 54.662876136019307 ], [ 25.282539035176846, 54.66332527966788 ], [ 25.282553186176134, 54.663774423280451 ], [ 25.282567337566306, 54.664223566857032 ], [ 25.283342162324864, 54.664215361116149 ], [ 25.283356322649574, 54.664664504521213 ], [ 25.283370483365431, 54.665113647890287 ], [ 25.284145324820379, 54.66510543692408 ], [ 25.284159494471506, 54.665554580121544 ], [ 25.284173664514039, 54.666003723283019 ], [ 25.284187834947989, 54.666452866408484 ], [ 25.284962701644556, 54.666444650080948 ], [ 25.284976881014749, 54.666893793034724 ], [ 25.284991060776626, 54.667342935952504 ], [ 25.285005240930207, 54.667792078834282 ], [ 25.285780132870183, 54.66778385714489 ], [ 25.285794321960978, 54.668232999854887 ], [ 25.285808511443733, 54.668682142528837 ], [ 25.28582270131847, 54.66913128516682 ], [ 25.285836891585202, 54.669580427768778 ], [ 25.286611817316594, 54.669572200581158 ], [ 25.286626016521758, 54.670021343011221 ], [ 25.286640216119192, 54.670470485405296 ], [ 25.286654416108892, 54.670919627763368 ], [ 25.287429367087995, 54.670911395212777 ], [ 25.287443576017104, 54.671360537398854 ], [ 25.287457785338763, 54.671809679548943 ], [ 25.287471995052965, 54.672258821663 ], [ 25.288246971281573, 54.672250583748919 ], [ 25.288261189936165, 54.672699725690912 ], [ 25.288275408983584, 54.673148867596893 ], [ 25.288289628423822, 54.673598009466872 ], [ 25.289064629903734, 54.673589766188812 ], [ 25.289078858285343, 54.674038907886604 ], [ 25.289093087060042, 54.674488049548387 ], [ 25.289107316227863, 54.674937191174166 ], [ 25.289121545788817, 54.675386332763935 ], [ 25.289896581071034, 54.675378083985109 ], [ 25.289910819574562, 54.675827225402614 ], [ 25.289925058471493, 54.676276366784073 ], [ 25.289939297761823, 54.676725508129536 ], [ 25.290714358299638, 54.676717253985608 ], [ 25.290728606533531, 54.6771663951587 ], [ 25.290742855161103, 54.677615536295789 ], [ 25.290757104182354, 54.678064677396847 ], [ 25.291532189977566, 54.678056417887312 ], [ 25.291546447943354, 54.678505558815914 ], [ 25.291560706303095, 54.678954699708498 ], [ 25.291574965056807, 54.679403840565051 ], [ 25.292350076111219, 54.679395575689405 ], [ 25.292364343810434, 54.67984471637341 ], [ 25.292378611903889, 54.680293857021411 ], [ 25.292392880391592, 54.680742997633381 ], [ 25.293168016707, 54.680734727391062 ], [ 25.293182294141179, 54.681183867830377 ], [ 25.293196571969879, 54.681633008233689 ], [ 25.293210850193105, 54.682082148600969 ], [ 25.29398601177131, 54.682073872991502 ], [ 25.294000298941992, 54.682523013186035 ], [ 25.294014586507473, 54.682972153344551 ], [ 25.294028874467763, 54.683421293467021 ], [ 25.294804061310561, 54.683413012489893 ], [ 25.294818358219274, 54.683862152439538 ], [ 25.29483265552307, 54.684311292353158 ], [ 25.29484695322196, 54.684760432230753 ], [ 25.295622165331157, 54.684752145885412 ], [ 25.295636471979449, 54.685201285590097 ], [ 25.295650779023092, 54.685650425258729 ], [ 25.295665086462108, 54.686099564891308 ], [ 25.296440323839505, 54.686091273177318 ], [ 25.296454640228895, 54.686540412636873 ], [ 25.296468957013932, 54.686989552060432 ], [ 25.297244211105884, 54.686981255114269 ], [ 25.297258536842016, 54.687430394364689 ], [ 25.297272862974051, 54.687879533579093 ], [ 25.297287189502011, 54.688328672757464 ], [ 25.2973015164259, 54.688777811899755 ], [ 25.298076804345094, 54.688769509446821 ], [ 25.29809114022131, 54.689218648415938 ], [ 25.298105476493731, 54.689667787348995 ], [ 25.298119813162362, 54.690116926246027 ], [ 25.298134150227227, 54.690566065106992 ], [ 25.298909471977083, 54.690557757146593 ], [ 25.298923817995501, 54.691006895834256 ], [ 25.298938164410409, 54.691456034485888 ], [ 25.298952511221835, 54.691905173101489 ], [ 25.299727858247795, 54.691896859770225 ], [ 25.29974221401374, 54.692345998212424 ], [ 25.299756570176474, 54.692795136618571 ], [ 25.299770926735984, 54.693244274988658 ], [ 25.300546299039844, 54.69323595628606 ], [ 25.300560664554862, 54.693685094482653 ], [ 25.300575030466938, 54.694134232643222 ], [ 25.300589396776086, 54.694583370767731 ], [ 25.301364794359642, 54.694575046693259 ], [ 25.301379169625267, 54.69502418464419 ], [ 25.301393545288242, 54.695473322559067 ], [ 25.301407921348559, 54.695922460437878 ], [ 25.302183344213617, 54.695914130991042 ], [ 25.302197729231391, 54.696363268696189 ], [ 25.302212114646782, 54.696812406365268 ], [ 25.30222650045981, 54.697261543998287 ], [ 25.303001948608166, 54.697253209178584 ], [ 25.303016343379625, 54.697702346637833 ], [ 25.303030738548983, 54.698151484061022 ], [ 25.30304513411626, 54.698600621448165 ], [ 25.303820607549721, 54.698592281255053 ], [ 25.303835012076398, 54.69904141846834 ], [ 25.303849417001263, 54.699490555645532 ], [ 25.303863822324324, 54.699939692786678 ], [ 25.304639321044693, 54.699931347219653 ], [ 25.304653735328127, 54.700380484186844 ], [ 25.304668150010031, 54.700829621117983 ], [ 25.304682565090385, 54.701278758011966 ], [ 25.305458089099456, 54.70127040707051 ], [ 25.305472513141194, 54.701719543791526 ], [ 25.305486937581684, 54.702168680476468 ], [ 25.305501362420923, 54.702617817125365 ], [ 25.306276911720509, 54.702609460808951 ], [ 25.306291345522084, 54.703058597283686 ], [ 25.306305779722688, 54.703507733722354 ], [ 25.306320214322337, 54.703956870124955 ], [ 25.307095788914229, 54.703948508433101 ], [ 25.307110232477182, 54.704397644661448 ], [ 25.307124676439443, 54.704846780853735 ], [ 25.307900267760751, 54.704838413924165 ], [ 25.307914720687045, 54.705287549942135 ], [ 25.307929174012919, 54.705736685924002 ], [ 25.307943627738378, 54.706185821869816 ], [ 25.308719244354897, 54.706177449563839 ], [ 25.30873370704537, 54.706626585335236 ], [ 25.308748170135697, 54.707075721070538 ], [ 25.308762633625896, 54.707524856769744 ], [ 25.309538275539452, 54.707516479086891 ], [ 25.309552747995628, 54.707965614611595 ], [ 25.309567220851953, 54.708414750100239 ], [ 25.310342879497782, 54.708406367178476 ], [ 25.310357361320811, 54.708855502492497 ], [ 25.31037184354425, 54.70930463777043 ], [ 25.310386326168103, 54.709753773012274 ], [ 25.311162010113868, 54.70974538471269 ], [ 25.311176501705415, 54.710194519779847 ], [ 25.31119099369764, 54.710643654810895 ], [ 25.311205486090575, 54.711092789805875 ], [ 25.311981195338081, 54.711084396127937 ], [ 25.311995696699675, 54.71153353094811 ], [ 25.312010198462239, 54.711982665732201 ], [ 25.312024700625788, 54.712431800480196 ], [ 25.312800435176836, 54.712423401423401 ], [ 25.312814946310031, 54.712872535996482 ], [ 25.312829457844476, 54.71332167053351 ], [ 25.313605209131769, 54.713313266236199 ], [ 25.313619729636574, 54.713762400598242 ], [ 25.313634250542901, 54.714211534924196 ], [ 25.313648771850758, 54.714660669214034 ], [ 25.31442454844451, 54.714652259536933 ], [ 25.314439078723709, 54.7151013936517 ], [ 25.314453609404708, 54.715550527730372 ], [ 25.31522940273647, 54.715542112812017 ], [ 25.315243942389539, 54.715991246715532 ], [ 25.315258482444669, 54.716440380582924 ], [ 25.315273022901891, 54.716889514414241 ], [ 25.316048841543015, 54.716881094115145 ], [ 25.31606339097328, 54.717330227771193 ], [ 25.316077940805886, 54.717779361391145 ], [ 25.316853776186782, 54.717770935850034 ], [ 25.316868334993163, 54.718220069294624 ], [ 25.316882894202163, 54.718669202703111 ], [ 25.316897453813795, 54.719118336075518 ], [ 25.317673314506965, 54.719109905152713 ], [ 25.317687883093349, 54.719559038349665 ], [ 25.317702452082628, 54.720008171510472 ], [ 25.318478329517319, 54.719999735344921 ], [ 25.318492907482071, 54.720448868330223 ], [ 25.318507485849988, 54.720898001279416 ], [ 25.318522064621085, 54.721347134192477 ], [ 25.319297967370971, 54.721338692644309 ], [ 25.319312555118525, 54.72178782538176 ], [ 25.319327143269522, 54.72223695808308 ], [ 25.319341731823982, 54.72268609074829 ], [ 25.320117659890869, 54.722677643816994 ], [ 25.32013225742276, 54.723126776306501 ], [ 25.320146855358384, 54.723575908759848 ], [ 25.320922800169654, 54.723567456584632 ], [ 25.320937407083438, 54.724016588862177 ], [ 25.320952014401215, 54.724465721103613 ], [ 25.320966622123006, 54.724914853308924 ], [ 25.321742592254186, 54.724906395749628 ], [ 25.321757208955113, 54.725355527779037 ], [ 25.321771826060317, 54.725804659772315 ], [ 25.32254781293765, 54.725796196968304 ], [ 25.322562439022715, 54.726245328785581 ], [ 25.322577065512327, 54.726694460566755 ], [ 25.322591692406498, 54.727143592311783 ], [ 25.323367704606664, 54.727135124122789 ], [ 25.323382340481675, 54.727584255691717 ], [ 25.323396976761519, 54.728033387224521 ], [ 25.324173005709586, 54.728024913790051 ], [ 25.324187650970995, 54.728474045146683 ], [ 25.324202296637502, 54.728923176467177 ], [ 25.324216942709121, 54.729372307751539 ], [ 25.324992996982928, 54.729363828931135 ], [ 25.32500765203709, 54.729812960039204 ], [ 25.325022307496635, 54.730262091111157 ], [ 25.325798378520116, 54.730253607044524 ], [ 25.32581304296292, 54.730702737940106 ], [ 25.325827707811385, 54.731151868799557 ], [ 25.325842373065509, 54.731600999622835 ], [ 25.326618469417639, 54.731592510169349 ], [ 25.326633143656007, 54.732041640816192 ], [ 25.326647818300316, 54.732490771426882 ], [ 25.327423931403867, 54.732482276726394 ], [ 25.327438615033149, 54.732931407160542 ], [ 25.327453299068626, 54.733380537558524 ], [ 25.327467983510317, 54.733829667920382 ], [ 25.328244121945438, 54.733821167832104 ], [ 25.328258815373086, 54.7342702980173 ], [ 25.328273509207218, 54.734719428166372 ], [ 25.329049664395527, 54.734710922830359 ], [ 25.329064367216336, 54.735160052802669 ], [ 25.329079070443889, 54.735609182738848 ], [ 25.32909377407821, 54.736058312638846 ], [ 25.329869954601005, 54.736049801914078 ], [ 25.329884667222988, 54.736498931637271 ], [ 25.329899380252005, 54.736948061324306 ], [ 25.330675577529739, 54.736939545351035 ], [ 25.33069029954714, 54.737388674861137 ], [ 25.330705021971852, 54.737837804335086 ], [ 25.330719744803865, 54.738286933772883 ], [ 25.331495967418995, 54.738278412409933 ], [ 25.331510699240379, 54.738727541670698 ], [ 25.331525431469352, 54.73917667089534 ], [ 25.33230167084119, 54.739168144283113 ], [ 25.332316412060251, 54.73961727333063 ], [ 25.332331153687168, 54.740066402341981 ], [ 25.33234589572195, 54.740515531317151 ], [ 25.333122160434097, 54.740506999314334 ], [ 25.333136911459953, 54.740956128112316 ], [ 25.333151662893943, 54.741405256874124 ], [ 25.333166414736073, 54.741854385599773 ], [ 25.333942704790346, 54.741845848205827 ], [ 25.333957465624536, 54.74229497675416 ], [ 25.333972226867147, 54.74274410526634 ], [ 25.334748533680994, 54.742735562621959 ], [ 25.334763303916386, 54.743184690956745 ], [ 25.334778074560457, 54.743633819255372 ], [ 25.334792845613233, 54.744082947517818 ], [ 25.335569177772111, 54.744074399481335 ], [ 25.335583957818645, 54.744523527566315 ], [ 25.335598738274157, 54.744972655615108 ], [ 25.335613519138647, 54.745421783627727 ], [ 25.336389876644372, 54.745413230198672 ], [ 25.336404666503594, 54.745862358033712 ], [ 25.336419456772084, 54.746311485832585 ], [ 25.337195831040251, 54.746302927151902 ], [ 25.337210630304202, 54.746752054773104 ], [ 25.337225429977678, 54.747201182358118 ], [ 25.33724023006069, 54.747650309906952 ], [ 25.338016629678609, 54.747641745832759 ], [ 25.338031438758069, 54.748090873203836 ], [ 25.338046248247334, 54.748540000538718 ], [ 25.338822664629461, 54.748531431212136 ], [ 25.338837483115903, 54.748980558369183 ], [ 25.339613907675314, 54.748971983931646 ], [ 25.339628735159405, 54.749421110910752 ], [ 25.339643563053819, 54.749870237853642 ], [ 25.340420004378281, 54.749861658163162 ], [ 25.340434841271076, 54.75031078492804 ], [ 25.340449678574462, 54.750759911656729 ], [ 25.341226136664631, 54.750751326712937 ], [ 25.341240982967125, 54.7512004532635 ], [ 25.341255829680478, 54.751649579777869 ], [ 25.342032304536996, 54.751640989580459 ], [ 25.342047160250182, 54.752090115916616 ], [ 25.342062016374506, 54.752539242216571 ], [ 25.342076872909971, 54.752988368480302 ], [ 25.342853373122903, 54.752979772886839 ], [ 25.342868238659186, 54.753428898972274 ], [ 25.342883104606884, 54.753878025021514 ], [ 25.343659621587925, 54.753869424173651 ], [ 25.343674496537169, 54.754318550044502 ], [ 25.34368937189809, 54.75476767587913 ], [ 25.344465905647898, 54.75475906977654 ], [ 25.34448079001109, 54.755208195432701 ], [ 25.344495674786241, 54.755657321052638 ], [ 25.344510559973354, 54.756106446636366 ], [ 25.345287119083608, 54.756097835136352 ], [ 25.345302013273972, 54.756546960541492 ], [ 25.345316907876569, 54.756996085910437 ], [ 25.346093483757347, 54.756987469154936 ], [ 25.34610838736393, 54.757436594345194 ], [ 25.346123291383012, 54.757885719499235 ], [ 25.346138195814625, 54.75833484461706 ], [ 25.346914797058762, 54.758326222463197 ], [ 25.346929710495331, 54.758775347402242 ], [ 25.346944624344687, 54.759224472305092 ], [ 25.347721242361111, 54.759215844894989 ], [ 25.347736165216158, 54.759664969618981 ], [ 25.347751088484266, 54.760114094306708 ], [ 25.347766012165444, 54.760563218958268 ], [ 25.348542655548144, 54.760554586148849 ], [ 25.348557588236002, 54.761003710621445 ], [ 25.348572521337193, 54.761452835057788 ], [ 25.349349181493942, 54.761444196991391 ], [ 25.34936412360253, 54.761893321248685 ], [ 25.350140791939712, 54.761884678067865 ], [ 25.350155743056177, 54.762333802146024 ], [ 25.350170694586513, 54.762782926187967 ], [ 25.350947379698578, 54.762774277749557 ], [ 25.350962340237519, 54.763223401612279 ], [ 25.350977301190582, 54.763672525438743 ], [ 25.350992262557803, 54.764121649229004 ], [ 25.351768973040592, 54.764112995389574 ], [ 25.351783943417399, 54.76456211900053 ], [ 25.351798914208615, 54.765011242575213 ], [ 25.352575641468057, 54.76500258347744 ], [ 25.352590621269592, 54.765451706872739 ], [ 25.352605601485809, 54.765900830231772 ], [ 25.353382345522554, 54.76589216587535 ], [ 25.353397334749815, 54.766341289054871 ], [ 25.353412324392043, 54.766790412198176 ], [ 25.35418908520673, 54.766781742582715 ], [ 25.354204083860729, 54.767230865546438 ], [ 25.354219082929941, 54.767679988473887 ], [ 25.354995860523243, 54.767671313599095 ], [ 25.35501086860496, 54.768120436346855 ], [ 25.355025877102172, 54.768569559058378 ], [ 25.355040886014894, 54.769018681733641 ], [ 25.355817688985159, 54.769010001455641 ], [ 25.355832706911368, 54.76945912395113 ], [ 25.355847725253344, 54.769908246410367 ], [ 25.356624545003982, 54.769899560872254 ], [ 25.356639572360177, 54.770348683151624 ], [ 25.356654600132416, 54.770797805394736 ], [ 25.357431436664061, 54.770789114596177 ], [ 25.357446473451247, 54.771238236659315 ], [ 25.357461510654755, 54.771687358686208 ], [ 25.358238363968063, 54.771678662626883 ], [ 25.358253410187242, 54.772127784473717 ], [ 25.358268456822998, 54.772576906284286 ], [ 25.359045326918629, 54.772568204963854 ], [ 25.359060382570785, 54.773017326594285 ], [ 25.359075438639799, 54.773466448188429 ], [ 25.359852325518396, 54.773457741606556 ], [ 25.359867390604542, 54.773906863020464 ], [ 25.360644285666275, 54.77389815132085 ], [ 25.360659359770025, 54.774347272554444 ], [ 25.360674434291152, 54.774796393751778 ], [ 25.361451346136693, 54.774787676790126 ], [ 25.36146642967616, 54.775236797807018 ], [ 25.361481513633269, 54.775685918787659 ], [ 25.362258442263268, 54.775677196563649 ], [ 25.362273535239442, 54.776126317363769 ], [ 25.362288628633539, 54.776575438127608 ], [ 25.363065574048651, 54.776566710640921 ], [ 25.363080676462534, 54.777015831224141 ], [ 25.363095779294607, 54.777464951771108 ], [ 25.363872741495481, 54.777456219021367 ], [ 25.363887853348078, 54.77790533938763 ], [ 25.363902965619129, 54.778354459717619 ], [ 25.363918078308654, 54.778803580011306 ], [ 25.364695065898726, 54.778794841853689 ], [ 25.364710187609756, 54.779243961966614 ], [ 25.364725309739526, 54.779693082043252 ], [ 25.365502314117116, 54.779684338621827 ], [ 25.365517445269127, 54.780133458517568 ], [ 25.365532576840145, 54.780582578377029 ], [ 25.365547708830192, 54.781031698200216 ], [ 25.366324738599907, 54.781022949369969 ], [ 25.366339879613164, 54.781472069012167 ], [ 25.366355021045727, 54.781921188618085 ], [ 25.367132067604725, 54.781912434523278 ], [ 25.367147218061241, 54.782361553948121 ], [ 25.367162368937311, 54.782810673336662 ], [ 25.367177520232978, 54.783259792688924 ], [ 25.367954592187012, 54.783251033184378 ], [ 25.367969752507602, 54.783700152355479 ], [ 25.367984913248048, 54.784149271490271 ], [ 25.368000074408361, 54.784598390588769 ], [ 25.368015235988558, 54.785047509650994 ], [ 25.368030397988644, 54.78549662867691 ], [ 25.368807512551836, 54.78548786347212 ], [ 25.368822683578355, 54.785936982316791 ], [ 25.368837855025042, 54.786386101125146 ], [ 25.368853026891909, 54.786835219897192 ], [ 25.36886819917898, 54.787284338632958 ], [ 25.368883371886263, 54.787733457332415 ], [ 25.368898545013778, 54.788182575995599 ], [ 25.369675710799378, 54.788173804944641 ], [ 25.36969089295506, 54.788622923426438 ], [ 25.369706075531255, 54.78907204187194 ], [ 25.369721258527957, 54.789521160281126 ], [ 25.369736441945197, 54.789970278654025 ], [ 25.369751625782982, 54.790419396990629 ], [ 25.369766810041334, 54.790868515290924 ], [ 25.369781994720263, 54.791317633554911 ], [ 25.369797179819788, 54.791766751782617 ], [ 25.369812365339932, 54.792215869974015 ], [ 25.369827551280693, 54.792664988129118 ], [ 25.36905029940511, 54.792673760630933 ], [ 25.369065477156212, 54.793122878894842 ], [ 25.369080655327732, 54.793571997122449 ], [ 25.369095833919687, 54.794021115313747 ], [ 25.368318555792015, 54.794029883273517 ], [ 25.368333726193384, 54.794479001573556 ], [ 25.368348897014982, 54.794928119837316 ], [ 25.368364068256827, 54.795377238064773 ], [ 25.36758676387506, 54.795386001482022 ], [ 25.367601926925399, 54.795835119818143 ], [ 25.367617090395772, 54.796284238117977 ], [ 25.367632254286207, 54.796733356381523 ], [ 25.366854923648344, 54.796742115255761 ], [ 25.366870079346338, 54.79719123362792 ], [ 25.366885235464192, 54.797640351963786 ], [ 25.366107887181219, 54.797649106149748 ], [ 25.366123035105947, 54.798098224594135 ], [ 25.36534567779033, 54.798106973946766 ], [ 25.365360817521445, 54.798556092499602 ], [ 25.365375957671979, 54.799005211016166 ], [ 25.364598582710201, 54.79901395567996 ], [ 25.364613714666433, 54.799463074304903 ], [ 25.363836330671699, 54.799471814134954 ], [ 25.363851454433146, 54.799920932868169 ], [ 25.363074061405431, 54.799929667864333 ], [ 25.363089176971616, 54.800378786705785 ], [ 25.363104292956571, 54.800827905510964 ], [ 25.362326882281334, 54.800836635817461 ], [ 25.36234199007033, 54.801285754730792 ], [ 25.361564570361796, 54.801294480202969 ], [ 25.361579669954356, 54.801743599224388 ], [ 25.360802241212486, 54.801752319862054 ], [ 25.360024812052515, 54.801761035520897 ], [ 25.360039894832898, 54.802210154794487 ], [ 25.35926245663979, 54.802218865618599 ], [ 25.359277531222528, 54.802667985000028 ], [ 25.358500083996244, 54.802676690989216 ], [ 25.357722636352552, 54.802685391999383 ], [ 25.356945188291675, 54.802694088030528 ], [ 25.356960237444692, 54.803143207807523 ], [ 25.356182780351062, 54.803151899003417 ], [ 25.356197821304974, 54.803601018887953 ], [ 25.355420355178552, 54.803609705248412 ], [ 25.354642888635638, 54.803618386629672 ], [ 25.353865421676471, 54.803627063031712 ], [ 25.353880437198121, 54.804076183310855 ], [ 25.353102961206581, 54.804084854877132 ], [ 25.353117968527663, 54.80453397526351 ], [ 25.352340483503713, 54.804542641993848 ], [ 25.352355482623754, 54.804991762487383 ], [ 25.351577988567364, 54.805000424381639 ], [ 25.350800494095623, 54.80500908129639 ], [ 25.350022999208775, 54.805017733231622 ], [ 25.350037972893031, 54.805466854118585 ], [ 25.349260468974158, 54.805475501217408 ], [ 25.348482964640642, 54.805484143336635 ], [ 25.348497921504983, 54.805933264473403 ], [ 25.347720408139633, 54.805941901755943 ], [ 25.346942894360097, 54.805950534058802 ], [ 25.346957834403515, 54.806399655445041 ], [ 25.346180311592342, 54.806408282910951 ], [ 25.345402788367444, 54.806416905397086 ], [ 25.345417711588944, 54.806866027032513 ], [ 25.344640179332593, 54.80687464468145 ], [ 25.343862646662981, 54.806883257350499 ], [ 25.34387755306156, 54.807332379234779 ], [ 25.343100011360693, 54.807340987066368 ], [ 25.342322469247026, 54.807349589918012 ], [ 25.3415449267208, 54.807358187789681 ], [ 25.341559807676948, 54.807807310064746 ], [ 25.340782256119876, 54.807815903098607 ], [ 25.340004704150708, 54.807824491152402 ], [ 25.340019568281665, 54.808273613675539 ], [ 25.339242007281847, 54.808282196891284 ], [ 25.33846444587039, 54.808290775126856 ], [ 25.338479293175155, 54.808739897897752 ], [ 25.337701722733236, 54.808748471295019 ], [ 25.337716561830121, 54.809197594171579 ], [ 25.336938982357715, 54.809206162730348 ], [ 25.33695381324624, 54.809655285712509 ], [ 25.336176224743316, 54.809663849432631 ], [ 25.335398635829655, 54.809672408172325 ], [ 25.334621046505507, 54.809680961931576 ], [ 25.333843456771106, 54.80968951071042 ], [ 25.33306586662669, 54.8096980545088 ], [ 25.333051078836149, 54.809248930819066 ], [ 25.332273496901603, 54.809257469495748 ], [ 25.331495914557532, 54.80926600319205 ], [ 25.331510685108768, 54.809715127164239 ], [ 25.330733093735731, 54.809723656021269 ], [ 25.330747856076357, 54.810172780098434 ], [ 25.329970255674336, 54.810181304116036 ], [ 25.329192654863483, 54.810189823153053 ], [ 25.329207400372834, 54.810638947476058 ], [ 25.328429790533185, 54.810647461673412 ], [ 25.328444527830708, 54.811096586101158 ], [ 25.327666908962229, 54.811105095458643 ], [ 25.327681638047451, 54.811554219991024 ], [ 25.327696367540845, 54.812003344487309 ], [ 25.32771109744241, 54.812452468947455 ], [ 25.326933452302953, 54.812460973746326 ], [ 25.326155806755526, 54.812469473564235 ], [ 25.32617051982244, 54.81291859826959 ], [ 25.325392865245838, 54.81292709324704 ], [ 25.325407570098797, 54.813376218056838 ], [ 25.324629906492998, 54.813384708193674 ], [ 25.32464460313151, 54.81383383310785 ], [ 25.323866930496479, 54.813842318403907 ], [ 25.323089257454392, 54.813850798718725 ], [ 25.322311584005501, 54.813859274052255 ], [ 25.322326255184663, 54.814308399351248 ], [ 25.321548572706948, 54.814316869843658 ], [ 25.321563235670208, 54.814765995246688 ], [ 25.320785544163648, 54.814774460897823 ], [ 25.32000785225096, 54.814782921567513 ], [ 25.320022498375099, 54.815232047214522 ], [ 25.31924479743375, 54.815240503042652 ], [ 25.318467096086742, 54.815248953889267 ], [ 25.318481725370749, 54.815698079779899 ], [ 25.317704014995282, 54.815706525784719 ], [ 25.317718636061443, 54.816155651778999 ], [ 25.316940916657479, 54.816164092941868 ], [ 25.316163196848539, 54.816172529122973 ], [ 25.315385476634855, 54.816180960322377 ], [ 25.315400072235601, 54.816630086699348 ], [ 25.314622342993843, 54.816638513056454 ], [ 25.314636930375286, 54.817087639536787 ], [ 25.313859192105422, 54.81709606105138 ], [ 25.313873771267087, 54.817545187634991 ], [ 25.313096023969081, 54.817553604306951 ], [ 25.312318276267241, 54.817562015996927 ], [ 25.312332838584311, 54.818011142822918 ], [ 25.311555081854536, 54.81801954966997 ], [ 25.311569635950615, 54.818468676599004 ], [ 25.310791870192862, 54.818477078603017 ], [ 25.310806416067475, 54.818926205635016 ], [ 25.310028641281718, 54.818934602795792 ], [ 25.310043178934389, 54.819383729930678 ], [ 25.309265395120594, 54.819392122248047 ], [ 25.308487610904105, 54.819400509583062 ], [ 25.30850213170898, 54.819849636959553 ], [ 25.307724338464645, 54.819858019450912 ], [ 25.307738851046377, 54.820307146930055 ], [ 25.30696104877417, 54.820315524577587 ], [ 25.306975553132261, 54.820764652159319 ], [ 25.306197741832154, 54.820773024962861 ], [ 25.306212237966143, 54.821222152647096 ], [ 25.305434417638097, 54.821230520606484 ], [ 25.3054489055475, 54.82167964839315 ], [ 25.304671076191493, 54.821688011508215 ], [ 25.304685555875828, 54.822137139397228 ], [ 25.303907717491825, 54.82214549766779 ], [ 25.303922188950626, 54.822594625659114 ], [ 25.303144341538598, 54.822602979084998 ], [ 25.303158804771375, 54.823052107178512 ], [ 25.302380948331287, 54.823060455759588 ], [ 25.30239540333757, 54.823509583955222 ], [ 25.301617537869404, 54.823517927691292 ], [ 25.301631984648711, 54.823967055988966 ], [ 25.302409858744532, 54.823958712114823 ], [ 25.303187732439667, 54.823950363257445 ], [ 25.303202196875205, 54.824399491242893 ], [ 25.30398007879727, 54.824391137264065 ], [ 25.304757960318138, 54.824382778301946 ], [ 25.30477244241083, 54.82483190597479 ], [ 25.30555033215834, 54.824823541890972 ], [ 25.306328221504174, 54.82481517282379 ], [ 25.307106110448078, 54.824806798773231 ], [ 25.30788399898983, 54.824798419739317 ], [ 25.308661887129176, 54.824790035722053 ], [ 25.309439774865893, 54.824781646721434 ], [ 25.310217662199715, 54.824773252737486 ], [ 25.310995549130432, 54.824764853770212 ], [ 25.311773435657791, 54.824756449819589 ], [ 25.311758875912979, 54.824307323395338 ], [ 25.312536753408803, 54.82429891460054 ], [ 25.313314630500809, 54.824290500822499 ], [ 25.314092507188761, 54.824282082061245 ], [ 25.314870383472407, 54.82427365831677 ], [ 25.315648259351526, 54.824265229589066 ], [ 25.316426134825875, 54.824256795878149 ], [ 25.316411523718671, 54.823807670253935 ], [ 25.31718939016039, 54.823799231699454 ], [ 25.317967256196873, 54.823790788161844 ], [ 25.318745121827881, 54.823782339641127 ], [ 25.319522987053173, 54.823773886137303 ], [ 25.320300851872517, 54.823765427650379 ], [ 25.321078716285665, 54.823756964180369 ], [ 25.32185658029238, 54.823748495727251 ], [ 25.322634443892415, 54.823740022291034 ], [ 25.323412307085555, 54.823731543871759 ], [ 25.323397618737584, 54.823282419471148 ], [ 25.324175472896339, 54.823273936209183 ], [ 25.324953326647726, 54.823265447964218 ], [ 25.325731179991486, 54.82325695473628 ], [ 25.325716466169723, 54.822807830720912 ], [ 25.326494310478701, 54.822799332650632 ], [ 25.327272154379607, 54.822790829597437 ], [ 25.328049997872196, 54.822782321561391 ], [ 25.32882784095623, 54.822773808542451 ], [ 25.32960568363147, 54.822765290540637 ], [ 25.329590927084162, 54.822316167193087 ], [ 25.330368760723751, 54.822307644349458 ], [ 25.331146593954088, 54.822299116523034 ], [ 25.331924426774933, 54.822290583713865 ], [ 25.332702259186043, 54.822282045921902 ], [ 25.333480091187187, 54.822273503147215 ], [ 25.334257922778121, 54.822264955389741 ], [ 25.335035753958604, 54.822256402649536 ], [ 25.335050570892012, 54.822705525008168 ], [ 25.335065388236107, 54.823154647330639 ], [ 25.334287539802304, 54.823163200353896 ], [ 25.334302348930105, 54.823612322781756 ], [ 25.333524491458796, 54.823620870963538 ], [ 25.332746633577226, 54.823629414162326 ], [ 25.331968775285656, 54.823637952378107 ], [ 25.331190916584294, 54.823646485610887 ], [ 25.331205691613416, 54.824095608567916 ], [ 25.330427823875187, 54.824104136958773 ], [ 25.329649955727653, 54.824112660366559 ], [ 25.329664713911171, 54.824561783569614 ], [ 25.328886836726948, 54.824570302135214 ], [ 25.328901586691728, 54.825019425443109 ], [ 25.328123700470801, 54.825027939166418 ], [ 25.327345813841251, 54.825036447906413 ], [ 25.326567926803303, 54.825044951663152 ], [ 25.326582651292618, 54.825494075357319 ], [ 25.325804755218382, 54.825502574271368 ], [ 25.325819471487478, 54.825951698070071 ], [ 25.32659737619009, 54.825943199015356 ], [ 25.326612101495748, 54.82639232263729 ], [ 25.325834188164517, 54.826400821832642 ], [ 25.325848905249515, 54.826849945559111 ], [ 25.325070982881449, 54.826858439911476 ], [ 25.324293060105649, 54.826866929280165 ], [ 25.32427836027842, 54.826417805272676 ], [ 25.324263660858662, 54.82596868122905 ], [ 25.323485754932936, 54.825977165333327 ], [ 25.322707848599986, 54.825985644454114 ], [ 25.321929941860049, 54.82599411859141 ], [ 25.321944615393768, 54.826443243055969 ], [ 25.321166699618374, 54.826451712349922 ], [ 25.321152034713364, 54.826002587745215 ], [ 25.320374127160179, 54.826011051915508 ], [ 25.320388783436456, 54.826460176660269 ], [ 25.320403440119019, 54.82690930136895 ], [ 25.320418097207885, 54.827358426041542 ], [ 25.319640163361484, 54.827366885648303 ], [ 25.319654812227203, 54.827816010424776 ], [ 25.31887686934525, 54.827824465187675 ], [ 25.318891509987353, 54.828273590068008 ], [ 25.318113558069818, 54.828282039986881 ], [ 25.318128190487823, 54.828731164970947 ], [ 25.317350229534682, 54.828739610045631 ], [ 25.317364853728101, 54.829188735133364 ], [ 25.317379478326952, 54.829637860185038 ], [ 25.317394103331228, 54.830086985200623 ], [ 25.316616116081253, 54.830095425710319 ], [ 25.31663073286003, 54.830544550829529 ], [ 25.316645350044038, 54.830993675912637 ], [ 25.315867345126673, 54.831002111717254 ], [ 25.315881954084471, 54.831451236903902 ], [ 25.315103940130641, 54.831459667863598 ], [ 25.315118540861757, 54.831908793153701 ] ] ] } },
{ "type": "Feature", "properties": { "OBJECTID": 697733, "TRIUKSM": "45-49", "PERIODAS": 4, "TIPAS": 8, "METAI": 2011, "SHAPEarea": 46157499.993823998, "SHAPElen": 131700 }, "geometry": { "type": "Polygon", "coordinates": [ [ [ 25.359760138476815, 54.81703978606496 ], [ 25.358982415427423, 54.817048496664434 ], [ 25.358204691960108, 54.817057202282264 ], [ 25.358189621251025, 54.816608083772692 ], [ 25.358174550959607, 54.816158965226933 ], [ 25.358159481085828, 54.8157098466449 ], [ 25.358937178684293, 54.815701141459172 ], [ 25.358922100605678, 54.815252022984929 ], [ 25.358907022944919, 54.814802904474433 ], [ 25.359684702880841, 54.814794194595528 ], [ 25.359669617015946, 54.814345076192886 ], [ 25.359654531569117, 54.813895957753999 ], [ 25.36043219384327, 54.813887243182222 ], [ 25.360417100192997, 54.813438124851267 ], [ 25.360402006960996, 54.812989006484059 ], [ 25.360386914147242, 54.8125398880806 ], [ 25.360371821751741, 54.812090769640868 ], [ 25.360356729774452, 54.811641651164898 ], [ 25.36034163821537, 54.811192532652669 ], [ 25.360326547074475, 54.810743414104188 ], [ 25.360311456351759, 54.810294295519434 ], [ 25.360296366047208, 54.809845176898449 ], [ 25.360281276160798, 54.809396058241191 ], [ 25.360266186692513, 54.808946939547695 ], [ 25.36025109764234, 54.808497820817941 ], [ 25.360236009010269, 54.80804870205192 ], [ 25.360220920796269, 54.807599583249662 ], [ 25.360205833000343, 54.80715046441113 ], [ 25.360190745622457, 54.806701345536347 ], [ 25.35941322126342, 54.80671005780161 ], [ 25.359398142921243, 54.806260938746433 ], [ 25.35862062676209, 54.80626964588788 ], [ 25.357843110185392, 54.806278348049666 ], [ 25.3570655931914, 54.80628704523177 ], [ 25.356288075780334, 54.806295737434148 ], [ 25.356303119651695, 54.806744857065027 ], [ 25.356318163939896, 54.807193976659647 ], [ 25.356333208644944, 54.80764309621803 ], [ 25.355555664963106, 54.807651783871904 ], [ 25.355570701466572, 54.80810090353777 ], [ 25.355585738386687, 54.808550023167406 ], [ 25.35480817705103, 54.808558706128629 ], [ 25.354823205768852, 54.809007825865677 ], [ 25.354045635397792, 54.80901650399035 ], [ 25.35406065591285, 54.809465623834747 ], [ 25.354075676844133, 54.809914743642899 ], [ 25.354090698191641, 54.810363863414835 ], [ 25.354105719955406, 54.810812983150527 ], [ 25.353328114689813, 54.810821656868988 ], [ 25.353343128249666, 54.811270776711972 ], [ 25.352565513947855, 54.811279445593279 ], [ 25.352580519303316, 54.811728565543447 ], [ 25.352595525074591, 54.812177685457414 ], [ 25.351817893115847, 54.812186349644783 ], [ 25.351832890682036, 54.812635469665871 ], [ 25.351847888663841, 54.813084589650728 ], [ 25.35107023904737, 54.81309324914384 ], [ 25.351085228823383, 54.813542369235748 ], [ 25.351100219014803, 54.813991489291446 ], [ 25.351115209621639, 54.814440609310935 ], [ 25.350337533724762, 54.814449264252652 ], [ 25.349559857412686, 54.814457914213143 ], [ 25.349544884049692, 54.814008793907355 ], [ 25.349529911101634, 54.813559673565351 ], [ 25.349514938568507, 54.813110553187144 ], [ 25.350292589015517, 54.813101903655976 ], [ 25.350277608276091, 54.81265278338465 ], [ 25.3502626279518, 54.812203663077135 ], [ 25.351040260741502, 54.812195008851361 ], [ 25.351025272211611, 54.81174588865079 ], [ 25.351010284097065, 54.811296768414017 ], [ 25.350995296397841, 54.810847648141042 ], [ 25.350980309113936, 54.810398527831815 ], [ 25.350965322245326, 54.809949407486386 ], [ 25.350950335791989, 54.809500287104754 ], [ 25.350935349753925, 54.809051166686892 ], [ 25.350920364131099, 54.808602046232807 ], [ 25.350142800300461, 54.80861069931322 ], [ 25.349365236054826, 54.808619347413497 ], [ 25.348587671394434, 54.80862799053358 ], [ 25.347810106319532, 54.808636628673518 ], [ 25.347825057466064, 54.80908574969974 ], [ 25.34704748335777, 54.809094383002325 ], [ 25.346269908835414, 54.80910301132468 ], [ 25.345492333899255, 54.809111634666742 ], [ 25.345507259601987, 54.809560756085013 ], [ 25.344729675632841, 54.809569374589387 ], [ 25.343952091250344, 54.809577988113404 ], [ 25.343967000127389, 54.810027109780577 ], [ 25.34318940671211, 54.810035718466665 ], [ 25.342411812883938, 54.810044322172281 ], [ 25.341634218643101, 54.810052920897462 ], [ 25.340856623989858, 54.810061514642165 ], [ 25.340079028924436, 54.810070103406396 ], [ 25.339301433447073, 54.810078687190163 ], [ 25.339316291017589, 54.810527809674461 ], [ 25.338538686508532, 54.81053638861966 ], [ 25.337761081587988, 54.810544962584302 ], [ 25.336983476256222, 54.810553531568374 ], [ 25.336205870513439, 54.810562095571839 ], [ 25.336191047423004, 54.810112972520329 ], [ 25.335413449889526, 54.810121531401606 ], [ 25.335398635829655, 54.809672408172325 ], [ 25.336176224743316, 54.809663849432631 ], [ 25.33695381324624, 54.809655285712509 ], [ 25.336938982357715, 54.809206162730348 ], [ 25.337716561830121, 54.809197594171579 ], [ 25.337701722733236, 54.808748471295019 ], [ 25.338479293175155, 54.808739897897752 ], [ 25.33846444587039, 54.808290775126856 ], [ 25.339242007281847, 54.808282196891284 ], [ 25.340019568281665, 54.808273613675539 ], [ 25.340004704150708, 54.807824491152402 ], [ 25.340782256119876, 54.807815903098607 ], [ 25.341559807676948, 54.807807310064746 ], [ 25.3415449267208, 54.807358187789681 ], [ 25.342322469247026, 54.807349589918012 ], [ 25.343100011360693, 54.807340987066368 ], [ 25.34387755306156, 54.807332379234779 ], [ 25.343862646662981, 54.806883257350499 ], [ 25.344640179332593, 54.80687464468145 ], [ 25.345417711588944, 54.806866027032513 ], [ 25.345402788367444, 54.806416905397086 ], [ 25.346180311592342, 54.806408282910951 ], [ 25.346957834403515, 54.806399655445041 ], [ 25.346942894360097, 54.805950534058802 ], [ 25.347720408139633, 54.805941901755943 ], [ 25.348497921504983, 54.805933264473403 ], [ 25.348482964640642, 54.805484143336635 ], [ 25.349260468974158, 54.805475501217408 ], [ 25.350037972893031, 54.805466854118585 ], [ 25.350022999208775, 54.805017733231622 ], [ 25.350800494095623, 54.80500908129639 ], [ 25.351577988567364, 54.805000424381639 ], [ 25.352355482623754, 54.804991762487383 ], [ 25.352340483503713, 54.804542641993848 ], [ 25.353117968527663, 54.80453397526351 ], [ 25.353102961206581, 54.804084854877132 ], [ 25.353880437198121, 54.804076183310855 ], [ 25.353865421676471, 54.803627063031712 ], [ 25.354642888635638, 54.803618386629672 ], [ 25.355420355178552, 54.803609705248412 ], [ 25.356197821304974, 54.803601018887953 ], [ 25.356182780351062, 54.803151899003417 ], [ 25.356960237444692, 54.803143207807523 ], [ 25.356945188291675, 54.802694088030528 ], [ 25.357722636352552, 54.802685391999383 ], [ 25.358500083996244, 54.802676690989216 ], [ 25.359277531222528, 54.802667985000028 ], [ 25.35926245663979, 54.802218865618599 ], [ 25.360039894832898, 54.802210154794487 ], [ 25.360024812052515, 54.801761035520897 ], [ 25.360802241212486, 54.801752319862054 ], [ 25.361579669954356, 54.801743599224388 ], [ 25.361564570361796, 54.801294480202969 ], [ 25.36234199007033, 54.801285754730792 ], [ 25.362326882281334, 54.800836635817461 ], [ 25.363104292956571, 54.800827905510964 ], [ 25.363089176971616, 54.800378786705785 ], [ 25.363074061405431, 54.799929667864333 ], [ 25.363851454433146, 54.799920932868169 ], [ 25.363836330671699, 54.799471814134954 ], [ 25.364613714666433, 54.799463074304903 ], [ 25.364598582710201, 54.79901395567996 ], [ 25.365375957671979, 54.799005211016166 ], [ 25.365360817521445, 54.798556092499602 ], [ 25.36534567779033, 54.798106973946766 ], [ 25.366123035105947, 54.798098224594135 ], [ 25.366107887181219, 54.797649106149748 ], [ 25.366885235464192, 54.797640351963786 ], [ 25.366870079346338, 54.79719123362792 ], [ 25.366854923648344, 54.796742115255761 ], [ 25.367632254286207, 54.796733356381523 ], [ 25.367617090395772, 54.796284238117977 ], [ 25.367601926925399, 54.795835119818143 ], [ 25.36758676387506, 54.795386001482022 ], [ 25.368364068256827, 54.795377238064773 ], [ 25.368348897014982, 54.794928119837316 ], [ 25.368333726193384, 54.794479001573556 ], [ 25.368318555792015, 54.794029883273517 ], [ 25.369095833919687, 54.794021115313747 ], [ 25.369080655327732, 54.793571997122449 ], [ 25.369065477156212, 54.793122878894842 ], [ 25.36905029940511, 54.792673760630933 ], [ 25.369827551280693, 54.792664988129118 ], [ 25.369812365339932, 54.792215869974015 ], [ 25.369797179819788, 54.791766751782617 ], [ 25.369781994720263, 54.791317633554911 ], [ 25.369766810041334, 54.790868515290924 ], [ 25.369751625782982, 54.790419396990629 ], [ 25.369736441945197, 54.789970278654025 ], [ 25.369721258527957, 54.789521160281126 ], [ 25.369706075531255, 54.78907204187194 ], [ 25.36969089295506, 54.788622923426438 ], [ 25.369675710799378, 54.788173804944641 ], [ 25.368898545013778, 54.788182575995599 ], [ 25.368883371886263, 54.787733457332415 ], [ 25.36886819917898, 54.787284338632958 ], [ 25.368853026891909, 54.786835219897192 ], [ 25.368837855025042, 54.786386101125146 ], [ 25.368822683578355, 54.785936982316791 ], [ 25.368807512551836, 54.78548786347212 ], [ 25.368030397988644, 54.78549662867691 ], [ 25.368015235988558, 54.785047509650994 ], [ 25.368000074408361, 54.784598390588769 ], [ 25.367984913248048, 54.784149271490271 ], [ 25.367969752507602, 54.783700152355479 ], [ 25.367954592187012, 54.783251033184378 ], [ 25.367177520232978, 54.783259792688924 ], [ 25.367162368937311, 54.782810673336662 ], [ 25.367147218061241, 54.782361553948121 ], [ 25.367132067604725, 54.781912434523278 ], [ 25.366355021045727, 54.781921188618085 ], [ 25.366339879613164, 54.781472069012167 ], [ 25.366324738599907, 54.781022949369969 ], [ 25.365547708830192, 54.781031698200216 ], [ 25.365532576840145, 54.780582578377029 ], [ 25.365517445269127, 54.780133458517568 ], [ 25.365502314117116, 54.779684338621827 ], [ 25.364725309739526, 54.779693082043252 ], [ 25.364710187609756, 54.779243961966614 ], [ 25.364695065898726, 54.778794841853689 ], [ 25.363918078308654, 54.778803580011306 ], [ 25.363902965619129, 54.778354459717619 ], [ 25.363887853348078, 54.77790533938763 ], [ 25.363872741495481, 54.777456219021367 ], [ 25.363095779294607, 54.777464951771108 ], [ 25.363080676462534, 54.777015831224141 ], [ 25.363065574048651, 54.776566710640921 ], [ 25.362288628633539, 54.776575438127608 ], [ 25.362273535239442, 54.776126317363769 ], [ 25.362258442263268, 54.775677196563649 ], [ 25.361481513633269, 54.775685918787659 ], [ 25.36146642967616, 54.775236797807018 ], [ 25.361451346136693, 54.774787676790126 ], [ 25.360674434291152, 54.774796393751778 ], [ 25.360659359770025, 54.774347272554444 ], [ 25.360644285666275, 54.77389815132085 ], [ 25.359867390604542, 54.773906863020464 ], [ 25.359852325518396, 54.773457741606556 ], [ 25.359075438639799, 54.773466448188429 ], [ 25.359060382570785, 54.773017326594285 ], [ 25.359045326918629, 54.772568204963854 ], [ 25.358268456822998, 54.772576906284286 ], [ 25.358253410187242, 54.772127784473717 ], [ 25.358238363968063, 54.771678662626883 ], [ 25.357461510654755, 54.771687358686208 ], [ 25.357446473451247, 54.771238236659315 ], [ 25.357431436664061, 54.770789114596177 ], [ 25.356654600132416, 54.770797805394736 ], [ 25.356639572360177, 54.770348683151624 ], [ 25.356624545003982, 54.769899560872254 ], [ 25.355847725253344, 54.769908246410367 ], [ 25.355832706911368, 54.76945912395113 ], [ 25.355817688985159, 54.769010001455641 ], [ 25.355040886014894, 54.769018681733641 ], [ 25.355025877102172, 54.768569559058378 ], [ 25.35501086860496, 54.768120436346855 ], [ 25.354995860523243, 54.767671313599095 ], [ 25.354219082929941, 54.767679988473887 ], [ 25.354204083860729, 54.767230865546438 ], [ 25.35418908520673, 54.766781742582715 ], [ 25.353412324392043, 54.766790412198176 ], [ 25.353397334749815, 54.766341289054871 ], [ 25.353382345522554, 54.76589216587535 ], [ 25.352605601485809, 54.765900830231772 ], [ 25.352590621269592, 54.765451706872739 ], [ 25.352575641468057, 54.76500258347744 ], [ 25.351798914208615, 54.765011242575213 ], [ 25.351783943417399, 54.76456211900053 ], [ 25.351768973040592, 54.764112995389574 ], [ 25.350992262557803, 54.764121649229004 ], [ 25.350977301190582, 54.763672525438743 ], [ 25.350962340237519, 54.763223401612279 ], [ 25.350947379698578, 54.762774277749557 ], [ 25.350170694586513, 54.762782926187967 ], [ 25.350155743056177, 54.762333802146024 ], [ 25.350140791939712, 54.761884678067865 ], [ 25.34936412360253, 54.761893321248685 ], [ 25.349349181493942, 54.761444196991391 ], [ 25.348572521337193, 54.761452835057788 ], [ 25.348557588236002, 54.761003710621445 ], [ 25.348542655548144, 54.760554586148849 ], [ 25.347766012165444, 54.760563218958268 ], [ 25.347751088484266, 54.760114094306708 ], [ 25.347736165216158, 54.759664969618981 ], [ 25.347721242361111, 54.759215844894989 ], [ 25.346944624344687, 54.759224472305092 ], [ 25.346929710495331, 54.758775347402242 ], [ 25.346914797058762, 54.758326222463197 ], [ 25.346138195814625, 54.75833484461706 ], [ 25.346123291383012, 54.757885719499235 ], [ 25.34610838736393, 54.757436594345194 ], [ 25.346093483757347, 54.756987469154936 ], [ 25.345316907876569, 54.756996085910437 ], [ 25.345302013273972, 54.756546960541492 ], [ 25.345287119083608, 54.756097835136352 ], [ 25.344510559973354, 54.756106446636366 ], [ 25.344495674786241, 54.755657321052638 ], [ 25.34448079001109, 54.755208195432701 ], [ 25.344465905647898, 54.75475906977654 ], [ 25.34368937189809, 54.75476767587913 ], [ 25.343674496537169, 54.754318550044502 ], [ 25.343659621587925, 54.753869424173651 ], [ 25.342883104606884, 54.753878025021514 ], [ 25.342868238659186, 54.753428898972274 ], [ 25.342853373122903, 54.752979772886839 ], [ 25.342076872909971, 54.752988368480302 ], [ 25.342062016374506, 54.752539242216571 ], [ 25.342047160250182, 54.752090115916616 ], [ 25.342032304536996, 54.751640989580459 ], [ 25.341255829680478, 54.751649579777869 ], [ 25.341240982967125, 54.7512004532635 ], [ 25.341226136664631, 54.750751326712937 ], [ 25.340449678574462, 54.750759911656729 ], [ 25.340434841271076, 54.75031078492804 ], [ 25.340420004378281, 54.749861658163162 ], [ 25.339643563053819, 54.749870237853642 ], [ 25.339628735159405, 54.749421110910752 ], [ 25.339613907675314, 54.748971983931646 ], [ 25.338837483115903, 54.748980558369183 ], [ 25.338822664629461, 54.748531431212136 ], [ 25.338046248247334, 54.748540000538718 ], [ 25.338031438758069, 54.748090873203836 ], [ 25.338016629678609, 54.747641745832759 ], [ 25.33724023006069, 54.747650309906952 ], [ 25.337225429977678, 54.747201182358118 ], [ 25.337210630304202, 54.746752054773104 ], [ 25.337195831040251, 54.746302927151902 ], [ 25.336419456772084, 54.746311485832585 ], [ 25.336404666503594, 54.745862358033712 ], [ 25.336389876644372, 54.745413230198672 ], [ 25.335613519138647, 54.745421783627727 ], [ 25.335598738274157, 54.744972655615108 ], [ 25.335583957818645, 54.744523527566315 ], [ 25.335569177772111, 54.744074399481335 ], [ 25.334792845613233, 54.744082947517818 ], [ 25.334778074560457, 54.743633819255372 ], [ 25.334763303916386, 54.743184690956745 ], [ 25.334748533680994, 54.742735562621959 ], [ 25.333972226867147, 54.74274410526634 ], [ 25.333957465624536, 54.74229497675416 ], [ 25.333942704790346, 54.741845848205827 ], [ 25.333166414736073, 54.741854385599773 ], [ 25.333151662893943, 54.741405256874124 ], [ 25.333136911459953, 54.740956128112316 ], [ 25.333122160434097, 54.740506999314334 ], [ 25.33234589572195, 54.740515531317151 ], [ 25.332331153687168, 54.740066402341981 ], [ 25.332316412060251, 54.73961727333063 ], [ 25.33230167084119, 54.739168144283113 ], [ 25.331525431469352, 54.73917667089534 ], [ 25.331510699240379, 54.738727541670698 ], [ 25.331495967418995, 54.738278412409933 ], [ 25.330719744803865, 54.738286933772883 ], [ 25.330705021971852, 54.737837804335086 ], [ 25.33069029954714, 54.737388674861137 ], [ 25.330675577529739, 54.736939545351035 ], [ 25.329899380252005, 54.736948061324306 ], [ 25.329884667222988, 54.736498931637271 ], [ 25.329869954601005, 54.736049801914078 ], [ 25.32909377407821, 54.736058312638846 ], [ 25.329079070443889, 54.735609182738848 ], [ 25.329064367216336, 54.735160052802669 ], [ 25.329049664395527, 54.734710922830359 ], [ 25.328273509207218, 54.734719428166372 ], [ 25.328258815373086, 54.7342702980173 ], [ 25.328244121945438, 54.733821167832104 ], [ 25.327467983510317, 54.733829667920382 ], [ 25.327453299068626, 54.733380537558524 ], [ 25.327438615033149, 54.732931407160542 ], [ 25.327423931403867, 54.732482276726394 ], [ 25.326647818300316, 54.732490771426882 ], [ 25.326633143656007, 54.732041640816192 ], [ 25.326618469417639, 54.731592510169349 ], [ 25.325842373065509, 54.731600999622835 ], [ 25.325827707811385, 54.731151868799557 ], [ 25.32581304296292, 54.730702737940106 ], [ 25.325798378520116, 54.730253607044524 ], [ 25.325022307496635, 54.730262091111157 ], [ 25.32500765203709, 54.729812960039204 ], [ 25.324992996982928, 54.729363828931135 ], [ 25.324216942709121, 54.729372307751539 ], [ 25.324202296637502, 54.728923176467177 ], [ 25.324187650970995, 54.728474045146683 ], [ 25.324173005709586, 54.728024913790051 ], [ 25.323396976761519, 54.728033387224521 ], [ 25.323382340481675, 54.727584255691717 ], [ 25.323367704606664, 54.727135124122789 ], [ 25.322591692406498, 54.727143592311783 ], [ 25.322577065512327, 54.726694460566755 ], [ 25.322562439022715, 54.726245328785581 ], [ 25.32254781293765, 54.725796196968304 ], [ 25.321771826060317, 54.725804659772315 ], [ 25.321757208955113, 54.725355527779037 ], [ 25.321742592254186, 54.724906395749628 ], [ 25.320966622123006, 54.724914853308924 ], [ 25.320952014401215, 54.724465721103613 ], [ 25.320937407083438, 54.724016588862177 ], [ 25.320922800169654, 54.723567456584632 ], [ 25.320146855358384, 54.723575908759848 ], [ 25.32013225742276, 54.723126776306501 ], [ 25.320117659890869, 54.722677643816994 ], [ 25.319341731823982, 54.72268609074829 ], [ 25.319327143269522, 54.72223695808308 ], [ 25.319312555118525, 54.72178782538176 ], [ 25.319297967370971, 54.721338692644309 ], [ 25.318522064621085, 54.721347134192477 ], [ 25.318507485849988, 54.720898001279416 ], [ 25.318492907482071, 54.720448868330223 ], [ 25.318478329517319, 54.719999735344921 ], [ 25.317702452082628, 54.720008171510472 ], [ 25.317687883093349, 54.719559038349665 ], [ 25.317673314506965, 54.719109905152713 ], [ 25.316897453813795, 54.719118336075518 ], [ 25.316882894202163, 54.718669202703111 ], [ 25.316868334993163, 54.718220069294624 ], [ 25.316853776186782, 54.717770935850034 ], [ 25.316077940805886, 54.717779361391145 ], [ 25.31606339097328, 54.717330227771193 ], [ 25.316048841543015, 54.716881094115145 ], [ 25.315273022901891, 54.716889514414241 ], [ 25.315258482444669, 54.716440380582924 ], [ 25.315243942389539, 54.715991246715532 ], [ 25.31522940273647, 54.715542112812017 ], [ 25.314453609404708, 54.715550527730372 ], [ 25.314439078723709, 54.7151013936517 ], [ 25.31442454844451, 54.714652259536933 ], [ 25.313648771850758, 54.714660669214034 ], [ 25.313634250542901, 54.714211534924196 ], [ 25.313619729636574, 54.713762400598242 ], [ 25.313605209131769, 54.713313266236199 ], [ 25.312829457844476, 54.71332167053351 ], [ 25.312814946310031, 54.712872535996482 ], [ 25.312800435176836, 54.712423401423401 ], [ 25.312024700625788, 54.712431800480196 ], [ 25.312010198462239, 54.711982665732201 ], [ 25.311995696699675, 54.71153353094811 ], [ 25.311981195338081, 54.711084396127937 ], [ 25.311205486090575, 54.711092789805875 ], [ 25.31119099369764, 54.710643654810895 ], [ 25.311176501705415, 54.710194519779847 ], [ 25.311162010113868, 54.70974538471269 ], [ 25.310386326168103, 54.709753773012274 ], [ 25.31037184354425, 54.70930463777043 ], [ 25.310357361320811, 54.708855502492497 ], [ 25.310342879497782, 54.708406367178476 ], [ 25.309567220851953, 54.708414750100239 ], [ 25.309552747995628, 54.707965614611595 ], [ 25.309538275539452, 54.707516479086891 ], [ 25.308762633625896, 54.707524856769744 ], [ 25.308748170135697, 54.707075721070538 ], [ 25.30873370704537, 54.706626585335236 ], [ 25.308719244354897, 54.706177449563839 ], [ 25.307943627738378, 54.706185821869816 ], [ 25.307929174012919, 54.705736685924002 ], [ 25.307914720687045, 54.705287549942135 ], [ 25.307900267760751, 54.704838413924165 ], [ 25.307124676439443, 54.704846780853735 ], [ 25.307110232477182, 54.704397644661448 ], [ 25.307095788914229, 54.703948508433101 ], [ 25.306320214322337, 54.703956870124955 ], [ 25.306305779722688, 54.703507733722354 ], [ 25.306291345522084, 54.703058597283686 ], [ 25.306276911720509, 54.702609460808951 ], [ 25.305501362420923, 54.702617817125365 ], [ 25.305486937581684, 54.702168680476468 ], [ 25.305472513141194, 54.701719543791526 ], [ 25.305458089099456, 54.70127040707051 ], [ 25.304682565090385, 54.701278758011966 ], [ 25.304668150010031, 54.700829621117983 ], [ 25.304653735328127, 54.700380484186844 ], [ 25.304639321044693, 54.699931347219653 ], [ 25.303863822324324, 54.699939692786678 ], [ 25.303849417001263, 54.699490555645532 ], [ 25.303835012076398, 54.69904141846834 ], [ 25.303820607549721, 54.698592281255053 ], [ 25.30304513411626, 54.698600621448165 ], [ 25.303030738548983, 54.698151484061022 ], [ 25.303016343379625, 54.697702346637833 ], [ 25.303001948608166, 54.697253209178584 ], [ 25.30222650045981, 54.697261543998287 ], [ 25.302212114646782, 54.696812406365268 ], [ 25.302197729231391, 54.696363268696189 ], [ 25.302183344213617, 54.695914130991042 ], [ 25.301407921348559, 54.695922460437878 ], [ 25.301393545288242, 54.695473322559067 ], [ 25.301379169625267, 54.69502418464419 ], [ 25.301364794359642, 54.694575046693259 ], [ 25.300589396776086, 54.694583370767731 ], [ 25.300575030466938, 54.694134232643222 ], [ 25.300560664554862, 54.693685094482653 ], [ 25.300546299039844, 54.69323595628606 ], [ 25.299770926735984, 54.693244274988658 ], [ 25.299756570176474, 54.692795136618571 ], [ 25.29974221401374, 54.692345998212424 ], [ 25.299727858247795, 54.691896859770225 ], [ 25.298952511221835, 54.691905173101489 ], [ 25.298938164410409, 54.691456034485888 ], [ 25.298923817995501, 54.691006895834256 ], [ 25.298909471977083, 54.690557757146593 ], [ 25.298134150227227, 54.690566065106992 ], [ 25.298119813162362, 54.690116926246027 ], [ 25.298105476493731, 54.689667787348995 ], [ 25.29809114022131, 54.689218648415938 ], [ 25.298076804345094, 54.688769509446821 ], [ 25.2973015164259, 54.688777811899755 ], [ 25.297287189502011, 54.688328672757464 ], [ 25.297272862974051, 54.687879533579093 ], [ 25.297258536842016, 54.687430394364689 ], [ 25.297244211105884, 54.686981255114269 ], [ 25.296468957013932, 54.686989552060432 ], [ 25.296454640228895, 54.686540412636873 ], [ 25.296440323839505, 54.686091273177318 ], [ 25.295665086462108, 54.686099564891308 ], [ 25.295650779023092, 54.685650425258729 ], [ 25.295636471979449, 54.685201285590097 ], [ 25.295622165331157, 54.684752145885412 ], [ 25.29484695322196, 54.684760432230753 ], [ 25.29483265552307, 54.684311292353158 ], [ 25.294818358219274, 54.683862152439538 ], [ 25.294804061310561, 54.683413012489893 ], [ 25.294028874467763, 54.683421293467021 ], [ 25.294014586507473, 54.682972153344551 ], [ 25.294000298941992, 54.682523013186035 ], [ 25.29398601177131, 54.682073872991502 ], [ 25.293210850193105, 54.682082148600969 ], [ 25.293196571969879, 54.681633008233689 ], [ 25.293182294141179, 54.681183867830377 ], [ 25.293168016707, 54.680734727391062 ], [ 25.292392880391592, 54.680742997633381 ], [ 25.292378611903889, 54.680293857021411 ], [ 25.292364343810434, 54.67984471637341 ], [ 25.292350076111219, 54.679395575689405 ], [ 25.291574965056807, 54.679403840565051 ], [ 25.291560706303095, 54.678954699708498 ], [ 25.291546447943354, 54.678505558815914 ], [ 25.291532189977566, 54.678056417887312 ], [ 25.290757104182354, 54.678064677396847 ], [ 25.290742855161103, 54.677615536295789 ], [ 25.290728606533531, 54.6771663951587 ], [ 25.290714358299638, 54.676717253985608 ], [ 25.289939297761823, 54.676725508129536 ], [ 25.289925058471493, 54.676276366784073 ], [ 25.289910819574562, 54.675827225402614 ], [ 25.289896581071034, 54.675378083985109 ], [ 25.289121545788817, 54.675386332763935 ], [ 25.289107316227863, 54.674937191174166 ], [ 25.289093087060042, 54.674488049548387 ], [ 25.289078858285343, 54.674038907886604 ], [ 25.289064629903734, 54.673589766188812 ], [ 25.288289628423822, 54.673598009466872 ], [ 25.288275408983584, 54.673148867596893 ], [ 25.288261189936165, 54.672699725690912 ], [ 25.288246971281573, 54.672250583748919 ], [ 25.287471995052965, 54.672258821663 ], [ 25.287457785338763, 54.671809679548943 ], [ 25.287443576017104, 54.671360537398854 ], [ 25.287429367087995, 54.670911395212777 ], [ 25.286654416108892, 54.670919627763368 ], [ 25.286640216119192, 54.670470485405296 ], [ 25.286626016521758, 54.670021343011221 ], [ 25.286611817316594, 54.669572200581158 ], [ 25.285836891585202, 54.669580427768778 ], [ 25.28582270131847, 54.66913128516682 ], [ 25.285808511443733, 54.668682142528837 ], [ 25.285794321960978, 54.668232999854887 ], [ 25.285780132870183, 54.66778385714489 ], [ 25.285005240930207, 54.667792078834282 ], [ 25.284991060776626, 54.667342935952504 ], [ 25.284976881014749, 54.666893793034724 ], [ 25.284962701644556, 54.666444650080948 ], [ 25.284187834947989, 54.666452866408484 ], [ 25.284173664514039, 54.666003723283019 ], [ 25.284159494471506, 54.665554580121544 ], [ 25.284145324820379, 54.66510543692408 ], [ 25.283370483365431, 54.665113647890287 ], [ 25.283356322649574, 54.664664504521213 ], [ 25.283342162324864, 54.664215361116149 ], [ 25.282567337566306, 54.664223566857032 ], [ 25.282553186176134, 54.663774423280451 ], [ 25.282539035176846, 54.66332527966788 ], [ 25.282524884568407, 54.662876136019307 ], [ 25.282510734350815, 54.662426992334751 ], [ 25.282496584524065, 54.661977848614207 ], [ 25.281721802089447, 54.661986048723833 ], [ 25.28170766119576, 54.661536904831856 ], [ 25.282482435088117, 54.661528704857652 ], [ 25.282468286042977, 54.661079561065108 ], [ 25.281693520692642, 54.661087760903889 ], [ 25.281679380580073, 54.660638616939949 ], [ 25.281665240858043, 54.660189472940012 ], [ 25.280890492200516, 54.660197667554598 ], [ 25.280876361410343, 54.659748523383342 ], [ 25.280862231010431, 54.659299379176097 ], [ 25.280848101000782, 54.658850234932864 ], [ 25.280073377576301, 54.658858424188338 ], [ 25.280059256497527, 54.658409279773878 ], [ 25.280833971381369, 54.658401090653641 ], [ 25.280819842152194, 54.657951946338422 ], [ 25.280045135808745, 54.657960135323428 ], [ 25.280031015509945, 54.657510990837011 ], [ 25.280016895601101, 54.657061846314591 ], [ 25.28000277608221, 54.656612701756202 ], [ 25.27998865695325, 54.656163557161804 ], [ 25.279213984379133, 54.656171740653257 ], [ 25.279199874179334, 54.655722595887752 ], [ 25.278425209754786, 54.655730774291484 ], [ 25.27841110848367, 54.655281629354953 ], [ 25.278397007601974, 54.654832484382425 ], [ 25.278382907109673, 54.654383339373915 ], [ 25.278368807006764, 54.65393419432943 ], [ 25.278354707293229, 54.653485049248971 ], [ 25.277580085172062, 54.653493222025311 ], [ 25.277565994385739, 54.653044076773895 ], [ 25.277551903988531, 54.652594931486519 ], [ 25.277537813980409, 54.652145786163175 ], [ 25.276763217083012, 54.652153953582705 ], [ 25.276749136001136, 54.651704808088517 ], [ 25.275974547252062, 54.651712970421329 ], [ 25.27596047509596, 54.65126382475637 ], [ 25.275946403328437, 54.650814679055451 ], [ 25.275171831264448, 54.650822836167016 ], [ 25.275157768421973, 54.650373690295424 ], [ 25.275143705967814, 54.649924544387872 ], [ 25.275129643901952, 54.649475398444338 ], [ 25.274355097058422, 54.649483550200372 ], [ 25.274341043916639, 54.649034404086265 ], [ 25.274326991162894, 54.648585257936212 ], [ 25.274312938797173, 54.648136111750176 ], [ 25.273538417172304, 54.648144258151191 ], [ 25.273524373729689, 54.647695111794683 ], [ 25.273510330674831, 54.647245965402206 ], [ 25.273496288007717, 54.646796818973769 ], [ 25.272721791599714, 54.646804960020283 ], [ 25.272707757854725, 54.646355813421444 ], [ 25.272693724497231, 54.645906666786679 ], [ 25.272679691527195, 54.645457520115926 ], [ 25.271905220334254, 54.645465655808444 ], [ 25.271891196285384, 54.645016508967394 ], [ 25.271877172623711, 54.644567362090406 ], [ 25.271102718110786, 54.644575492563675 ], [ 25.271088703369557, 54.64412634551649 ], [ 25.271074689015258, 54.643677198433323 ], [ 25.271060675047885, 54.64322805131421 ], [ 25.270286245747123, 54.643236176434414 ], [ 25.270272240699221, 54.642787029145204 ], [ 25.270258236037979, 54.64233788182004 ], [ 25.269483823415484, 54.642346001721762 ], [ 25.269469827672992, 54.64189685422658 ], [ 25.26945583231689, 54.641447706695438 ], [ 25.268681436372002, 54.641455821379019 ], [ 25.268667449933936, 54.64100667367795 ], [ 25.268653463881996, 54.640557525940928 ], [ 25.267879084614066, 54.640565635406681 ], [ 25.267865107479441, 54.640116487499832 ], [ 25.267851130730673, 54.639667339557036 ], [ 25.26707676813907, 54.639675443805288 ], [ 25.267062800306892, 54.639226295692751 ], [ 25.267048832860315, 54.638777147544268 ], [ 25.266274486944379, 54.638785246575374 ], [ 25.266260528413664, 54.63833609825722 ], [ 25.266246570268297, 54.637886949903155 ], [ 25.265472241027375, 54.637895043717421 ], [ 25.265458291797156, 54.6374458951938 ], [ 25.265444342952005, 54.636996746634203 ], [ 25.265430394491911, 54.636547598038696 ], [ 25.264656090454732, 54.63655568650293 ], [ 25.264642150908823, 54.636106537737959 ], [ 25.264628211747699, 54.635657388937027 ], [ 25.263853924383788, 54.635665472185202 ], [ 25.263839994136124, 54.635216323214905 ], [ 25.263826064272994, 54.634767174208669 ], [ 25.263812134794374, 54.6343180251665 ], [ 25.263037872631305, 54.634326103065582 ], [ 25.263023952065176, 54.633876953854127 ], [ 25.263010031883297, 54.633427804606733 ], [ 25.262996112085649, 54.632978655323427 ], [ 25.262221875121636, 54.63298672787392 ], [ 25.262207964235511, 54.632537578421406 ], [ 25.262194053733353, 54.632088428932974 ], [ 25.261419833439753, 54.632096496268566 ], [ 25.261405931848397, 54.631647346611025 ], [ 25.261392030640753, 54.631198196917566 ], [ 25.260617827016908, 54.631206259038606 ], [ 25.260603934719349, 54.630757109176109 ], [ 25.260590042805219, 54.630307959277722 ], [ 25.260576151274531, 54.629858809343389 ], [ 25.259801972845736, 54.629866866117197 ], [ 25.259788090224152, 54.629417716013961 ], [ 25.259013919937885, 54.629425767706856 ], [ 25.259000046224951, 54.62897661743478 ], [ 25.258986172894925, 54.62852746712678 ], [ 25.258212019276481, 54.628535513606138 ], [ 25.258198154854373, 54.628086363129377 ], [ 25.258184290814928, 54.627637212616726 ], [ 25.257410153863656, 54.627645253882861 ], [ 25.257396298731408, 54.627196103201541 ], [ 25.256622169922306, 54.627204139387409 ], [ 25.256608323696788, 54.626754988537535 ], [ 25.256594477853415, 54.626305837651756 ], [ 25.255820365710644, 54.626313868624969 ], [ 25.255806528773277, 54.625864717570714 ], [ 25.25503242477253, 54.6258727434641 ], [ 25.255018596740705, 54.625423592241454 ], [ 25.255004769090505, 54.624974440982911 ], [ 25.254230681755246, 54.62498246166421 ], [ 25.254216863009866, 54.624533310237361 ], [ 25.253442783816457, 54.624541325839239 ], [ 25.253428973975428, 54.624092174244169 ], [ 25.252654902923904, 54.624100184766789 ], [ 25.252641101986761, 54.62365103300359 ], [ 25.252627301430483, 54.623201881204523 ], [ 25.251853247043414, 54.623209886515887 ], [ 25.251839455390297, 54.622760734548763 ], [ 25.251065409144939, 54.62276873478126 ], [ 25.251051626394517, 54.622319582646192 ], [ 25.250277588290903, 54.622327577799986 ], [ 25.250263814442707, 54.621878425497052 ], [ 25.25025004097461, 54.62142927315827 ], [ 25.249476019534423, 54.621437263101612 ], [ 25.249462254967835, 54.620988110595043 ], [ 25.248688241669221, 54.620996095460121 ], [ 25.248674486003669, 54.620546942785857 ], [ 25.247900480846663, 54.620554922572808 ], [ 25.247886734081675, 54.620105769730948 ], [ 25.24787298769602, 54.619656616853206 ], [ 25.247098999201409, 54.619664591430542 ], [ 25.247085261715597, 54.619215438385282 ], [ 25.246311281362434, 54.619223407884895 ], [ 25.246297552776003, 54.61877425467226 ], [ 25.246283824568401, 54.6183251014237 ], [ 25.245509860876783, 54.618333065714275 ], [ 25.245496141567841, 54.617883912298424 ], [ 25.244722186017505, 54.617891871511674 ], [ 25.244708475606739, 54.617442717928583 ], [ 25.244694765574298, 54.616993564309624 ], [ 25.243920826684676, 54.617001518314424 ], [ 25.24390712554969, 54.616552364528303 ], [ 25.243133194801196, 54.616560313456205 ], [ 25.243119502563207, 54.616111159503021 ], [ 25.243105810703032, 54.615662005513975 ], [ 25.242331896614395, 54.615669949233997 ], [ 25.242318213650496, 54.615220795077974 ], [ 25.241544307702817, 54.61522873372148 ], [ 25.241530633634724, 54.614779579398586 ], [ 25.241516959943915, 54.614330425039832 ], [ 25.24074307065527, 54.614338358476054 ], [ 25.240729405859557, 54.613889203950485 ], [ 25.239955524711696, 54.613897132310598 ], [ 25.239941868810607, 54.613447977618343 ], [ 25.239928213286294, 54.612998822890226 ], [ 25.239154348796621, 54.613006746043624 ], [ 25.23914070216621, 54.612557591148892 ], [ 25.239127055912316, 54.612108436218314 ], [ 25.238353208080188, 54.61211635416533 ], [ 25.238339570719482, 54.611667199068229 ], [ 25.238325933735013, 54.611218043935288 ], [ 25.237552102559786, 54.611225956676222 ], [ 25.237538474467787, 54.610776801376836 ], [ 25.237524846751775, 54.610327646041611 ], [ 25.236751032232796, 54.610335553576839 ], [ 25.23673741340853, 54.609886398075275 ], [ 25.236723794959989, 54.609437242537851 ], [ 25.235949997096611, 54.609445144867706 ], [ 25.235936387539102, 54.608995989164029 ], [ 25.235922778357061, 54.608546833424526 ], [ 25.23514899714862, 54.608554730549308 ], [ 25.235135396856887, 54.608105574643631 ], [ 25.235121796940351, 54.607656418702128 ], [ 25.234348032386222, 54.607664310622177 ], [ 25.234334441359277, 54.607215154514599 ], [ 25.23432085070727, 54.606765998371174 ], [ 25.233547102806792, 54.606773885086852 ], [ 25.233533521043661, 54.606324728777444 ], [ 25.233519939655206, 54.605875572432197 ], [ 25.232746208407733, 54.605883453943811 ], [ 25.232732635907428, 54.605434297432666 ], [ 25.23195891279904, 54.60544217387055 ], [ 25.231945349186429, 54.604993017193607 ], [ 25.231931785947967, 54.604543860480852 ], [ 25.231158079491749, 54.60455173171524 ], [ 25.23114452514027, 54.604102574836745 ], [ 25.231130971162681, 54.603653417922423 ], [ 25.230357281357978, 54.60366128395367 ], [ 25.230343736266644, 54.603212126873721 ], [ 25.230330191548948, 54.602762969757968 ], [ 25.22955651839511, 54.602770830586394 ], [ 25.229542982562943, 54.602321673305099 ], [ 25.229529447104159, 54.601872515987971 ], [ 25.228755790600545, 54.601880371613923 ], [ 25.228742264026572, 54.601431214131352 ], [ 25.227968615661297, 54.601439064684705 ], [ 25.22795509797167, 54.600989907036755 ], [ 25.227941580654903, 54.600540749353009 ], [ 25.227167948939016, 54.600548594704463 ], [ 25.227154440505878, 54.600099436855437 ], [ 25.227140932445341, 54.599650278970593 ], [ 25.22636731737818, 54.59965811912047 ], [ 25.226353818200558, 54.59920896107046 ], [ 25.226340319395277, 54.598759802984638 ], [ 25.2255667209762, 54.598767637933278 ], [ 25.225553231053098, 54.598318479682362 ], [ 25.225539741502086, 54.597869321395635 ], [ 25.224766159730446, 54.597877151143358 ], [ 25.224752679060906, 54.597427992691628 ], [ 25.223979105426867, 54.597435817367909 ], [ 25.223965633638333, 54.596986658751256 ], [ 25.223952162221355, 54.596537500098805 ], [ 25.223178605233919, 54.596545319574759 ], [ 25.223165142697233, 54.596096160757483 ], [ 25.223151680531853, 54.59564700190441 ], [ 25.222378140190362, 54.59565481618035 ], [ 25.222364686904552, 54.595205657162538 ], [ 25.222351233989784, 54.594756498108964 ], [ 25.221577710293595, 54.594764307185208 ], [ 25.22156426625768, 54.594315147966967 ], [ 25.22079075069853, 54.594322951972678 ], [ 25.220777315541007, 54.593873792589868 ], [ 25.220763880754003, 54.593424633171281 ], [ 25.219990381839317, 54.593432431977888 ], [ 25.219976955929987, 54.592983272394839 ], [ 25.21996353039092, 54.592534112775979 ], [ 25.219190048120048, 54.592541906383836 ], [ 25.219176631457934, 54.592092746600606 ], [ 25.218403157323753, 54.592100535138556 ], [ 25.218389749538115, 54.591651375191013 ], [ 25.218376342122241, 54.591202215207716 ], [ 25.217602884631027, 54.591209998547463 ], [ 25.217589486090919, 54.590760838399959 ], [ 25.21757608792031, 54.590311678216679 ], [ 25.216802647071418, 54.590319456358593 ], [ 25.216789257775847, 54.589870296011185 ], [ 25.216775868849513, 54.589421135628001 ], [ 25.216002444642299, 54.589428908572394 ], [ 25.2159890645903, 54.58897974802521 ], [ 25.215215648519223, 54.58898751590057 ], [ 25.215202277341078, 54.588538355189428 ], [ 25.215975684907264, 54.588530587442236 ], [ 25.216749092104489, 54.588522814754342 ], [ 25.217522498932528, 54.588515037125788 ], [ 25.218295905391134, 54.588507254556568 ], [ 25.21906931148008, 54.588499467046674 ], [ 25.219842717199132, 54.588491674596135 ], [ 25.220616122548051, 54.588483877204929 ], [ 25.221389527526608, 54.588476074873078 ], [ 25.22216293213457, 54.588468267600582 ], [ 25.222936336371696, 54.588460455387455 ], [ 25.222922880516347, 54.588011295925895 ], [ 25.223696275877888, 54.588003478901136 ], [ 25.224469670868142, 54.587995656935817 ], [ 25.22448314373251, 54.588444816139344 ], [ 25.225256546855736, 54.588436989104331 ], [ 25.225270028596363, 54.588886148142883 ], [ 25.225283510708771, 54.589335307145639 ], [ 25.226056930469873, 54.589327474911563 ], [ 25.226070421459266, 54.589776633749288 ], [ 25.226083912820695, 54.590225792551209 ], [ 25.226857349220332, 54.590217955117723 ], [ 25.226870849459456, 54.590667113754492 ], [ 25.226884350070897, 54.591116272355478 ], [ 25.227657803109704, 54.591108429722247 ], [ 25.227671312599547, 54.591557588157997 ], [ 25.227684822461963, 54.592006746557949 ], [ 25.228458292140601, 54.59199889872464 ], [ 25.228471810882148, 54.592448056959263 ], [ 25.228485329996527, 54.592897215158089 ], [ 25.229258816315635, 54.592889362124389 ], [ 25.229272344309855, 54.593338520157801 ], [ 25.230045838762866, 54.593330662053006 ], [ 25.230059375637403, 54.593779819920961 ], [ 25.23007291288528, 54.594228977753097 ], [ 25.230846423979607, 54.594221114447322 ], [ 25.230859970108515, 54.594670272113859 ], [ 25.230873516611037, 54.595119429744592 ], [ 25.231647044347316, 54.595111561237495 ], [ 25.23166059973158, 54.595560718702565 ], [ 25.231674155489717, 54.596009876131795 ], [ 25.232447699868604, 54.596002002423063 ], [ 25.232461264509205, 54.596451159686545 ], [ 25.232474829523941, 54.596900316914208 ], [ 25.233248390546084, 54.596892438003458 ], [ 25.233261964444001, 54.597341595065281 ], [ 25.233275538716306, 54.597790752091271 ], [ 25.234049116382351, 54.597782867978225 ], [ 25.234062699538558, 54.598232024838282 ], [ 25.234076283069424, 54.598681181662492 ], [ 25.234849877380025, 54.598673292346817 ], [ 25.23486346979551, 54.599122449005002 ], [ 25.234877062585912, 54.599571605627361 ], [ 25.235650673541709, 54.599563711108708 ], [ 25.235664275217452, 54.600012867564956 ], [ 25.23643789430847, 54.600004967973355 ], [ 25.236451504870011, 54.600454124263393 ], [ 25.236465115806986, 54.600903280517599 ], [ 25.237238751544041, 54.600895375722423 ], [ 25.237252371367539, 54.601344531810341 ], [ 25.237265991566733, 54.601793687862404 ], [ 25.238039643950472, 54.601785777863363 ], [ 25.2380532730369, 54.602234933749045 ], [ 25.238066902499291, 54.602684089598888 ], [ 25.238840571530364, 54.602676174395619 ], [ 25.238854209880714, 54.603125330078988 ], [ 25.238867848607285, 54.603574485726519 ], [ 25.239641534286331, 54.603566565318687 ], [ 25.239655181901572, 54.604015720799651 ], [ 25.239668829893301, 54.604464876244762 ], [ 25.240442532220975, 54.604456950632056 ], [ 25.240456189102098, 54.604906105910516 ], [ 25.240469846359957, 54.605355261153129 ], [ 25.241243565336909, 54.605347330335199 ], [ 25.241257231484891, 54.605796485411069 ], [ 25.241270898009873, 54.606245640451064 ], [ 25.242044633636752, 54.606237704427599 ], [ 25.242058309052567, 54.606686859300787 ], [ 25.242071984845651, 54.607136014138099 ], [ 25.242845737123098, 54.60712807290875 ], [ 25.242859421807736, 54.607577227579142 ], [ 25.242873106869901, 54.608026382213673 ], [ 25.243646875798568, 54.608018435778114 ], [ 25.243660569753001, 54.608467590245645 ], [ 25.243674264085232, 54.608916744677302 ], [ 25.244448049665763, 54.608908793035212 ], [ 25.244461752890981, 54.609357947299749 ], [ 25.245235546608622, 54.609349990582096 ], [ 25.245249258727299, 54.609799144679471 ], [ 25.245262971224282, 54.610248298740949 ], [ 25.246036781594633, 54.610240336816176 ], [ 25.246050502985792, 54.610689490710399 ], [ 25.246064224755514, 54.61113864456874 ], [ 25.246838051779221, 54.611130677436492 ], [ 25.246851782443837, 54.611579831127486 ], [ 25.246865513487293, 54.612028984782576 ], [ 25.247639357164999, 54.612021012442568 ], [ 25.247653097104063, 54.612470165930212 ], [ 25.247666837422226, 54.61291931938198 ], [ 25.248440697754578, 54.612911341833829 ], [ 25.248454446969074, 54.613360495118044 ], [ 25.248468196562925, 54.613809648366399 ], [ 25.249242073550572, 54.613801665609792 ], [ 25.249255832041474, 54.614250818690479 ], [ 25.250029717167173, 54.614242830856952 ], [ 25.250043484555587, 54.614691983769909 ], [ 25.250057252323877, 54.615141136647004 ], [ 25.250831154105715, 54.615133143604432 ], [ 25.250844930772246, 54.61558229631369 ], [ 25.251618840692295, 54.615574298193785 ], [ 25.251632626257528, 54.616023450735156 ], [ 25.251646412203147, 54.616472603240631 ], [ 25.252420338780173, 54.61646459991109 ], [ 25.252434133625211, 54.616913752248571 ], [ 25.253208068340619, 54.616905743841301 ], [ 25.253221872085557, 54.617354896010688 ], [ 25.253235676211393, 54.617804048144215 ], [ 25.254009627584612, 54.617796034526741 ], [ 25.254023440611064, 54.618245186492068 ], [ 25.25403725401868, 54.618694338421513 ], [ 25.254811222050353, 54.618686319593522 ], [ 25.254825044359304, 54.619135471354689 ], [ 25.255599020529711, 54.619127447448292 ], [ 25.255612851740462, 54.619576599041132 ], [ 25.256386836049572, 54.619568570056153 ], [ 25.256400676162606, 54.620017721480551 ], [ 25.25641451665755, 54.620466872869045 ], [ 25.257188517626155, 54.620458838672732 ], [ 25.257202367024092, 54.620907989892686 ], [ 25.257976376131566, 54.620899950617392 ], [ 25.25799023443297, 54.621349101668763 ], [ 25.25800409311681, 54.621798252684194 ], [ 25.258778118884617, 54.621790208196977 ], [ 25.258791986472641, 54.622239359043732 ], [ 25.259566020379474, 54.622231309477144 ], [ 25.259579896872147, 54.622680460155095 ], [ 25.259593773747763, 54.623129610797093 ], [ 25.260367824315779, 54.623121556018035 ], [ 25.26038171009677, 54.623570706491172 ], [ 25.261155768803977, 54.623562646632301 ], [ 25.261169663490804, 54.624011796936479 ], [ 25.261183558561097, 54.624460947204739 ], [ 25.261957633930319, 54.624452882132786 ], [ 25.261971537907169, 54.624902032231979 ], [ 25.262745621415746, 54.624893962079852 ], [ 25.262759534299629, 54.625343112009894 ], [ 25.263533625947534, 54.625335036777422 ], [ 25.263547547738916, 54.62578418653824 ], [ 25.263561469914531, 54.626233336263113 ], [ 25.264335578225477, 54.626225255816735 ], [ 25.264349509309305, 54.626674405372292 ], [ 25.265123625759745, 54.626666319845157 ], [ 25.265137565752269, 54.627115469231306 ], [ 25.26515150612952, 54.627564618581523 ], [ 25.265925639243846, 54.6275565278399 ], [ 25.265939588530507, 54.628005677020617 ], [ 25.266713729784492, 54.627997581197825 ], [ 25.266727687981032, 54.62844673020895 ], [ 25.266741646562835, 54.628895879184114 ], [ 25.267515804481533, 54.628887778146293 ], [ 25.26752977197393, 54.629336926951801 ], [ 25.267543739851842, 54.629786075721356 ], [ 25.268317914435915, 54.629777969468108 ], [ 25.268331891225149, 54.630227118067893 ], [ 25.268345868400161, 54.630676266631724 ], [ 25.269120059650255, 54.630668155162788 ], [ 25.269134045737307, 54.631117303556771 ], [ 25.269148032210396, 54.631566451914793 ], [ 25.269922240127155, 54.631558335229791 ], [ 25.269936235513011, 54.632007483417866 ], [ 25.269950231285172, 54.632456631569973 ], [ 25.269964227443655, 54.632905779686148 ], [ 25.270738460554888, 54.63289765765068 ], [ 25.270752465627101, 54.633346805596801 ], [ 25.270766471085896, 54.633795953506954 ], [ 25.2707804769313, 54.634245101381175 ], [ 25.271554735238791, 54.634236973994703 ], [ 25.271568749998888, 54.634686121698785 ], [ 25.271582765145855, 54.635135269366899 ], [ 25.27235704012287, 54.635127136763209 ], [ 25.272371064185258, 54.635576284261106 ], [ 25.272385088634767, 54.636025431723034 ], [ 25.27315938028195, 54.63601729390178 ], [ 25.273173413647601, 54.636466441193377 ], [ 25.273187447400645, 54.636915588449014 ], [ 25.273961755718645, 54.636907445409896 ], [ 25.273975798388552, 54.637356592495124 ], [ 25.273989841446113, 54.63780573954439 ], [ 25.274003884891346, 54.638254886557682 ], [ 25.27477821841072, 54.638246738165783 ], [ 25.274792270773787, 54.638695885008595 ], [ 25.274806323524793, 54.63914503181541 ], [ 25.274820376663747, 54.639594178586265 ], [ 25.275594735386282, 54.639586024841115 ], [ 25.275608797444036, 54.640035171441362 ], [ 25.275622859890007, 54.640484318005655 ], [ 25.276397235286215, 54.640476159041441 ], [ 25.276411306651699, 54.640925305435033 ], [ 25.276425378405676, 54.641374451792657 ], [ 25.277199770476201, 54.641366287609031 ], [ 25.277213851150414, 54.64181543379587 ], [ 25.277227932213371, 54.642264579946755 ], [ 25.277242013665091, 54.642713726061658 ], [ 25.278016430942785, 54.642705556523424 ], [ 25.278030521315713, 54.643154702467434 ], [ 25.278044612077661, 54.643603848375477 ], [ 25.278819046031426, 54.643595673617078 ], [ 25.278833145715314, 54.644044819354171 ], [ 25.278847245788487, 54.644493965055261 ], [ 25.279621696418978, 54.644485785076391 ], [ 25.279635805414795, 54.644934930606432 ], [ 25.279649914800178, 54.645384076100505 ], [ 25.279664024575123, 54.645833221558576 ], [ 25.280438500416789, 54.645825036223727 ], [ 25.280452619115358, 54.646274181510663 ], [ 25.280466738203756, 54.646723326761617 ], [ 25.280480857682011, 54.64717247197656 ], [ 25.28049497755012, 54.647621617155536 ], [ 25.281269487139479, 54.647613426328945 ], [ 25.281283615932441, 54.648062571336688 ], [ 25.281297745115527, 54.648511716308398 ], [ 25.281311874688747, 54.648960861244142 ], [ 25.282086409493569, 54.64895266506047 ], [ 25.282100547992609, 54.649401809824901 ], [ 25.282875090942682, 54.649393608554483 ], [ 25.282889238368007, 54.64984275314746 ], [ 25.282903386183992, 54.650291897704477 ], [ 25.283677945815391, 54.650283691211634 ], [ 25.283692102558383, 54.650732835597118 ], [ 25.283706259692298, 54.651181979946607 ], [ 25.283720417217143, 54.651631124260078 ], [ 25.284495002067317, 54.651622912408897 ], [ 25.284509168520142, 54.652072056550793 ], [ 25.28452333536417, 54.652521200656665 ], [ 25.284537502599424, 54.652970344726533 ], [ 25.285312112670152, 54.652962127516489 ], [ 25.285326288834352, 54.653411271414683 ], [ 25.285340465390021, 54.653860415276824 ], [ 25.285354642337197, 54.654309559103005 ], [ 25.285368819675877, 54.654758702893147 ], [ 25.285382997406082, 54.655207846647293 ], [ 25.286157649776239, 54.655199623806332 ], [ 25.286171836436868, 54.655648767388691 ], [ 25.286186023489286, 54.656097910935024 ], [ 25.286200210933504, 54.656547054445362 ], [ 25.286974888529208, 54.656538826244329 ], [ 25.286989084904825, 54.656987969582786 ], [ 25.287003281672511, 54.657437112885212 ], [ 25.287017478832276, 54.657886256151642 ], [ 25.287031676384146, 54.65833539938204 ], [ 25.287806387747459, 54.658327165684469 ], [ 25.287820594231942, 54.658776308742887 ], [ 25.28783480110879, 54.659225451765295 ], [ 25.287849008378018, 54.659674594751685 ], [ 25.287863216039636, 54.660123737702065 ], [ 25.287877424093661, 54.660572880616435 ], [ 25.288652177769436, 54.660564641285546 ], [ 25.288666394757552, 54.661013784027851 ], [ 25.288680612138343, 54.661462926734089 ], [ 25.288694829911815, 54.66191206940433 ], [ 25.288709048077994, 54.662361212038569 ], [ 25.289483835529147, 54.662352967209664 ], [ 25.289498062630635, 54.662802109671723 ], [ 25.289512290125099, 54.663251252097737 ], [ 25.289526518012543, 54.663700394487748 ], [ 25.289540746292978, 54.664149536841727 ], [ 25.290315567522924, 54.664141286514109 ], [ 25.290329804739894, 54.66459042869581 ], [ 25.290344042350132, 54.6650395708415 ], [ 25.290358280353647, 54.665488712951159 ], [ 25.291133126821581, 54.665480457260443 ], [ 25.291147373762602, 54.665929599197739 ], [ 25.291161621097171, 54.666378741099017 ], [ 25.291175868825295, 54.666827882964277 ], [ 25.291950740533018, 54.666819621909973 ], [ 25.291964997199624, 54.667268763602749 ], [ 25.291979254260045, 54.667717905259508 ], [ 25.291993511714317, 54.668167046880228 ], [ 25.292768408663633, 54.668158780461837 ], [ 25.292782675057349, 54.668607921909988 ], [ 25.292796941845172, 54.669057063322143 ], [ 25.292811209027114, 54.669506204698251 ], [ 25.293586131219815, 54.669497932915235 ], [ 25.293600407342176, 54.669947074118681 ], [ 25.293614683858934, 54.670396215286118 ], [ 25.293628960770082, 54.670845356417502 ], [ 25.294403908207965, 54.670837079269361 ], [ 25.294418194060523, 54.671286220228019 ], [ 25.29443248030773, 54.671735361150617 ], [ 25.295207444445154, 54.67172707877365 ], [ 25.295221739634492, 54.672176219523422 ], [ 25.295236035218764, 54.672625360237163 ], [ 25.295250331197973, 54.673074500914851 ], [ 25.296025320583478, 54.673066213171815 ], [ 25.296039625505788, 54.673515353676599 ], [ 25.296053930823302, 54.673964494145324 ], [ 25.296068236536051, 54.674413634578002 ], [ 25.296843251171452, 54.674405341468386 ], [ 25.296857565828262, 54.674854481728083 ], [ 25.296871880880563, 54.675303621951684 ], [ 25.296886196328373, 54.675752762139261 ], [ 25.297661236215454, 54.675744463662561 ], [ 25.297675560608305, 54.676193603677028 ], [ 25.297689885396931, 54.676642743655435 ], [ 25.297704210581337, 54.677091883597818 ], [ 25.29847927572191, 54.677083579753521 ], [ 25.298493609852336, 54.677532719522667 ], [ 25.298507944378812, 54.677981859255773 ], [ 25.299283026223993, 54.677973550180639 ], [ 25.299297369697211, 54.678422689740444 ], [ 25.299311713566748, 54.678871829264196 ], [ 25.299326057832612, 54.679320968751881 ], [ 25.30010116493418, 54.679312654308227 ], [ 25.300115518147766, 54.679761793622532 ], [ 25.300129871757949, 54.680210932900778 ], [ 25.300904995565887, 54.680202613225489 ], [ 25.300919358124503, 54.680651752330256 ], [ 25.300933721079982, 54.68110089139897 ], [ 25.300948084432338, 54.68155003043163 ], [ 25.301723233499576, 54.681541705386863 ], [ 25.301737605801353, 54.681990844245945 ], [ 25.301751978500263, 54.682439983068953 ], [ 25.301766351596338, 54.682889121855901 ], [ 25.302541525924667, 54.682880791441164 ], [ 25.302555907971129, 54.683329930054448 ], [ 25.302570290415019, 54.683779068631672 ], [ 25.303345481452578, 54.683770732984144 ], [ 25.303359872847572, 54.68421987138759 ], [ 25.303374264640269, 54.684669009754977 ], [ 25.303388656830659, 54.685118148086296 ], [ 25.304163873132218, 54.685109807067853 ], [ 25.30417827427469, 54.685558945225338 ], [ 25.304192675815148, 54.686008083346721 ], [ 25.304207077753592, 54.68645722143205 ], [ 25.304982319320946, 54.686448875042188 ], [ 25.304996730212444, 54.686898012953563 ], [ 25.305011141502199, 54.687347150828856 ], [ 25.305786399781642, 54.68733879920503 ], [ 25.30580082002518, 54.687787936906297 ], [ 25.305815240667233, 54.688237074571482 ], [ 25.305829661707822, 54.688686212200601 ], [ 25.306604945255977, 54.688677855204411 ], [ 25.306619375251326, 54.689126992659396 ], [ 25.306633805645475, 54.689576130078287 ], [ 25.307409105907464, 54.689567767847379 ], [ 25.307423545257095, 54.690016905092051 ], [ 25.307437985005794, 54.690466042300656 ], [ 25.308213301982278, 54.690457674834668 ], [ 25.308227750687188, 54.690906811868949 ], [ 25.308242199791422, 54.691355948867148 ], [ 25.30901753348305, 54.691347576165775 ], [ 25.309031991544213, 54.691796712989571 ], [ 25.309046450004981, 54.692245849777279 ], [ 25.309060908865355, 54.692694986528885 ], [ 25.309836267830811, 54.692686608453386 ], [ 25.309850735649096, 54.693135745030503 ], [ 25.309865203867261, 54.693584881571532 ], [ 25.310640579549609, 54.693576498259873 ], [ 25.310655056726407, 54.694025634626307 ], [ 25.310669534303347, 54.694474770956653 ], [ 25.310684012280447, 54.694923907250896 ], [ 25.311459413239533, 54.694915518564173 ], [ 25.311473900176242, 54.695364654683743 ], [ 25.311488387513382, 54.695813790767218 ], [ 25.312263805191115, 54.695805396843582 ], [ 25.312278301488583, 54.69625453275227 ], [ 25.312292798186739, 54.69670366862487 ], [ 25.313068232583774, 54.696695269463987 ], [ 25.31308273824299, 54.697144405161723 ], [ 25.313097244303169, 54.697593540823355 ], [ 25.313111750764321, 54.698042676448893 ], [ 25.313887210442108, 54.698034271911581 ], [ 25.313901725865289, 54.698483407362147 ], [ 25.313916241689707, 54.698932542776625 ], [ 25.314691718088554, 54.698924133001306 ], [ 25.314706242875729, 54.699373268240741 ], [ 25.314720768064415, 54.699822403444038 ], [ 25.315496261184965, 54.6998139884304 ], [ 25.315510795337133, 54.700263123458569 ], [ 25.315525329891067, 54.700712258450622 ], [ 25.315539864846766, 54.701161393405506 ], [ 25.316315383252082, 54.701152973014082 ], [ 25.316329927172266, 54.701602107794784 ], [ 25.31634447149451, 54.702051242539383 ], [ 25.317120006623288, 54.702042816908886 ], [ 25.317134559910709, 54.702491951478166 ], [ 25.317149113600458, 54.702941086011307 ], [ 25.317924665453344, 54.702932655141389 ], [ 25.31793922810899, 54.703381789499126 ], [ 25.317953791167234, 54.703830923820739 ], [ 25.318729359744875, 54.703822487711058 ], [ 25.318743931769752, 54.704271621857174 ], [ 25.318758504197479, 54.704720755967152 ], [ 25.318773077028084, 54.70516989004102 ], [ 25.319548670895617, 54.705161448551777 ], [ 25.319563252693822, 54.705610582450042 ], [ 25.319577834895171, 54.706059716312204 ], [ 25.320353445489221, 54.706051269582431 ], [ 25.320368036658891, 54.706500403268869 ], [ 25.320382628231982, 54.70694953691919 ], [ 25.320397220208495, 54.707398670533401 ], [ 25.321172856095334, 54.707390218423122 ], [ 25.321187457041148, 54.707839351861523 ], [ 25.321963101090173, 54.707830894649724 ], [ 25.321977711005768, 54.708280027912267 ], [ 25.321992321325304, 54.70872916113867 ], [ 25.322767982102786, 54.708720698685354 ], [ 25.322782601392824, 54.709169831735785 ], [ 25.322797221087075, 54.709618964750106 ], [ 25.322811841185548, 54.710068097728268 ], [ 25.323587527259154, 54.71005962989318 ], [ 25.323602156329102, 54.710508762695284 ], [ 25.323616785803551, 54.710957895461242 ], [ 25.324392488607373, 54.710949422383891 ], [ 25.324407127054027, 54.711398554973712 ], [ 25.324421765905438, 54.711847687527367 ], [ 25.325197485440132, 54.711839209207405 ], [ 25.325212133264468, 54.712288341584845 ], [ 25.325226781493832, 54.712737473926126 ], [ 25.325241430128234, 54.713186606231275 ], [ 25.325256079167694, 54.713635738500265 ], [ 25.326031832571385, 54.713627254656991 ], [ 25.326046490585004, 54.714076386749646 ], [ 25.326061149003944, 54.71452551880617 ], [ 25.326836919140717, 54.714517029719417 ], [ 25.326851586534545, 54.714966161599484 ], [ 25.327627364835276, 54.714957667409337 ], [ 25.32764204120447, 54.715406799112905 ], [ 25.327656717979504, 54.715855930780315 ], [ 25.32767139516039, 54.716305062411571 ], [ 25.328447198765279, 54.716296562836916 ], [ 25.328461884922501, 54.716745694291568 ], [ 25.328476571485851, 54.71719482571006 ], [ 25.329252391825772, 54.717186320890953 ], [ 25.329267087366183, 54.717635452132726 ], [ 25.32928178331299, 54.71808458333836 ], [ 25.330057620388594, 54.718076073274482 ], [ 25.330072325313186, 54.718525204303326 ], [ 25.330848170553512, 54.718516689135022 ], [ 25.330862884456369, 54.71896581998697 ], [ 25.330877598766136, 54.719414950802751 ], [ 25.331653460742988, 54.719406430389078 ], [ 25.331668184031745, 54.719855561027885 ], [ 25.331682907727682, 54.720304691630531 ], [ 25.332458786441702, 54.720296165971156 ], [ 25.332473519117354, 54.720745296396736 ], [ 25.332488252200445, 54.721194426786134 ], [ 25.333264147652287, 54.721185895880723 ], [ 25.333278889715825, 54.72163502609299 ], [ 25.333293632187075, 54.722084156269062 ], [ 25.334069544377385, 54.722075620117266 ], [ 25.334084295829804, 54.722524750116101 ], [ 25.334099047690202, 54.722973880078747 ], [ 25.334874976619631, 54.722965338680254 ], [ 25.334889737461921, 54.723414468465556 ], [ 25.335665674557003, 54.723405921961273 ], [ 25.335680444381662, 54.72385505156916 ], [ 25.335695214614816, 54.724304181140866 ], [ 25.336471168449862, 54.724295629389275 ], [ 25.336485947666109, 54.724744758783473 ], [ 25.336500727291131, 54.725193888141462 ], [ 25.337276697866773, 54.725185331142256 ], [ 25.337291486475614, 54.725634460322645 ], [ 25.337306275493486, 54.726083589466874 ], [ 25.338082262810396, 54.7260750272197 ], [ 25.338097060812814, 54.726524156186187 ], [ 25.33811185922454, 54.726973285116507 ], [ 25.338887863283354, 54.72696471762103 ], [ 25.338902670680344, 54.727413846373565 ], [ 25.338917478486913, 54.727862975089892 ], [ 25.339693499288288, 54.727854402345784 ], [ 25.339708316080849, 54.728303530884233 ], [ 25.339723133283254, 54.72875265938648 ], [ 25.340499170827837, 54.728744081393415 ], [ 25.340513997016966, 54.729193209717693 ], [ 25.341290042728307, 54.729184626617197 ], [ 25.341304877904633, 54.729633754763405 ], [ 25.34131971349132, 54.730082882873418 ], [ 25.34133454948838, 54.730532010947236 ], [ 25.342110620521325, 54.730523422455235 ], [ 25.342125465506559, 54.730972550350884 ], [ 25.34214031090244, 54.731421678210324 ], [ 25.34291639868054, 54.731413084468358 ], [ 25.342931253065323, 54.731862212149565 ], [ 25.342946107861021, 54.732311339794542 ], [ 25.343722212384925, 54.732302740802275 ], [ 25.343737076170253, 54.732751868268934 ], [ 25.343751940366754, 54.73320099569937 ], [ 25.344528061637117, 54.733192391456463 ], [ 25.344542934823977, 54.73364151870846 ], [ 25.345319064262053, 54.733632909356885 ], [ 25.345333946439748, 54.734082036430372 ], [ 25.345348829029142, 54.734531163467629 ], [ 25.346124975214511, 54.734522548864867 ], [ 25.346139866795468, 54.734971675723507 ], [ 25.346916021148719, 54.73496305601163 ], [ 25.3469309217217, 54.735412182691597 ], [ 25.34694582270691, 54.735861309335327 ], [ 25.347721993808289, 54.73585268437165 ], [ 25.347736903786259, 54.736301810836608 ], [ 25.348513083055682, 54.73629318076344 ], [ 25.348528002026882, 54.736742307049525 ], [ 25.348542921410822, 54.737191433299358 ], [ 25.349319117429218, 54.737182797973816 ], [ 25.349334045807129, 54.737631924044685 ], [ 25.349348974598037, 54.738081050079344 ], [ 25.350125187366057, 54.738072409501065 ], [ 25.350140125151658, 54.738521535356639 ], [ 25.350916346088066, 54.738512889668229 ], [ 25.350931292868836, 54.73896201534469 ], [ 25.350946240063127, 54.739411140984856 ], [ 25.351722477749995, 54.739402490043148 ], [ 25.351737433940183, 54.739851615504094 ], [ 25.351752390544171, 54.740300740928824 ], [ 25.352528644982154, 54.740292084733476 ], [ 25.352543610582753, 54.740741209978857 ], [ 25.353319873189481, 54.74073254867271 ], [ 25.353334847787171, 54.741181673738687 ], [ 25.353349822799185, 54.741630798768391 ], [ 25.354126102157863, 54.741622132208029 ], [ 25.354141086167701, 54.742071257058242 ], [ 25.354156070592122, 54.742520381872204 ], [ 25.354932366703402, 54.742511710057286 ], [ 25.354947360126374, 54.742960834691637 ], [ 25.355723664406735, 54.742952157765281 ], [ 25.355738666828724, 54.743401282219949 ], [ 25.355753669665827, 54.743850406638344 ], [ 25.356529990699638, 54.743841724456857 ], [ 25.356545002536489, 54.744290848695471 ], [ 25.356560014788716, 54.744739972897847 ], [ 25.35733635257662, 54.744731285460873 ], [ 25.357351373829324, 54.745180409483375 ], [ 25.357366395497671, 54.745629533469589 ], [ 25.358142750040322, 54.74562084077683 ], [ 25.358157780709874, 54.746069964583093 ], [ 25.358934143422147, 54.746061266777964 ], [ 25.358949183093383, 54.746510390404175 ], [ 25.358964223180781, 54.746959513994121 ], [ 25.359740602648639, 54.746950810932624 ], [ 25.360516981700076, 54.74694210290231 ], [ 25.360532039376096, 54.747391226168148 ], [ 25.361308426597063, 54.747382513024995 ], [ 25.361323493276181, 54.747831636110512 ], [ 25.362099888666648, 54.747822917854371 ], [ 25.362114964349352, 54.748272040759488 ], [ 25.36213004044923, 54.748721163628311 ], [ 25.362906452596043, 54.748712440114808 ], [ 25.362921537700224, 54.749161562803124 ], [ 25.363697958016701, 54.749152834176201 ], [ 25.363713052125668, 54.749601956683954 ], [ 25.364489480611777, 54.749593222943467 ], [ 25.364504583725999, 54.75004234527055 ], [ 25.365281020381698, 54.750033606416316 ], [ 25.365296132501651, 54.750482728562645 ], [ 25.365311245039809, 54.750931850672636 ], [ 25.366087698453086, 54.750923106559974 ], [ 25.3661028199977, 54.751372228489139 ], [ 25.366879281580722, 54.751363479262317 ], [ 25.366894412132279, 54.751812601010563 ], [ 25.367670881885033, 54.751803846669439 ], [ 25.367686021443994, 54.752252968236633 ], [ 25.368462499366441, 54.752244208781057 ], [ 25.368477647933286, 54.752693330167133 ], [ 25.369254134025393, 54.752684565596937 ], [ 25.370030619698031, 54.752675796056941 ], [ 25.370045785862338, 54.753124917116821 ], [ 25.370822279704349, 54.753116142461955 ], [ 25.370837454877712, 54.753565263340462 ], [ 25.371613956889071, 54.75355648357057 ], [ 25.371629141071967, 54.754005604267611 ], [ 25.372405651252638, 54.753996819382543 ], [ 25.373182161012842, 54.753988029527449 ], [ 25.373166959650895, 54.753538909120977 ], [ 25.373943460400891, 54.753530114441268 ], [ 25.374719960729948, 54.753521314791627 ], [ 25.374704742610181, 54.753072194639699 ], [ 25.374689524911574, 54.752623074451456 ], [ 25.374674307634098, 54.752173954226855 ], [ 25.375450781775005, 54.752165150043965 ], [ 25.375435556330132, 54.751716029928595 ], [ 25.375420331306604, 54.751266909776902 ], [ 25.375405106704399, 54.750817789588844 ], [ 25.375389882523503, 54.750368669364462 ], [ 25.376166321890462, 54.750359860794426 ], [ 25.376151089543306, 54.749910740679319 ], [ 25.376135857617669, 54.749461620527903 ], [ 25.376120626113536, 54.749012500340136 ], [ 25.376105395030883, 54.748563380116011 ], [ 25.376090164369703, 54.748114259855569 ], [ 25.375313767938142, 54.748123067697534 ], [ 25.375298546284785, 54.747673947255137 ], [ 25.375283325052624, 54.747224826776403 ], [ 25.375268104241648, 54.746775706261325 ], [ 25.375252883851836, 54.746326585709937 ], [ 25.37523766388318, 54.745877465122184 ], [ 25.375222444335662, 54.745428344498102 ], [ 25.375207225209266, 54.744979223837696 ], [ 25.375192006503966, 54.744530103140946 ], [ 25.375176788219765, 54.744080982407844 ], [ 25.374400468635898, 54.744089783971305 ], [ 25.374385259357013, 54.743640663056389 ], [ 25.37437005049895, 54.74319154210513 ], [ 25.374354842061688, 54.742742421117548 ], [ 25.374339634045217, 54.742293300093628 ], [ 25.375115919293517, 54.742284499112124 ], [ 25.375100703114526, 54.741835378197351 ], [ 25.375085487356522, 54.741386257246262 ], [ 25.374309219274576, 54.741395057936785 ], [ 25.374294012520377, 54.740945936803861 ], [ 25.374278806186901, 54.7404968156346 ], [ 25.374263600274137, 54.740047694429009 ], [ 25.374248394782061, 54.739598573187067 ], [ 25.374233189710665, 54.739149451908816 ], [ 25.373456964119804, 54.739158246904715 ], [ 25.373441768050728, 54.738709125444757 ], [ 25.373426572402057, 54.73826000394844 ], [ 25.373411377173777, 54.737810882415815 ], [ 25.37339618236588, 54.737361760846838 ], [ 25.372619990679848, 54.73737055029428 ], [ 25.372604804873028, 54.736921428543702 ], [ 25.372589619486316, 54.736472306756809 ], [ 25.372574434519702, 54.736023184933558 ], [ 25.371798268155043, 54.736031968978445 ], [ 25.371783092188526, 54.735582846973678 ], [ 25.371767916641833, 54.735133724932581 ], [ 25.370991767017177, 54.73514250372051 ], [ 25.370976600469863, 54.734693381497998 ], [ 25.370961434342103, 54.734244259239176 ], [ 25.3701853014568, 54.734253032770461 ], [ 25.370170144327684, 54.733803910330295 ], [ 25.370154987617855, 54.733354787853813 ], [ 25.370139831327304, 54.732905665341015 ], [ 25.370124675456001, 54.732456542791887 ], [ 25.370109520003943, 54.732007420206429 ], [ 25.370094364971102, 54.73155829758467 ], [ 25.36931828313768, 54.731567065279997 ], [ 25.369303137101756, 54.731117942476999 ], [ 25.369287991484782, 54.730668819637685 ], [ 25.369272846286751, 54.73021969676207 ], [ 25.369257701507639, 54.729770573850104 ], [ 25.369242557147437, 54.72932145090185 ], [ 25.368466517781261, 54.729330212907129 ], [ 25.368451382416485, 54.728881089777737 ], [ 25.368436247470338, 54.728431966612028 ], [ 25.368421112942823, 54.727982843410004 ], [ 25.368405978833916, 54.727533720171657 ], [ 25.368390845143605, 54.727084596897001 ], [ 25.368375711871867, 54.726635473586043 ], [ 25.36759972354276, 54.726644229757447 ], [ 25.36758459926471, 54.726195106265457 ], [ 25.367569475404967, 54.725745982737145 ], [ 25.367554351963509, 54.725296859172538 ], [ 25.367539228940334, 54.724847735571601 ], [ 25.366763274492051, 54.724856486199442 ], [ 25.366748160461334, 54.724407362417601 ], [ 25.366733046848616, 54.723958238599415 ], [ 25.366717933653895, 54.723509114744949 ], [ 25.366702820877148, 54.723059990854168 ], [ 25.36592690030626, 54.723068735939158 ], [ 25.365911796520745, 54.72261961186755 ], [ 25.365896693152926, 54.722170487759627 ], [ 25.365881590202807, 54.721721363615401 ], [ 25.365866487670367, 54.721272239434882 ], [ 25.365851385555583, 54.720823115218046 ], [ 25.36507550743098, 54.720831854616463 ], [ 25.36506041430594, 54.720382730218894 ], [ 25.365045321598295, 54.719933605785023 ], [ 25.365030229308022, 54.719484481314836 ], [ 25.364254376481625, 54.719493215316248 ], [ 25.364239293180109, 54.719044090665427 ], [ 25.36422421029571, 54.718594965978319 ], [ 25.364209127828406, 54.718145841254909 ], [ 25.364194045778177, 54.717696716495205 ], [ 25.363418226818887, 54.71770544495584 ], [ 25.363403153756185, 54.717256320015601 ], [ 25.363388081110294, 54.716807195039053 ], [ 25.363373008881201, 54.716358070026217 ], [ 25.362597215215821, 54.716366793090963 ], [ 25.362582151973275, 54.715917667897678 ], [ 25.362567089147255, 54.715468542668098 ], [ 25.362552026737742, 54.71501941740221 ], [ 25.361776258364475, 54.71502813507157 ], [ 25.361761204940539, 54.714579009625353 ], [ 25.361746151932845, 54.714129884142835 ], [ 25.361731099341373, 54.713680758624015 ], [ 25.361716047166123, 54.713231633068915 ], [ 25.36094031265155, 54.713240345199438 ], [ 25.36092526946063, 54.712791219464094 ], [ 25.360910226685665, 54.712342093692456 ], [ 25.360895184326612, 54.711892967884523 ], [ 25.36011947509985, 54.711901674620783 ], [ 25.360104441724179, 54.7114525486327 ], [ 25.360089408764157, 54.711003422608336 ], [ 25.360074376219778, 54.71055429654767 ], [ 25.360059344091034, 54.710105170450717 ], [ 25.359283668717048, 54.710113871649462 ], [ 25.359268645570431, 54.709664745372464 ], [ 25.35925362283918, 54.709215619059165 ], [ 25.35923860052327, 54.708766492709593 ], [ 25.358462950432806, 54.708775188515183 ], [ 25.358447937098056, 54.708326061985652 ], [ 25.358432924178373, 54.707876935419826 ], [ 25.358417911673762, 54.707427808817734 ], [ 25.357642286865019, 54.707436499230695 ], [ 25.357627283340584, 54.706987372448729 ], [ 25.357612280230946, 54.706538245630469 ], [ 25.35759727753608, 54.706089118775957 ], [ 25.356821678007265, 54.706097803796794 ], [ 25.356806684291602, 54.705648676762493 ], [ 25.356791690990448, 54.705199549691926 ], [ 25.356016108175773, 54.705208229464581 ], [ 25.356001123853098, 54.704759102214311 ], [ 25.355986139944665, 54.704309974927781 ], [ 25.355971156450458, 54.703860847604979 ], [ 25.355195598912797, 54.703869521986462 ], [ 25.355180624396095, 54.703420394484063 ], [ 25.355165650293344, 54.702971266945383 ], [ 25.355150676604545, 54.70252213937048 ], [ 25.354375144342107, 54.702530808361296 ], [ 25.354360179629825, 54.702081680606845 ], [ 25.354345215331222, 54.701632552816164 ], [ 25.353569699780071, 54.701641216559963 ], [ 25.353554744457259, 54.701192088589856 ], [ 25.353539789547863, 54.700742960583504 ], [ 25.353524835051889, 54.700293832541938 ], [ 25.352749344773059, 54.700302490896021 ], [ 25.352734399251872, 54.699853362674077 ], [ 25.352719454143813, 54.69940423441588 ], [ 25.352704509448863, 54.69895510612141 ], [ 25.351929044440546, 54.698963759086269 ], [ 25.351914108719438, 54.6985146306126 ], [ 25.351899173411176, 54.698065502102665 ], [ 25.351884238515733, 54.697616373556485 ], [ 25.351108798776142, 54.69762502113263 ], [ 25.351093872853571, 54.697175892407323 ], [ 25.351078947343559, 54.696726763645771 ], [ 25.350303524311293, 54.696735405976511 ], [ 25.350288607773425, 54.696286277035924 ], [ 25.350273691647843, 54.695837148059063 ], [ 25.349498285322252, 54.695845785144741 ], [ 25.349483378168088, 54.695396655988951 ], [ 25.349468471425958, 54.694947526796916 ], [ 25.349453565095835, 54.694498397568623 ], [ 25.348678184034956, 54.694507029266944 ], [ 25.348663286675269, 54.694057899859821 ], [ 25.34864838972733, 54.693608770416446 ], [ 25.347873025371374, 54.693617396870451 ], [ 25.34785813739315, 54.693168267248332 ], [ 25.347843249826397, 54.692719137589954 ], [ 25.347828362671105, 54.692270007895338 ], [ 25.347053023576965, 54.692278628962939 ], [ 25.347038145390417, 54.691829499089671 ], [ 25.347023267615057, 54.691380369180152 ], [ 25.346247945224096, 54.691388985004203 ], [ 25.346233076416755, 54.690939854916124 ], [ 25.346218208020336, 54.690490724791779 ], [ 25.346203340034833, 54.690041594631225 ], [ 25.345428042902775, 54.690050205069802 ], [ 25.345413183884308, 54.689601074730774 ], [ 25.345398325276484, 54.689151944355508 ], [ 25.345383467079287, 54.688702813943998 ], [ 25.344608195204341, 54.68871141899762 ], [ 25.344593345973209, 54.688262288407735 ], [ 25.344578497152437, 54.687813157781619 ], [ 25.343803241977813, 54.687821757592857 ], [ 25.343788402122382, 54.687372626788438 ], [ 25.343773562677043, 54.686923495947823 ], [ 25.343758723641784, 54.686474365070957 ], [ 25.342983493721363, 54.686482959498171 ], [ 25.342968663650471, 54.686033828443115 ], [ 25.342953833989384, 54.685584697351842 ], [ 25.342178620767541, 54.685593286537419 ], [ 25.342163800070093, 54.685144155268041 ], [ 25.342148979782195, 54.684695023962426 ], [ 25.342134159903821, 54.684245892620595 ], [ 25.341358971933282, 54.684254476423106 ], [ 25.341344161017577, 54.683805344903277 ], [ 25.341329350511131, 54.68335621334721 ], [ 25.340554179237412, 54.683364791908829 ], [ 25.340539377692913, 54.682915660174864 ], [ 25.340524576557403, 54.682466528404667 ], [ 25.339749421979853, 54.682475101725764 ], [ 25.339734629805566, 54.682025969777733 ], [ 25.339719838039997, 54.681576837793493 ], [ 25.338944700157967, 54.681585405874387 ], [ 25.338929917352903, 54.681136273712411 ], [ 25.338915134956295, 54.680687141514198 ], [ 25.338900352968135, 54.680238009279819 ], [ 25.338125240332307, 54.680246571979424 ], [ 25.338110467303668, 54.679797439567373 ], [ 25.338095694683208, 54.679348307119128 ], [ 25.337320598741151, 54.679356864579255 ], [ 25.337305835079484, 54.678907731953458 ], [ 25.337291071825732, 54.678458599291453 ], [ 25.337276308979877, 54.678009466593238 ], [ 25.336501238281123, 54.678018018673022 ], [ 25.336486484393085, 54.677568885797349 ], [ 25.336471730912681, 54.677119752885474 ], [ 25.335696676905954, 54.677128299726562 ], [ 25.335681932382638, 54.676679166637328 ], [ 25.335667188266701, 54.676230033511885 ], [ 25.335652444558107, 54.67578090035024 ], [ 25.334877415791773, 54.675789441811872 ], [ 25.334862681039301, 54.675340308472975 ], [ 25.334847946693916, 54.674891175097862 ], [ 25.334833212755594, 54.674442041686575 ], [ 25.334058209227862, 54.674450577769278 ], [ 25.334043484244688, 54.674001444180803 ], [ 25.334028759668321, 54.673552310556126 ], [ 25.33325377282976, 54.673560841401354 ], [ 25.333239057207813, 54.673111707599574 ], [ 25.333224341992405, 54.672662573761642 ], [ 25.332449371842362, 54.672671099369659 ], [ 25.332434665580649, 54.672221965354701 ], [ 25.332419959725211, 54.671772831303571 ], [ 25.332405254276019, 54.671323697216231 ], [ 25.331630309360584, 54.671332217446711 ], [ 25.331615612864116, 54.670883083182481 ], [ 25.331600916773642, 54.670433948882049 ], [ 25.330825988544976, 54.670442463876114 ], [ 25.330811301406506, 54.669993329398878 ], [ 25.330796614673751, 54.669544194885461 ], [ 25.330021703131216, 54.669552704643436 ], [ 25.330007025349747, 54.669103569953279 ], [ 25.329992347973729, 54.668654435226969 ], [ 25.329977671003149, 54.668205300464486 ], [ 25.329202784691212, 54.668213804846232 ], [ 25.329188116670938, 54.667764669907115 ], [ 25.329173449055844, 54.667315534931817 ], [ 25.328398579428274, 54.667324034078241 ], [ 25.328383920762764, 54.666874898926402 ], [ 25.328369262502161, 54.666425763738381 ], [ 25.327594409558326, 54.666434257649804 ], [ 25.327579760246582, 54.665985122285356 ], [ 25.327565111339482, 54.665535986884741 ], [ 25.326790275078721, 54.665544475561489 ], [ 25.326775635119759, 54.665095339984504 ], [ 25.32676099556517, 54.664646204371337 ], [ 25.326746356414944, 54.664197068722025 ], [ 25.325971545379677, 54.66420555202437 ], [ 25.325956915176615, 54.663756416198765 ], [ 25.325942285377646, 54.66330728033703 ], [ 25.325167491023713, 54.66331575840546 ], [ 25.325152870171188, 54.662866622367545 ], [ 25.325138249722489, 54.662417486293457 ], [ 25.324363472049246, 54.662425959128306 ], [ 25.324348860546266, 54.661976822878152 ], [ 25.324334249446849, 54.661527686591825 ], [ 25.32355948845364, 54.661536154193428 ], [ 25.323544886299224, 54.661087017731134 ], [ 25.323530284548106, 54.660637881232667 ], [ 25.322755540234287, 54.66064634360135 ], [ 25.322740947427437, 54.660197206926981 ], [ 25.322726355023629, 54.659748070216466 ], [ 25.32271176302282, 54.659298933469799 ], [ 25.32193704392829, 54.659307390466267 ], [ 25.321922460870795, 54.658858253543791 ], [ 25.321907878216045, 54.658409116585176 ], [ 25.321133175799158, 54.658417568349485 ], [ 25.32111860208699, 54.657968431215131 ], [ 25.321104028777299, 54.657519294044661 ], [ 25.320329343037415, 54.657527740577137 ], [ 25.320314778669587, 54.657078603231028 ], [ 25.320300214703977, 54.656629465848781 ], [ 25.319525545640435, 54.656637907149779 ], [ 25.31951099061596, 54.656188769591985 ], [ 25.319496435993443, 54.65573963199806 ], [ 25.318721783605607, 54.655748068067915 ], [ 25.318707237923494, 54.655298930298528 ], [ 25.318692692643079, 54.654849792493032 ], [ 25.317918056930303, 54.654858223332063 ], [ 25.317903520589567, 54.65440908535119 ], [ 25.31788898465026, 54.653959947334208 ], [ 25.317114365611886, 54.653968372942728 ], [ 25.317099838611554, 54.65351923475049 ], [ 25.316325227709605, 54.653527655267915 ], [ 25.31631070964777, 54.653078516900493 ], [ 25.316296191986837, 54.652629378496918 ], [ 25.315521597758458, 54.652637793784457 ], [ 25.315507089035304, 54.652188655205812 ], [ 25.314732502943176, 54.652197065402632 ], [ 25.314718003157338, 54.651747926648994 ], [ 25.313943425201487, 54.651756331755266 ], [ 25.313928934352486, 54.651307192826728 ], [ 25.313154364532959, 54.651315592842622 ], [ 25.31313988262032, 54.650866453739241 ], [ 25.31312540110757, 54.650417314599771 ], [ 25.312350847960399, 54.65042570938683 ], [ 25.312336375383289, 54.649976570072603 ], [ 25.312321903205799, 54.649527430722273 ], [ 25.311547366730334, 54.649535820280853 ], [ 25.311532903487773, 54.649086680755865 ], [ 25.311518440644559, 54.648637541194788 ], [ 25.310743920840164, 54.648645925525187 ], [ 25.310729466931154, 54.648196785789558 ], [ 25.310715013421234, 54.647747646017812 ], [ 25.309940510287245, 54.647756025120366 ], [ 25.309926065710808, 54.647306885174174 ], [ 25.309911621533196, 54.646857745191852 ], [ 25.30913713506898, 54.646866119066921 ], [ 25.309122699824119, 54.64641697891026 ], [ 25.309108264977823, 54.645967838717475 ], [ 25.308333795182733, 54.645976207365365 ], [ 25.308319369268474, 54.645527066998312 ], [ 25.30830494375251, 54.645077926595185 ], [ 25.30753049062589, 54.645086290016216 ], [ 25.307516074041246, 54.644637149438886 ], [ 25.307501657854626, 54.644188008825452 ], [ 25.306727221395835, 54.644196367020001 ], [ 25.306712814139811, 54.64374722623247 ], [ 25.306698407281552, 54.643298085408844 ], [ 25.305923987489944, 54.643306438377216 ], [ 25.305909589561551, 54.642857297379599 ], [ 25.305895192030668, 54.642408156345873 ], [ 25.305120788905597, 54.642416504088402 ], [ 25.305106400303863, 54.641967362880784 ], [ 25.305092012099358, 54.641518221637071 ], [ 25.305077624292078, 54.641069080357269 ], [ 25.304303246364114, 54.641077422736558 ], [ 25.304288867485017, 54.640628281282929 ], [ 25.304274489002868, 54.640179139793212 ], [ 25.304260110917653, 54.639729998267434 ], [ 25.303485758185001, 54.639738335284008 ], [ 25.303471389026996, 54.639289193584467 ], [ 25.303457020265672, 54.638840051848874 ], [ 25.302682684196707, 54.63884838364077 ], [ 25.302668324361868, 54.63839924173152 ], [ 25.30265396492344, 54.637950099786217 ], [ 25.302639605881403, 54.637500957804811 ], [ 25.301865295004852, 54.637509284234916 ], [ 25.301850944888344, 54.637060142079967 ], [ 25.301836595167948, 54.636610999888937 ], [ 25.301822245843677, 54.636161857661854 ], [ 25.301047960157749, 54.636170178730666 ], [ 25.301033619758027, 54.635721036330118 ], [ 25.301019279754151, 54.635271893893503 ], [ 25.3010049401461, 54.634822751420806 ], [ 25.300230679649012, 54.634831067128857 ], [ 25.300216348964543, 54.634381924482803 ], [ 25.300202018675648, 54.633932781800674 ], [ 25.299427774838282, 54.633941092285653 ], [ 25.299413453472248, 54.63349194943028 ], [ 25.299399132501513, 54.633042806538825 ], [ 25.299384811926068, 54.632593663611289 ], [ 25.298610593274642, 54.632601968736424 ], [ 25.298596281621084, 54.632152825635735 ], [ 25.298581970362548, 54.631703682498966 ], [ 25.297807768369108, 54.631711982401796 ], [ 25.297793466031742, 54.631262839091946 ], [ 25.297779164089132, 54.630813695746042 ], [ 25.297764862541275, 54.630364552364071 ], [ 25.296990685730876, 54.630372846907989 ], [ 25.296976393103211, 54.629923703353029 ], [ 25.296962100870026, 54.629474559762009 ], [ 25.296187940715868, 54.629482849084383 ], [ 25.296173657402161, 54.629033705320445 ], [ 25.29615937448267, 54.628584561520455 ], [ 25.296145091957374, 54.628135417684447 ], [ 25.295370956983362, 54.628143701648817 ], [ 25.295356683376578, 54.627694557639991 ], [ 25.29534241016373, 54.627245413595091 ], [ 25.294568291844207, 54.627253692338684 ], [ 25.294554027549147, 54.626804548121072 ], [ 25.294539763647759, 54.626355403867422 ], [ 25.294525500140029, 54.625906259577697 ], [ 25.293751406997753, 54.625914532964231 ], [ 25.293737152406845, 54.625465388501901 ], [ 25.293722898209317, 54.625016244003511 ], [ 25.29294882171979, 54.625024512170008 ], [ 25.292934576438366, 54.624575367499084 ], [ 25.292920331550071, 54.624126222792135 ], [ 25.292906087054881, 54.623677078049141 ], [ 25.292891842952798, 54.623227933270066 ], [ 25.292117800159669, 54.62323619594406 ], [ 25.292103564972457, 54.622787050992578 ], [ 25.292089330178083, 54.622337906005036 ], [ 25.292075095776529, 54.621888760981456 ], [ 25.29206086176778, 54.621439615921858 ], [ 25.292046628151816, 54.620990470826186 ], [ 25.291272627572539, 54.620998727872063 ], [ 25.291258402869985, 54.620549582604085 ], [ 25.291244178559957, 54.620100437300032 ], [ 25.291229954642443, 54.619651291959954 ], [ 25.291215731117422, 54.619202146583845 ], [ 25.291201507984876, 54.618753001171676 ], [ 25.291187285244803, 54.618303855723475 ], [ 25.291173062897176, 54.617854710239236 ], [ 25.291158840941989, 54.617405564718929 ], [ 25.290384908128804, 54.617413815729023 ], [ 25.290370695084807, 54.616964670036516 ], [ 25.290356482432991, 54.616515524307957 ], [ 25.29034227017333, 54.616066378543387 ], [ 25.290328058305807, 54.61561723274275 ], [ 25.290313846830415, 54.615168086906081 ], [ 25.290299635747136, 54.61471894103336 ], [ 25.290285425055956, 54.614269795124613 ], [ 25.29027121475686, 54.61382064917985 ], [ 25.289497349695203, 54.613828894155624 ], [ 25.289483148305081, 54.613379748038703 ], [ 25.289468947306784, 54.612930601885779 ], [ 25.289454746700294, 54.612481455696802 ], [ 25.289440546485594, 54.612032309471779 ], [ 25.289426346662665, 54.611583163210732 ], [ 25.289412147231499, 54.611134016913638 ], [ 25.289397948192082, 54.610684870580521 ], [ 25.289383749544395, 54.61023572421135 ], [ 25.288609952219709, 54.610243963154318 ], [ 25.288595762478785, 54.60979481661316 ], [ 25.288581573129324, 54.609345670035943 ], [ 25.288567384171323, 54.608896523422708 ], [ 25.288553195604763, 54.608447376773427 ], [ 25.287779431947417, 54.608455610228582 ], [ 25.287765252286398, 54.608006463407392 ], [ 25.287751073016555, 54.607557316550157 ], [ 25.287736894137868, 54.607108169656911 ], [ 25.287722715650325, 54.606659022727627 ], [ 25.286948985656924, 54.606667250695665 ], [ 25.286934816073707, 54.606218103594564 ], [ 25.286920646881384, 54.605768956457425 ], [ 25.28690647807991, 54.605319809284246 ], [ 25.286892309669302, 54.604870662075051 ], [ 25.286118613336441, 54.604878884556655 ], [ 25.286104453828937, 54.604429737175749 ], [ 25.286090294712018, 54.60398058975882 ], [ 25.286076135985677, 54.60353144230583 ], [ 25.285302464798374, 54.603539659437317 ], [ 25.285288314974167, 54.603090511812717 ], [ 25.285274165540276, 54.602641364152085 ], [ 25.285260016496682, 54.602192216455435 ], [ 25.285245867843368, 54.601743068722769 ], [ 25.284472230310715, 54.601751280369122 ], [ 25.284458090558324, 54.601302132464916 ], [ 25.284443951195957, 54.600852984524685 ], [ 25.284429812223582, 54.600403836548438 ], [ 25.284415673641202, 54.599954688536165 ], [ 25.283642069759811, 54.599962894698095 ], [ 25.283627940077135, 54.59951374651439 ], [ 25.283613810784189, 54.599064598294653 ], [ 25.283599681880943, 54.598615450038913 ], [ 25.282826103138358, 54.598623650852417 ], [ 25.282811983133861, 54.598174502425323 ], [ 25.282797863518809, 54.597725353962204 ], [ 25.28278374429318, 54.597276205463096 ], [ 25.282010190687611, 54.597284400928707 ], [ 25.281996080359765, 54.596835252258337 ], [ 25.281981970421079, 54.596386103551929 ], [ 25.28196786087155, 54.595936954809524 ], [ 25.281953751711161, 54.595487806031109 ], [ 25.2811802317485, 54.595495996014193 ], [ 25.281166131484664, 54.595046847064609 ], [ 25.281152031609707, 54.594597698079028 ], [ 25.281925534557736, 54.594589508366248 ], [ 25.282699037116672, 54.59458131371202 ], [ 25.283472539286276, 54.594573114116344 ], [ 25.284246041066329, 54.594564909579233 ], [ 25.285019542456567, 54.594556700100696 ], [ 25.285793043456781, 54.594548485680718 ], [ 25.286566544066723, 54.594540266319335 ], [ 25.287340044286172, 54.594532042016517 ], [ 25.28732587674476, 54.594082894078298 ], [ 25.287311709594068, 54.593633746104075 ], [ 25.287297542834079, 54.593184598093785 ], [ 25.287283376464778, 54.592735450047471 ], [ 25.288056842267501, 54.592727221346394 ], [ 25.288071017142947, 54.593176369256931 ], [ 25.288844491060885, 54.593168135478926 ], [ 25.288858674833616, 54.593617283217554 ], [ 25.288872858997525, 54.594066430920144 ], [ 25.28888704355262, 54.59451557858668 ], [ 25.288901228498922, 54.594964726217214 ], [ 25.289674736052515, 54.594956486954246 ], [ 25.28968892989732, 54.595405634412742 ], [ 25.289703124133602, 54.595854781835229 ], [ 25.289717318761355, 54.596303929221641 ], [ 25.289731513780612, 54.596753076572028 ], [ 25.290505054973256, 54.596744831823408 ], [ 25.290519258892235, 54.597193979001695 ], [ 25.290533463202983, 54.597643126143943 ], [ 25.290547667905496, 54.598092273250145 ], [ 25.29056187299981, 54.598541420320288 ], [ 25.291335447834889, 54.598533170085332 ], [ 25.291349661830139, 54.598982316983289 ], [ 25.291363876217439, 54.5994314638452 ], [ 25.291378090996812, 54.599880610671093 ], [ 25.291392306168269, 54.600329757460898 ], [ 25.292165914649203, 54.60032150173889 ], [ 25.29218013872282, 54.600770648356409 ], [ 25.292194363188777, 54.601219794937911 ], [ 25.292208588047099, 54.601668941483346 ], [ 25.292982221666538, 54.601660680409928 ], [ 25.292996455427989, 54.602109826782979 ], [ 25.293010689582058, 54.602558973119969 ], [ 25.293024924128773, 54.60300811942092 ], [ 25.293798582888495, 54.602999852995595 ], [ 25.293812826339298, 54.603448999124062 ], [ 25.293827070183013, 54.603898145216483 ], [ 25.293841314419645, 54.604347291272845 ], [ 25.293855559049213, 54.604796437293139 ], [ 25.294629251463142, 54.604788165378878 ], [ 25.294643504998014, 54.605237311226603 ], [ 25.294657758926085, 54.605686457038281 ], [ 25.294672013247371, 54.606135602813914 ], [ 25.294686267961886, 54.606584748553459 ], [ 25.294700523069636, 54.607033894256951 ], [ 25.294714778570658, 54.607483039924404 ], [ 25.29548852166899, 54.607474762247293 ], [ 25.295502786077037, 54.607923907742062 ], [ 25.29551705087859, 54.608373053200744 ], [ 25.295531316073689, 54.608822198623407 ], [ 25.295545581662335, 54.609271344009983 ], [ 25.295559847644551, 54.609720489360512 ], [ 25.295574114020347, 54.610169634674982 ], [ 25.295588380789734, 54.610618779953384 ], [ 25.29636218309566, 54.610610496375635 ], [ 25.296376458774038, 54.611059641481248 ], [ 25.296390734846284, 54.611508786550814 ], [ 25.296405011312395, 54.611957931584314 ], [ 25.296419288172398, 54.612407076581761 ], [ 25.296433565426305, 54.612856221543119 ], [ 25.296447843074134, 54.613305366468438 ], [ 25.296462121115891, 54.613754511357683 ], [ 25.296476399551594, 54.614203656210847 ], [ 25.296490678381268, 54.614652801027972 ], [ 25.29650495760491, 54.615101945809023 ], [ 25.297278844681223, 54.615093655918898 ], [ 25.297293132816577, 54.615542800527059 ], [ 25.297307421346176, 54.615991945099168 ], [ 25.297321710270026, 54.616441089635188 ], [ 25.297335999588146, 54.616890234135155 ], [ 25.29735028930056, 54.617339378599063 ], [ 25.297364579407265, 54.617788523026903 ], [ 25.297378869908293, 54.618237667418654 ], [ 25.297393160803644, 54.618686811774367 ], [ 25.298167115633909, 54.618678515843797 ], [ 25.298181415443189, 54.619127660026507 ], [ 25.298195715647058, 54.61957680417315 ], [ 25.298210016245545, 54.620025948283732 ], [ 25.298224317238656, 54.620475092358227 ], [ 25.298238618626407, 54.620924236396654 ], [ 25.299012615662249, 54.620915934835224 ], [ 25.299026925965389, 54.621365078700578 ], [ 25.299041236663435, 54.621814222529849 ], [ 25.299055547756399, 54.622263366323047 ], [ 25.299069859244291, 54.622712510080184 ], [ 25.299843889969559, 54.622704203024156 ], [ 25.299858210374062, 54.623153346608099 ], [ 25.299872531173765, 54.623602490155953 ], [ 25.299886852368687, 54.624051633667726 ], [ 25.300660908264415, 54.62404332125363 ], [ 25.300675238376911, 54.624492464592137 ], [ 25.300689568884891, 54.624941607894556 ], [ 25.301463641430075, 54.624933290259158 ], [ 25.301477980856344, 54.625382433388197 ], [ 25.30149232067836, 54.625831576481161 ], [ 25.302266409873639, 54.625823253624141 ], [ 25.302280758614682, 54.626272396543641 ], [ 25.302295107751728, 54.626721539427059 ], [ 25.303069213597745, 54.626713211348054 ], [ 25.303083571654529, 54.62716235405793 ], [ 25.303097930107594, 54.62761149673171 ], [ 25.303112288956932, 54.628060639369394 ], [ 25.303886419978515, 54.628052305930538 ], [ 25.303900787748571, 54.62850144839458 ], [ 25.303915155915178, 54.628950590822541 ], [ 25.303929524478352, 54.629399733214406 ], [ 25.304703680677282, 54.629391394415187 ], [ 25.304718058162134, 54.629840536633317 ], [ 25.30473243604381, 54.630289678815345 ], [ 25.305506608896337, 54.630281334792983 ], [ 25.305520995700419, 54.630730476801183 ], [ 25.306295176681406, 54.630722127693183 ], [ 25.30630957240836, 54.631171269527464 ], [ 25.306323968532663, 54.631620411325642 ], [ 25.306338365054323, 54.632069553087717 ], [ 25.30711257121596, 54.632061198618096 ], [ 25.307126976661461, 54.632510340206146 ], [ 25.307141382504589, 54.632959481758128 ], [ 25.307155788745359, 54.633408623273986 ], [ 25.307930020089444, 54.633400263442212 ], [ 25.307944435255031, 54.633849404784002 ], [ 25.307958850818512, 54.634298546089639 ], [ 25.308733098819229, 54.634290181033315 ], [ 25.308747523308245, 54.634739322164776 ], [ 25.308761948195432, 54.635188463260128 ], [ 25.308776373480807, 54.635637604319371 ], [ 25.308790799164381, 54.63608674534251 ], [ 25.308805225246168, 54.636535886329554 ], [ 25.309579515489066, 54.636527515633766 ], [ 25.309593950497856, 54.636976656446514 ], [ 25.309608385905126, 54.637425797223145 ], [ 25.309622821710896, 54.63787493796368 ], [ 25.310397137142314, 54.637866561904126 ], [ 25.310411581876053, 54.638315702470258 ], [ 25.310426027008553, 54.638764843000267 ], [ 25.310440472539828, 54.639213983494194 ], [ 25.311214813161552, 54.639205602070355 ], [ 25.311229267621773, 54.63965474238978 ], [ 25.311243722481034, 54.640103882673102 ], [ 25.311258177739354, 54.640553022920301 ], [ 25.31203254355318, 54.640544636131679 ], [ 25.312047007741413, 54.640993776204304 ], [ 25.31206147232896, 54.641442916240798 ], [ 25.31207593731585, 54.64189205624119 ], [ 25.312850328323567, 54.641883664087274 ], [ 25.312864802241343, 54.642332803912979 ], [ 25.312879276558721, 54.642781943702587 ], [ 25.312893751275709, 54.643231083456051 ], [ 25.313668167479115, 54.643222685936315 ], [ 25.313682651127966, 54.643671825515042 ], [ 25.313697135176696, 54.644120965057624 ], [ 25.314471568044898, 54.644112562310298 ], [ 25.314486061026212, 54.644561701678022 ], [ 25.314500554407672, 54.645010841009643 ], [ 25.314515048189289, 54.64545998030512 ], [ 25.315289506256075, 54.645451572191043 ], [ 25.315304008971243, 54.645900711311576 ], [ 25.315318512086836, 54.646349850395985 ], [ 25.316092986820166, 54.646341437053557 ], [ 25.316107498870039, 54.646790575962925 ], [ 25.316122011320601, 54.647239714836175 ], [ 25.316896502721118, 54.647231296265062 ], [ 25.316911024106673, 54.647680434963164 ], [ 25.316925545893188, 54.648129573625134 ], [ 25.317700053961534, 54.648121149825023 ], [ 25.317714584683767, 54.648570288311767 ], [ 25.317729115807222, 54.649019426762379 ], [ 25.318503640544051, 54.649010997732915 ], [ 25.318518180603945, 54.649460136008223 ], [ 25.318532721065324, 54.649909274247378 ], [ 25.319307262471284, 54.649900839988248 ], [ 25.319321811869823, 54.650349978051999 ], [ 25.320096361409682, 54.650341538702193 ], [ 25.320110919745847, 54.650790676590461 ], [ 25.320885477419576, 54.650782232149851 ], [ 25.320900044693847, 54.651231369862536 ], [ 25.320914612370366, 54.651680507539062 ], [ 25.321689186714259, 54.651672057867941 ], [ 25.321703763329598, 54.6521211953688 ], [ 25.322478345807514, 54.652112740606469 ], [ 25.322492931362149, 54.652561877931575 ], [ 25.322507517319561, 54.653011015220514 ], [ 25.322522103679756, 54.653460152473301 ], [ 25.323296711365892, 54.653451692340198 ], [ 25.323311306666351, 54.653900829417132 ], [ 25.324085922486901, 54.653892364192302 ], [ 25.324100526728095, 54.654341501093313 ], [ 25.324115131372597, 54.654790637958136 ], [ 25.324889763865425, 54.654782167501558 ], [ 25.324904377451386, 54.655231304190366 ], [ 25.325679018078784, 54.655222828641648 ], [ 25.325693640606669, 54.655671965154369 ], [ 25.326468289368609, 54.655663484513354 ], [ 25.326482920838902, 54.656112620849854 ], [ 25.326497552713263, 54.656561757150165 ], [ 25.326512184991714, 54.657010893414309 ], [ 25.32652681767426, 54.657460029642294 ], [ 25.327301500187819, 54.657451543488477 ], [ 25.327316141813988, 54.657900679540141 ], [ 25.328090832462685, 54.657892188293452 ], [ 25.328105483032957, 54.658341324168745 ], [ 25.32812013400784, 54.658790460007857 ], [ 25.328894841331596, 54.658781963527844 ], [ 25.328909501251303, 54.659231099190464 ], [ 25.329684216710358, 54.65922259761718 ], [ 25.32969888557535, 54.659671733103252 ], [ 25.32971355484548, 54.660120868553115 ], [ 25.32972822452076, 54.660570003966839 ], [ 25.330502965196573, 54.660561497019145 ], [ 25.330517643818112, 54.661010632256193 ], [ 25.33053232284507, 54.661459767457053 ], [ 25.331307080197874, 54.661451255275033 ], [ 25.331321768171822, 54.661900390299152 ], [ 25.331336456551433, 54.662349525287063 ], [ 25.332111230581894, 54.662341007870403 ], [ 25.332125927909225, 54.662790142681459 ], [ 25.332140625642499, 54.663239277456356 ], [ 25.332915416351245, 54.663230754804687 ], [ 25.332930123032952, 54.66367988940263 ], [ 25.332944830120869, 54.664129023964371 ], [ 25.332959537615025, 54.664578158489952 ], [ 25.333734353545626, 54.664569630462118 ], [ 25.333749069989178, 54.665018764810654 ], [ 25.334523894056446, 54.665010231687994 ], [ 25.334538619449869, 54.665459365859405 ], [ 25.334553345250047, 54.665908499994636 ], [ 25.33532818599754, 54.665899961635979 ], [ 25.33534292074831, 54.666349095593986 ], [ 25.335357655906098, 54.666798229515798 ], [ 25.335372391470909, 54.667247363401415 ], [ 25.336147257443571, 54.667238819665322 ], [ 25.336162001959948, 54.667687953373623 ], [ 25.336176746883631, 54.668137087045743 ], [ 25.33695162953827, 54.668128538072892 ], [ 25.336966383414236, 54.668577671567611 ], [ 25.336981137697773, 54.669026805026114 ], [ 25.337756037035032, 54.669018250816194 ], [ 25.337770800271581, 54.66946738409721 ], [ 25.337785563915961, 54.669916517342024 ], [ 25.338560479936497, 54.669907957894679 ], [ 25.338575252534614, 54.670357090961907 ], [ 25.338590025540821, 54.670806223992926 ], [ 25.339364958245277, 54.67079765930783 ], [ 25.339379740205938, 54.671246792161199 ], [ 25.339394522574977, 54.671695924978337 ], [ 25.340169471963993, 54.671687355055148 ], [ 25.340184263288211, 54.67213648769453 ], [ 25.340959220815407, 54.672127912674561 ], [ 25.340974021095281, 54.672577045136094 ], [ 25.340988821784034, 54.673026177561411 ], [ 25.341763795996631, 54.67301759730276 ], [ 25.341778605641757, 54.67346672955015 ], [ 25.341793415696038, 54.673915861761301 ], [ 25.342568406594683, 54.673907276263662 ], [ 25.342583225606067, 54.674356408296788 ], [ 25.342598045026854, 54.674805540293697 ], [ 25.343373052612193, 54.674796949556701 ], [ 25.343387880990807, 54.675246081375491 ], [ 25.343402709779109, 54.67569521315805 ], [ 25.344177734051787, 54.675686617181405 ], [ 25.344192571798629, 54.67613574878574 ], [ 25.34420740995542, 54.676584880353857 ], [ 25.344982450916081, 54.676576279137201 ], [ 25.344997298032144, 54.677025410527015 ], [ 25.345012145558421, 54.677474541880599 ], [ 25.34578720320772, 54.677465935423605 ], [ 25.345802059693995, 54.6779150665988 ], [ 25.345816916590739, 54.678364197737743 ], [ 25.346591990929312, 54.678355586040084 ], [ 25.346606856786785, 54.678804717000538 ], [ 25.346621723054998, 54.679253847924763 ], [ 25.347396814083499, 54.679245230986105 ], [ 25.347411689313155, 54.679694361731741 ], [ 25.347426564953825, 54.680143492441147 ], [ 25.348201672672893, 54.680134870261142 ], [ 25.348216557275734, 54.680584000791882 ], [ 25.348231442289848, 54.681033131286377 ], [ 25.349006566700144, 54.681024503864691 ], [ 25.349021460677147, 54.681473634180449 ], [ 25.349036355065699, 54.681922764459927 ], [ 25.349811496167852, 54.68191413179624 ], [ 25.349826399520023, 54.682363261896882 ], [ 25.349841303284002, 54.682812391961278 ], [ 25.350616461078666, 54.68280375405525 ], [ 25.350631373806991, 54.683252883940703 ], [ 25.350646286947384, 54.683702013789897 ], [ 25.351421461435208, 54.683693370641187 ], [ 25.351436383540673, 54.684142500311353 ], [ 25.351451306058483, 54.684591629945267 ], [ 25.352226497240107, 54.684582981553547 ], [ 25.352241428723694, 54.685032111008333 ], [ 25.352256360619904, 54.685481240426853 ], [ 25.353031568495982, 54.685472586791811 ], [ 25.353046509358702, 54.68592171603111 ], [ 25.3530614506343, 54.686370845234173 ], [ 25.353836675205471, 54.686362186355417 ], [ 25.353851625448307, 54.686811315379181 ], [ 25.353866576104291, 54.687260444366665 ], [ 25.354641817371206, 54.687251780243898 ], [ 25.354656776995146, 54.687700909051998 ], [ 25.354671737032501, 54.68815003782381 ], [ 25.355446994995805, 54.688141368456726 ], [ 25.35546196400184, 54.688590497049042 ], [ 25.355476933421567, 54.689039625605098 ], [ 25.356252208081912, 54.689030950993327 ], [ 25.356267186471033, 54.689480079369794 ], [ 25.356282165274113, 54.689929207710001 ], [ 25.357057456632145, 54.689920527853218 ], [ 25.357072444405347, 54.690369656013758 ], [ 25.35708743259277, 54.69081878413801 ], [ 25.357862740649129, 54.690810099035879 ], [ 25.357877737807407, 54.691259226980378 ], [ 25.357892735380172, 54.69170835488859 ], [ 25.358668060135507, 54.691699664540778 ], [ 25.358683066679852, 54.692148792269144 ], [ 25.358698073638944, 54.692597919961216 ], [ 25.358713081012819, 54.693047047617007 ], [ 25.359488431025305, 54.693038351879515 ], [ 25.359503447371722, 54.693487479355376 ], [ 25.359518464133181, 54.693936606794935 ], [ 25.360293830846395, 54.693927905811002 ], [ 25.360308856581135, 54.694377033070531 ], [ 25.360323882731166, 54.694826160293772 ], [ 25.361099266145761, 54.694817454063056 ], [ 25.361114301269808, 54.695266581106182 ], [ 25.361129336809416, 54.695715708113006 ], [ 25.361904736926032, 54.695706996635181 ], [ 25.361919781440374, 54.696156123461769 ], [ 25.361934826370554, 54.696605250252091 ], [ 25.362710243189827, 54.696596533526815 ], [ 25.362725297095466, 54.697045660136801 ], [ 25.362740351417212, 54.697494786710514 ], [ 25.363515784939796, 54.697486064737461 ], [ 25.363530848237708, 54.69793519113076 ], [ 25.363545911952009, 54.698384317487758 ], [ 25.363560976082692, 54.698833443808439 ], [ 25.364336434869752, 54.698824716443092 ], [ 25.364351507977592, 54.699273842583302 ], [ 25.364366581502086, 54.699722968687183 ], [ 25.365142056994209, 54.699714236073298 ], [ 25.365157139496588, 54.700163361996616 ], [ 25.36517222241585, 54.700612487882523 ], [ 25.365947714613689, 54.700603750019788 ], [ 25.365962806511593, 54.701052875726099 ], [ 25.365977898826692, 54.701502001396108 ], [ 25.366753407730879, 54.70149325828416 ], [ 25.366768509025313, 54.701942383773407 ], [ 25.366783610737201, 54.702391509226331 ], [ 25.366798712866562, 54.702840634642918 ], [ 25.367574247040341, 54.702831886136892 ], [ 25.367589358150013, 54.703281011372631 ], [ 25.367604469677428, 54.703730136572062 ], [ 25.368380020559311, 54.703721382816084 ], [ 25.368395141067758, 54.704170507834554 ], [ 25.368410261994221, 54.704619632816694 ], [ 25.369185829584854, 54.70461087381041 ], [ 25.369200959493075, 54.70505999861151 ], [ 25.369216089819574, 54.705509123376288 ], [ 25.369231220564362, 54.705958248104736 ], [ 25.370006813428589, 54.705949483703009 ], [ 25.370021953156119, 54.706398608250346 ], [ 25.370037093302209, 54.706847732761325 ], [ 25.370812702876943, 54.706838963108552 ], [ 25.370827852006499, 54.707288087438307 ], [ 25.370843001554881, 54.707737211731732 ], [ 25.370858151522111, 54.708186335988827 ], [ 25.371633786373334, 54.708177560939674 ], [ 25.371648945325006, 54.708626685015446 ], [ 25.371664104695789, 54.709075809054887 ], [ 25.372439756259272, 54.709067028753907 ], [ 25.372454924615216, 54.709516152611933 ], [ 25.372470093390547, 54.709965276433614 ], [ 25.372485262585283, 54.71041440021898 ], [ 25.37326093942816, 54.710405614520702 ], [ 25.373276117609034, 54.710854738124539 ], [ 25.373291296209572, 54.711303861692024 ], [ 25.374066989766455, 54.711295070741187 ], [ 25.374082177353863, 54.711744194127085 ], [ 25.374097365361205, 54.712193317476633 ], [ 25.374112553788507, 54.712642440789836 ], [ 25.374888272627686, 54.712633644440743 ], [ 25.37490347004282, 54.71308276757226 ], [ 25.37491866787818, 54.713531890667412 ], [ 25.375694403433126, 54.713523089065006 ], [ 25.375709610257058, 54.713972211978387 ], [ 25.375724817501478, 54.714421334855416 ], [ 25.375740025166397, 54.714870457696101 ], [ 25.376515786006539, 54.714861650694488 ], [ 25.376531002661014, 54.715310773353274 ], [ 25.376546219736259, 54.715759895975715 ], [ 25.377321997293912, 54.715751083720029 ], [ 25.377337223359429, 54.716200206160487 ], [ 25.377352449845997, 54.716649328564621 ], [ 25.377367676753614, 54.717098450932376 ], [ 25.37814347959937, 54.717089633276565 ], [ 25.378158715498241, 54.717538755462257 ], [ 25.378173951818443, 54.717987877611591 ], [ 25.378949771383461, 54.71797905470094 ], [ 25.378965016695638, 54.718428176668084 ], [ 25.378980262429408, 54.718877298598926 ], [ 25.378995508584786, 54.719326420493381 ], [ 25.379771353440816, 54.719317592181653 ], [ 25.379786608589153, 54.719766713893847 ], [ 25.379801864159376, 54.720215835569682 ], [ 25.380577725736412, 54.720207002002368 ], [ 25.380592990300322, 54.72065612349585 ], [ 25.380608255286365, 54.721105244952973 ], [ 25.380623520694581, 54.721554366373738 ], [ 25.381399407565528, 54.721545527404395 ], [ 25.381414681968408, 54.72199464864272 ], [ 25.38142995679372, 54.722443769844659 ], [ 25.381445232041472, 54.722892891010233 ], [ 25.382221144208131, 54.722884046638391 ], [ 25.382236428451534, 54.723333167621441 ], [ 25.382251713117643, 54.723782288568096 ], [ 25.38302764200818, 54.723773438939475 ], [ 25.383042935670662, 54.724222559703499 ], [ 25.383058229756131, 54.724671680431172 ], [ 25.383073524264599, 54.725120801122465 ], [ 25.383849478453751, 54.725111946090379 ], [ 25.38386478195957, 54.725561066598956 ], [ 25.383880085888649, 54.72601018707114 ], [ 25.383895390241026, 54.726459307506943 ], [ 25.384671369730594, 54.726450447070881 ], [ 25.384686683081284, 54.72689956732389 ], [ 25.384701996855547, 54.727348687540491 ], [ 25.385477993071841, 54.727339821846492 ], [ 25.385493315845146, 54.727788941880178 ], [ 25.385508639042275, 54.728238061877505 ], [ 25.38628465198595, 54.728229190925191 ], [ 25.386299984182866, 54.728678310739511 ], [ 25.386315316803866, 54.729127430517437 ], [ 25.386330649848983, 54.72957655025899 ], [ 25.387106688097077, 54.729567673901343 ], [ 25.387122030142958, 54.730016793459789 ], [ 25.387137372613211, 54.730465912981842 ], [ 25.387913427590433, 54.730457031365141 ], [ 25.387928779062175, 54.730906150704023 ], [ 25.387944130958555, 54.73135527000651 ], [ 25.387959483279602, 54.731804389272575 ], [ 25.387974836025322, 54.732253508502275 ], [ 25.388750924887677, 54.732244621332413 ], [ 25.388766286636127, 54.732693740378821 ], [ 25.388781648809513, 54.733142859388835 ], [ 25.388797011407863, 54.73359197836244 ], [ 25.38957312558005, 54.733583085785718 ], [ 25.3895884971821, 54.734032204575939 ], [ 25.389603869209385, 54.734481323329796 ], [ 25.389619241661915, 54.734930442047208 ], [ 25.390395381145726, 54.73492154406307 ], [ 25.390410762602944, 54.735370662597035 ], [ 25.39042614448568, 54.735819781094605 ], [ 25.390441526793939, 54.736268899555768 ], [ 25.390456909527742, 54.736718017980508 ], [ 25.391233082905106, 54.73670911444129 ], [ 25.391248474644836, 54.737158232682482 ], [ 25.391263866810377, 54.737607350887252 ], [ 25.391279259401749, 54.738056469055628 ], [ 25.392055458095037, 54.738047560107908 ], [ 25.392070859693309, 54.738496678092616 ], [ 25.392086261717683, 54.738945796040895 ], [ 25.39210166416818, 54.7393949139528 ], [ 25.392877888179193, 54.739385999596045 ], [ 25.392893299637567, 54.739835117324155 ], [ 25.39290871152232, 54.740284235015864 ], [ 25.392924123833485, 54.740733352671178 ], [ 25.39370037316403, 54.740724432904869 ], [ 25.393715794484052, 54.741173550376296 ], [ 25.393731216230744, 54.741622667811349 ], [ 25.393746638404131, 54.742071785209966 ], [ 25.394522913056004, 54.742062860033592 ], [ 25.394538344239226, 54.742511977248249 ], [ 25.394553775849406, 54.742961094426512 ], [ 25.394569207886562, 54.743410211568332 ], [ 25.39534550786157, 54.743401280981381 ], [ 25.395360948909548, 54.743850397939177 ], [ 25.395376390384762, 54.744299514860522 ], [ 25.395391832287245, 54.74474863174548 ], [ 25.396168157587187, 54.744739695747441 ], [ 25.39618360850147, 54.745188812448227 ], [ 25.396199059843273, 54.745637929112597 ], [ 25.396214511612637, 54.746087045740573 ], [ 25.396229963809546, 54.746536162332099 ], [ 25.397006323021454, 54.746527220774617 ], [ 25.397021784231409, 54.74697633718192 ], [ 25.397037245869189, 54.747425453552793 ], [ 25.397052707934822, 54.747874569887223 ], [ 25.397829092475959, 54.74786562291753 ], [ 25.397844563555608, 54.748314739067631 ], [ 25.397860035063378, 54.748763855181309 ], [ 25.39787550699927, 54.749212971258565 ], [ 25.398651916871451, 54.749204018876135 ], [ 25.398667397822347, 54.74965313476897 ], [ 25.398682879201647, 54.750102250625353 ], [ 25.398698361009366, 54.750551366445301 ], [ 25.399474796214385, 54.750542408649622 ], [ 25.399490287038084, 54.750991524285041 ], [ 25.399505778290472, 54.751440639884038 ], [ 25.399521269971569, 54.751889755446605 ], [ 25.399536762081375, 54.752338870972721 ], [ 25.39955225461992, 54.752787986462408 ], [ 25.400328732336312, 54.752779022956602 ], [ 25.400344233892337, 54.753228138261662 ], [ 25.400359735877355, 54.753677253530277 ], [ 25.401136230342402, 54.753668284758277 ], [ 25.401151741345625, 54.754117399842201 ], [ 25.40116725277813, 54.754566514889653 ], [ 25.40118276463992, 54.755015629900676 ], [ 25.401198276931019, 54.755464744875255 ], [ 25.401974805324887, 54.75545577054001 ], [ 25.401990326635421, 54.755904885329763 ], [ 25.402005848375534, 54.756354000083086 ], [ 25.402021370545238, 54.756803114799972 ], [ 25.402797924280552, 54.756794135049205 ], [ 25.402813455470675, 54.757243249581173 ], [ 25.402828987090665, 54.757692364076689 ], [ 25.402844519140533, 54.758141478535762 ], [ 25.402860051620294, 54.75859059295837 ], [ 25.403636639290358, 54.758581607643052 ], [ 25.403652180791774, 54.75903072188067 ], [ 25.403667722723362, 54.759479836081837 ], [ 25.403683265085125, 54.759928950246547 ], [ 25.404459878100941, 54.759919959514605 ], [ 25.404475429485341, 54.760369073494211 ], [ 25.404490981300199, 54.760818187437373 ], [ 25.404506533545522, 54.76126730134407 ], [ 25.405283171908888, 54.761258305194985 ], [ 25.40529873317783, 54.76170741891648 ], [ 25.40531429487751, 54.76215653260153 ], [ 25.405329857007949, 54.76260564625013 ], [ 25.406106520720659, 54.762596644683377 ], [ 25.406122091875702, 54.763045758146681 ], [ 25.406137663461767, 54.763494871573506 ], [ 25.406153235478872, 54.763943984963888 ], [ 25.406168807927028, 54.764393098317818 ], [ 25.406945505585437, 54.764384091183963 ], [ 25.40696108705944, 54.764833204352506 ], [ 25.406976668964763, 54.765282317484555 ], [ 25.406992251301435, 54.765731430580153 ], [ 25.407768974313509, 54.765722418027543 ], [ 25.407784565676998, 54.766171530937648 ], [ 25.40780015747211, 54.766620643811301 ], [ 25.407815749698845, 54.767069756648475 ], [ 25.408592498066369, 54.767060738676562 ], [ 25.408608099320912, 54.76750985132815 ], [ 25.408623701007361, 54.767958963943293 ], [ 25.408639303125721, 54.768408076521943 ], [ 25.408654905676016, 54.76885718906415 ], [ 25.409431687997671, 54.768848165523202 ], [ 25.409447299577007, 54.769297277879708 ], [ 25.409462911588545, 54.769746390199764 ], [ 25.409478524032298, 54.770195502483325 ], [ 25.410255331713735, 54.770186473521974 ], [ 25.410270953187513, 54.770635585619758 ], [ 25.410286575093789, 54.771084697681097 ], [ 25.410302197432571, 54.771533809705915 ], [ 25.410317820203872, 54.771982921694288 ], [ 25.411094661845365, 54.771973887162602 ], [ 25.41111029364793, 54.772422998965091 ], [ 25.41112592588329, 54.7728721107311 ], [ 25.41114155855146, 54.773321222460652 ], [ 25.41115719165245, 54.773770334153696 ], [ 25.411934067257441, 54.773761294050985 ], [ 25.411949709390942, 54.774210405558058 ], [ 25.411965351957534, 54.77465951702866 ], [ 25.411980994957233, 54.775108628462796 ], [ 25.412757895928809, 54.775099582937898 ], [ 25.412773547962001, 54.775548694185971 ], [ 25.412789200428573, 54.775997805397544 ], [ 25.412804853328542, 54.776446916572645 ], [ 25.412820506661927, 54.776896027711238 ], [ 25.413597441602942, 54.776886976614009 ], [ 25.413613103971056, 54.777336087566439 ], [ 25.413628766772849, 54.777785198482391 ], [ 25.413644430008347, 54.778234309361864 ], [ 25.413660093677564, 54.778683420204835 ], [ 25.414437062591468, 54.778674363534563 ], [ 25.414452735296646, 54.779123474191259 ], [ 25.414468408435816, 54.779572584811497 ], [ 25.414484082008986, 54.780021695395227 ], [ 25.41449975601618, 54.780470805942464 ], [ 25.415276758906405, 54.780461743698432 ], [ 25.4152924419508, 54.7809108540593 ], [ 25.41530812542949, 54.781359964383697 ], [ 25.415323809342485, 54.781809074671592 ], [ 25.415339493689807, 54.782258184922973 ], [ 25.416116530559783, 54.782249117104485 ], [ 25.416132223945556, 54.782698227169419 ], [ 25.416147917765912, 54.783147337197853 ], [ 25.416163612020881, 54.783596447189801 ], [ 25.416179306710482, 54.784045557145248 ], [ 25.416195001834726, 54.784494667064216 ], [ 25.41697208129294, 54.784485593520486 ], [ 25.416987785457124, 54.784934703252873 ], [ 25.417003490056221, 54.785383812948758 ], [ 25.417019195090244, 54.785832922608151 ], [ 25.417034900559223, 54.78628203223105 ], [ 25.417050606463157, 54.786731141817434 ], [ 25.417066312802074, 54.787180251367339 ], [ 25.417082019575986, 54.787629360880715 ], [ 25.417097726784913, 54.788078470357625 ], [ 25.417113434428867, 54.788527579798 ], [ 25.417129142507871, 54.78897668920191 ], [ 25.417144851021934, 54.789425798569305 ], [ 25.417160559971077, 54.789874907900213 ], [ 25.417176269355313, 54.7903240171946 ], [ 25.417191979174657, 54.7907731264525 ], [ 25.417207689429134, 54.791222235673899 ], [ 25.416430480866747, 54.791231311468962 ], [ 25.416446182947514, 54.791680420803992 ], [ 25.416461885463203, 54.792129530102507 ], [ 25.415684659247944, 54.792138601221033 ], [ 25.415700353589234, 54.792587710633114 ], [ 25.415716048365233, 54.793036820008666 ], [ 25.415731743575968, 54.793485929347753 ], [ 25.415747439221459, 54.793935038650346 ], [ 25.415763135301706, 54.794384147916432 ], [ 25.414985865602567, 54.794393214808025 ], [ 25.415001553507054, 54.794842324187613 ], [ 25.415017241846094, 54.795291433530693 ], [ 25.414239954491041, 54.79530049574489 ], [ 25.414255634653617, 54.795749605201401 ], [ 25.414271315250549, 54.796198714621418 ], [ 25.4134940102388, 54.796207772157871 ], [ 25.413509682658567, 54.796656881691234 ], [ 25.41273236860113, 54.796665934399911 ], [ 25.41274803284325, 54.797115044046521 ], [ 25.412763697519303, 54.797564153656673 ], [ 25.411986365804104, 54.797573201687058 ], [ 25.412002022301809, 54.798022311410392 ], [ 25.412017679233244, 54.798471421097247 ], [ 25.411240329859499, 54.798480464449028 ], [ 25.411255978611898, 54.798929574248994 ], [ 25.41047862019186, 54.798938612772325 ], [ 25.410494260764739, 54.799387722685346 ], [ 25.410509901770904, 54.799836832561894 ], [ 25.409732525691265, 54.799845866406045 ], [ 25.409748158517214, 54.80029497639557 ], [ 25.408970773390962, 54.800304005410865 ], [ 25.408986398036223, 54.800753115513267 ], [ 25.40820900386332, 54.800762139699543 ], [ 25.408224620327413, 54.801211249914786 ], [ 25.408240237224149, 54.801660360093557 ], [ 25.407462825390279, 54.801669379599822 ], [ 25.407478434105155, 54.802118489891349 ], [ 25.406701013224321, 54.802127504568176 ], [ 25.406716613756846, 54.802576614972367 ], [ 25.405939183829013, 54.802585624819606 ], [ 25.405954776178721, 54.803034735336382 ], [ 25.405177337203853, 54.803043740353836 ], [ 25.405192921370265, 54.803492850983147 ], [ 25.404415473348337, 54.803501851170644 ], [ 25.404431049330974, 54.803950961912399 ], [ 25.403653592261954, 54.80395995726979 ], [ 25.403669160060332, 54.804409068123917 ], [ 25.402891693944188, 54.804418058651031 ], [ 25.402907253557839, 54.804867169617438 ], [ 25.402129778394531, 54.804876155314133 ], [ 25.402145329822975, 54.805325266392735 ], [ 25.401367845612477, 54.805334247258827 ], [ 25.400590360971332, 54.80534322314562 ], [ 25.399812875899784, 54.805352194053128 ], [ 25.399035390398065, 54.805361159981373 ], [ 25.398257904466423, 54.805370120930341 ], [ 25.397480418105086, 54.805379076900003 ], [ 25.396702931314302, 54.805388027890352 ], [ 25.395925444094303, 54.805396973901402 ], [ 25.395147956445328, 54.805405914933154 ], [ 25.394370468367615, 54.805414850985585 ], [ 25.393592979861413, 54.805423782058689 ], [ 25.392815490926949, 54.805432708152473 ], [ 25.392038001564469, 54.805441629266909 ], [ 25.391260511774199, 54.805450545402003 ], [ 25.390483021556388, 54.805459456557763 ], [ 25.389705530911275, 54.805468362734175 ], [ 25.38892803983909, 54.805477263931223 ], [ 25.388150548340082, 54.805486160148881 ], [ 25.387373056414489, 54.805495051387197 ], [ 25.386595564062539, 54.805503937646115 ], [ 25.385818071284479, 54.805512818925656 ], [ 25.385040578080549, 54.805521695225835 ], [ 25.384263084450975, 54.805530566546601 ], [ 25.38348559039601, 54.805539432887947 ], [ 25.382708095915888, 54.805548294249917 ], [ 25.381930601010847, 54.80555715063246 ], [ 25.381153105681122, 54.805566002035583 ], [ 25.380375609926951, 54.805574848459287 ], [ 25.379598113748589, 54.805583689903543 ], [ 25.37882061714625, 54.805592526368386 ], [ 25.378043120120193, 54.805601357853782 ], [ 25.377265622670638, 54.805610184359722 ], [ 25.377280898791891, 54.806059300115386 ], [ 25.377296175336404, 54.806508415834749 ], [ 25.377311452304195, 54.806957531517746 ], [ 25.377326729695287, 54.807406647164441 ], [ 25.3773420075097, 54.807855762774807 ], [ 25.377357285747433, 54.808304878348849 ], [ 25.377372564408514, 54.808753993886569 ], [ 25.377387843492958, 54.809203109387958 ], [ 25.377403123000779, 54.809652224853018 ], [ 25.377418402931998, 54.810101340281747 ], [ 25.377433683286615, 54.810550455674189 ], [ 25.377448964064666, 54.810999571030266 ], [ 25.377464245266154, 54.811448686350033 ], [ 25.377479526891101, 54.811897801633464 ], [ 25.37749480893952, 54.812346916880571 ], [ 25.377510091411427, 54.812796032091384 ], [ 25.377525374306845, 54.813245147265846 ], [ 25.377540657625776, 54.813694262403978 ], [ 25.377555941368247, 54.814143377505786 ], [ 25.376778279730136, 54.814152201805655 ], [ 25.376000617668709, 54.814161021124498 ], [ 25.37522295518421, 54.814169835462287 ], [ 25.375238213485346, 54.814618950965531 ], [ 25.374460541956342, 54.814627760468063 ], [ 25.373682870004732, 54.814636564989442 ], [ 25.372905197630747, 54.81464536452971 ], [ 25.372920430488985, 54.815094480433658 ], [ 25.37214274907091, 54.815103275138291 ], [ 25.371365067230922, 54.815112064861701 ], [ 25.370587384969259, 54.8151208496039 ], [ 25.370602592383051, 54.815569965907812 ], [ 25.369824901077717, 54.815578745814015 ], [ 25.369047209351177, 54.815587520738902 ], [ 25.368269517203657, 54.815596290682478 ], [ 25.368284699171426, 54.816045407385658 ], [ 25.367506997980652, 54.816054172492898 ], [ 25.366729296369364, 54.816062932618706 ], [ 25.365951594337801, 54.816071687763092 ], [ 25.365173891886201, 54.816080437926033 ], [ 25.364396189014801, 54.816089183107522 ], [ 25.363618485723848, 54.816097923307595 ], [ 25.362840782013574, 54.816106658526195 ], [ 25.362063077884223, 54.816115388763336 ], [ 25.361285373336024, 54.816124114019011 ], [ 25.36050766836923, 54.816132834293207 ], [ 25.360522764529449, 54.816581952406636 ], [ 25.359745050521369, 54.816590667843563 ], [ 25.359760138476815, 54.81703978606496 ] ] ] } },
{ "type": "Feature", "properties": { "OBJECTID": 697734, "TRIUKSM": "45-49", "PERIODAS": 4, "TIPAS": 8, "METAI": 2011, "SHAPEarea": 1262499.9997119999, "SHAPElen": 7900 }, "geometry": { "type": "Polygon", "coordinates": [ [ [ 25.311773435657791, 54.824756449819589 ], [ 25.310995549130432, 54.824764853770212 ], [ 25.310217662199715, 54.824773252737486 ], [ 25.309439774865893, 54.824781646721434 ], [ 25.308661887129176, 54.824790035722053 ], [ 25.30788399898983, 54.824798419739317 ], [ 25.307106110448078, 54.824806798773231 ], [ 25.306328221504174, 54.82481517282379 ], [ 25.30555033215834, 54.824823541890972 ], [ 25.30477244241083, 54.82483190597479 ], [ 25.304757960318138, 54.824382778301946 ], [ 25.30398007879727, 54.824391137264065 ], [ 25.303202196875205, 54.824399491242893 ], [ 25.303187732439667, 54.823950363257445 ], [ 25.302409858744532, 54.823958712114823 ], [ 25.301631984648711, 54.823967055988966 ], [ 25.301617537869404, 54.823517927691292 ], [ 25.30239540333757, 54.823509583955222 ], [ 25.302380948331287, 54.823060455759588 ], [ 25.303158804771375, 54.823052107178512 ], [ 25.303144341538598, 54.822602979084998 ], [ 25.303922188950626, 54.822594625659114 ], [ 25.303907717491825, 54.82214549766779 ], [ 25.304685555875828, 54.822137139397228 ], [ 25.304671076191493, 54.821688011508215 ], [ 25.3054489055475, 54.82167964839315 ], [ 25.305434417638097, 54.821230520606484 ], [ 25.306212237966143, 54.821222152647096 ], [ 25.306197741832154, 54.820773024962861 ], [ 25.306975553132261, 54.820764652159319 ], [ 25.30696104877417, 54.820315524577587 ], [ 25.307738851046377, 54.820307146930055 ], [ 25.307724338464645, 54.819858019450912 ], [ 25.30850213170898, 54.819849636959553 ], [ 25.308487610904105, 54.819400509583062 ], [ 25.309265395120594, 54.819392122248047 ], [ 25.310043178934389, 54.819383729930678 ], [ 25.310028641281718, 54.818934602795792 ], [ 25.310806416067475, 54.818926205635016 ], [ 25.310791870192862, 54.818477078603017 ], [ 25.311569635950615, 54.818468676599004 ], [ 25.311555081854536, 54.81801954966997 ], [ 25.312332838584311, 54.818011142822918 ], [ 25.312318276267241, 54.817562015996927 ], [ 25.313096023969081, 54.817553604306951 ], [ 25.313873771267087, 54.817545187634991 ], [ 25.313859192105422, 54.81709606105138 ], [ 25.314636930375286, 54.817087639536787 ], [ 25.314622342993843, 54.816638513056454 ], [ 25.315400072235601, 54.816630086699348 ], [ 25.315385476634855, 54.816180960322377 ], [ 25.316163196848539, 54.816172529122973 ], [ 25.316940916657479, 54.816164092941868 ], [ 25.317718636061443, 54.816155651778999 ], [ 25.317704014995282, 54.815706525784719 ], [ 25.318481725370749, 54.815698079779899 ], [ 25.318467096086742, 54.815248953889267 ], [ 25.31924479743375, 54.815240503042652 ], [ 25.320022498375099, 54.815232047214522 ], [ 25.32000785225096, 54.814782921567513 ], [ 25.320785544163648, 54.814774460897823 ], [ 25.321563235670208, 54.814765995246688 ], [ 25.321548572706948, 54.814316869843658 ], [ 25.322326255184663, 54.814308399351248 ], [ 25.322311584005501, 54.813859274052255 ], [ 25.323089257454392, 54.813850798718725 ], [ 25.323866930496479, 54.813842318403907 ], [ 25.32464460313151, 54.81383383310785 ], [ 25.324629906492998, 54.813384708193674 ], [ 25.325407570098797, 54.813376218056838 ], [ 25.325392865245838, 54.81292709324704 ], [ 25.32617051982244, 54.81291859826959 ], [ 25.326155806755526, 54.812469473564235 ], [ 25.326933452302953, 54.812460973746326 ], [ 25.32771109744241, 54.812452468947455 ], [ 25.327725827752182, 54.812901593371485 ], [ 25.327740558470161, 54.813350717759398 ], [ 25.327755289596368, 54.813799842111173 ], [ 25.328532960192575, 54.813791331908917 ], [ 25.328547700349151, 54.81424045608378 ], [ 25.328562440914222, 54.814689580222513 ], [ 25.327784753073534, 54.814698090706365 ], [ 25.327799485424521, 54.815147214949796 ], [ 25.327021788552944, 54.815155720592998 ], [ 25.327036512689368, 54.815604844941014 ], [ 25.326258806786864, 54.815613345743394 ], [ 25.325481100476537, 54.815621841564187 ], [ 25.324703393758625, 54.815630332403416 ], [ 25.324718092433738, 54.816079457137029 ], [ 25.324732791516219, 54.816528581834554 ], [ 25.324747491006079, 54.816977706495948 ], [ 25.323969758010637, 54.816986192774827 ], [ 25.323192024608023, 54.816994674071864 ], [ 25.322414290798505, 54.817003150387066 ], [ 25.321636556582302, 54.817011621720432 ], [ 25.321651221983984, 54.817460746906896 ], [ 25.321665887792118, 54.817909872057243 ], [ 25.321680554006722, 54.818358997171515 ], [ 25.322458314095392, 54.81835052541765 ], [ 25.323236073777345, 54.818342048681671 ], [ 25.323250757647692, 54.818791173479404 ], [ 25.324028525547273, 54.818782691621017 ], [ 25.324806293039639, 54.818774204780482 ], [ 25.325584060124548, 54.81876571295777 ], [ 25.325598770276354, 54.819214837298119 ], [ 25.326376545578363, 54.819206340352672 ], [ 25.32715432047242, 54.819197838424998 ], [ 25.327169048281995, 54.819646962447962 ], [ 25.327946831392865, 54.819638455397296 ], [ 25.328724614095293, 54.819629943364347 ], [ 25.329502396389042, 54.819621426349123 ], [ 25.329517150482502, 54.820070549913424 ], [ 25.330294940992516, 54.820062027774881 ], [ 25.331072731093368, 54.82005350065397 ], [ 25.331087502846621, 54.820502623900047 ], [ 25.331865301163457, 54.820494091655618 ], [ 25.332643099070623, 54.820485554428743 ], [ 25.33342089656788, 54.820477012219428 ], [ 25.333435694607452, 54.820926135005585 ], [ 25.334213500320161, 54.82091758767244 ], [ 25.33499130562247, 54.820909035356777 ], [ 25.335006121323854, 54.821358157823852 ], [ 25.3350209374359, 54.821807280254774 ], [ 25.335035753958604, 54.822256402649536 ], [ 25.334257922778121, 54.822264955389741 ], [ 25.333480091187187, 54.822273503147215 ], [ 25.332702259186043, 54.822282045921902 ], [ 25.331924426774933, 54.822290583713865 ], [ 25.331146593954088, 54.822299116523034 ], [ 25.330368760723751, 54.822307644349458 ], [ 25.329590927084162, 54.822316167193087 ], [ 25.32960568363147, 54.822765290540637 ], [ 25.32882784095623, 54.822773808542451 ], [ 25.328049997872196, 54.822782321561391 ], [ 25.327272154379607, 54.822790829597437 ], [ 25.326494310478701, 54.822799332650632 ], [ 25.325716466169723, 54.822807830720912 ], [ 25.325731179991486, 54.82325695473628 ], [ 25.324953326647726, 54.823265447964218 ], [ 25.324175472896339, 54.823273936209183 ], [ 25.323397618737584, 54.823282419471148 ], [ 25.323412307085555, 54.823731543871759 ], [ 25.322634443892415, 54.823740022291034 ], [ 25.32185658029238, 54.823748495727251 ], [ 25.321078716285665, 54.823756964180369 ], [ 25.320300851872517, 54.823765427650379 ], [ 25.319522987053173, 54.823773886137303 ], [ 25.318745121827881, 54.823782339641127 ], [ 25.317967256196873, 54.823790788161844 ], [ 25.31718939016039, 54.823799231699454 ], [ 25.316411523718671, 54.823807670253935 ], [ 25.316426134825875, 54.824256795878149 ], [ 25.315648259351526, 54.824265229589066 ], [ 25.314870383472407, 54.82427365831677 ], [ 25.314092507188761, 54.824282082061245 ], [ 25.313314630500809, 54.824290500822499 ], [ 25.312536753408803, 54.82429891460054 ], [ 25.311758875912979, 54.824307323395338 ], [ 25.311773435657791, 54.824756449819589 ] ] ] } },
{ "type": "Feature", "properties": { "OBJECTID": 697741, "TRIUKSM": "50-54", "PERIODAS": 4, "TIPAS": 8, "METAI": 2011, "SHAPEarea": 2500.0, "SHAPElen": 200 }, "geometry": { "type": "Polygon", "coordinates": [ [ [ 25.274963994046193, 54.594663037888495 ], [ 25.274190487606866, 54.594671183128 ], [ 25.274176464684107, 54.594222032893853 ], [ 25.274949962616343, 54.594213887788733 ], [ 25.274963994046193, 54.594663037888495 ] ] ] } },
{ "type": "Feature", "properties": { "OBJECTID": 697742, "TRIUKSM": "50-54", "PERIODAS": 4, "TIPAS": 8, "METAI": 2011, "SHAPEarea": 20244999.993632, "SHAPElen": 90600 }, "geometry": { "type": "Polygon", "coordinates": [ [ [ 25.274963994046193, 54.594663037888495 ], [ 25.27573750009854, 54.594654887707485 ], [ 25.276511005763666, 54.594646732585012 ], [ 25.277284511041341, 54.594638572521035 ], [ 25.278058015931325, 54.594630407515567 ], [ 25.278831520433396, 54.594622237568636 ], [ 25.279605024547301, 54.594614062680222 ], [ 25.280378528272813, 54.59460588285036 ], [ 25.281152031609707, 54.594597698079028 ], [ 25.281166131484664, 54.595046847064609 ], [ 25.2811802317485, 54.595495996014193 ], [ 25.281953751711161, 54.595487806031109 ], [ 25.28196786087155, 54.595936954809524 ], [ 25.281981970421079, 54.596386103551929 ], [ 25.281996080359765, 54.596835252258337 ], [ 25.282010190687611, 54.597284400928707 ], [ 25.28278374429318, 54.597276205463096 ], [ 25.282797863518809, 54.597725353962204 ], [ 25.282811983133861, 54.598174502425323 ], [ 25.282826103138358, 54.598623650852417 ], [ 25.283599681880943, 54.598615450038913 ], [ 25.283613810784189, 54.599064598294653 ], [ 25.283627940077135, 54.59951374651439 ], [ 25.283642069759811, 54.599962894698095 ], [ 25.284415673641202, 54.599954688536165 ], [ 25.284429812223582, 54.600403836548438 ], [ 25.284443951195957, 54.600852984524685 ], [ 25.284458090558324, 54.601302132464916 ], [ 25.284472230310715, 54.601751280369122 ], [ 25.285245867843368, 54.601743068722769 ], [ 25.285260016496682, 54.602192216455435 ], [ 25.285274165540276, 54.602641364152085 ], [ 25.285288314974167, 54.603090511812717 ], [ 25.285302464798374, 54.603539659437317 ], [ 25.286076135985677, 54.60353144230583 ], [ 25.286090294712018, 54.60398058975882 ], [ 25.286104453828937, 54.604429737175749 ], [ 25.286118613336441, 54.604878884556655 ], [ 25.286892309669302, 54.604870662075051 ], [ 25.28690647807991, 54.605319809284246 ], [ 25.286920646881384, 54.605768956457425 ], [ 25.286934816073707, 54.606218103594564 ], [ 25.286948985656924, 54.606667250695665 ], [ 25.287722715650325, 54.606659022727627 ], [ 25.287736894137868, 54.607108169656911 ], [ 25.287751073016555, 54.607557316550157 ], [ 25.287765252286398, 54.608006463407392 ], [ 25.287779431947417, 54.608455610228582 ], [ 25.288553195604763, 54.608447376773427 ], [ 25.288567384171323, 54.608896523422708 ], [ 25.288581573129324, 54.609345670035943 ], [ 25.288595762478785, 54.60979481661316 ], [ 25.288609952219709, 54.610243963154318 ], [ 25.289383749544395, 54.61023572421135 ], [ 25.289397948192082, 54.610684870580521 ], [ 25.289412147231499, 54.611134016913638 ], [ 25.289426346662665, 54.611583163210732 ], [ 25.289440546485594, 54.612032309471779 ], [ 25.289454746700294, 54.612481455696802 ], [ 25.289468947306784, 54.612930601885779 ], [ 25.289483148305081, 54.613379748038703 ], [ 25.289497349695203, 54.613828894155624 ], [ 25.29027121475686, 54.61382064917985 ], [ 25.290285425055956, 54.614269795124613 ], [ 25.290299635747136, 54.61471894103336 ], [ 25.290313846830415, 54.615168086906081 ], [ 25.290328058305807, 54.61561723274275 ], [ 25.29034227017333, 54.616066378543387 ], [ 25.290356482432991, 54.616515524307957 ], [ 25.290370695084807, 54.616964670036516 ], [ 25.290384908128804, 54.617413815729023 ], [ 25.291158840941989, 54.617405564718929 ], [ 25.291173062897176, 54.617854710239236 ], [ 25.291187285244803, 54.618303855723475 ], [ 25.291201507984876, 54.618753001171676 ], [ 25.291215731117422, 54.619202146583845 ], [ 25.291229954642443, 54.619651291959954 ], [ 25.291244178559957, 54.620100437300032 ], [ 25.291258402869985, 54.620549582604085 ], [ 25.291272627572539, 54.620998727872063 ], [ 25.292046628151816, 54.620990470826186 ], [ 25.29206086176778, 54.621439615921858 ], [ 25.292075095776529, 54.621888760981456 ], [ 25.292089330178083, 54.622337906005036 ], [ 25.292103564972457, 54.622787050992578 ], [ 25.292117800159669, 54.62323619594406 ], [ 25.292891842952798, 54.623227933270066 ], [ 25.292906087054881, 54.623677078049141 ], [ 25.292920331550071, 54.624126222792135 ], [ 25.292934576438366, 54.624575367499084 ], [ 25.29294882171979, 54.625024512170008 ], [ 25.293722898209317, 54.625016244003511 ], [ 25.293737152406845, 54.625465388501901 ], [ 25.293751406997753, 54.625914532964231 ], [ 25.294525500140029, 54.625906259577697 ], [ 25.294539763647759, 54.626355403867422 ], [ 25.294554027549147, 54.626804548121072 ], [ 25.294568291844207, 54.627253692338684 ], [ 25.29534241016373, 54.627245413595091 ], [ 25.295356683376578, 54.627694557639991 ], [ 25.295370956983362, 54.628143701648817 ], [ 25.296145091957374, 54.628135417684447 ], [ 25.29615937448267, 54.628584561520455 ], [ 25.296173657402161, 54.629033705320445 ], [ 25.296187940715868, 54.629482849084383 ], [ 25.296962100870026, 54.629474559762009 ], [ 25.296976393103211, 54.629923703353029 ], [ 25.296990685730876, 54.630372846907989 ], [ 25.297764862541275, 54.630364552364071 ], [ 25.297779164089132, 54.630813695746042 ], [ 25.297793466031742, 54.631262839091946 ], [ 25.297807768369108, 54.631711982401796 ], [ 25.298581970362548, 54.631703682498966 ], [ 25.298596281621084, 54.632152825635735 ], [ 25.298610593274642, 54.632601968736424 ], [ 25.299384811926068, 54.632593663611289 ], [ 25.299399132501513, 54.633042806538825 ], [ 25.299413453472248, 54.63349194943028 ], [ 25.299427774838282, 54.633941092285653 ], [ 25.300202018675648, 54.633932781800674 ], [ 25.300216348964543, 54.634381924482803 ], [ 25.300230679649012, 54.634831067128857 ], [ 25.3010049401461, 54.634822751420806 ], [ 25.301019279754151, 54.635271893893503 ], [ 25.301033619758027, 54.635721036330118 ], [ 25.301047960157749, 54.636170178730666 ], [ 25.301822245843677, 54.636161857661854 ], [ 25.301836595167948, 54.636610999888937 ], [ 25.301850944888344, 54.637060142079967 ], [ 25.301865295004852, 54.637509284234916 ], [ 25.302639605881403, 54.637500957804811 ], [ 25.30265396492344, 54.637950099786217 ], [ 25.302668324361868, 54.63839924173152 ], [ 25.302682684196707, 54.63884838364077 ], [ 25.303457020265672, 54.638840051848874 ], [ 25.303471389026996, 54.639289193584467 ], [ 25.303485758185001, 54.639738335284008 ], [ 25.304260110917653, 54.639729998267434 ], [ 25.304274489002868, 54.640179139793212 ], [ 25.304288867485017, 54.640628281282929 ], [ 25.304303246364114, 54.641077422736558 ], [ 25.305077624292078, 54.641069080357269 ], [ 25.305092012099358, 54.641518221637071 ], [ 25.305106400303863, 54.641967362880784 ], [ 25.305120788905597, 54.642416504088402 ], [ 25.305895192030668, 54.642408156345873 ], [ 25.305909589561551, 54.642857297379599 ], [ 25.305923987489944, 54.643306438377216 ], [ 25.306698407281552, 54.643298085408844 ], [ 25.306712814139811, 54.64374722623247 ], [ 25.306727221395835, 54.644196367020001 ], [ 25.307501657854626, 54.644188008825452 ], [ 25.307516074041246, 54.644637149438886 ], [ 25.30753049062589, 54.645086290016216 ], [ 25.30830494375251, 54.645077926595185 ], [ 25.308319369268474, 54.645527066998312 ], [ 25.308333795182733, 54.645976207365365 ], [ 25.309108264977823, 54.645967838717475 ], [ 25.309122699824119, 54.64641697891026 ], [ 25.30913713506898, 54.646866119066921 ], [ 25.309911621533196, 54.646857745191852 ], [ 25.309926065710808, 54.647306885174174 ], [ 25.309940510287245, 54.647756025120366 ], [ 25.310715013421234, 54.647747646017812 ], [ 25.310729466931154, 54.648196785789558 ], [ 25.310743920840164, 54.648645925525187 ], [ 25.311518440644559, 54.648637541194788 ], [ 25.311532903487773, 54.649086680755865 ], [ 25.311547366730334, 54.649535820280853 ], [ 25.312321903205799, 54.649527430722273 ], [ 25.312336375383289, 54.649976570072603 ], [ 25.312350847960399, 54.65042570938683 ], [ 25.31312540110757, 54.650417314599771 ], [ 25.31313988262032, 54.650866453739241 ], [ 25.313154364532959, 54.651315592842622 ], [ 25.313928934352486, 54.651307192826728 ], [ 25.313943425201487, 54.651756331755266 ], [ 25.314718003157338, 54.651747926648994 ], [ 25.314732502943176, 54.652197065402632 ], [ 25.315507089035304, 54.652188655205812 ], [ 25.315521597758458, 54.652637793784457 ], [ 25.316296191986837, 54.652629378496918 ], [ 25.31631070964777, 54.653078516900493 ], [ 25.316325227709605, 54.653527655267915 ], [ 25.317099838611554, 54.65351923475049 ], [ 25.317114365611886, 54.653968372942728 ], [ 25.31788898465026, 54.653959947334208 ], [ 25.317903520589567, 54.65440908535119 ], [ 25.317918056930303, 54.654858223332063 ], [ 25.318692692643079, 54.654849792493032 ], [ 25.318707237923494, 54.655298930298528 ], [ 25.318721783605607, 54.655748068067915 ], [ 25.319496435993443, 54.65573963199806 ], [ 25.31951099061596, 54.656188769591985 ], [ 25.319525545640435, 54.656637907149779 ], [ 25.320300214703977, 54.656629465848781 ], [ 25.320314778669587, 54.657078603231028 ], [ 25.320329343037415, 54.657527740577137 ], [ 25.321104028777299, 54.657519294044661 ], [ 25.32111860208699, 54.657968431215131 ], [ 25.321133175799158, 54.658417568349485 ], [ 25.321907878216045, 54.658409116585176 ], [ 25.321922460870795, 54.658858253543791 ], [ 25.32193704392829, 54.659307390466267 ], [ 25.32271176302282, 54.659298933469799 ], [ 25.322726355023629, 54.659748070216466 ], [ 25.322740947427437, 54.660197206926981 ], [ 25.322755540234287, 54.66064634360135 ], [ 25.323530284548106, 54.660637881232667 ], [ 25.323544886299224, 54.661087017731134 ], [ 25.32355948845364, 54.661536154193428 ], [ 25.324334249446849, 54.661527686591825 ], [ 25.324348860546266, 54.661976822878152 ], [ 25.324363472049246, 54.662425959128306 ], [ 25.325138249722489, 54.662417486293457 ], [ 25.325152870171188, 54.662866622367545 ], [ 25.325167491023713, 54.66331575840546 ], [ 25.325942285377646, 54.66330728033703 ], [ 25.325956915176615, 54.663756416198765 ], [ 25.325971545379677, 54.66420555202437 ], [ 25.326746356414944, 54.664197068722025 ], [ 25.32676099556517, 54.664646204371337 ], [ 25.326775635119759, 54.665095339984504 ], [ 25.326790275078721, 54.665544475561489 ], [ 25.327565111339482, 54.665535986884741 ], [ 25.327579760246582, 54.665985122285356 ], [ 25.327594409558326, 54.666434257649804 ], [ 25.328369262502161, 54.666425763738381 ], [ 25.328383920762764, 54.666874898926402 ], [ 25.328398579428274, 54.667324034078241 ], [ 25.329173449055844, 54.667315534931817 ], [ 25.329188116670938, 54.667764669907115 ], [ 25.329202784691212, 54.668213804846232 ], [ 25.329977671003149, 54.668205300464486 ], [ 25.329992347973729, 54.668654435226969 ], [ 25.330007025349747, 54.669103569953279 ], [ 25.330021703131216, 54.669552704643436 ], [ 25.330796614673751, 54.669544194885461 ], [ 25.330811301406506, 54.669993329398878 ], [ 25.330825988544976, 54.670442463876114 ], [ 25.331600916773642, 54.670433948882049 ], [ 25.331615612864116, 54.670883083182481 ], [ 25.331630309360584, 54.671332217446711 ], [ 25.332405254276019, 54.671323697216231 ], [ 25.332419959725211, 54.671772831303571 ], [ 25.332434665580649, 54.672221965354701 ], [ 25.332449371842362, 54.672671099369659 ], [ 25.333224341992405, 54.672662573761642 ], [ 25.333239057207813, 54.673111707599574 ], [ 25.33325377282976, 54.673560841401354 ], [ 25.334028759668321, 54.673552310556126 ], [ 25.334043484244688, 54.674001444180803 ], [ 25.334058209227862, 54.674450577769278 ], [ 25.334833212755594, 54.674442041686575 ], [ 25.334847946693916, 54.674891175097862 ], [ 25.334862681039301, 54.675340308472975 ], [ 25.334877415791773, 54.675789441811872 ], [ 25.335652444558107, 54.67578090035024 ], [ 25.335667188266701, 54.676230033511885 ], [ 25.335681932382638, 54.676679166637328 ], [ 25.335696676905954, 54.677128299726562 ], [ 25.336471730912681, 54.677119752885474 ], [ 25.336486484393085, 54.677568885797349 ], [ 25.336501238281123, 54.678018018673022 ], [ 25.337276308979877, 54.678009466593238 ], [ 25.337291071825732, 54.678458599291453 ], [ 25.337305835079484, 54.678907731953458 ], [ 25.337320598741151, 54.679356864579255 ], [ 25.338095694683208, 54.679348307119128 ], [ 25.338110467303668, 54.679797439567373 ], [ 25.338125240332307, 54.680246571979424 ], [ 25.338900352968135, 54.680238009279819 ], [ 25.338915134956295, 54.680687141514198 ], [ 25.338929917352903, 54.681136273712411 ], [ 25.338944700157967, 54.681585405874387 ], [ 25.339719838039997, 54.681576837793493 ], [ 25.339734629805566, 54.682025969777733 ], [ 25.339749421979853, 54.682475101725764 ], [ 25.340524576557403, 54.682466528404667 ], [ 25.340539377692913, 54.682915660174864 ], [ 25.340554179237412, 54.683364791908829 ], [ 25.341329350511131, 54.68335621334721 ], [ 25.341344161017577, 54.683805344903277 ], [ 25.341358971933282, 54.684254476423106 ], [ 25.342134159903821, 54.684245892620595 ], [ 25.342148979782195, 54.684695023962426 ], [ 25.342163800070093, 54.685144155268041 ], [ 25.342178620767541, 54.685593286537419 ], [ 25.342953833989384, 54.685584697351842 ], [ 25.342968663650471, 54.686033828443115 ], [ 25.342983493721363, 54.686482959498171 ], [ 25.343758723641784, 54.686474365070957 ], [ 25.343773562677043, 54.686923495947823 ], [ 25.343788402122382, 54.687372626788438 ], [ 25.343803241977813, 54.687821757592857 ], [ 25.344578497152437, 54.687813157781619 ], [ 25.344593345973209, 54.688262288407735 ], [ 25.344608195204341, 54.68871141899762 ], [ 25.345383467079287, 54.688702813943998 ], [ 25.345398325276484, 54.689151944355508 ], [ 25.345413183884308, 54.689601074730774 ], [ 25.345428042902775, 54.690050205069802 ], [ 25.346203340034833, 54.690041594631225 ], [ 25.346218208020336, 54.690490724791779 ], [ 25.346233076416755, 54.690939854916124 ], [ 25.346247945224096, 54.691388985004203 ], [ 25.347023267615057, 54.691380369180152 ], [ 25.347038145390417, 54.691829499089671 ], [ 25.347053023576965, 54.692278628962939 ], [ 25.347828362671105, 54.692270007895338 ], [ 25.347843249826397, 54.692719137589954 ], [ 25.34785813739315, 54.693168267248332 ], [ 25.347873025371374, 54.693617396870451 ], [ 25.34864838972733, 54.693608770416446 ], [ 25.348663286675269, 54.694057899859821 ], [ 25.348678184034956, 54.694507029266944 ], [ 25.349453565095835, 54.694498397568623 ], [ 25.349468471425958, 54.694947526796916 ], [ 25.349483378168088, 54.695396655988951 ], [ 25.349498285322252, 54.695845785144741 ], [ 25.350273691647843, 54.695837148059063 ], [ 25.350288607773425, 54.696286277035924 ], [ 25.350303524311293, 54.696735405976511 ], [ 25.351078947343559, 54.696726763645771 ], [ 25.351093872853571, 54.697175892407323 ], [ 25.351108798776142, 54.69762502113263 ], [ 25.351884238515733, 54.697616373556485 ], [ 25.351899173411176, 54.698065502102665 ], [ 25.351914108719438, 54.6985146306126 ], [ 25.351929044440546, 54.698963759086269 ], [ 25.352704509448863, 54.69895510612141 ], [ 25.352719454143813, 54.69940423441588 ], [ 25.352734399251872, 54.699853362674077 ], [ 25.352749344773059, 54.700302490896021 ], [ 25.353524835051889, 54.700293832541938 ], [ 25.353539789547863, 54.700742960583504 ], [ 25.353554744457259, 54.701192088589856 ], [ 25.353569699780071, 54.701641216559963 ], [ 25.354345215331222, 54.701632552816164 ], [ 25.354360179629825, 54.702081680606845 ], [ 25.354375144342107, 54.702530808361296 ], [ 25.355150676604545, 54.70252213937048 ], [ 25.355165650293344, 54.702971266945383 ], [ 25.355180624396095, 54.703420394484063 ], [ 25.355195598912797, 54.703869521986462 ], [ 25.355971156450458, 54.703860847604979 ], [ 25.355986139944665, 54.704309974927781 ], [ 25.356001123853098, 54.704759102214311 ], [ 25.356016108175773, 54.705208229464581 ], [ 25.356791690990448, 54.705199549691926 ], [ 25.356806684291602, 54.705648676762493 ], [ 25.356821678007265, 54.706097803796794 ], [ 25.35759727753608, 54.706089118775957 ], [ 25.357612280230946, 54.706538245630469 ], [ 25.357627283340584, 54.706987372448729 ], [ 25.357642286865019, 54.707436499230695 ], [ 25.358417911673762, 54.707427808817734 ], [ 25.358432924178373, 54.707876935419826 ], [ 25.358447937098056, 54.708326061985652 ], [ 25.358462950432806, 54.708775188515183 ], [ 25.35923860052327, 54.708766492709593 ], [ 25.35925362283918, 54.709215619059165 ], [ 25.359268645570431, 54.709664745372464 ], [ 25.359283668717048, 54.710113871649462 ], [ 25.360059344091034, 54.710105170450717 ], [ 25.360074376219778, 54.71055429654767 ], [ 25.360089408764157, 54.711003422608336 ], [ 25.360104441724179, 54.7114525486327 ], [ 25.36011947509985, 54.711901674620783 ], [ 25.360895184326612, 54.711892967884523 ], [ 25.360910226685665, 54.712342093692456 ], [ 25.36092526946063, 54.712791219464094 ], [ 25.36094031265155, 54.713240345199438 ], [ 25.361716047166123, 54.713231633068915 ], [ 25.361731099341373, 54.713680758624015 ], [ 25.361746151932845, 54.714129884142835 ], [ 25.361761204940539, 54.714579009625353 ], [ 25.361776258364475, 54.71502813507157 ], [ 25.362552026737742, 54.71501941740221 ], [ 25.362567089147255, 54.715468542668098 ], [ 25.362582151973275, 54.715917667897678 ], [ 25.362597215215821, 54.716366793090963 ], [ 25.363373008881201, 54.716358070026217 ], [ 25.363388081110294, 54.716807195039053 ], [ 25.363403153756185, 54.717256320015601 ], [ 25.363418226818887, 54.71770544495584 ], [ 25.364194045778177, 54.717696716495205 ], [ 25.364209127828406, 54.718145841254909 ], [ 25.36422421029571, 54.718594965978319 ], [ 25.364239293180109, 54.719044090665427 ], [ 25.364254376481625, 54.719493215316248 ], [ 25.365030229308022, 54.719484481314836 ], [ 25.365045321598295, 54.719933605785023 ], [ 25.36506041430594, 54.720382730218894 ], [ 25.36507550743098, 54.720831854616463 ], [ 25.365851385555583, 54.720823115218046 ], [ 25.365866487670367, 54.721272239434882 ], [ 25.365881590202807, 54.721721363615401 ], [ 25.365896693152926, 54.722170487759627 ], [ 25.365911796520745, 54.72261961186755 ], [ 25.36592690030626, 54.723068735939158 ], [ 25.366702820877148, 54.723059990854168 ], [ 25.366717933653895, 54.723509114744949 ], [ 25.366733046848616, 54.723958238599415 ], [ 25.366748160461334, 54.724407362417601 ], [ 25.366763274492051, 54.724856486199442 ], [ 25.367539228940334, 54.724847735571601 ], [ 25.367554351963509, 54.725296859172538 ], [ 25.367569475404967, 54.725745982737145 ], [ 25.36758459926471, 54.726195106265457 ], [ 25.36759972354276, 54.726644229757447 ], [ 25.368375711871867, 54.726635473586043 ], [ 25.368390845143605, 54.727084596897001 ], [ 25.368405978833916, 54.727533720171657 ], [ 25.368421112942823, 54.727982843410004 ], [ 25.368436247470338, 54.728431966612028 ], [ 25.368451382416485, 54.728881089777737 ], [ 25.368466517781261, 54.729330212907129 ], [ 25.369242557147437, 54.72932145090185 ], [ 25.369257701507639, 54.729770573850104 ], [ 25.369272846286751, 54.73021969676207 ], [ 25.369287991484782, 54.730668819637685 ], [ 25.369303137101756, 54.731117942476999 ], [ 25.36931828313768, 54.731567065279997 ], [ 25.370094364971102, 54.73155829758467 ], [ 25.370109520003943, 54.732007420206429 ], [ 25.370124675456001, 54.732456542791887 ], [ 25.370139831327304, 54.732905665341015 ], [ 25.370154987617855, 54.733354787853813 ], [ 25.370170144327684, 54.733803910330295 ], [ 25.3701853014568, 54.734253032770461 ], [ 25.370961434342103, 54.734244259239176 ], [ 25.370976600469863, 54.734693381497998 ], [ 25.370991767017177, 54.73514250372051 ], [ 25.371767916641833, 54.735133724932581 ], [ 25.371783092188526, 54.735582846973678 ], [ 25.371798268155043, 54.736031968978445 ], [ 25.372574434519702, 54.736023184933558 ], [ 25.372589619486316, 54.736472306756809 ], [ 25.372604804873028, 54.736921428543702 ], [ 25.372619990679848, 54.73737055029428 ], [ 25.37339618236588, 54.737361760846838 ], [ 25.373411377173777, 54.737810882415815 ], [ 25.373426572402057, 54.73826000394844 ], [ 25.373441768050728, 54.738709125444757 ], [ 25.373456964119804, 54.739158246904715 ], [ 25.374233189710665, 54.739149451908816 ], [ 25.374248394782061, 54.739598573187067 ], [ 25.374263600274137, 54.740047694429009 ], [ 25.374278806186901, 54.7404968156346 ], [ 25.374294012520377, 54.740945936803861 ], [ 25.374309219274576, 54.741395057936785 ], [ 25.375085487356522, 54.741386257246262 ], [ 25.375100703114526, 54.741835378197351 ], [ 25.375115919293517, 54.742284499112124 ], [ 25.374339634045217, 54.742293300093628 ], [ 25.374354842061688, 54.742742421117548 ], [ 25.37437005049895, 54.74319154210513 ], [ 25.374385259357013, 54.743640663056389 ], [ 25.374400468635898, 54.744089783971305 ], [ 25.375176788219765, 54.744080982407844 ], [ 25.375192006503966, 54.744530103140946 ], [ 25.375207225209266, 54.744979223837696 ], [ 25.375222444335662, 54.745428344498102 ], [ 25.37523766388318, 54.745877465122184 ], [ 25.375252883851836, 54.746326585709937 ], [ 25.375268104241648, 54.746775706261325 ], [ 25.375283325052624, 54.747224826776403 ], [ 25.375298546284785, 54.747673947255137 ], [ 25.375313767938142, 54.748123067697534 ], [ 25.376090164369703, 54.748114259855569 ], [ 25.376105395030883, 54.748563380116011 ], [ 25.376120626113536, 54.749012500340136 ], [ 25.376135857617669, 54.749461620527903 ], [ 25.376151089543306, 54.749910740679319 ], [ 25.376166321890462, 54.750359860794426 ], [ 25.375389882523503, 54.750368669364462 ], [ 25.375405106704399, 54.750817789588844 ], [ 25.375420331306604, 54.751266909776902 ], [ 25.375435556330132, 54.751716029928595 ], [ 25.375450781775005, 54.752165150043965 ], [ 25.374674307634098, 54.752173954226855 ], [ 25.374689524911574, 54.752623074451456 ], [ 25.374704742610181, 54.753072194639699 ], [ 25.374719960729948, 54.753521314791627 ], [ 25.373943460400891, 54.753530114441268 ], [ 25.373166959650895, 54.753538909120977 ], [ 25.373182161012842, 54.753988029527449 ], [ 25.372405651252638, 54.753996819382543 ], [ 25.371629141071967, 54.754005604267611 ], [ 25.371613956889071, 54.75355648357057 ], [ 25.370837454877712, 54.753565263340462 ], [ 25.370822279704349, 54.753116142461955 ], [ 25.370045785862338, 54.753124917116821 ], [ 25.370030619698031, 54.752675796056941 ], [ 25.369254134025393, 54.752684565596937 ], [ 25.368477647933286, 54.752693330167133 ], [ 25.368462499366441, 54.752244208781057 ], [ 25.367686021443994, 54.752252968236633 ], [ 25.367670881885033, 54.751803846669439 ], [ 25.366894412132279, 54.751812601010563 ], [ 25.366879281580722, 54.751363479262317 ], [ 25.3661028199977, 54.751372228489139 ], [ 25.366087698453086, 54.750923106559974 ], [ 25.365311245039809, 54.750931850672636 ], [ 25.365296132501651, 54.750482728562645 ], [ 25.365281020381698, 54.750033606416316 ], [ 25.364504583725999, 54.75004234527055 ], [ 25.364489480611777, 54.749593222943467 ], [ 25.363713052125668, 54.749601956683954 ], [ 25.363697958016701, 54.749152834176201 ], [ 25.362921537700224, 54.749161562803124 ], [ 25.362906452596043, 54.748712440114808 ], [ 25.36213004044923, 54.748721163628311 ], [ 25.362114964349352, 54.748272040759488 ], [ 25.362099888666648, 54.747822917854371 ], [ 25.361323493276181, 54.747831636110512 ], [ 25.361308426597063, 54.747382513024995 ], [ 25.360532039376096, 54.747391226168148 ], [ 25.360516981700076, 54.74694210290231 ], [ 25.359740602648639, 54.746950810932624 ], [ 25.358964223180781, 54.746959513994121 ], [ 25.358949183093383, 54.746510390404175 ], [ 25.358934143422147, 54.746061266777964 ], [ 25.358157780709874, 54.746069964583093 ], [ 25.358142750040322, 54.74562084077683 ], [ 25.357366395497671, 54.745629533469589 ], [ 25.357351373829324, 54.745180409483375 ], [ 25.35733635257662, 54.744731285460873 ], [ 25.356560014788716, 54.744739972897847 ], [ 25.356545002536489, 54.744290848695471 ], [ 25.356529990699638, 54.743841724456857 ], [ 25.355753669665827, 54.743850406638344 ], [ 25.355738666828724, 54.743401282219949 ], [ 25.355723664406735, 54.742952157765281 ], [ 25.354947360126374, 54.742960834691637 ], [ 25.354932366703402, 54.742511710057286 ], [ 25.354156070592122, 54.742520381872204 ], [ 25.354141086167701, 54.742071257058242 ], [ 25.354126102157863, 54.741622132208029 ], [ 25.353349822799185, 54.741630798768391 ], [ 25.353334847787171, 54.741181673738687 ], [ 25.353319873189481, 54.74073254867271 ], [ 25.352543610582753, 54.740741209978857 ], [ 25.352528644982154, 54.740292084733476 ], [ 25.351752390544171, 54.740300740928824 ], [ 25.351737433940183, 54.739851615504094 ], [ 25.351722477749995, 54.739402490043148 ], [ 25.350946240063127, 54.739411140984856 ], [ 25.350931292868836, 54.73896201534469 ], [ 25.350916346088066, 54.738512889668229 ], [ 25.350140125151658, 54.738521535356639 ], [ 25.350125187366057, 54.738072409501065 ], [ 25.349348974598037, 54.738081050079344 ], [ 25.349334045807129, 54.737631924044685 ], [ 25.349319117429218, 54.737182797973816 ], [ 25.348542921410822, 54.737191433299358 ], [ 25.348528002026882, 54.736742307049525 ], [ 25.348513083055682, 54.73629318076344 ], [ 25.347736903786259, 54.736301810836608 ], [ 25.347721993808289, 54.73585268437165 ], [ 25.34694582270691, 54.735861309335327 ], [ 25.3469309217217, 54.735412182691597 ], [ 25.346916021148719, 54.73496305601163 ], [ 25.346139866795468, 54.734971675723507 ], [ 25.346124975214511, 54.734522548864867 ], [ 25.345348829029142, 54.734531163467629 ], [ 25.345333946439748, 54.734082036430372 ], [ 25.345319064262053, 54.733632909356885 ], [ 25.344542934823977, 54.73364151870846 ], [ 25.344528061637117, 54.733192391456463 ], [ 25.343751940366754, 54.73320099569937 ], [ 25.343737076170253, 54.732751868268934 ], [ 25.343722212384925, 54.732302740802275 ], [ 25.342946107861021, 54.732311339794542 ], [ 25.342931253065323, 54.731862212149565 ], [ 25.34291639868054, 54.731413084468358 ], [ 25.34214031090244, 54.731421678210324 ], [ 25.342125465506559, 54.730972550350884 ], [ 25.342110620521325, 54.730523422455235 ], [ 25.34133454948838, 54.730532010947236 ], [ 25.34131971349132, 54.730082882873418 ], [ 25.341304877904633, 54.729633754763405 ], [ 25.341290042728307, 54.729184626617197 ], [ 25.340513997016966, 54.729193209717693 ], [ 25.340499170827837, 54.728744081393415 ], [ 25.339723133283254, 54.72875265938648 ], [ 25.339708316080849, 54.728303530884233 ], [ 25.339693499288288, 54.727854402345784 ], [ 25.338917478486913, 54.727862975089892 ], [ 25.338902670680344, 54.727413846373565 ], [ 25.338887863283354, 54.72696471762103 ], [ 25.33811185922454, 54.726973285116507 ], [ 25.338097060812814, 54.726524156186187 ], [ 25.338082262810396, 54.7260750272197 ], [ 25.337306275493486, 54.726083589466874 ], [ 25.337291486475614, 54.725634460322645 ], [ 25.337276697866773, 54.725185331142256 ], [ 25.336500727291131, 54.725193888141462 ], [ 25.336485947666109, 54.724744758783473 ], [ 25.336471168449862, 54.724295629389275 ], [ 25.335695214614816, 54.724304181140866 ], [ 25.335680444381662, 54.72385505156916 ], [ 25.335665674557003, 54.723405921961273 ], [ 25.334889737461921, 54.723414468465556 ], [ 25.334874976619631, 54.722965338680254 ], [ 25.334099047690202, 54.722973880078747 ], [ 25.334084295829804, 54.722524750116101 ], [ 25.334069544377385, 54.722075620117266 ], [ 25.333293632187075, 54.722084156269062 ], [ 25.333278889715825, 54.72163502609299 ], [ 25.333264147652287, 54.721185895880723 ], [ 25.332488252200445, 54.721194426786134 ], [ 25.332473519117354, 54.720745296396736 ], [ 25.332458786441702, 54.720296165971156 ], [ 25.331682907727682, 54.720304691630531 ], [ 25.331668184031745, 54.719855561027885 ], [ 25.331653460742988, 54.719406430389078 ], [ 25.330877598766136, 54.719414950802751 ], [ 25.330862884456369, 54.71896581998697 ], [ 25.330848170553512, 54.718516689135022 ], [ 25.330072325313186, 54.718525204303326 ], [ 25.330057620388594, 54.718076073274482 ], [ 25.32928178331299, 54.71808458333836 ], [ 25.329267087366183, 54.717635452132726 ], [ 25.329252391825772, 54.717186320890953 ], [ 25.328476571485851, 54.71719482571006 ], [ 25.328461884922501, 54.716745694291568 ], [ 25.328447198765279, 54.716296562836916 ], [ 25.32767139516039, 54.716305062411571 ], [ 25.327656717979504, 54.715855930780315 ], [ 25.32764204120447, 54.715406799112905 ], [ 25.327627364835276, 54.714957667409337 ], [ 25.326851586534545, 54.714966161599484 ], [ 25.326836919140717, 54.714517029719417 ], [ 25.326061149003944, 54.71452551880617 ], [ 25.326046490585004, 54.714076386749646 ], [ 25.326031832571385, 54.713627254656991 ], [ 25.325256079167694, 54.713635738500265 ], [ 25.325241430128234, 54.713186606231275 ], [ 25.325226781493832, 54.712737473926126 ], [ 25.325212133264468, 54.712288341584845 ], [ 25.325197485440132, 54.711839209207405 ], [ 25.324421765905438, 54.711847687527367 ], [ 25.324407127054027, 54.711398554973712 ], [ 25.324392488607373, 54.710949422383891 ], [ 25.323616785803551, 54.710957895461242 ], [ 25.323602156329102, 54.710508762695284 ], [ 25.323587527259154, 54.71005962989318 ], [ 25.322811841185548, 54.710068097728268 ], [ 25.322797221087075, 54.709618964750106 ], [ 25.322782601392824, 54.709169831735785 ], [ 25.322767982102786, 54.708720698685354 ], [ 25.321992321325304, 54.70872916113867 ], [ 25.321977711005768, 54.708280027912267 ], [ 25.321963101090173, 54.707830894649724 ], [ 25.321187457041148, 54.707839351861523 ], [ 25.321172856095334, 54.707390218423122 ], [ 25.320397220208495, 54.707398670533401 ], [ 25.320382628231982, 54.70694953691919 ], [ 25.320368036658891, 54.706500403268869 ], [ 25.320353445489221, 54.706051269582431 ], [ 25.319577834895171, 54.706059716312204 ], [ 25.319563252693822, 54.705610582450042 ], [ 25.319548670895617, 54.705161448551777 ], [ 25.318773077028084, 54.70516989004102 ], [ 25.318758504197479, 54.704720755967152 ], [ 25.318743931769752, 54.704271621857174 ], [ 25.318729359744875, 54.703822487711058 ], [ 25.317953791167234, 54.703830923820739 ], [ 25.31793922810899, 54.703381789499126 ], [ 25.317924665453344, 54.702932655141389 ], [ 25.317149113600458, 54.702941086011307 ], [ 25.317134559910709, 54.702491951478166 ], [ 25.317120006623288, 54.702042816908886 ], [ 25.31634447149451, 54.702051242539383 ], [ 25.316329927172266, 54.701602107794784 ], [ 25.316315383252082, 54.701152973014082 ], [ 25.315539864846766, 54.701161393405506 ], [ 25.315525329891067, 54.700712258450622 ], [ 25.315510795337133, 54.700263123458569 ], [ 25.315496261184965, 54.6998139884304 ], [ 25.314720768064415, 54.699822403444038 ], [ 25.314706242875729, 54.699373268240741 ], [ 25.314691718088554, 54.698924133001306 ], [ 25.313916241689707, 54.698932542776625 ], [ 25.313901725865289, 54.698483407362147 ], [ 25.313887210442108, 54.698034271911581 ], [ 25.313111750764321, 54.698042676448893 ], [ 25.313097244303169, 54.697593540823355 ], [ 25.31308273824299, 54.697144405161723 ], [ 25.313068232583774, 54.696695269463987 ], [ 25.312292798186739, 54.69670366862487 ], [ 25.312278301488583, 54.69625453275227 ], [ 25.312263805191115, 54.695805396843582 ], [ 25.311488387513382, 54.695813790767218 ], [ 25.311473900176242, 54.695364654683743 ], [ 25.311459413239533, 54.694915518564173 ], [ 25.310684012280447, 54.694923907250896 ], [ 25.310669534303347, 54.694474770956653 ], [ 25.310655056726407, 54.694025634626307 ], [ 25.310640579549609, 54.693576498259873 ], [ 25.309865203867261, 54.693584881571532 ], [ 25.309850735649096, 54.693135745030503 ], [ 25.309836267830811, 54.692686608453386 ], [ 25.309060908865355, 54.692694986528885 ], [ 25.309046450004981, 54.692245849777279 ], [ 25.309031991544213, 54.691796712989571 ], [ 25.30901753348305, 54.691347576165775 ], [ 25.308242199791422, 54.691355948867148 ], [ 25.308227750687188, 54.690906811868949 ], [ 25.308213301982278, 54.690457674834668 ], [ 25.307437985005794, 54.690466042300656 ], [ 25.307423545257095, 54.690016905092051 ], [ 25.307409105907464, 54.689567767847379 ], [ 25.306633805645475, 54.689576130078287 ], [ 25.306619375251326, 54.689126992659396 ], [ 25.306604945255977, 54.688677855204411 ], [ 25.305829661707822, 54.688686212200601 ], [ 25.305815240667233, 54.688237074571482 ], [ 25.30580082002518, 54.687787936906297 ], [ 25.305786399781642, 54.68733879920503 ], [ 25.305011141502199, 54.687347150828856 ], [ 25.304996730212444, 54.686898012953563 ], [ 25.304982319320946, 54.686448875042188 ], [ 25.304207077753592, 54.68645722143205 ], [ 25.304192675815148, 54.686008083346721 ], [ 25.30417827427469, 54.685558945225338 ], [ 25.304163873132218, 54.685109807067853 ], [ 25.303388656830659, 54.685118148086296 ], [ 25.303374264640269, 54.684669009754977 ], [ 25.303359872847572, 54.68421987138759 ], [ 25.303345481452578, 54.683770732984144 ], [ 25.302570290415019, 54.683779068631672 ], [ 25.302555907971129, 54.683329930054448 ], [ 25.302541525924667, 54.682880791441164 ], [ 25.301766351596338, 54.682889121855901 ], [ 25.301751978500263, 54.682439983068953 ], [ 25.301737605801353, 54.681990844245945 ], [ 25.301723233499576, 54.681541705386863 ], [ 25.300948084432338, 54.68155003043163 ], [ 25.300933721079982, 54.68110089139897 ], [ 25.300919358124503, 54.680651752330256 ], [ 25.300904995565887, 54.680202613225489 ], [ 25.300129871757949, 54.680210932900778 ], [ 25.300115518147766, 54.679761793622532 ], [ 25.30010116493418, 54.679312654308227 ], [ 25.299326057832612, 54.679320968751881 ], [ 25.299311713566748, 54.678871829264196 ], [ 25.299297369697211, 54.678422689740444 ], [ 25.299283026223993, 54.677973550180639 ], [ 25.298507944378812, 54.677981859255773 ], [ 25.298493609852336, 54.677532719522667 ], [ 25.29847927572191, 54.677083579753521 ], [ 25.297704210581337, 54.677091883597818 ], [ 25.297689885396931, 54.676642743655435 ], [ 25.297675560608305, 54.676193603677028 ], [ 25.297661236215454, 54.675744463662561 ], [ 25.296886196328373, 54.675752762139261 ], [ 25.296871880880563, 54.675303621951684 ], [ 25.296857565828262, 54.674854481728083 ], [ 25.296843251171452, 54.674405341468386 ], [ 25.296068236536051, 54.674413634578002 ], [ 25.296053930823302, 54.673964494145324 ], [ 25.296039625505788, 54.673515353676599 ], [ 25.296025320583478, 54.673066213171815 ], [ 25.295250331197973, 54.673074500914851 ], [ 25.295236035218764, 54.672625360237163 ], [ 25.295221739634492, 54.672176219523422 ], [ 25.295207444445154, 54.67172707877365 ], [ 25.29443248030773, 54.671735361150617 ], [ 25.294418194060523, 54.671286220228019 ], [ 25.294403908207965, 54.670837079269361 ], [ 25.293628960770082, 54.670845356417502 ], [ 25.293614683858934, 54.670396215286118 ], [ 25.293600407342176, 54.669947074118681 ], [ 25.293586131219815, 54.669497932915235 ], [ 25.292811209027114, 54.669506204698251 ], [ 25.292796941845172, 54.669057063322143 ], [ 25.292782675057349, 54.668607921909988 ], [ 25.292768408663633, 54.668158780461837 ], [ 25.291993511714317, 54.668167046880228 ], [ 25.291979254260045, 54.667717905259508 ], [ 25.291964997199624, 54.667268763602749 ], [ 25.291950740533018, 54.666819621909973 ], [ 25.291175868825295, 54.666827882964277 ], [ 25.291161621097171, 54.666378741099017 ], [ 25.291147373762602, 54.665929599197739 ], [ 25.291133126821581, 54.665480457260443 ], [ 25.290358280353647, 54.665488712951159 ], [ 25.290344042350132, 54.6650395708415 ], [ 25.290329804739894, 54.66459042869581 ], [ 25.290315567522924, 54.664141286514109 ], [ 25.289540746292978, 54.664149536841727 ], [ 25.289526518012543, 54.663700394487748 ], [ 25.289512290125099, 54.663251252097737 ], [ 25.289498062630635, 54.662802109671723 ], [ 25.289483835529147, 54.662352967209664 ], [ 25.288709048077994, 54.662361212038569 ], [ 25.288694829911815, 54.66191206940433 ], [ 25.288680612138343, 54.661462926734089 ], [ 25.288666394757552, 54.661013784027851 ], [ 25.288652177769436, 54.660564641285546 ], [ 25.287877424093661, 54.660572880616435 ], [ 25.287863216039636, 54.660123737702065 ], [ 25.287849008378018, 54.659674594751685 ], [ 25.28783480110879, 54.659225451765295 ], [ 25.287820594231942, 54.658776308742887 ], [ 25.287806387747459, 54.658327165684469 ], [ 25.287031676384146, 54.65833539938204 ], [ 25.287017478832276, 54.657886256151642 ], [ 25.287003281672511, 54.657437112885212 ], [ 25.286989084904825, 54.656987969582786 ], [ 25.286974888529208, 54.656538826244329 ], [ 25.286200210933504, 54.656547054445362 ], [ 25.286186023489286, 54.656097910935024 ], [ 25.286171836436868, 54.655648767388691 ], [ 25.286157649776239, 54.655199623806332 ], [ 25.285382997406082, 54.655207846647293 ], [ 25.285368819675877, 54.654758702893147 ], [ 25.285354642337197, 54.654309559103005 ], [ 25.285340465390021, 54.653860415276824 ], [ 25.285326288834352, 54.653411271414683 ], [ 25.285312112670152, 54.652962127516489 ], [ 25.284537502599424, 54.652970344726533 ], [ 25.28452333536417, 54.652521200656665 ], [ 25.284509168520142, 54.652072056550793 ], [ 25.284495002067317, 54.651622912408897 ], [ 25.283720417217143, 54.651631124260078 ], [ 25.283706259692298, 54.651181979946607 ], [ 25.283692102558383, 54.650732835597118 ], [ 25.283677945815391, 54.650283691211634 ], [ 25.282903386183992, 54.650291897704477 ], [ 25.282889238368007, 54.64984275314746 ], [ 25.282875090942682, 54.649393608554483 ], [ 25.282100547992609, 54.649401809824901 ], [ 25.282086409493569, 54.64895266506047 ], [ 25.281311874688747, 54.648960861244142 ], [ 25.281297745115527, 54.648511716308398 ], [ 25.281283615932441, 54.648062571336688 ], [ 25.281269487139479, 54.647613426328945 ], [ 25.28049497755012, 54.647621617155536 ], [ 25.280480857682011, 54.64717247197656 ], [ 25.280466738203756, 54.646723326761617 ], [ 25.280452619115358, 54.646274181510663 ], [ 25.280438500416789, 54.645825036223727 ], [ 25.279664024575123, 54.645833221558576 ], [ 25.279649914800178, 54.645384076100505 ], [ 25.279635805414795, 54.644934930606432 ], [ 25.279621696418978, 54.644485785076391 ], [ 25.278847245788487, 54.644493965055261 ], [ 25.278833145715314, 54.644044819354171 ], [ 25.278819046031426, 54.643595673617078 ], [ 25.278044612077661, 54.643603848375477 ], [ 25.278030521315713, 54.643154702467434 ], [ 25.278016430942785, 54.642705556523424 ], [ 25.277242013665091, 54.642713726061658 ], [ 25.277227932213371, 54.642264579946755 ], [ 25.277213851150414, 54.64181543379587 ], [ 25.277199770476201, 54.641366287609031 ], [ 25.276425378405676, 54.641374451792657 ], [ 25.276411306651699, 54.640925305435033 ], [ 25.276397235286215, 54.640476159041441 ], [ 25.275622859890007, 54.640484318005655 ], [ 25.275608797444036, 54.640035171441362 ], [ 25.275594735386282, 54.639586024841115 ], [ 25.274820376663747, 54.639594178586265 ], [ 25.274806323524793, 54.63914503181541 ], [ 25.274792270773787, 54.638695885008595 ], [ 25.27477821841072, 54.638246738165783 ], [ 25.274003884891346, 54.638254886557682 ], [ 25.273989841446113, 54.63780573954439 ], [ 25.273975798388552, 54.637356592495124 ], [ 25.273961755718645, 54.636907445409896 ], [ 25.273187447400645, 54.636915588449014 ], [ 25.273173413647601, 54.636466441193377 ], [ 25.27315938028195, 54.63601729390178 ], [ 25.272385088634767, 54.636025431723034 ], [ 25.272371064185258, 54.635576284261106 ], [ 25.27235704012287, 54.635127136763209 ], [ 25.271582765145855, 54.635135269366899 ], [ 25.271568749998888, 54.634686121698785 ], [ 25.271554735238791, 54.634236973994703 ], [ 25.2707804769313, 54.634245101381175 ], [ 25.270766471085896, 54.633795953506954 ], [ 25.270752465627101, 54.633346805596801 ], [ 25.270738460554888, 54.63289765765068 ], [ 25.269964227443655, 54.632905779686148 ], [ 25.269950231285172, 54.632456631569973 ], [ 25.269936235513011, 54.632007483417866 ], [ 25.269922240127155, 54.631558335229791 ], [ 25.269148032210396, 54.631566451914793 ], [ 25.269134045737307, 54.631117303556771 ], [ 25.269120059650255, 54.630668155162788 ], [ 25.268345868400161, 54.630676266631724 ], [ 25.268331891225149, 54.630227118067893 ], [ 25.268317914435915, 54.629777969468108 ], [ 25.267543739851842, 54.629786075721356 ], [ 25.26752977197393, 54.629336926951801 ], [ 25.267515804481533, 54.628887778146293 ], [ 25.266741646562835, 54.628895879184114 ], [ 25.266727687981032, 54.62844673020895 ], [ 25.266713729784492, 54.627997581197825 ], [ 25.265939588530507, 54.628005677020617 ], [ 25.265925639243846, 54.6275565278399 ], [ 25.26515150612952, 54.627564618581523 ], [ 25.265137565752269, 54.627115469231306 ], [ 25.265123625759745, 54.626666319845157 ], [ 25.264349509309305, 54.626674405372292 ], [ 25.264335578225477, 54.626225255816735 ], [ 25.263561469914531, 54.626233336263113 ], [ 25.263547547738916, 54.62578418653824 ], [ 25.263533625947534, 54.625335036777422 ], [ 25.262759534299629, 54.625343112009894 ], [ 25.262745621415746, 54.624893962079852 ], [ 25.261971537907169, 54.624902032231979 ], [ 25.261957633930319, 54.624452882132786 ], [ 25.261183558561097, 54.624460947204739 ], [ 25.261169663490804, 54.624011796936479 ], [ 25.261155768803977, 54.623562646632301 ], [ 25.26038171009677, 54.623570706491172 ], [ 25.260367824315779, 54.623121556018035 ], [ 25.259593773747763, 54.623129610797093 ], [ 25.259579896872147, 54.622680460155095 ], [ 25.259566020379474, 54.622231309477144 ], [ 25.258791986472641, 54.622239359043732 ], [ 25.258778118884617, 54.621790208196977 ], [ 25.25800409311681, 54.621798252684194 ], [ 25.25799023443297, 54.621349101668763 ], [ 25.257976376131566, 54.620899950617392 ], [ 25.257202367024092, 54.620907989892686 ], [ 25.257188517626155, 54.620458838672732 ], [ 25.25641451665755, 54.620466872869045 ], [ 25.256400676162606, 54.620017721480551 ], [ 25.256386836049572, 54.619568570056153 ], [ 25.255612851740462, 54.619576599041132 ], [ 25.255599020529711, 54.619127447448292 ], [ 25.254825044359304, 54.619135471354689 ], [ 25.254811222050353, 54.618686319593522 ], [ 25.25403725401868, 54.618694338421513 ], [ 25.254023440611064, 54.618245186492068 ], [ 25.254009627584612, 54.617796034526741 ], [ 25.253235676211393, 54.617804048144215 ], [ 25.253221872085557, 54.617354896010688 ], [ 25.253208068340619, 54.616905743841301 ], [ 25.252434133625211, 54.616913752248571 ], [ 25.252420338780173, 54.61646459991109 ], [ 25.251646412203147, 54.616472603240631 ], [ 25.251632626257528, 54.616023450735156 ], [ 25.251618840692295, 54.615574298193785 ], [ 25.250844930772246, 54.61558229631369 ], [ 25.250831154105715, 54.615133143604432 ], [ 25.250057252323877, 54.615141136647004 ], [ 25.250043484555587, 54.614691983769909 ], [ 25.250029717167173, 54.614242830856952 ], [ 25.249255832041474, 54.614250818690479 ], [ 25.249242073550572, 54.613801665609792 ], [ 25.248468196562925, 54.613809648366399 ], [ 25.248454446969074, 54.613360495118044 ], [ 25.248440697754578, 54.612911341833829 ], [ 25.247666837422226, 54.61291931938198 ], [ 25.247653097104063, 54.612470165930212 ], [ 25.247639357164999, 54.612021012442568 ], [ 25.246865513487293, 54.612028984782576 ], [ 25.246851782443837, 54.611579831127486 ], [ 25.246838051779221, 54.611130677436492 ], [ 25.246064224755514, 54.61113864456874 ], [ 25.246050502985792, 54.610689490710399 ], [ 25.246036781594633, 54.610240336816176 ], [ 25.245262971224282, 54.610248298740949 ], [ 25.245249258727299, 54.609799144679471 ], [ 25.245235546608622, 54.609349990582096 ], [ 25.244461752890981, 54.609357947299749 ], [ 25.244448049665763, 54.608908793035212 ], [ 25.243674264085232, 54.608916744677302 ], [ 25.243660569753001, 54.608467590245645 ], [ 25.243646875798568, 54.608018435778114 ], [ 25.242873106869901, 54.608026382213673 ], [ 25.242859421807736, 54.607577227579142 ], [ 25.242845737123098, 54.60712807290875 ], [ 25.242071984845651, 54.607136014138099 ], [ 25.242058309052567, 54.606686859300787 ], [ 25.242044633636752, 54.606237704427599 ], [ 25.241270898009873, 54.606245640451064 ], [ 25.241257231484891, 54.605796485411069 ], [ 25.241243565336909, 54.605347330335199 ], [ 25.240469846359957, 54.605355261153129 ], [ 25.240456189102098, 54.604906105910516 ], [ 25.240442532220975, 54.604456950632056 ], [ 25.239668829893301, 54.604464876244762 ], [ 25.239655181901572, 54.604015720799651 ], [ 25.239641534286331, 54.603566565318687 ], [ 25.238867848607285, 54.603574485726519 ], [ 25.238854209880714, 54.603125330078988 ], [ 25.238840571530364, 54.602676174395619 ], [ 25.238066902499291, 54.602684089598888 ], [ 25.2380532730369, 54.602234933749045 ], [ 25.238039643950472, 54.601785777863363 ], [ 25.237265991566733, 54.601793687862404 ], [ 25.237252371367539, 54.601344531810341 ], [ 25.237238751544041, 54.600895375722423 ], [ 25.236465115806986, 54.600903280517599 ], [ 25.236451504870011, 54.600454124263393 ], [ 25.23643789430847, 54.600004967973355 ], [ 25.235664275217452, 54.600012867564956 ], [ 25.235650673541709, 54.599563711108708 ], [ 25.234877062585912, 54.599571605627361 ], [ 25.23486346979551, 54.599122449005002 ], [ 25.234849877380025, 54.598673292346817 ], [ 25.234076283069424, 54.598681181662492 ], [ 25.234062699538558, 54.598232024838282 ], [ 25.234049116382351, 54.597782867978225 ], [ 25.233275538716306, 54.597790752091271 ], [ 25.233261964444001, 54.597341595065281 ], [ 25.233248390546084, 54.596892438003458 ], [ 25.232474829523941, 54.596900316914208 ], [ 25.232461264509205, 54.596451159686545 ], [ 25.232447699868604, 54.596002002423063 ], [ 25.231674155489717, 54.596009876131795 ], [ 25.23166059973158, 54.595560718702565 ], [ 25.231647044347316, 54.595111561237495 ], [ 25.230873516611037, 54.595119429744592 ], [ 25.230859970108515, 54.594670272113859 ], [ 25.230846423979607, 54.594221114447322 ], [ 25.23007291288528, 54.594228977753097 ], [ 25.230059375637403, 54.593779819920961 ], [ 25.230045838762866, 54.593330662053006 ], [ 25.229272344309855, 54.593338520157801 ], [ 25.229258816315635, 54.592889362124389 ], [ 25.228485329996527, 54.592897215158089 ], [ 25.228471810882148, 54.592448056959263 ], [ 25.228458292140601, 54.59199889872464 ], [ 25.227684822461963, 54.592006746557949 ], [ 25.227671312599547, 54.591557588157997 ], [ 25.227657803109704, 54.591108429722247 ], [ 25.226884350070897, 54.591116272355478 ], [ 25.226870849459456, 54.590667113754492 ], [ 25.226857349220332, 54.590217955117723 ], [ 25.226083912820695, 54.590225792551209 ], [ 25.226070421459266, 54.589776633749288 ], [ 25.226056930469873, 54.589327474911563 ], [ 25.225283510708771, 54.589335307145639 ], [ 25.225270028596363, 54.588886148142883 ], [ 25.225256546855736, 54.588436989104331 ], [ 25.22448314373251, 54.588444816139344 ], [ 25.224469670868142, 54.587995656935817 ], [ 25.225243065486875, 54.587987830029959 ], [ 25.225229584489778, 54.587538670919798 ], [ 25.226002970232514, 54.587530839202628 ], [ 25.225989481103145, 54.587081680185868 ], [ 25.226762857969913, 54.587073843657564 ], [ 25.226749360708755, 54.586624684734296 ], [ 25.227522728699583, 54.586616843395021 ], [ 25.227509223307095, 54.586167684565332 ], [ 25.228282582422008, 54.58615983841522 ], [ 25.228269068898665, 54.585710679679188 ], [ 25.229042419137688, 54.585702828718425 ], [ 25.229028897483953, 54.585253670076114 ], [ 25.229802238847125, 54.585245814304876 ], [ 25.230575579837218, 54.585237953593619 ], [ 25.230562041550812, 54.584788795174809 ], [ 25.231335373664852, 54.58478092965332 ], [ 25.231321827249243, 54.584331771328451 ], [ 25.231308281207152, 54.583882612967734 ], [ 25.232081595942919, 54.583874742766049 ], [ 25.232095150487268, 54.584323900996893 ], [ 25.232108705405359, 54.584773059191917 ], [ 25.2328820367721, 54.584765183790601 ], [ 25.232895600566675, 54.585214341819835 ], [ 25.232909164735265, 54.585663499813258 ], [ 25.232922729277885, 54.586112657770848 ], [ 25.233696085779407, 54.586104777039537 ], [ 25.233709659199473, 54.586553934831258 ], [ 25.233723232993821, 54.587003092587132 ], [ 25.233736807162487, 54.587452250307216 ], [ 25.234510188800584, 54.587444364245393 ], [ 25.234523771847655, 54.587893521799479 ], [ 25.234537355269286, 54.588342679317748 ], [ 25.235310753541217, 54.58833478805515 ], [ 25.235324345841974, 54.588783945407378 ], [ 25.235337938517567, 54.589233102723739 ], [ 25.235351531568, 54.589682260004267 ], [ 25.236124954979395, 54.589674363410246 ], [ 25.236138556909918, 54.590123520524649 ], [ 25.236152159215553, 54.590572677603198 ], [ 25.236165761896302, 54.591021834645908 ], [ 25.236939210448963, 54.591013932719953 ], [ 25.236952822010768, 54.591463089596431 ], [ 25.236966433947963, 54.591912246437069 ], [ 25.237739899137296, 54.591904339309131 ], [ 25.237753519956257, 54.592353495983446 ], [ 25.237767141150872, 54.59280265262192 ], [ 25.23778076272114, 54.593251809224547 ], [ 25.238554253054627, 54.593243896763738 ], [ 25.238567883507638, 54.593693053199964 ], [ 25.23858151433657, 54.594142209600307 ], [ 25.238595145541435, 54.59459136596481 ], [ 25.239368661020865, 54.594583448170646 ], [ 25.239382301109444, 54.595032604368647 ], [ 25.239395941574212, 54.595481760530802 ], [ 25.240169473693172, 54.595473837533497 ], [ 25.24018312304236, 54.59592299352903 ], [ 25.240196772768023, 54.596372149488744 ], [ 25.24021042287016, 54.596821305412597 ], [ 25.240983980137951, 54.596813377080977 ], [ 25.240997639125471, 54.597262532838144 ], [ 25.241011298489735, 54.597711688559436 ], [ 25.241024958230746, 54.598160844244866 ], [ 25.241798540649167, 54.598152910578435 ], [ 25.241812209276539, 54.598602066097108 ], [ 25.24182587828092, 54.599051221579899 ], [ 25.24259947734172, 54.599043282709175 ], [ 25.242613155233176, 54.599492438025102 ], [ 25.242626833501909, 54.599941593305168 ], [ 25.24340044920573, 54.599933649229797 ], [ 25.243414136362258, 54.6003828043429 ], [ 25.243427823896326, 54.600831959420134 ], [ 25.243441511807944, 54.601281114461493 ], [ 25.244215152666396, 54.601273165049975 ], [ 25.244228849466772, 54.601722319924285 ], [ 25.244242546644966, 54.60217147476272 ], [ 25.245016204148193, 54.602163520145801 ], [ 25.245029910215862, 54.602612674817124 ], [ 25.245043616661619, 54.603061829452535 ], [ 25.245817290810262, 54.603053869629889 ], [ 25.245831006146208, 54.603503024098089 ], [ 25.245844721860493, 54.60395217853042 ], [ 25.246618412655209, 54.603944213501713 ], [ 25.246632137260409, 54.604393367766711 ], [ 25.246645862244215, 54.604842521995835 ], [ 25.247419569685643, 54.604834551760732 ], [ 25.247433303561078, 54.605283705822451 ], [ 25.247447037815391, 54.605732859848267 ], [ 25.248220761904179, 54.605724884406449 ], [ 25.248234505050835, 54.606174038264783 ], [ 25.248248248576619, 54.606623192087213 ], [ 25.248261992481549, 54.607072345873767 ], [ 25.249035741732275, 54.607064365093201 ], [ 25.249049494530521, 54.607513518712167 ], [ 25.249063247708175, 54.607962672295251 ], [ 25.249837013608012, 54.607954686307188 ], [ 25.249850775679704, 54.608403839722563 ], [ 25.249864538131071, 54.60885299310209 ], [ 25.250638320680665, 54.608845001906211 ], [ 25.25065209202678, 54.609294155117936 ], [ 25.250665863752829, 54.609743308293773 ], [ 25.251439662952833, 54.609735311889764 ], [ 25.251453443574356, 54.610184464897735 ], [ 25.251467224576079, 54.610633617869823 ], [ 25.252241040427133, 54.610625616257337 ], [ 25.252254830325043, 54.61107476906146 ], [ 25.252268620603409, 54.611523921829686 ], [ 25.253042453106175, 54.611515915008411 ], [ 25.253056252281453, 54.611965067608594 ], [ 25.253070051837458, 54.612414220172866 ], [ 25.253843900992567, 54.612406208142431 ], [ 25.253857709446201, 54.612855360538589 ], [ 25.253871518280818, 54.613304512898829 ], [ 25.254645384088928, 54.61329649565895 ], [ 25.254659201821891, 54.613745647850948 ], [ 25.254673019936106, 54.61419480000707 ], [ 25.25544690239786, 54.614186777557386 ], [ 25.255460729411141, 54.614635929545159 ], [ 25.256234620009167, 54.61462790201783 ], [ 25.256248455921977, 54.615077053837233 ], [ 25.256262292216558, 54.615526205620711 ], [ 25.257036199469077, 54.615518172883007 ], [ 25.257050044663902, 54.615967324498001 ], [ 25.257063890240754, 54.616416476077056 ], [ 25.257837814148406, 54.616408438128637 ], [ 25.257851668626234, 54.616857589539137 ], [ 25.258625600670509, 54.616849546512412 ], [ 25.258639464049772, 54.617298697754229 ], [ 25.258653327811583, 54.617747848960143 ], [ 25.259427276511833, 54.61773980072212 ], [ 25.259441149175792, 54.618188951759272 ], [ 25.260215106012843, 54.618180898442567 ], [ 25.260228987579438, 54.618630049310873 ], [ 25.26024286952909, 54.619079200143233 ], [ 25.261016843022944, 54.619071141614654 ], [ 25.261030733875941, 54.619520292278096 ], [ 25.261804715506752, 54.619512228670438 ], [ 25.261818615263568, 54.61996137916482 ], [ 25.261832515403952, 54.620410529623307 ], [ 25.262606513692418, 54.620402460803192 ], [ 25.262620422737335, 54.620851611092547 ], [ 25.26263433216608, 54.621300761345964 ], [ 25.263408347112843, 54.621292687313073 ], [ 25.263422265446849, 54.621741837397288 ], [ 25.264196288530918, 54.621733758284634 ], [ 25.264210215770653, 54.622182908199562 ], [ 25.264224143394731, 54.622632058078558 ], [ 25.264998183137937, 54.622623973752539 ], [ 25.265012119668462, 54.623073123462156 ], [ 25.265786167549145, 54.62306503405599 ], [ 25.265800112986582, 54.623514183596136 ], [ 25.265814058808875, 54.623963333100299 ], [ 25.266588123349536, 54.623955238480214 ], [ 25.266602078079465, 54.624404387814835 ], [ 25.267376150757766, 54.62439628811417 ], [ 25.267390114395798, 54.624845437279149 ], [ 25.267404078419208, 54.625294586408188 ], [ 25.268178167758322, 54.625286481493013 ], [ 25.268192140690548, 54.62573563045229 ], [ 25.268966238167465, 54.625727520456145 ], [ 25.268980220008988, 54.626176669245623 ], [ 25.268994202236392, 54.626625817999113 ], [ 25.269768316374961, 54.626617702787875 ], [ 25.269782307512379, 54.627066851371467 ], [ 25.269796299035949, 54.627515999919105 ], [ 25.27057042983682, 54.627507879492441 ], [ 25.270584430271118, 54.62795702787006 ], [ 25.27135856921015, 54.627948902361801 ], [ 25.271372578555656, 54.628398050569317 ], [ 25.271386588287825, 54.6288471987409 ], [ 25.272160743889991, 54.628839068016603 ], [ 25.272174762534082, 54.62928821601799 ], [ 25.272188781565102, 54.629737363983409 ], [ 25.272962953831055, 54.629729228042791 ], [ 25.272976981774718, 54.630178375837936 ], [ 25.272991010105571, 54.630627523597106 ], [ 25.273005038823626, 54.631076671320315 ], [ 25.27377923628017, 54.631068530028628 ], [ 25.273793273911842, 54.631517677581471 ], [ 25.273807311930977, 54.631966825098345 ], [ 25.273821350337606, 54.632415972579238 ], [ 25.274595572986534, 54.632407825935971 ], [ 25.274609620307743, 54.632856973246412 ], [ 25.274623668016694, 54.633306120520878 ], [ 25.275397907332266, 54.633297968660102 ], [ 25.275411963956522, 54.633747115764017 ], [ 25.275426020968794, 54.634196262831956 ], [ 25.276200276951656, 54.634188105753339 ], [ 25.276214342879943, 54.634637252650627 ], [ 25.276228409196513, 54.635086399511955 ], [ 25.27624247590137, 54.635535546337273 ], [ 25.277016757080617, 54.635527383905725 ], [ 25.277030832702469, 54.635976530560335 ], [ 25.277044908712881, 54.636425677178963 ], [ 25.277819206561169, 54.636417509528819 ], [ 25.277833291489287, 54.636866655976604 ], [ 25.277847376806225, 54.637315802388422 ], [ 25.278621691324201, 54.637307629519363 ], [ 25.278635785559572, 54.637756775760252 ], [ 25.27864988018403, 54.638205921965159 ], [ 25.278663975197588, 54.638655068134071 ], [ 25.27943831491595, 54.638646889910717 ], [ 25.279452418848908, 54.639096035908622 ], [ 25.279466523171234, 54.639545181870545 ], [ 25.280240879561031, 54.639536998427531 ], [ 25.280254992803478, 54.639986144218341 ], [ 25.280269106435554, 54.640435289973169 ], [ 25.280283220457274, 54.640884435691994 ], [ 25.28105760205036, 54.640876246893747 ], [ 25.281071724993176, 54.641325392441388 ], [ 25.281085848325901, 54.64177453795304 ], [ 25.281860246592174, 54.641766343934357 ], [ 25.281874378846705, 54.642215489274719 ], [ 25.281888511491413, 54.642664634579091 ], [ 25.282662926431524, 54.642656435339646 ], [ 25.282677067998765, 54.643105580472621 ], [ 25.282691209956447, 54.643554725569615 ], [ 25.283465641571041, 54.643546521109059 ], [ 25.283479792451981, 54.643995666034591 ], [ 25.283493943723617, 54.644444810924121 ], [ 25.283508095385972, 54.644893955777626 ], [ 25.28428255220896, 54.644885745960096 ], [ 25.284296712795541, 54.645334890642047 ], [ 25.284310873773101, 54.645784035287996 ], [ 25.285085347272325, 54.645775820248609 ], [ 25.285099517174835, 54.646224964722919 ], [ 25.285113687468591, 54.646674109161211 ], [ 25.285127858153611, 54.647123253563493 ], [ 25.285902356864124, 54.647115033166187 ], [ 25.285916536475053, 54.647564177396738 ], [ 25.285930716477516, 54.648013321591257 ], [ 25.28594489687152, 54.648462465749795 ], [ 25.286719420795116, 54.648454239994031 ], [ 25.286733610116013, 54.648903383980731 ], [ 25.28674779982871, 54.649352527931406 ], [ 25.286761989933222, 54.64980167184607 ], [ 25.287536539071706, 54.649793440731372 ], [ 25.287550738104084, 54.6502425844741 ], [ 25.287564937528547, 54.650691728180824 ], [ 25.287579137345102, 54.651140871851517 ], [ 25.288353711700275, 54.65113263537738 ], [ 25.288367920445658, 54.651581778876057 ], [ 25.288382129583422, 54.65203092233871 ], [ 25.288396339113557, 54.652480065765346 ], [ 25.289170938687196, 54.652471823931243 ], [ 25.289185157147134, 54.652920967185757 ], [ 25.289199375999722, 54.653370110404261 ], [ 25.289213595244963, 54.653819253586725 ], [ 25.289227814882882, 54.654268396733187 ], [ 25.290002448214892, 54.654260149402418 ], [ 25.290016676783836, 54.654709292376644 ], [ 25.290030905745709, 54.655158435314874 ], [ 25.290045135100549, 54.655607578217065 ], [ 25.290059364848343, 54.656056721083225 ], [ 25.290834031942154, 54.656048468255101 ], [ 25.290848270622206, 54.656497610948968 ], [ 25.290862509695483, 54.656946753606789 ], [ 25.290876749162013, 54.6573958962286 ], [ 25.290890989021804, 54.657845038814372 ], [ 25.291665689880823, 54.657836780488189 ], [ 25.291679938674083, 54.658285922901563 ], [ 25.29169418786087, 54.658735065278897 ], [ 25.291708437441208, 54.659184207620207 ], [ 25.291722687415088, 54.659633349925485 ], [ 25.292497422042736, 54.659625086100547 ], [ 25.292511680951321, 54.660074228233327 ], [ 25.292525940253721, 54.660523370330083 ], [ 25.292540199949965, 54.660972512390799 ], [ 25.293314959807834, 54.660964243202962 ], [ 25.293329228439738, 54.66141338509108 ], [ 25.293343497465752, 54.661862526943175 ], [ 25.29335776688588, 54.662311668759209 ], [ 25.294132551975775, 54.662303394207996 ], [ 25.294146830332544, 54.66275253585134 ], [ 25.294161109083689, 54.663201677458673 ], [ 25.294175388229238, 54.663650819029954 ], [ 25.29495019855295, 54.663642539114818 ], [ 25.294964486636108, 54.664091680513316 ], [ 25.294978775113929, 54.664540821875782 ], [ 25.294993063986421, 54.664989963202196 ], [ 25.295767899545766, 54.664981677922626 ], [ 25.295782197356843, 54.665430819076178 ], [ 25.295796495562868, 54.665879960193678 ], [ 25.29657134781527, 54.665871669686105 ], [ 25.296585654960602, 54.66632081063063 ], [ 25.296599962501137, 54.666769951539123 ], [ 25.296614270436901, 54.667219092411578 ], [ 25.297389147927824, 54.667210796538633 ], [ 25.297403464803864, 54.667659937238014 ], [ 25.297417782075396, 54.668109077901342 ], [ 25.298192676261142, 54.668100776799641 ], [ 25.298207002473678, 54.668549917289823 ], [ 25.298221329081958, 54.668999057743953 ], [ 25.298996239963174, 54.668990751413148 ], [ 25.299010575513183, 54.669439891694033 ], [ 25.299024911459217, 54.669889031938879 ], [ 25.299799839036545, 54.669880720378643 ], [ 25.299814183925022, 54.670329860450153 ], [ 25.299828529209787, 54.670779000485588 ], [ 25.300603473483875, 54.670770683695579 ], [ 25.300617827711811, 54.671219823557585 ], [ 25.300632182336294, 54.671668963383539 ], [ 25.301407143307806, 54.671660641363438 ], [ 25.301421506876178, 54.672109781015891 ], [ 25.301435870841374, 54.672558920632291 ], [ 25.301450235203397, 54.673008060212616 ], [ 25.302225221420748, 54.672999732824515 ], [ 25.302239594727645, 54.673448872231234 ], [ 25.302253968431629, 54.673898011601892 ], [ 25.303028971348141, 54.673889678982931 ], [ 25.303043353997722, 54.674338818179876 ], [ 25.303057737044661, 54.674787957340783 ], [ 25.303832756660992, 54.674779619490636 ], [ 25.303847148654249, 54.675228758477729 ], [ 25.303861541045123, 54.675677897428741 ], [ 25.304636577361915, 54.675669554347074 ], [ 25.304650978699836, 54.676118693124224 ], [ 25.304665380435644, 54.676567831865292 ], [ 25.305440433453548, 54.676559483551749 ], [ 25.305454844137117, 54.677008622118869 ], [ 25.305469255218846, 54.677457760649908 ], [ 25.306244324938511, 54.67744940710417 ], [ 25.306258744968716, 54.677898545461147 ], [ 25.307033822840264, 54.677890186820946 ], [ 25.307048251819424, 54.678339325003769 ], [ 25.307062681197266, 54.678788463150489 ], [ 25.307837775771407, 54.678780099277525 ], [ 25.307852214098929, 54.679229237250048 ], [ 25.307866652825386, 54.679678375186441 ], [ 25.307881091950801, 54.680127513086781 ], [ 25.308656211779631, 54.680119143842454 ], [ 25.308670659855704, 54.680568281568455 ], [ 25.308685108330994, 54.681017419258367 ], [ 25.309460244864177, 54.681009044780517 ], [ 25.309474702290842, 54.681458182295998 ], [ 25.309489160117003, 54.681907319775391 ], [ 25.310264313355187, 54.681898940063682 ], [ 25.310278780133441, 54.682348077368552 ], [ 25.310293247311449, 54.682797214637333 ], [ 25.31030771488923, 54.683246351870032 ], [ 25.311082893386114, 54.683237966785605 ], [ 25.311097369916972, 54.683687103843688 ], [ 25.311872556567099, 54.683678713663248 ], [ 25.311887042051495, 54.684127850546631 ], [ 25.311901527936186, 54.684576987393932 ], [ 25.311916014221179, 54.685026124205109 ], [ 25.312691226132216, 54.685017728651125 ], [ 25.312705721371724, 54.685466865287509 ], [ 25.312720217011805, 54.685916001887797 ], [ 25.313495445630895, 54.685907601098535 ], [ 25.313509950226216, 54.686356737523937 ], [ 25.313524455222378, 54.686805873913258 ], [ 25.314299700550176, 54.68679746788834 ], [ 25.314314214502293, 54.687246604102697 ], [ 25.314328728855521, 54.687695740280908 ], [ 25.314343243609869, 54.688144876423031 ], [ 25.315118514202585, 54.688136465023213 ], [ 25.315133037913867, 54.688585600990272 ], [ 25.315147562026535, 54.689034736921215 ], [ 25.315922849329702, 54.689026320285024 ], [ 25.315937382400033, 54.689475456040817 ], [ 25.316712677857822, 54.689467034307036 ], [ 25.316727219886296, 54.689916169887574 ], [ 25.316741762316667, 54.69036530543201 ], [ 25.31751707448575, 54.690356878461294 ], [ 25.317531625874985, 54.690806013830375 ], [ 25.317546177666394, 54.691255149163354 ], [ 25.318321506547409, 54.691246716955334 ], [ 25.3183360672984, 54.691695852112879 ], [ 25.318350628451821, 54.692144987234315 ], [ 25.319125974045431, 54.69213654978865 ], [ 25.319140544159168, 54.692585684734574 ], [ 25.319155114675606, 54.693034819644346 ], [ 25.319930476982453, 54.693026376960759 ], [ 25.319945056459922, 54.693475511694928 ], [ 25.320720426922126, 54.693467063912593 ], [ 25.320735015361098, 54.693916198471072 ], [ 25.320749604203296, 54.694365332993414 ], [ 25.321524991379576, 54.694356879972545 ], [ 25.321539589184006, 54.694806014319106 ], [ 25.321554187391911, 54.695255148629528 ], [ 25.322329591282919, 54.695246690369792 ], [ 25.322344198453784, 54.695695824504355 ], [ 25.323119610500498, 54.695687361145211 ], [ 25.323134226634789, 54.696136495103794 ], [ 25.323148843173083, 54.696585629026245 ], [ 25.323163460115403, 54.697034762912551 ], [ 25.323178077461755, 54.697483896762698 ], [ 25.323953523344532, 54.697475427884278 ], [ 25.323968149655538, 54.697924561558395 ], [ 25.324743603694621, 54.69791608758004 ], [ 25.324758238970755, 54.698365221077971 ], [ 25.325533701166112, 54.698356741999483 ], [ 25.325548345407846, 54.698805875321185 ], [ 25.326323815759451, 54.698797391142428 ], [ 25.326338468967254, 54.699246524287815 ], [ 25.32711394747507, 54.699238035008598 ], [ 25.327128609649424, 54.699687167977572 ], [ 25.327143272229083, 54.700136300910394 ], [ 25.327918767454793, 54.700127806390228 ], [ 25.327933439001725, 54.700576939146544 ], [ 25.328708942383809, 54.700568439525512 ], [ 25.328723622898458, 54.701017572104178 ], [ 25.32949913443688, 54.701009067382138 ], [ 25.329513823919775, 54.701458199785179 ], [ 25.329528513808746, 54.701907332152068 ], [ 25.330304042066096, 54.701898822188269 ], [ 25.330318740924017, 54.702347954378382 ], [ 25.33033344018828, 54.702797086532307 ], [ 25.331108985165194, 54.702788571326401 ], [ 25.331123693399125, 54.703237703303479 ], [ 25.331899246532739, 54.703229182995891 ], [ 25.331913963736806, 54.703678314796022 ], [ 25.332689525027085, 54.703669789386616 ], [ 25.332704251201772, 54.704118921009702 ], [ 25.33347982064868, 54.704110390498315 ], [ 25.333494555794445, 54.704559521944269 ], [ 25.334270133397958, 54.704550986330723 ], [ 25.334284877515284, 54.705000117599475 ], [ 25.335060463275372, 54.704991576883621 ], [ 25.335836048627598, 54.704983031206503 ], [ 25.33585081028135, 54.70543216215674 ], [ 25.335865572343213, 54.705881293070796 ], [ 25.335089969861954, 54.705889839030334 ], [ 25.335104723767074, 54.706338970049408 ], [ 25.335880334813201, 54.706330423948671 ], [ 25.336655945451195, 54.706321872886413 ], [ 25.337431555680816, 54.706313316862683 ], [ 25.337416776081131, 54.705864186267462 ], [ 25.338192377337311, 54.705855625423673 ], [ 25.338967978184662, 54.705847059618456 ], [ 25.339743578622933, 54.705838488851853 ], [ 25.339728773738141, 54.705389358645036 ], [ 25.339713969262625, 54.704940228402037 ], [ 25.340489552162751, 54.70493165295742 ], [ 25.340474739532443, 54.704482522819887 ], [ 25.339699165196389, 54.704491098122816 ], [ 25.339684361539415, 54.704041967807406 ], [ 25.340459927311638, 54.70403339264616 ], [ 25.340445115500316, 54.703584262436216 ], [ 25.340430304098458, 54.703135132190063 ], [ 25.341205852334269, 54.703126552351264 ], [ 25.341191032778763, 54.702677422210677 ], [ 25.340415493106047, 54.702686001907701 ], [ 25.340400682523072, 54.702236871589136 ], [ 25.34117621363292, 54.702228292033858 ], [ 25.341161394896726, 54.701779161820852 ], [ 25.341146576570178, 54.701330031571615 ], [ 25.341131758653258, 54.700880901286169 ], [ 25.34111694114598, 54.700431770965579 ], [ 25.340341444285258, 54.700440349953858 ], [ 25.340326635749232, 54.699991219454262 ], [ 25.340311827622546, 54.699542088918435 ], [ 25.339536347475633, 54.699550662662979 ], [ 25.339521548319507, 54.69910153194931 ], [ 25.339506749572454, 54.698652401199418 ], [ 25.339491951234464, 54.698203270413337 ], [ 25.33947715330552, 54.697754139591041 ], [ 25.339462355785599, 54.697305008732528 ], [ 25.339447558674696, 54.69685587783782 ], [ 25.339432761972795, 54.696406746906895 ], [ 25.338657341340546, 54.696415314700275 ], [ 25.338642553607222, 54.695966183591608 ], [ 25.338627766282624, 54.695517052446732 ], [ 25.338612979366747, 54.695067921265661 ], [ 25.338598192859564, 54.694618790048381 ], [ 25.337822806055581, 54.694627352316203 ], [ 25.337808028515749, 54.69417822092128 ], [ 25.337793251384348, 54.693729089490141 ], [ 25.337778474661366, 54.693279958022799 ], [ 25.337003113124254, 54.693288514907188 ], [ 25.336988345367644, 54.692839383262267 ], [ 25.33697357801919, 54.692390251581173 ], [ 25.336958811078869, 54.691941119863884 ], [ 25.336944044546673, 54.691491988110371 ], [ 25.336168716831903, 54.691500539470518 ], [ 25.336153959264841, 54.691051407539554 ], [ 25.336139202105642, 54.690602275572395 ], [ 25.336124445354276, 54.690153143569027 ], [ 25.335349142902086, 54.690161689546841 ], [ 25.335334395114891, 54.689712557366093 ], [ 25.335319647735272, 54.689263425149193 ], [ 25.335304900763205, 54.688814292896062 ], [ 25.335290154198681, 54.688365160606779 ], [ 25.334514885562918, 54.688373701061636 ], [ 25.334500147961339, 54.687924568595051 ], [ 25.334485410767023, 54.687475436092292 ], [ 25.334470673979975, 54.687026303553331 ], [ 25.334455937600168, 54.686577170978182 ], [ 25.333680702777421, 54.686585705910829 ], [ 25.333665975359335, 54.686136573158521 ], [ 25.333651248348211, 54.685687440369989 ], [ 25.332876030227233, 54.685695970062895 ], [ 25.332861312177112, 54.685246837097296 ], [ 25.332846594533695, 54.684797704095516 ], [ 25.332831877296979, 54.684348571057541 ], [ 25.332817160466938, 54.683899437983406 ], [ 25.332041976153977, 54.683907962155274 ], [ 25.332027268283706, 54.683458828904151 ], [ 25.332012560819845, 54.683009695616825 ], [ 25.331997853762374, 54.682560562293325 ], [ 25.33122269470163, 54.682569081085603 ], [ 25.331207996602956, 54.6821199475852 ], [ 25.331193298910406, 54.68167081404863 ], [ 25.331178601623979, 54.681221680475886 ], [ 25.330403467813632, 54.681230193889064 ], [ 25.33038877948502, 54.680781060139516 ], [ 25.330374091562256, 54.68033192635378 ], [ 25.330359404045321, 54.679882792531878 ], [ 25.329584295483588, 54.679891300566489 ], [ 25.329569616923493, 54.679442166567867 ], [ 25.329554938768972, 54.678993032533093 ], [ 25.329540261019996, 54.678543898462124 ], [ 25.328765177705073, 54.678552401118672 ], [ 25.328750508911963, 54.678103266871098 ], [ 25.328735840524139, 54.67765413258735 ], [ 25.327960773904362, 54.677662630006708 ], [ 25.327946114471676, 54.67721349554644 ], [ 25.327931455444013, 54.676764361049997 ], [ 25.327156405518728, 54.676772853232499 ], [ 25.327141755445485, 54.676323718559637 ], [ 25.327127105776992, 54.6758745838506 ], [ 25.327112456513234, 54.675425449105397 ], [ 25.326337431830762, 54.675433935911173 ], [ 25.32632279152045, 54.674984800989655 ], [ 25.326308151614608, 54.674535666031957 ], [ 25.326293512113228, 54.674086531038093 ], [ 25.326278873016285, 54.673637396008075 ], [ 25.326264234323773, 54.673188260941892 ], [ 25.325489251978123, 54.673196742091321 ], [ 25.325474622237568, 54.672747606848908 ], [ 25.325459992901184, 54.672298471570336 ], [ 25.324685027246264, 54.672306947484252 ], [ 25.324670406861117, 54.671857812029522 ], [ 25.324655786879866, 54.671408676538626 ], [ 25.324641167302495, 54.670959541011598 ], [ 25.323866226884299, 54.670968011550443 ], [ 25.323851616257194, 54.670518875847343 ], [ 25.323837006033706, 54.670069740108104 ], [ 25.32382239621381, 54.669620604332721 ], [ 25.323807786797495, 54.669171468521149 ], [ 25.323032880159943, 54.669179933545621 ], [ 25.323018279692668, 54.668730797558126 ], [ 25.323003679628723, 54.668281661534465 ], [ 25.322228789678583, 54.668290121324681 ], [ 25.32221419856295, 54.667840985125167 ], [ 25.322199607850369, 54.667391848889473 ], [ 25.322185017540829, 54.666942712617669 ], [ 25.321410152822018, 54.666951167034348 ], [ 25.321395571459828, 54.666502030586763 ], [ 25.321380990500401, 54.666052894103039 ], [ 25.321366409943728, 54.665603757583142 ], [ 25.320591570454457, 54.665612206626804 ], [ 25.320576998844157, 54.665163069931239 ], [ 25.320562427636354, 54.66471393319955 ], [ 25.320547856831016, 54.664264796431709 ], [ 25.319773042569491, 54.664273240102844 ], [ 25.319758480709556, 54.663824103159421 ], [ 25.319743919251824, 54.663374966179873 ], [ 25.319729358196287, 54.662925829164152 ], [ 25.318954569160706, 54.662934267463285 ], [ 25.318940017049602, 54.662485130272103 ], [ 25.318925465340413, 54.662035993044761 ], [ 25.31891091403314, 54.661586855781309 ], [ 25.318136150221719, 54.661595288708945 ], [ 25.318121607857893, 54.661146151270088 ], [ 25.31810706589572, 54.66069701379508 ], [ 25.318092524335178, 54.660247876283961 ], [ 25.317317785746109, 54.66025630384064 ], [ 25.317303253128049, 54.659807166154202 ], [ 25.31728872091135, 54.659358028431626 ], [ 25.316513999002431, 54.659366450756906 ], [ 25.31649947572749, 54.658917312859145 ], [ 25.316484952853656, 54.65846817492524 ], [ 25.3164704303809, 54.65801903695521 ], [ 25.315695733691442, 54.658027453910456 ], [ 25.315681220159469, 54.657578315765299 ], [ 25.315666707028313, 54.657129177584025 ], [ 25.314892027017255, 54.65713758930864 ], [ 25.314877522826169, 54.656688450952331 ], [ 25.314863019035638, 54.656239312559904 ], [ 25.314088355702332, 54.656247719054221 ], [ 25.314073860851135, 54.655798580486866 ], [ 25.314059366400233, 54.655349441883374 ], [ 25.313284719744029, 54.655357843147733 ], [ 25.313270234231748, 54.654908704369404 ], [ 25.313255749119485, 54.654459565554966 ], [ 25.312481119139743, 54.654467961589681 ], [ 25.312466642965379, 54.654018822600484 ], [ 25.311692021123775, 54.654027213544474 ], [ 25.311677553886845, 54.653578074380604 ], [ 25.311663087049418, 54.653128935180632 ], [ 25.310888481883431, 54.653137320895574 ], [ 25.310874023982716, 54.652688181521022 ], [ 25.310099426954714, 54.652696562145628 ], [ 25.310084977990229, 54.65224742259656 ], [ 25.310070529424728, 54.651798283011424 ], [ 25.309295949071508, 54.651806658407565 ], [ 25.309281509441529, 54.65135751864802 ], [ 25.309267070210268, 54.650908378852371 ], [ 25.308492506531188, 54.650916749020375 ], [ 25.308478076234724, 54.650467609050395 ], [ 25.308463646336705, 54.65001846904434 ], [ 25.307689099331125, 54.650026833984541 ], [ 25.307674678367185, 54.649577693804268 ], [ 25.307660257801441, 54.649128553587886 ], [ 25.306885727468696, 54.649136913300609 ], [ 25.3068713158363, 54.648687772910122 ], [ 25.306856904601826, 54.648238632483533 ], [ 25.306082390941285, 54.64824698696912 ], [ 25.306067988639441, 54.647797846368491 ], [ 25.306053586735263, 54.64734870573178 ], [ 25.305279089746271, 54.647357054990565 ], [ 25.305264696774, 54.646907914179906 ], [ 25.30525030419912, 54.646458773333144 ], [ 25.304475823881031, 54.646467117365468 ], [ 25.30446144023734, 54.646017976344851 ], [ 25.303686968055931, 54.646026315288729 ], [ 25.303672593342956, 54.645577174094349 ], [ 25.303658219026861, 54.645128032863902 ], [ 25.302883763515517, 54.64513636658188 ], [ 25.302869398129413, 54.644687225177734 ], [ 25.302855033139927, 54.644238083737534 ], [ 25.302840668547042, 54.643788942261217 ], [ 25.302066238237785, 54.643797270616155 ], [ 25.302051882573924, 54.643348128966259 ], [ 25.3020375273064, 54.642898987280304 ], [ 25.301263113665463, 54.642907310410095 ], [ 25.301248767326243, 54.642458168550633 ], [ 25.301234421383089, 54.642009026655117 ], [ 25.301220075835989, 54.641559884723527 ], [ 25.300445687394252, 54.641568202491172 ], [ 25.300431350774485, 54.641119060386181 ], [ 25.300417014550508, 54.640669918245102 ], [ 25.300402678722307, 54.640220776067984 ], [ 25.299628315477968, 54.640229088474001 ], [ 25.299613988576127, 54.639779946123554 ], [ 25.299599662069799, 54.639330803737053 ], [ 25.298825315490927, 54.639339110919117 ], [ 25.298810997910241, 54.638889968359393 ], [ 25.298796680724791, 54.638440825763617 ], [ 25.298782363934581, 54.637991683131752 ], [ 25.298008042550215, 54.637999984953133 ], [ 25.297993734684667, 54.637550842148151 ], [ 25.297979427214091, 54.637101699307117 ], [ 25.297965120138461, 54.636652556430001 ], [ 25.297190823946806, 54.636660852891211 ], [ 25.297176525794882, 54.636211709841085 ], [ 25.297162228037639, 54.635762566754892 ], [ 25.296387948508603, 54.635770857993315 ], [ 25.296373659674337, 54.635321714734182 ], [ 25.296359371234495, 54.634872571439004 ], [ 25.296345083189053, 54.634423428107745 ], [ 25.295570828849836, 54.63443171398692 ], [ 25.295556549726406, 54.633982570482836 ], [ 25.295542270997114, 54.633533426942698 ], [ 25.294768033318764, 54.633541707599839 ], [ 25.294753763510766, 54.633092563886933 ], [ 25.294739494096635, 54.632643420137995 ], [ 25.294725225076377, 54.632194276353012 ], [ 25.293951012584948, 54.632202551651815 ], [ 25.293936752485003, 54.63175340769417 ], [ 25.293922492778655, 54.631304263700457 ], [ 25.293908233465888, 54.630855119670706 ], [ 25.29313404615959, 54.630863389611733 ], [ 25.29311979576617, 54.630414245409412 ], [ 25.293105545766075, 54.629965101171031 ], [ 25.292331375117797, 54.629973365891196 ], [ 25.292317134036313, 54.629524221480352 ], [ 25.292302893347902, 54.629075077033477 ], [ 25.29228865305252, 54.628625932550548 ], [ 25.291514507586477, 54.628634191913839 ], [ 25.291500276208748, 54.628185047258526 ], [ 25.291486045223799, 54.627735902567167 ], [ 25.290711916414022, 54.627744156710357 ], [ 25.290697694346015, 54.627295011846705 ], [ 25.290683472670505, 54.626845866947022 ], [ 25.290669251387499, 54.626396722011307 ], [ 25.289895147757065, 54.626404970798568 ], [ 25.28988093539002, 54.625955825690639 ], [ 25.289866723415219, 54.625506680546671 ], [ 25.2890926364393, 54.625514924114583 ], [ 25.289078433379732, 54.625065778798508 ], [ 25.289064230712142, 54.624616633446422 ], [ 25.289050028436492, 54.624167488058276 ], [ 25.289035826552787, 54.623718342634135 ], [ 25.288261773275664, 54.623726580711036 ], [ 25.288247580305981, 54.623277435114858 ], [ 25.288233387727978, 54.622828289482655 ], [ 25.288219195541629, 54.622379143814427 ], [ 25.288205003746928, 54.621929998110154 ], [ 25.288190812343849, 54.621480852369878 ], [ 25.287416801283282, 54.621489084820595 ], [ 25.287402618792772, 54.621039938908382 ], [ 25.287388436693615, 54.620590792960158 ], [ 25.287374254985814, 54.620141646975888 ], [ 25.287360073669348, 54.619692500955637 ], [ 25.287345892744202, 54.619243354899311 ], [ 25.287331712210367, 54.618794208806982 ], [ 25.28655775188065, 54.618802435496605 ], [ 25.286543580257657, 54.618353289232459 ], [ 25.286529409025693, 54.617904142932282 ], [ 25.286515238184769, 54.617454996596088 ], [ 25.286501067734854, 54.617005850223862 ], [ 25.286486897675939, 54.616556703815618 ], [ 25.285712979550638, 54.616564924880933 ], [ 25.285698818401094, 54.616115778300973 ], [ 25.285684657642285, 54.615666631684988 ], [ 25.285670497274197, 54.615217485032993 ], [ 25.28565633729681, 54.61476833834498 ], [ 25.285642177710113, 54.614319191620943 ], [ 25.285628018514092, 54.613870044860874 ], [ 25.284854151104945, 54.613878260167141 ], [ 25.284840000816583, 54.613429113235462 ], [ 25.284825850918629, 54.612979966267773 ], [ 25.284811701411069, 54.612530819264052 ], [ 25.284797552293899, 54.612081672224328 ], [ 25.284023718560967, 54.612089882043648 ], [ 25.284009578350222, 54.611640734832399 ], [ 25.283995438529605, 54.611191587585139 ], [ 25.283981299099096, 54.610742440301856 ], [ 25.283967160058669, 54.610293292982561 ], [ 25.283193359998535, 54.610301497315618 ], [ 25.283179229863329, 54.609852349824891 ], [ 25.283165100117948, 54.609403202298161 ], [ 25.283150970762382, 54.608954054735428 ], [ 25.283136841796605, 54.608504907136648 ], [ 25.282363075405868, 54.608513105984144 ], [ 25.282348955344101, 54.608063958214068 ], [ 25.282334835671865, 54.607614810407981 ], [ 25.28232071638914, 54.607165662565869 ], [ 25.282306597495921, 54.606716514687761 ], [ 25.281532864771176, 54.606724708050365 ], [ 25.281518754780745, 54.606275560001031 ], [ 25.281504645179556, 54.605826411915679 ], [ 25.281490535967581, 54.605377263794324 ], [ 25.280716828392816, 54.605385451807891 ], [ 25.280702728082666, 54.604936303515387 ], [ 25.280688628161482, 54.604487155186881 ], [ 25.28067452862923, 54.604038006822393 ], [ 25.28066042948592, 54.603588858421872 ], [ 25.279886755571269, 54.603597040951854 ], [ 25.279872665328558, 54.603147892380306 ], [ 25.279858575474513, 54.602698743772756 ], [ 25.279844486009122, 54.602249595129209 ], [ 25.279070837240187, 54.602257772311233 ], [ 25.279056756674425, 54.60180862349673 ], [ 25.27904267649706, 54.601359474646237 ], [ 25.279028596708066, 54.600910325759727 ], [ 25.278254973083051, 54.600918497594328 ], [ 25.278240902192728, 54.60046934853699 ], [ 25.278226831690514, 54.600020199443627 ], [ 25.278212761576398, 54.599571050314282 ], [ 25.277439163093515, 54.599579216801942 ], [ 25.277425101877096, 54.599130067501854 ], [ 25.277411041048513, 54.598680918165748 ], [ 25.277396980607751, 54.598231768793653 ], [ 25.276623407265209, 54.598239929934913 ], [ 25.276609355721174, 54.59779078039216 ], [ 25.276595304564701, 54.597341630813396 ], [ 25.276581253795758, 54.596892481198651 ], [ 25.275807705591774, 54.596900636994015 ], [ 25.275793663718606, 54.596451487208689 ], [ 25.275779622232712, 54.596002337387382 ], [ 25.275765581134081, 54.595553187530079 ], [ 25.274992058066864, 54.595561337980058 ], [ 25.274978025863032, 54.595112187952267 ], [ 25.274963994046193, 54.594663037888495 ] ] ] } },
{ "type": "Feature", "properties": { "OBJECTID": 697748, "TRIUKSM": "55-59", "PERIODAS": 4, "TIPAS": 8, "METAI": 2011, "SHAPEarea": 9924999.9928639997, "SHAPElen": 71500 }, "geometry": { "type": "Polygon", "coordinates": [ [ [ 25.337431555680816, 54.706313316862683 ], [ 25.336655945451195, 54.706321872886413 ], [ 25.335880334813201, 54.706330423948671 ], [ 25.335104723767074, 54.706338970049408 ], [ 25.335089969861954, 54.705889839030334 ], [ 25.335865572343213, 54.705881293070796 ], [ 25.33585081028135, 54.70543216215674 ], [ 25.335836048627598, 54.704983031206503 ], [ 25.335060463275372, 54.704991576883621 ], [ 25.334284877515284, 54.705000117599475 ], [ 25.334270133397958, 54.704550986330723 ], [ 25.333494555794445, 54.704559521944269 ], [ 25.33347982064868, 54.704110390498315 ], [ 25.332704251201772, 54.704118921009702 ], [ 25.332689525027085, 54.703669789386616 ], [ 25.331913963736806, 54.703678314796022 ], [ 25.331899246532739, 54.703229182995891 ], [ 25.331123693399125, 54.703237703303479 ], [ 25.331108985165194, 54.702788571326401 ], [ 25.33033344018828, 54.702797086532307 ], [ 25.330318740924017, 54.702347954378382 ], [ 25.330304042066096, 54.701898822188269 ], [ 25.329528513808746, 54.701907332152068 ], [ 25.329513823919775, 54.701458199785179 ], [ 25.32949913443688, 54.701009067382138 ], [ 25.328723622898458, 54.701017572104178 ], [ 25.328708942383809, 54.700568439525512 ], [ 25.327933439001725, 54.700576939146544 ], [ 25.327918767454793, 54.700127806390228 ], [ 25.327143272229083, 54.700136300910394 ], [ 25.327128609649424, 54.699687167977572 ], [ 25.32711394747507, 54.699238035008598 ], [ 25.326338468967254, 54.699246524287815 ], [ 25.326323815759451, 54.698797391142428 ], [ 25.325548345407846, 54.698805875321185 ], [ 25.325533701166112, 54.698356741999483 ], [ 25.324758238970755, 54.698365221077971 ], [ 25.324743603694621, 54.69791608758004 ], [ 25.323968149655538, 54.697924561558395 ], [ 25.323953523344532, 54.697475427884278 ], [ 25.323178077461755, 54.697483896762698 ], [ 25.323163460115403, 54.697034762912551 ], [ 25.323148843173083, 54.696585629026245 ], [ 25.323134226634789, 54.696136495103794 ], [ 25.323119610500498, 54.695687361145211 ], [ 25.322344198453784, 54.695695824504355 ], [ 25.322329591282919, 54.695246690369792 ], [ 25.321554187391911, 54.695255148629528 ], [ 25.321539589184006, 54.694806014319106 ], [ 25.321524991379576, 54.694356879972545 ], [ 25.320749604203296, 54.694365332993414 ], [ 25.320735015361098, 54.693916198471072 ], [ 25.320720426922126, 54.693467063912593 ], [ 25.319945056459922, 54.693475511694928 ], [ 25.319930476982453, 54.693026376960759 ], [ 25.319155114675606, 54.693034819644346 ], [ 25.319140544159168, 54.692585684734574 ], [ 25.319125974045431, 54.69213654978865 ], [ 25.318350628451821, 54.692144987234315 ], [ 25.3183360672984, 54.691695852112879 ], [ 25.318321506547409, 54.691246716955334 ], [ 25.317546177666394, 54.691255149163354 ], [ 25.317531625874985, 54.690806013830375 ], [ 25.31751707448575, 54.690356878461294 ], [ 25.316741762316667, 54.69036530543201 ], [ 25.316727219886296, 54.689916169887574 ], [ 25.316712677857822, 54.689467034307036 ], [ 25.315937382400033, 54.689475456040817 ], [ 25.315922849329702, 54.689026320285024 ], [ 25.315147562026535, 54.689034736921215 ], [ 25.315133037913867, 54.688585600990272 ], [ 25.315118514202585, 54.688136465023213 ], [ 25.314343243609869, 54.688144876423031 ], [ 25.314328728855521, 54.687695740280908 ], [ 25.314314214502293, 54.687246604102697 ], [ 25.314299700550176, 54.68679746788834 ], [ 25.313524455222378, 54.686805873913258 ], [ 25.313509950226216, 54.686356737523937 ], [ 25.313495445630895, 54.685907601098535 ], [ 25.312720217011805, 54.685916001887797 ], [ 25.312705721371724, 54.685466865287509 ], [ 25.312691226132216, 54.685017728651125 ], [ 25.311916014221179, 54.685026124205109 ], [ 25.311901527936186, 54.684576987393932 ], [ 25.311887042051495, 54.684127850546631 ], [ 25.311872556567099, 54.683678713663248 ], [ 25.311097369916972, 54.683687103843688 ], [ 25.311082893386114, 54.683237966785605 ], [ 25.31030771488923, 54.683246351870032 ], [ 25.310293247311449, 54.682797214637333 ], [ 25.310278780133441, 54.682348077368552 ], [ 25.310264313355187, 54.681898940063682 ], [ 25.309489160117003, 54.681907319775391 ], [ 25.309474702290842, 54.681458182295998 ], [ 25.309460244864177, 54.681009044780517 ], [ 25.308685108330994, 54.681017419258367 ], [ 25.308670659855704, 54.680568281568455 ], [ 25.308656211779631, 54.680119143842454 ], [ 25.307881091950801, 54.680127513086781 ], [ 25.307866652825386, 54.679678375186441 ], [ 25.307852214098929, 54.679229237250048 ], [ 25.307837775771407, 54.678780099277525 ], [ 25.307062681197266, 54.678788463150489 ], [ 25.307048251819424, 54.678339325003769 ], [ 25.307033822840264, 54.677890186820946 ], [ 25.306258744968716, 54.677898545461147 ], [ 25.306244324938511, 54.67744940710417 ], [ 25.305469255218846, 54.677457760649908 ], [ 25.305454844137117, 54.677008622118869 ], [ 25.305440433453548, 54.676559483551749 ], [ 25.304665380435644, 54.676567831865292 ], [ 25.304650978699836, 54.676118693124224 ], [ 25.304636577361915, 54.675669554347074 ], [ 25.303861541045123, 54.675677897428741 ], [ 25.303847148654249, 54.675228758477729 ], [ 25.303832756660992, 54.674779619490636 ], [ 25.303057737044661, 54.674787957340783 ], [ 25.303043353997722, 54.674338818179876 ], [ 25.303028971348141, 54.673889678982931 ], [ 25.302253968431629, 54.673898011601892 ], [ 25.302239594727645, 54.673448872231234 ], [ 25.302225221420748, 54.672999732824515 ], [ 25.301450235203397, 54.673008060212616 ], [ 25.301435870841374, 54.672558920632291 ], [ 25.301421506876178, 54.672109781015891 ], [ 25.301407143307806, 54.671660641363438 ], [ 25.300632182336294, 54.671668963383539 ], [ 25.300617827711811, 54.671219823557585 ], [ 25.300603473483875, 54.670770683695579 ], [ 25.299828529209787, 54.670779000485588 ], [ 25.299814183925022, 54.670329860450153 ], [ 25.299799839036545, 54.669880720378643 ], [ 25.299024911459217, 54.669889031938879 ], [ 25.299010575513183, 54.669439891694033 ], [ 25.298996239963174, 54.668990751413148 ], [ 25.298221329081958, 54.668999057743953 ], [ 25.298207002473678, 54.668549917289823 ], [ 25.298192676261142, 54.668100776799641 ], [ 25.297417782075396, 54.668109077901342 ], [ 25.297403464803864, 54.667659937238014 ], [ 25.297389147927824, 54.667210796538633 ], [ 25.296614270436901, 54.667219092411578 ], [ 25.296599962501137, 54.666769951539123 ], [ 25.296585654960602, 54.66632081063063 ], [ 25.29657134781527, 54.665871669686105 ], [ 25.295796495562868, 54.665879960193678 ], [ 25.295782197356843, 54.665430819076178 ], [ 25.295767899545766, 54.664981677922626 ], [ 25.294993063986421, 54.664989963202196 ], [ 25.294978775113929, 54.664540821875782 ], [ 25.294964486636108, 54.664091680513316 ], [ 25.29495019855295, 54.663642539114818 ], [ 25.294175388229238, 54.663650819029954 ], [ 25.294161109083689, 54.663201677458673 ], [ 25.294146830332544, 54.66275253585134 ], [ 25.294132551975775, 54.662303394207996 ], [ 25.29335776688588, 54.662311668759209 ], [ 25.293343497465752, 54.661862526943175 ], [ 25.293329228439738, 54.66141338509108 ], [ 25.293314959807834, 54.660964243202962 ], [ 25.292540199949965, 54.660972512390799 ], [ 25.292525940253721, 54.660523370330083 ], [ 25.292511680951321, 54.660074228233327 ], [ 25.292497422042736, 54.659625086100547 ], [ 25.291722687415088, 54.659633349925485 ], [ 25.291708437441208, 54.659184207620207 ], [ 25.29169418786087, 54.658735065278897 ], [ 25.291679938674083, 54.658285922901563 ], [ 25.291665689880823, 54.657836780488189 ], [ 25.290890989021804, 54.657845038814372 ], [ 25.290876749162013, 54.6573958962286 ], [ 25.290862509695483, 54.656946753606789 ], [ 25.290848270622206, 54.656497610948968 ], [ 25.290834031942154, 54.656048468255101 ], [ 25.290059364848343, 54.656056721083225 ], [ 25.290045135100549, 54.655607578217065 ], [ 25.290030905745709, 54.655158435314874 ], [ 25.290016676783836, 54.654709292376644 ], [ 25.290002448214892, 54.654260149402418 ], [ 25.289227814882882, 54.654268396733187 ], [ 25.289213595244963, 54.653819253586725 ], [ 25.289199375999722, 54.653370110404261 ], [ 25.289185157147134, 54.652920967185757 ], [ 25.289170938687196, 54.652471823931243 ], [ 25.288396339113557, 54.652480065765346 ], [ 25.288382129583422, 54.65203092233871 ], [ 25.288367920445658, 54.651581778876057 ], [ 25.288353711700275, 54.65113263537738 ], [ 25.287579137345102, 54.651140871851517 ], [ 25.287564937528547, 54.650691728180824 ], [ 25.287550738104084, 54.6502425844741 ], [ 25.287536539071706, 54.649793440731372 ], [ 25.286761989933222, 54.64980167184607 ], [ 25.28674779982871, 54.649352527931406 ], [ 25.286733610116013, 54.648903383980731 ], [ 25.286719420795116, 54.648454239994031 ], [ 25.28594489687152, 54.648462465749795 ], [ 25.285930716477516, 54.648013321591257 ], [ 25.285916536475053, 54.647564177396738 ], [ 25.285902356864124, 54.647115033166187 ], [ 25.285127858153611, 54.647123253563493 ], [ 25.285113687468591, 54.646674109161211 ], [ 25.285099517174835, 54.646224964722919 ], [ 25.285085347272325, 54.645775820248609 ], [ 25.284310873773101, 54.645784035287996 ], [ 25.284296712795541, 54.645334890642047 ], [ 25.28428255220896, 54.644885745960096 ], [ 25.283508095385972, 54.644893955777626 ], [ 25.283493943723617, 54.644444810924121 ], [ 25.283479792451981, 54.643995666034591 ], [ 25.283465641571041, 54.643546521109059 ], [ 25.282691209956447, 54.643554725569615 ], [ 25.282677067998765, 54.643105580472621 ], [ 25.282662926431524, 54.642656435339646 ], [ 25.281888511491413, 54.642664634579091 ], [ 25.281874378846705, 54.642215489274719 ], [ 25.281860246592174, 54.641766343934357 ], [ 25.281085848325901, 54.64177453795304 ], [ 25.281071724993176, 54.641325392441388 ], [ 25.28105760205036, 54.640876246893747 ], [ 25.280283220457274, 54.640884435691994 ], [ 25.280269106435554, 54.640435289973169 ], [ 25.280254992803478, 54.639986144218341 ], [ 25.280240879561031, 54.639536998427531 ], [ 25.279466523171234, 54.639545181870545 ], [ 25.279452418848908, 54.639096035908622 ], [ 25.27943831491595, 54.638646889910717 ], [ 25.278663975197588, 54.638655068134071 ], [ 25.27864988018403, 54.638205921965159 ], [ 25.278635785559572, 54.637756775760252 ], [ 25.278621691324201, 54.637307629519363 ], [ 25.277847376806225, 54.637315802388422 ], [ 25.277833291489287, 54.636866655976604 ], [ 25.277819206561169, 54.636417509528819 ], [ 25.277044908712881, 54.636425677178963 ], [ 25.277030832702469, 54.635976530560335 ], [ 25.277016757080617, 54.635527383905725 ], [ 25.27624247590137, 54.635535546337273 ], [ 25.276228409196513, 54.635086399511955 ], [ 25.276214342879943, 54.634637252650627 ], [ 25.276200276951656, 54.634188105753339 ], [ 25.275426020968794, 54.634196262831956 ], [ 25.275411963956522, 54.633747115764017 ], [ 25.275397907332266, 54.633297968660102 ], [ 25.274623668016694, 54.633306120520878 ], [ 25.274609620307743, 54.632856973246412 ], [ 25.274595572986534, 54.632407825935971 ], [ 25.273821350337606, 54.632415972579238 ], [ 25.273807311930977, 54.631966825098345 ], [ 25.273793273911842, 54.631517677581471 ], [ 25.27377923628017, 54.631068530028628 ], [ 25.273005038823626, 54.631076671320315 ], [ 25.272991010105571, 54.630627523597106 ], [ 25.272976981774718, 54.630178375837936 ], [ 25.272962953831055, 54.629729228042791 ], [ 25.272188781565102, 54.629737363983409 ], [ 25.272174762534082, 54.62928821601799 ], [ 25.272160743889991, 54.628839068016603 ], [ 25.271386588287825, 54.6288471987409 ], [ 25.271372578555656, 54.628398050569317 ], [ 25.27135856921015, 54.627948902361801 ], [ 25.270584430271118, 54.62795702787006 ], [ 25.27057042983682, 54.627507879492441 ], [ 25.269796299035949, 54.627515999919105 ], [ 25.269782307512379, 54.627066851371467 ], [ 25.269768316374961, 54.626617702787875 ], [ 25.268994202236392, 54.626625817999113 ], [ 25.268980220008988, 54.626176669245623 ], [ 25.268966238167465, 54.625727520456145 ], [ 25.268192140690548, 54.62573563045229 ], [ 25.268178167758322, 54.625286481493013 ], [ 25.267404078419208, 54.625294586408188 ], [ 25.267390114395798, 54.624845437279149 ], [ 25.267376150757766, 54.62439628811417 ], [ 25.266602078079465, 54.624404387814835 ], [ 25.266588123349536, 54.623955238480214 ], [ 25.265814058808875, 54.623963333100299 ], [ 25.265800112986582, 54.623514183596136 ], [ 25.265786167549145, 54.62306503405599 ], [ 25.265012119668462, 54.623073123462156 ], [ 25.264998183137937, 54.622623973752539 ], [ 25.264224143394731, 54.622632058078558 ], [ 25.264210215770653, 54.622182908199562 ], [ 25.264196288530918, 54.621733758284634 ], [ 25.263422265446849, 54.621741837397288 ], [ 25.263408347112843, 54.621292687313073 ], [ 25.26263433216608, 54.621300761345964 ], [ 25.262620422737335, 54.620851611092547 ], [ 25.262606513692418, 54.620402460803192 ], [ 25.261832515403952, 54.620410529623307 ], [ 25.261818615263568, 54.61996137916482 ], [ 25.261804715506752, 54.619512228670438 ], [ 25.261030733875941, 54.619520292278096 ], [ 25.261016843022944, 54.619071141614654 ], [ 25.26024286952909, 54.619079200143233 ], [ 25.260228987579438, 54.618630049310873 ], [ 25.260215106012843, 54.618180898442567 ], [ 25.259441149175792, 54.618188951759272 ], [ 25.259427276511833, 54.61773980072212 ], [ 25.258653327811583, 54.617747848960143 ], [ 25.258639464049772, 54.617298697754229 ], [ 25.258625600670509, 54.616849546512412 ], [ 25.257851668626234, 54.616857589539137 ], [ 25.257837814148406, 54.616408438128637 ], [ 25.257063890240754, 54.616416476077056 ], [ 25.257050044663902, 54.615967324498001 ], [ 25.257036199469077, 54.615518172883007 ], [ 25.256262292216558, 54.615526205620711 ], [ 25.256248455921977, 54.615077053837233 ], [ 25.256234620009167, 54.61462790201783 ], [ 25.255460729411141, 54.614635929545159 ], [ 25.25544690239786, 54.614186777557386 ], [ 25.254673019936106, 54.61419480000707 ], [ 25.254659201821891, 54.613745647850948 ], [ 25.254645384088928, 54.61329649565895 ], [ 25.253871518280818, 54.613304512898829 ], [ 25.253857709446201, 54.612855360538589 ], [ 25.253843900992567, 54.612406208142431 ], [ 25.253070051837458, 54.612414220172866 ], [ 25.253056252281453, 54.611965067608594 ], [ 25.253042453106175, 54.611515915008411 ], [ 25.252268620603409, 54.611523921829686 ], [ 25.252254830325043, 54.61107476906146 ], [ 25.252241040427133, 54.610625616257337 ], [ 25.251467224576079, 54.610633617869823 ], [ 25.251453443574356, 54.610184464897735 ], [ 25.251439662952833, 54.609735311889764 ], [ 25.250665863752829, 54.609743308293773 ], [ 25.25065209202678, 54.609294155117936 ], [ 25.250638320680665, 54.608845001906211 ], [ 25.249864538131071, 54.60885299310209 ], [ 25.249850775679704, 54.608403839722563 ], [ 25.249837013608012, 54.607954686307188 ], [ 25.249063247708175, 54.607962672295251 ], [ 25.249049494530521, 54.607513518712167 ], [ 25.249035741732275, 54.607064365093201 ], [ 25.248261992481549, 54.607072345873767 ], [ 25.248248248576619, 54.606623192087213 ], [ 25.248234505050835, 54.606174038264783 ], [ 25.248220761904179, 54.605724884406449 ], [ 25.247447037815391, 54.605732859848267 ], [ 25.247433303561078, 54.605283705822451 ], [ 25.247419569685643, 54.604834551760732 ], [ 25.246645862244215, 54.604842521995835 ], [ 25.246632137260409, 54.604393367766711 ], [ 25.246618412655209, 54.603944213501713 ], [ 25.245844721860493, 54.60395217853042 ], [ 25.245831006146208, 54.603503024098089 ], [ 25.245817290810262, 54.603053869629889 ], [ 25.245043616661619, 54.603061829452535 ], [ 25.245029910215862, 54.602612674817124 ], [ 25.245016204148193, 54.602163520145801 ], [ 25.244242546644966, 54.60217147476272 ], [ 25.244228849466772, 54.601722319924285 ], [ 25.244215152666396, 54.601273165049975 ], [ 25.243441511807944, 54.601281114461493 ], [ 25.243427823896326, 54.600831959420134 ], [ 25.243414136362258, 54.6003828043429 ], [ 25.24340044920573, 54.599933649229797 ], [ 25.242626833501909, 54.599941593305168 ], [ 25.242613155233176, 54.599492438025102 ], [ 25.24259947734172, 54.599043282709175 ], [ 25.24182587828092, 54.599051221579899 ], [ 25.241812209276539, 54.598602066097108 ], [ 25.241798540649167, 54.598152910578435 ], [ 25.241024958230746, 54.598160844244866 ], [ 25.241011298489735, 54.597711688559436 ], [ 25.240997639125471, 54.597262532838144 ], [ 25.240983980137951, 54.596813377080977 ], [ 25.24021042287016, 54.596821305412597 ], [ 25.240196772768023, 54.596372149488744 ], [ 25.24018312304236, 54.59592299352903 ], [ 25.240169473693172, 54.595473837533497 ], [ 25.239395941574212, 54.595481760530802 ], [ 25.239382301109444, 54.595032604368647 ], [ 25.239368661020865, 54.594583448170646 ], [ 25.238595145541435, 54.59459136596481 ], [ 25.23858151433657, 54.594142209600307 ], [ 25.238567883507638, 54.593693053199964 ], [ 25.238554253054627, 54.593243896763738 ], [ 25.23778076272114, 54.593251809224547 ], [ 25.237767141150872, 54.59280265262192 ], [ 25.237753519956257, 54.592353495983446 ], [ 25.237739899137296, 54.591904339309131 ], [ 25.236966433947963, 54.591912246437069 ], [ 25.236952822010768, 54.591463089596431 ], [ 25.236939210448963, 54.591013932719953 ], [ 25.236165761896302, 54.591021834645908 ], [ 25.236152159215553, 54.590572677603198 ], [ 25.236138556909918, 54.590123520524649 ], [ 25.236124954979395, 54.589674363410246 ], [ 25.235351531568, 54.589682260004267 ], [ 25.235337938517567, 54.589233102723739 ], [ 25.235324345841974, 54.588783945407378 ], [ 25.235310753541217, 54.58833478805515 ], [ 25.234537355269286, 54.588342679317748 ], [ 25.234523771847655, 54.587893521799479 ], [ 25.234510188800584, 54.587444364245393 ], [ 25.233736807162487, 54.587452250307216 ], [ 25.233723232993821, 54.587003092587132 ], [ 25.233709659199473, 54.586553934831258 ], [ 25.233696085779407, 54.586104777039537 ], [ 25.232922729277885, 54.586112657770848 ], [ 25.232909164735265, 54.585663499813258 ], [ 25.232895600566675, 54.585214341819835 ], [ 25.2328820367721, 54.584765183790601 ], [ 25.232108705405359, 54.584773059191917 ], [ 25.232095150487268, 54.584323900996893 ], [ 25.232081595942919, 54.583874742766049 ], [ 25.232068041772315, 54.583425584499373 ], [ 25.232841347632331, 54.583417709487861 ], [ 25.232827785333683, 54.582968551315275 ], [ 25.232814223408976, 54.58251939310685 ], [ 25.233587511891752, 54.582511513415696 ], [ 25.233573941839687, 54.58206235530146 ], [ 25.233560372161783, 54.581613197151377 ], [ 25.233546802858001, 54.581164038965461 ], [ 25.233533233928359, 54.580714880743734 ], [ 25.233519665372818, 54.580265722486132 ], [ 25.23350609719138, 54.579816564192711 ], [ 25.233492529384016, 54.579367405863458 ], [ 25.23347896195072, 54.578918247498372 ], [ 25.233465394891486, 54.578469089097439 ], [ 25.233451828206285, 54.578019930660687 ], [ 25.233438261895113, 54.577570772188075 ], [ 25.233424695957954, 54.57712161367963 ], [ 25.233411130394792, 54.576672455135359 ], [ 25.233397565205614, 54.576223296555249 ], [ 25.234170734317679, 54.57621541374553 ], [ 25.234157161004472, 54.57576625525963 ], [ 25.234930321244349, 54.57575836764169 ], [ 25.234916739807581, 54.575309209250072 ], [ 25.235689891175298, 54.575301316824088 ], [ 25.236463042168374, 54.575293419459896 ], [ 25.236449444111027, 54.574844261292924 ], [ 25.237222586231745, 54.574836359120944 ], [ 25.237995727977363, 54.574828452010863 ], [ 25.238768869347659, 54.574820539962715 ], [ 25.23954201034238, 54.574812622976459 ], [ 25.240315150961301, 54.574804701052145 ], [ 25.241088291204189, 54.574796774189792 ], [ 25.24110194024616, 54.575245931573328 ], [ 25.241875088610161, 54.57523799964202 ], [ 25.24188874652604, 54.575687156858862 ], [ 25.242661903011136, 54.575679219858493 ], [ 25.242675569801385, 54.5761283769085 ], [ 25.243448734407551, 54.576120434838899 ], [ 25.243462410072642, 54.576569591722027 ], [ 25.244235582799838, 54.576561644583002 ], [ 25.244249267340233, 54.577010801299132 ], [ 25.245022448188443, 54.577002849090583 ], [ 25.245036141604626, 54.577452005639621 ], [ 25.245809330573806, 54.577444048361357 ], [ 25.245795628659138, 54.576994891943556 ], [ 25.246568808752084, 54.576986929858123 ], [ 25.24734198846706, 54.576978962834232 ], [ 25.248115167803817, 54.576970990871928 ], [ 25.248101440772217, 54.57652183481256 ], [ 25.248874611232328, 54.57651385804342 ], [ 25.248888346762129, 54.576963013971195 ], [ 25.248902082670615, 54.577412169863052 ], [ 25.248128895213867, 54.577420146895378 ], [ 25.247355707378663, 54.577428118989218 ], [ 25.247369426668488, 54.577877275108314 ], [ 25.246596229956367, 54.577885242395084 ], [ 25.24582303286623, 54.577893204743255 ], [ 25.245836735536436, 54.57834236108927 ], [ 25.24506352956957, 54.578350318630115 ], [ 25.245077224118372, 54.578799475071541 ], [ 25.244304009274746, 54.578807427804904 ], [ 25.244317695701668, 54.57925658434165 ], [ 25.243544471981266, 54.579264532267381 ], [ 25.243558150285839, 54.579713688899375 ], [ 25.242784917688624, 54.579721632017282 ], [ 25.242798587870396, 54.580170788744468 ], [ 25.242025346396336, 54.580178727054381 ], [ 25.242039008454828, 54.580627883876652 ], [ 25.241265758103893, 54.580635817378443 ], [ 25.241279412038644, 54.581084974295749 ], [ 25.241293066349851, 54.581534131177179 ], [ 25.240519798621346, 54.581542060001468 ], [ 25.239746530516587, 54.581549983886461 ], [ 25.239760168202434, 54.581999140993595 ], [ 25.238986891220723, 54.582007060069941 ], [ 25.239000520781421, 54.582456217271861 ], [ 25.238227234922725, 54.58246413153941 ], [ 25.238240856357802, 54.582913288836053 ], [ 25.237467561622097, 54.582921198294649 ], [ 25.237481174931084, 54.583370355685936 ], [ 25.236707871318341, 54.583378260335373 ], [ 25.236721476500769, 54.583827417821233 ], [ 25.236735082058349, 54.584276575271261 ], [ 25.237508402675171, 54.584268670360963 ], [ 25.238281722916604, 54.584260760510873 ], [ 25.238295345854105, 54.584709917664121 ], [ 25.239068674222274, 54.584702002743647 ], [ 25.239082306038014, 54.585151159730437 ], [ 25.239095938229646, 54.585600316681372 ], [ 25.239109570797183, 54.586049473596447 ], [ 25.239882924297927, 54.586041553344089 ], [ 25.239896565744665, 54.586490710092633 ], [ 25.240669927372526, 54.58648278476938 ], [ 25.240683577698942, 54.586931941351317 ], [ 25.240697228401768, 54.587381097897364 ], [ 25.239923849766665, 54.587389023482153 ], [ 25.239150470755355, 54.587396944126567 ], [ 25.239164104826653, 54.587846100898219 ], [ 25.238390716935388, 54.587854016732898 ], [ 25.238404342878418, 54.588303173599314 ], [ 25.237630946107164, 54.588311084624067 ], [ 25.237644563921464, 54.588760241585192 ], [ 25.236871158270191, 54.588768147799861 ], [ 25.236097752243616, 54.588776049073935 ], [ 25.236111353423965, 54.589225206260011 ], [ 25.236884767955289, 54.589217304855573 ], [ 25.236898378015702, 54.589666461875431 ], [ 25.236911988451443, 54.590115618859464 ], [ 25.237685419617623, 54.590107712253392 ], [ 25.237699038934142, 54.590556869071101 ], [ 25.238472478230168, 54.590548957393651 ], [ 25.238486106427935, 54.59099811404495 ], [ 25.23849973500154, 54.591447270660417 ], [ 25.239273190933265, 54.59143935378075 ], [ 25.239286828388831, 54.591888510229737 ], [ 25.240060292450565, 54.591880588278258 ], [ 25.240073938788569, 54.592329744560665 ], [ 25.24008758550292, 54.592778900807225 ], [ 25.240861066201195, 54.592770973652989 ], [ 25.24163454652286, 54.592763041557433 ], [ 25.242408026467697, 54.592755104520528 ], [ 25.243181506035473, 54.592747162542338 ], [ 25.243167825294996, 54.592298006819497 ], [ 25.243941295978967, 54.592290060031132 ], [ 25.243927607109509, 54.591840904403561 ], [ 25.243913918617565, 54.591391748740115 ], [ 25.244687371911759, 54.591383797272911 ], [ 25.24467367529153, 54.590934641704791 ], [ 25.245447119702224, 54.590926685427831 ], [ 25.245433414954178, 54.590477529955123 ], [ 25.246206850481411, 54.590469568868563 ], [ 25.246220563734976, 54.590918724209914 ], [ 25.246234277366717, 54.591367879515388 ], [ 25.246247991376666, 54.591817034784974 ], [ 25.247021452042944, 54.591809068363183 ], [ 25.247035174937302, 54.59225822346545 ], [ 25.247048898210117, 54.592707378531827 ], [ 25.247062621861414, 54.593156533562308 ], [ 25.247076345891195, 54.59360568855692 ], [ 25.247090070299475, 54.594054843515636 ], [ 25.247863573120604, 54.594046871495038 ], [ 25.247877306414765, 54.594496026286343 ], [ 25.247891040087694, 54.594945181041759 ], [ 25.2479047741394, 54.595394335761277 ], [ 25.247918508569899, 54.595843490444928 ], [ 25.248692045043079, 54.595835512956242 ], [ 25.248705788360667, 54.596284667472368 ], [ 25.248719532057319, 54.596733821952597 ], [ 25.248733276133038, 54.597182976396944 ], [ 25.248747020587839, 54.59763213080538 ], [ 25.249520590716475, 54.597624147847974 ], [ 25.249534344059587, 54.598073302088807 ], [ 25.249548097782046, 54.598522456293757 ], [ 25.249561851883868, 54.598971610462819 ], [ 25.249575606365063, 54.599420764595962 ], [ 25.250349210152564, 54.59941277616911 ], [ 25.250362973523281, 54.599861930134537 ], [ 25.250376737273637, 54.600311084064089 ], [ 25.250390501403643, 54.600760237957765 ], [ 25.251164130342588, 54.60075224419267 ], [ 25.251177903363086, 54.601201397918516 ], [ 25.251191676763508, 54.601650551608486 ], [ 25.251205450543857, 54.602099705262532 ], [ 25.251979104636028, 54.602091706158717 ], [ 25.251992887307832, 54.602540859644876 ], [ 25.252006670359833, 54.602990013095116 ], [ 25.252020453792035, 54.603439166509496 ], [ 25.252034237604462, 54.603888319887972 ], [ 25.252807925363864, 54.6038803153128 ], [ 25.252821718068965, 54.604329468523268 ], [ 25.252835511154554, 54.604778621697832 ], [ 25.252849304620636, 54.605227774836493 ], [ 25.253623017537546, 54.605219764921507 ], [ 25.253636819897263, 54.605668917892082 ], [ 25.253650622637753, 54.606118070826739 ], [ 25.253664425759016, 54.606567223725513 ], [ 25.25367822926107, 54.60701637658839 ], [ 25.254451975851087, 54.607008361200734 ], [ 25.254465788247998, 54.607457513895433 ], [ 25.254479601025963, 54.6079066665542 ], [ 25.254493414184999, 54.608355819177063 ], [ 25.255267185936795, 54.608347798448484 ], [ 25.255281007991652, 54.60879695090307 ], [ 25.25529483042784, 54.609246103321759 ], [ 25.255308653245372, 54.609695255704523 ], [ 25.256082450160743, 54.609687229634481 ], [ 25.256096281875067, 54.610136381848882 ], [ 25.256110113971001, 54.610585534027379 ], [ 25.256883927535842, 54.610577502747901 ], [ 25.256897768529289, 54.611026654757936 ], [ 25.256911609904606, 54.611475806732031 ], [ 25.257685440119573, 54.611467770242811 ], [ 25.25769929039312, 54.61191692204838 ], [ 25.2577131410488, 54.612366073818023 ], [ 25.25848698791453, 54.612358032118706 ], [ 25.258500847469165, 54.612807183719717 ], [ 25.258514707406196, 54.613256335284802 ], [ 25.259288570923346, 54.613248288375082 ], [ 25.259302439760042, 54.613697439771428 ], [ 25.259316308979397, 54.614146591131849 ], [ 25.260090189148613, 54.614138539011392 ], [ 25.260104067268358, 54.614587690203003 ], [ 25.260117945771029, 54.615036841358666 ], [ 25.260891842592955, 54.61502878402711 ], [ 25.260905729996729, 54.615477935013885 ], [ 25.260919617783696, 54.615927085964721 ], [ 25.261693531258974, 54.615919023421753 ], [ 25.261707427947766, 54.616368174203586 ], [ 25.261721325019998, 54.616817324949487 ], [ 25.262495255149293, 54.616809257194788 ], [ 25.262509161124072, 54.617258407771587 ], [ 25.263283099388723, 54.617250334938042 ], [ 25.263297014266513, 54.617699485345682 ], [ 25.263310929528274, 54.618148635717368 ], [ 25.264084884447765, 54.618140557671495 ], [ 25.264098808613255, 54.618589707873916 ], [ 25.264112733162975, 54.619038858040398 ], [ 25.264886704737965, 54.619030774781891 ], [ 25.264900638192131, 54.619479924779007 ], [ 25.264914572030793, 54.619929074740178 ], [ 25.265688560261914, 54.619920986268653 ], [ 25.265702503005748, 54.620370136060409 ], [ 25.266476499372775, 54.620362042509143 ], [ 25.266490451022246, 54.620811192131342 ], [ 25.266504403056725, 54.621260341717601 ], [ 25.267278416080732, 54.621252242952771 ], [ 25.267292377021565, 54.621701392369388 ], [ 25.267306338347677, 54.622150541750059 ], [ 25.268080368029302, 54.622142437771345 ], [ 25.268094338262479, 54.622591586982296 ], [ 25.268868376080377, 54.6225834779232 ], [ 25.268882355221109, 54.623032626964331 ], [ 25.268896334747623, 54.623481775969523 ], [ 25.269670389223975, 54.623473661695961 ], [ 25.269684377658756, 54.623922810531241 ], [ 25.270458440271533, 54.623914691176886 ], [ 25.270472437615048, 54.624363839842182 ], [ 25.270486435344864, 54.624812988471533 ], [ 25.271260514616944, 54.624804863902114 ], [ 25.271274521256224, 54.625254012361395 ], [ 25.271288528282053, 54.625703160784695 ], [ 25.272062624214083, 54.6256950309999 ], [ 25.27207664015009, 54.626144179253025 ], [ 25.272090656472926, 54.626593327470218 ], [ 25.272864769065553, 54.626585192469669 ], [ 25.272878794299277, 54.627034340516609 ], [ 25.273652915028872, 54.627026200434386 ], [ 25.273666949173972, 54.627475348310952 ], [ 25.273680983706409, 54.627924496151572 ], [ 25.274455121097432, 54.627916350853056 ], [ 25.274469164541959, 54.628365498523237 ], [ 25.274483208374082, 54.62881464615743 ], [ 25.275257362427194, 54.628806495642301 ], [ 25.275271415172128, 54.629255643105971 ], [ 25.275285468304919, 54.629704790533658 ], [ 25.275299521825598, 54.630153937925385 ], [ 25.27607370106708, 54.630145782058641 ], [ 25.276087763501536, 54.630594929279745 ], [ 25.27610182632414, 54.631044076464875 ], [ 25.276876022229455, 54.631035915380757 ], [ 25.276890093966554, 54.631485062395157 ], [ 25.276904166092052, 54.631934209373576 ], [ 25.276918238605987, 54.632383356316055 ], [ 25.277692459702578, 54.632375189879376 ], [ 25.27770654113197, 54.632824336651041 ], [ 25.277720622950056, 54.633273483386709 ], [ 25.278494860712229, 54.633265311731897 ], [ 25.278508951446494, 54.63371445829668 ], [ 25.27852304256972, 54.634163604825467 ], [ 25.279297296998116, 54.634155427952187 ], [ 25.279311397038249, 54.634604574309996 ], [ 25.279325497467596, 54.635053720631809 ], [ 25.279339598286178, 54.635502866917641 ], [ 25.280113877909841, 54.635494684690464 ], [ 25.280127987646296, 54.635943830805218 ], [ 25.280142097772249, 54.636392976883982 ], [ 25.280916394063905, 54.636384789437592 ], [ 25.280930513108451, 54.636833935345194 ], [ 25.280944632542752, 54.637283081216793 ], [ 25.280958752366836, 54.637732227052382 ], [ 25.28173307385666, 54.637724034251164 ], [ 25.281747202600304, 54.638173179915519 ], [ 25.281761331733993, 54.638622325543871 ], [ 25.282535669893548, 54.638614127522672 ], [ 25.282549807947522, 54.639063272979683 ], [ 25.2825639463918, 54.639512418400678 ], [ 25.283338301221733, 54.639504215159164 ], [ 25.283352448587024, 54.639953360408732 ], [ 25.283366596342876, 54.640402505622276 ], [ 25.283380744489317, 54.640851650799831 ], [ 25.284155124521423, 54.640843442202161 ], [ 25.284169281589836, 54.641292587208163 ], [ 25.284183439049102, 54.64174173217819 ], [ 25.284957835753339, 54.641733518359437 ], [ 25.284972002135294, 54.642182663157826 ], [ 25.284986168908379, 54.64263180792021 ], [ 25.285760582285384, 54.642623588880056 ], [ 25.28577475798188, 54.643072733470724 ], [ 25.285788934069757, 54.643521878025382 ], [ 25.285803110549029, 54.643971022544022 ], [ 25.286577549132204, 54.64396279814634 ], [ 25.286591734535865, 54.644411942493186 ], [ 25.28660592033118, 54.644861086803999 ], [ 25.287380375588889, 54.644852857184183 ], [ 25.287394570309313, 54.64530200132311 ], [ 25.287408765421659, 54.645751145426019 ], [ 25.287422960925944, 54.646200289492896 ], [ 25.288197441392722, 54.646192054514607 ], [ 25.288211645823093, 54.646641198409519 ], [ 25.288225850645659, 54.647090342268392 ], [ 25.289000347788718, 54.647082102067188 ], [ 25.289014561538089, 54.647531245754003 ], [ 25.289028775679927, 54.647980389404779 ], [ 25.289042990214238, 54.648429533019531 ], [ 25.289057205141056, 54.648878676598258 ], [ 25.289831736031363, 54.648870430901518 ], [ 25.289845959886208, 54.64931957430808 ], [ 25.289860184133808, 54.64976871767859 ], [ 25.289874408774182, 54.65021786101309 ], [ 25.290648964878947, 54.650209609956363 ], [ 25.290663198448318, 54.650658753118591 ], [ 25.290677432410732, 54.651107896244795 ], [ 25.290691666766197, 54.651557039334968 ], [ 25.291466248087207, 54.651548782917722 ], [ 25.291480491372649, 54.651997925835545 ], [ 25.291494735051401, 54.652447068717315 ], [ 25.291508979123495, 54.652896211563068 ], [ 25.292283585662556, 54.652887949784819 ], [ 25.292297838665583, 54.653337092458102 ], [ 25.292312092062211, 54.653786235095339 ], [ 25.292326345852459, 54.65423537769658 ], [ 25.29310097761137, 54.654227110556796 ], [ 25.293115240333528, 54.654676252985482 ], [ 25.293129503449563, 54.6551253953781 ], [ 25.293143766959492, 54.65557453773468 ], [ 25.293158030863335, 54.656023680055263 ], [ 25.293932696382861, 54.656015407416845 ], [ 25.293946969219832, 54.656464549564738 ], [ 25.29396124245098, 54.656913691676614 ], [ 25.293975516076316, 54.657362833752437 ], [ 25.29475020681997, 54.657354555751382 ], [ 25.294764489379414, 54.657803697654472 ], [ 25.294778772333313, 54.658252839521523 ], [ 25.29479305568168, 54.658701981352522 ], [ 25.29556777165126, 54.658693697988319 ], [ 25.295582063934706, 54.659142839646485 ], [ 25.295596356612883, 54.659591981268605 ], [ 25.295610649685816, 54.6600411228547 ], [ 25.29638539088312, 54.660032834126824 ], [ 25.296399692892102, 54.660481975539973 ], [ 25.296413995296092, 54.660931116917077 ], [ 25.297188753181171, 54.660922822961993 ], [ 25.297203064521945, 54.661371964166079 ], [ 25.297217376257986, 54.661821105334113 ], [ 25.29799215083149, 54.661812806151488 ], [ 25.29800647150503, 54.662261947146426 ], [ 25.298020792574121, 54.66271108810529 ], [ 25.298795583836696, 54.662702783694797 ], [ 25.298809913844, 54.663151924480474 ], [ 25.298824244247115, 54.66360106523009 ], [ 25.299599052199408, 54.663592755591395 ], [ 25.299613391541467, 54.66404189616771 ], [ 25.299627731279596, 54.664491036707986 ], [ 25.300402555922261, 54.664482721840749 ], [ 25.300416904600056, 54.664931862207645 ], [ 25.300431253674187, 54.665381002538453 ], [ 25.301206095007871, 54.665372682442332 ], [ 25.301220453022381, 54.665821822599696 ], [ 25.301234811433506, 54.666270962720979 ], [ 25.302009669458851, 54.666262637395647 ], [ 25.30202403681108, 54.66671177734338 ], [ 25.302038404560182, 54.667160917255032 ], [ 25.302813279277842, 54.667152586700183 ], [ 25.30282765596877, 54.667601726438178 ], [ 25.303602538834227, 54.667593390791119 ], [ 25.303616924467455, 54.668042530355379 ], [ 25.303631310498073, 54.668491669883572 ], [ 25.304406210056687, 54.668483329006378 ], [ 25.304420605030323, 54.668932468360758 ], [ 25.305195512736898, 54.668924122390919 ], [ 25.305209916654032, 54.669373261571373 ], [ 25.305984832508539, 54.669364910508783 ], [ 25.305999245369634, 54.669814049515239 ], [ 25.306013658628885, 54.670263188485585 ], [ 25.30602807228631, 54.670712327419849 ], [ 25.306803013381511, 54.67070397098832 ], [ 25.306817435983881, 54.671153109748488 ], [ 25.307592385227395, 54.671144748223682 ], [ 25.307606816775174, 54.67159388680966 ], [ 25.308381774166971, 54.671585520191435 ], [ 25.308396214660629, 54.672034658603131 ], [ 25.309171180200682, 54.67202628689131 ], [ 25.309185629640691, 54.67247542512866 ], [ 25.30920007947989, 54.672924563329914 ], [ 25.309214529718307, 54.673373701495066 ], [ 25.309989520502089, 54.673365324412785 ], [ 25.310003979687824, 54.673814462403477 ], [ 25.310778978620238, 54.673806080227116 ], [ 25.310793446753777, 54.674255218043271 ], [ 25.311568453834806, 54.67424683077266 ], [ 25.311582930916607, 54.674695968414177 ], [ 25.312357946146211, 54.674687576049187 ], [ 25.313132960975601, 54.674679178728297 ], [ 25.313147455554912, 54.675128316056409 ], [ 25.313922478532604, 54.675119913640899 ], [ 25.314697501109592, 54.675111506269452 ], [ 25.314712013187297, 54.675560643283802 ], [ 25.315487043912299, 54.67555223081748 ], [ 25.316262074236121, 54.675543813395166 ], [ 25.316247545060541, 54.675094676658787 ], [ 25.31702256643403, 54.675086254419583 ], [ 25.317797587405877, 54.675077827224463 ], [ 25.317783041534355, 54.674628690730273 ], [ 25.317768496064694, 54.674179554199952 ], [ 25.317753950996877, 54.673730417633493 ], [ 25.317739406330897, 54.673281281030953 ], [ 25.317724862066726, 54.672832144392238 ], [ 25.317710318204366, 54.672383007717428 ], [ 25.317695774743783, 54.671933871006459 ], [ 25.316920813607638, 54.671942297227318 ], [ 25.316906279095839, 54.671493160341072 ], [ 25.316891744985561, 54.671044023418681 ], [ 25.31687721127679, 54.670594886460194 ], [ 25.31686267796951, 54.670145749465561 ], [ 25.316848145063702, 54.669696612434812 ], [ 25.31683361255935, 54.669247475367953 ], [ 25.316819080456444, 54.668798338264942 ], [ 25.316804548754966, 54.668349201125821 ], [ 25.31602965558691, 54.668357621278716 ], [ 25.316015132831993, 54.667908483964418 ], [ 25.316000610478227, 54.667459346613974 ], [ 25.31598608852563, 54.667010209227428 ], [ 25.315971566974149, 54.666561071804736 ], [ 25.315957045823794, 54.666111934345942 ], [ 25.315182194977979, 54.666120348849283 ], [ 25.315167682772699, 54.665671211215376 ], [ 25.315153170968276, 54.66522207354538 ], [ 25.315138659564692, 54.664772935839252 ], [ 25.315124148561928, 54.664323798097001 ], [ 25.315109637959971, 54.663874660318633 ], [ 25.314334829430891, 54.663883069173288 ], [ 25.314320327772542, 54.663433931219934 ], [ 25.314305826514733, 54.66298479323045 ], [ 25.314291325657443, 54.662535655204863 ], [ 25.314276825200675, 54.662086517143145 ], [ 25.313502050440938, 54.662094920488805 ], [ 25.31348755892655, 54.661645782252208 ], [ 25.313473067812399, 54.661196643979487 ], [ 25.313458577098491, 54.660747505670656 ], [ 25.313444086784788, 54.660298367325709 ], [ 25.312669345790983, 54.66030676516305 ], [ 25.312654864418437, 54.659857626643316 ], [ 25.312640383445842, 54.65940848808745 ], [ 25.312625902873187, 54.658959349495497 ], [ 25.311851187101627, 54.658967741963792 ], [ 25.311836715469159, 54.658518603197123 ], [ 25.311822244236353, 54.658069464394366 ], [ 25.311807773403206, 54.657620325555484 ], [ 25.311033082852092, 54.65762871265526 ], [ 25.311018620958162, 54.657179573641777 ], [ 25.311004159463611, 54.656730434592177 ], [ 25.310229485592039, 54.656738816462372 ], [ 25.310215033035981, 54.656289677238263 ], [ 25.310200580879052, 54.655840537978051 ], [ 25.310186129121231, 54.655391398681715 ], [ 25.309411480467205, 54.655399775184343 ], [ 25.309397037646903, 54.65495063571359 ], [ 25.309382595225436, 54.654501496206748 ], [ 25.308607963249205, 54.654509867480527 ], [ 25.308593529764536, 54.654060727799354 ], [ 25.308579096678447, 54.653611588082072 ], [ 25.30780448137935, 54.65361995412735 ], [ 25.307790057229337, 54.653170814235814 ], [ 25.307775633477636, 54.652721674308218 ], [ 25.307001034855034, 54.652730035125323 ], [ 25.306986620038682, 54.652280895023551 ], [ 25.306972205620379, 54.651831754885698 ], [ 25.306197623673629, 54.651840110474957 ], [ 25.306183218189958, 54.651390970163042 ], [ 25.306168813104069, 54.650941829815046 ], [ 25.305394247832513, 54.650950180176807 ], [ 25.305379851680534, 54.650501039654827 ], [ 25.305365455926069, 54.650051899096766 ], [ 25.304590907329072, 54.650060244231341 ], [ 25.304576520507791, 54.649611103499417 ], [ 25.304562134083767, 54.649161962731391 ], [ 25.303787602160675, 54.649170302639135 ], [ 25.303773224669118, 54.648721161697317 ], [ 25.303758847574546, 54.648272020719432 ], [ 25.302984332324709, 54.648280355400672 ], [ 25.302969964161882, 54.647831214249081 ], [ 25.302955596395776, 54.647382073061415 ], [ 25.302181097818551, 54.647390402516493 ], [ 25.30216673898347, 54.646941261155206 ], [ 25.302152380544843, 54.646492119757845 ], [ 25.301377898639586, 54.646500443987101 ], [ 25.301363549131263, 54.646051302416218 ], [ 25.301349200019128, 54.645602160809275 ], [ 25.30057473478519, 54.645610479813016 ], [ 25.300560394602634, 54.645161338032629 ], [ 25.300546054816007, 54.64471219621619 ], [ 25.29977160625274, 54.644720509994769 ], [ 25.299757275394981, 54.644271368004993 ], [ 25.29974294493287, 54.643822225979143 ], [ 25.298968513039632, 54.643830534532867 ], [ 25.298954191505665, 54.643381392333787 ], [ 25.2989398703671, 54.642932250098632 ], [ 25.298925549623895, 54.64248310782741 ], [ 25.298151142932074, 54.642491411019549 ], [ 25.298136831116054, 54.642042268575182 ], [ 25.298122519695145, 54.641593126094747 ], [ 25.298108208669337, 54.641143983578274 ], [ 25.297333827177138, 54.641152281409319 ], [ 25.29731952507753, 54.640703138719772 ], [ 25.297305223372753, 54.640253995994158 ], [ 25.296530858547722, 54.640262288601541 ], [ 25.296516565768428, 54.639813145702973 ], [ 25.296502273383698, 54.639364002768346 ], [ 25.296487981393526, 54.638914859797666 ], [ 25.295713641765225, 54.638923147044892 ], [ 25.295699358699562, 54.638474003901329 ], [ 25.295685076028178, 54.6380248607217 ], [ 25.295670793751079, 54.63757571750606 ], [ 25.294896479317718, 54.637583999393648 ], [ 25.294882205964146, 54.637134856005197 ], [ 25.2948679330046, 54.636685712580707 ], [ 25.294093635235555, 54.636693989245806 ], [ 25.294079371198816, 54.636244845648612 ], [ 25.29406510755582, 54.635795702015393 ], [ 25.293290826450448, 54.635803973458337 ], [ 25.293276571729557, 54.635354829652499 ], [ 25.293262317402139, 54.634905685810629 ], [ 25.293248063468191, 54.6344565419327 ], [ 25.292473807553751, 54.634464808017349 ], [ 25.292459562540927, 54.634015663966942 ], [ 25.292445317921302, 54.633566519880475 ], [ 25.291671078668795, 54.633574780743729 ], [ 25.291656842969573, 54.633125636484827 ], [ 25.291642607663295, 54.632676492189923 ], [ 25.29162837274993, 54.63222734785893 ], [ 25.290854158685462, 54.632235603364869 ], [ 25.29083993269154, 54.631786458861555 ], [ 25.290825707090267, 54.631337314322238 ], [ 25.290811481881644, 54.630888169746889 ], [ 25.290037293003426, 54.630896419895933 ], [ 25.290023076713265, 54.630447275148356 ], [ 25.290008860815483, 54.629998130364733 ], [ 25.289234688596334, 54.630006375293569 ], [ 25.289220481616297, 54.629557230337788 ], [ 25.28920627502837, 54.629108085346004 ], [ 25.289192068832545, 54.628658940318189 ], [ 25.28841792179675, 54.62866717989111 ], [ 25.2884037245177, 54.628218034691244 ], [ 25.288389527630486, 54.627768889455339 ], [ 25.288375331135086, 54.627319744183438 ], [ 25.287601209280851, 54.627327978400942 ], [ 25.28758702170126, 54.626878832957075 ], [ 25.287572834513224, 54.626429687477163 ], [ 25.286798729315215, 54.626437916475631 ], [ 25.286784551042256, 54.625988770823867 ], [ 25.286770373160607, 54.625539625136085 ], [ 25.286756195670218, 54.625090479412272 ], [ 25.285982115650874, 54.625098703056267 ], [ 25.285967947074603, 54.624649557160687 ], [ 25.285953778889354, 54.624200411229104 ], [ 25.285939611095092, 54.623751265261483 ], [ 25.285925443691813, 54.623302119257843 ], [ 25.285151397371507, 54.623310337412214 ], [ 25.285137238881131, 54.622861191236922 ], [ 25.285123080781464, 54.622412045025584 ], [ 25.28510892307251, 54.62196289877825 ], [ 25.285094765754238, 54.621513752494877 ], [ 25.285080608826647, 54.621064606175509 ], [ 25.284306604722971, 54.621072818705407 ], [ 25.284292456706805, 54.620623672214457 ], [ 25.284278309081053, 54.62017452568751 ], [ 25.284264161845691, 54.619725379124525 ], [ 25.284250015000712, 54.619276232525529 ], [ 25.28347604458834, 54.619284439567302 ], [ 25.283461906653564, 54.618835292796817 ], [ 25.283447769108914, 54.618386145990335 ], [ 25.28343363195437, 54.617936999147858 ], [ 25.283419495189904, 54.617487852269342 ], [ 25.283405358815514, 54.617038705354844 ], [ 25.28263143060995, 54.617046906773787 ], [ 25.282617303144303, 54.616597759687885 ], [ 25.282603176068463, 54.616148612565979 ], [ 25.28258904938242, 54.615699465408078 ], [ 25.282574923086159, 54.615250318214144 ], [ 25.28180102856415, 54.615258514146461 ], [ 25.281786911175409, 54.614809366781245 ], [ 25.281772794176185, 54.614360219380053 ], [ 25.281758677566465, 54.613911071942823 ], [ 25.280984808207542, 54.613919262524348 ], [ 25.280970700504373, 54.613470114915948 ], [ 25.280956593190442, 54.613020967271531 ], [ 25.280942486265737, 54.612571819591125 ], [ 25.280928379730238, 54.612122671874701 ], [ 25.280154544048987, 54.612130856970886 ], [ 25.28014044641882, 54.611681709083371 ], [ 25.280126349177603, 54.611232561159859 ], [ 25.280112252325317, 54.61078341320033 ], [ 25.28009815586195, 54.610334265204827 ], [ 25.279324353854957, 54.610342444816347 ], [ 25.27931026629571, 54.609893296649823 ], [ 25.279296179125108, 54.609444148447331 ], [ 25.279282092343145, 54.608995000208793 ], [ 25.279268005949803, 54.608545851934288 ], [ 25.278494237613678, 54.608554026061839 ], [ 25.278480160123234, 54.608104877616427 ], [ 25.278466083021161, 54.607655729135033 ], [ 25.278452006307415, 54.607206580617621 ], [ 25.27767826312515, 54.607214749396732 ], [ 25.277664195313349, 54.606765600708513 ], [ 25.277650127889626, 54.606316451984306 ], [ 25.277636060853968, 54.605867303224109 ], [ 25.276862342823765, 54.605875466655256 ], [ 25.27684828468907, 54.60542631772433 ], [ 25.276834226942185, 54.604977168757436 ], [ 25.276060525549784, 54.604985326975786 ], [ 25.276046476703147, 54.604536177838234 ], [ 25.276032428244051, 54.604087028664736 ], [ 25.27601838017247, 54.603637879455206 ], [ 25.275244703929246, 54.603646032326559 ], [ 25.275230664756947, 54.603196882946492 ], [ 25.275216625971915, 54.602747733530478 ], [ 25.274442966364749, 54.602755881189772 ], [ 25.27442893647828, 54.602306731603306 ], [ 25.274414906978802, 54.601857581980852 ], [ 25.273641264007058, 54.601865724428407 ], [ 25.273627243405432, 54.601416574635614 ], [ 25.273613223190527, 54.600967424806832 ], [ 25.272839596853558, 54.600975562043011 ], [ 25.272825585535784, 54.600526412043962 ], [ 25.272811574604486, 54.600077262008945 ], [ 25.272037964901639, 54.600085394034075 ], [ 25.272023962866744, 54.599636243828883 ], [ 25.272009961218057, 54.599187093587716 ], [ 25.271236368148692, 54.59919522040213 ], [ 25.271222375395695, 54.598746069990867 ], [ 25.27120838302864, 54.598296919543664 ], [ 25.270434806592114, 54.598305041147668 ], [ 25.270420823120027, 54.597855890530454 ], [ 25.270406840033623, 54.597406739877265 ], [ 25.269633280229289, 54.597414856271243 ], [ 25.269619306037139, 54.59696570544817 ], [ 25.269605332230402, 54.596516554589122 ], [ 25.268831789057604, 54.596524665773359 ], [ 25.268817824144406, 54.596075514744506 ], [ 25.268803859616362, 54.595626363679678 ], [ 25.268030333074467, 54.59563446965452 ], [ 25.268016377439238, 54.595185318419979 ], [ 25.2680024221889, 54.594736167149485 ], [ 25.267228912277258, 54.594744267915274 ], [ 25.26721496591902, 54.594295116475152 ], [ 25.266441464129976, 54.594303212165791 ], [ 25.266427526663371, 54.593854060556126 ], [ 25.266413589581145, 54.593404908910479 ], [ 25.265640104421514, 54.593412999392655 ], [ 25.265626176230203, 54.59296384757755 ], [ 25.265612248422997, 54.592514695726535 ], [ 25.264838779892141, 54.592522781000561 ], [ 25.264824860975143, 54.592073628980145 ], [ 25.265598320999899, 54.592065543839539 ], [ 25.266371780640572, 54.59205745375786 ], [ 25.26714523989693, 54.592049358735117 ], [ 25.267918698768728, 54.592041258771317 ], [ 25.267932651710041, 54.592490410257589 ], [ 25.26870611870309, 54.592482305218986 ], [ 25.269479585311107, 54.592474195239248 ], [ 25.270253051533853, 54.592466080318395 ], [ 25.271026517371091, 54.5924579604564 ], [ 25.271040504722208, 54.592907111371254 ], [ 25.271054492459083, 54.593356262250133 ], [ 25.271068480581729, 54.59380541309303 ], [ 25.271082469090157, 54.594254563899987 ], [ 25.271855968567927, 54.594246438560596 ], [ 25.272629467659666, 54.594238308279778 ], [ 25.27340296636514, 54.594230173057525 ], [ 25.274176464684107, 54.594222032893853 ], [ 25.274190487606866, 54.594671183128 ], [ 25.274963994046193, 54.594663037888495 ], [ 25.274978025863032, 54.595112187952267 ], [ 25.274992058066864, 54.595561337980058 ], [ 25.275765581134081, 54.595553187530079 ], [ 25.275779622232712, 54.596002337387382 ], [ 25.275793663718606, 54.596451487208689 ], [ 25.275807705591774, 54.596900636994015 ], [ 25.276581253795758, 54.596892481198651 ], [ 25.276595304564701, 54.597341630813396 ], [ 25.276609355721174, 54.59779078039216 ], [ 25.276623407265209, 54.598239929934913 ], [ 25.277396980607751, 54.598231768793653 ], [ 25.277411041048513, 54.598680918165748 ], [ 25.277425101877096, 54.599130067501854 ], [ 25.277439163093515, 54.599579216801942 ], [ 25.278212761576398, 54.599571050314282 ], [ 25.278226831690514, 54.600020199443627 ], [ 25.278240902192728, 54.60046934853699 ], [ 25.278254973083051, 54.600918497594328 ], [ 25.279028596708066, 54.600910325759727 ], [ 25.27904267649706, 54.601359474646237 ], [ 25.279056756674425, 54.60180862349673 ], [ 25.279070837240187, 54.602257772311233 ], [ 25.279844486009122, 54.602249595129209 ], [ 25.279858575474513, 54.602698743772756 ], [ 25.279872665328558, 54.603147892380306 ], [ 25.279886755571269, 54.603597040951854 ], [ 25.28066042948592, 54.603588858421872 ], [ 25.28067452862923, 54.604038006822393 ], [ 25.280688628161482, 54.604487155186881 ], [ 25.280702728082666, 54.604936303515387 ], [ 25.280716828392816, 54.605385451807891 ], [ 25.281490535967581, 54.605377263794324 ], [ 25.281504645179556, 54.605826411915679 ], [ 25.281518754780745, 54.606275560001031 ], [ 25.281532864771176, 54.606724708050365 ], [ 25.282306597495921, 54.606716514687761 ], [ 25.28232071638914, 54.607165662565869 ], [ 25.282334835671865, 54.607614810407981 ], [ 25.282348955344101, 54.608063958214068 ], [ 25.282363075405868, 54.608513105984144 ], [ 25.283136841796605, 54.608504907136648 ], [ 25.283150970762382, 54.608954054735428 ], [ 25.283165100117948, 54.609403202298161 ], [ 25.283179229863329, 54.609852349824891 ], [ 25.283193359998535, 54.610301497315618 ], [ 25.283967160058669, 54.610293292982561 ], [ 25.283981299099096, 54.610742440301856 ], [ 25.283995438529605, 54.611191587585139 ], [ 25.284009578350222, 54.611640734832399 ], [ 25.284023718560967, 54.612089882043648 ], [ 25.284797552293899, 54.612081672224328 ], [ 25.284811701411069, 54.612530819264052 ], [ 25.284825850918629, 54.612979966267773 ], [ 25.284840000816583, 54.613429113235462 ], [ 25.284854151104945, 54.613878260167141 ], [ 25.285628018514092, 54.613870044860874 ], [ 25.285642177710113, 54.614319191620943 ], [ 25.28565633729681, 54.61476833834498 ], [ 25.285670497274197, 54.615217485032993 ], [ 25.285684657642285, 54.615666631684988 ], [ 25.285698818401094, 54.616115778300973 ], [ 25.285712979550638, 54.616564924880933 ], [ 25.286486897675939, 54.616556703815618 ], [ 25.286501067734854, 54.617005850223862 ], [ 25.286515238184769, 54.617454996596088 ], [ 25.286529409025693, 54.617904142932282 ], [ 25.286543580257657, 54.618353289232459 ], [ 25.28655775188065, 54.618802435496605 ], [ 25.287331712210367, 54.618794208806982 ], [ 25.287345892744202, 54.619243354899311 ], [ 25.287360073669348, 54.619692500955637 ], [ 25.287374254985814, 54.620141646975888 ], [ 25.287388436693615, 54.620590792960158 ], [ 25.287402618792772, 54.621039938908382 ], [ 25.287416801283282, 54.621489084820595 ], [ 25.288190812343849, 54.621480852369878 ], [ 25.288205003746928, 54.621929998110154 ], [ 25.288219195541629, 54.622379143814427 ], [ 25.288233387727978, 54.622828289482655 ], [ 25.288247580305981, 54.623277435114858 ], [ 25.288261773275664, 54.623726580711036 ], [ 25.289035826552787, 54.623718342634135 ], [ 25.289050028436492, 54.624167488058276 ], [ 25.289064230712142, 54.624616633446422 ], [ 25.289078433379732, 54.625065778798508 ], [ 25.2890926364393, 54.625514924114583 ], [ 25.289866723415219, 54.625506680546671 ], [ 25.28988093539002, 54.625955825690639 ], [ 25.289895147757065, 54.626404970798568 ], [ 25.290669251387499, 54.626396722011307 ], [ 25.290683472670505, 54.626845866947022 ], [ 25.290697694346015, 54.627295011846705 ], [ 25.290711916414022, 54.627744156710357 ], [ 25.291486045223799, 54.627735902567167 ], [ 25.291500276208748, 54.628185047258526 ], [ 25.291514507586477, 54.628634191913839 ], [ 25.29228865305252, 54.628625932550548 ], [ 25.292302893347902, 54.629075077033477 ], [ 25.292317134036313, 54.629524221480352 ], [ 25.292331375117797, 54.629973365891196 ], [ 25.293105545766075, 54.629965101171031 ], [ 25.29311979576617, 54.630414245409412 ], [ 25.29313404615959, 54.630863389611733 ], [ 25.293908233465888, 54.630855119670706 ], [ 25.293922492778655, 54.631304263700457 ], [ 25.293936752485003, 54.63175340769417 ], [ 25.293951012584948, 54.632202551651815 ], [ 25.294725225076377, 54.632194276353012 ], [ 25.294739494096635, 54.632643420137995 ], [ 25.294753763510766, 54.633092563886933 ], [ 25.294768033318764, 54.633541707599839 ], [ 25.295542270997114, 54.633533426942698 ], [ 25.295556549726406, 54.633982570482836 ], [ 25.295570828849836, 54.63443171398692 ], [ 25.296345083189053, 54.634423428107745 ], [ 25.296359371234495, 54.634872571439004 ], [ 25.296373659674337, 54.635321714734182 ], [ 25.296387948508603, 54.635770857993315 ], [ 25.297162228037639, 54.635762566754892 ], [ 25.297176525794882, 54.636211709841085 ], [ 25.297190823946806, 54.636660852891211 ], [ 25.297965120138461, 54.636652556430001 ], [ 25.297979427214091, 54.637101699307117 ], [ 25.297993734684667, 54.637550842148151 ], [ 25.298008042550215, 54.637999984953133 ], [ 25.298782363934581, 54.637991683131752 ], [ 25.298796680724791, 54.638440825763617 ], [ 25.298810997910241, 54.638889968359393 ], [ 25.298825315490927, 54.639339110919117 ], [ 25.299599662069799, 54.639330803737053 ], [ 25.299613988576127, 54.639779946123554 ], [ 25.299628315477968, 54.640229088474001 ], [ 25.300402678722307, 54.640220776067984 ], [ 25.300417014550508, 54.640669918245102 ], [ 25.300431350774485, 54.641119060386181 ], [ 25.300445687394252, 54.641568202491172 ], [ 25.301220075835989, 54.641559884723527 ], [ 25.301234421383089, 54.642009026655117 ], [ 25.301248767326243, 54.642458168550633 ], [ 25.301263113665463, 54.642907310410095 ], [ 25.3020375273064, 54.642898987280304 ], [ 25.302051882573924, 54.643348128966259 ], [ 25.302066238237785, 54.643797270616155 ], [ 25.302840668547042, 54.643788942261217 ], [ 25.302855033139927, 54.644238083737534 ], [ 25.302869398129413, 54.644687225177734 ], [ 25.302883763515517, 54.64513636658188 ], [ 25.303658219026861, 54.645128032863902 ], [ 25.303672593342956, 54.645577174094349 ], [ 25.303686968055931, 54.646026315288729 ], [ 25.30446144023734, 54.646017976344851 ], [ 25.304475823881031, 54.646467117365468 ], [ 25.30525030419912, 54.646458773333144 ], [ 25.305264696774, 54.646907914179906 ], [ 25.305279089746271, 54.647357054990565 ], [ 25.306053586735263, 54.64734870573178 ], [ 25.306067988639441, 54.647797846368491 ], [ 25.306082390941285, 54.64824698696912 ], [ 25.306856904601826, 54.648238632483533 ], [ 25.3068713158363, 54.648687772910122 ], [ 25.306885727468696, 54.649136913300609 ], [ 25.307660257801441, 54.649128553587886 ], [ 25.307674678367185, 54.649577693804268 ], [ 25.307689099331125, 54.650026833984541 ], [ 25.308463646336705, 54.65001846904434 ], [ 25.308478076234724, 54.650467609050395 ], [ 25.308492506531188, 54.650916749020375 ], [ 25.309267070210268, 54.650908378852371 ], [ 25.309281509441529, 54.65135751864802 ], [ 25.309295949071508, 54.651806658407565 ], [ 25.310070529424728, 54.651798283011424 ], [ 25.310084977990229, 54.65224742259656 ], [ 25.310099426954714, 54.652696562145628 ], [ 25.310874023982716, 54.652688181521022 ], [ 25.310888481883431, 54.653137320895574 ], [ 25.311663087049418, 54.653128935180632 ], [ 25.311677553886845, 54.653578074380604 ], [ 25.311692021123775, 54.654027213544474 ], [ 25.312466642965379, 54.654018822600484 ], [ 25.312481119139743, 54.654467961589681 ], [ 25.313255749119485, 54.654459565554966 ], [ 25.313270234231748, 54.654908704369404 ], [ 25.313284719744029, 54.655357843147733 ], [ 25.314059366400233, 54.655349441883374 ], [ 25.314073860851135, 54.655798580486866 ], [ 25.314088355702332, 54.656247719054221 ], [ 25.314863019035638, 54.656239312559904 ], [ 25.314877522826169, 54.656688450952331 ], [ 25.314892027017255, 54.65713758930864 ], [ 25.315666707028313, 54.657129177584025 ], [ 25.315681220159469, 54.657578315765299 ], [ 25.315695733691442, 54.658027453910456 ], [ 25.3164704303809, 54.65801903695521 ], [ 25.316484952853656, 54.65846817492524 ], [ 25.31649947572749, 54.658917312859145 ], [ 25.316513999002431, 54.659366450756906 ], [ 25.31728872091135, 54.659358028431626 ], [ 25.317303253128049, 54.659807166154202 ], [ 25.317317785746109, 54.66025630384064 ], [ 25.318092524335178, 54.660247876283961 ], [ 25.31810706589572, 54.66069701379508 ], [ 25.318121607857893, 54.661146151270088 ], [ 25.318136150221719, 54.661595288708945 ], [ 25.31891091403314, 54.661586855781309 ], [ 25.318925465340413, 54.662035993044761 ], [ 25.318940017049602, 54.662485130272103 ], [ 25.318954569160706, 54.662934267463285 ], [ 25.319729358196287, 54.662925829164152 ], [ 25.319743919251824, 54.663374966179873 ], [ 25.319758480709556, 54.663824103159421 ], [ 25.319773042569491, 54.664273240102844 ], [ 25.320547856831016, 54.664264796431709 ], [ 25.320562427636354, 54.66471393319955 ], [ 25.320576998844157, 54.665163069931239 ], [ 25.320591570454457, 54.665612206626804 ], [ 25.321366409943728, 54.665603757583142 ], [ 25.321380990500401, 54.666052894103039 ], [ 25.321395571459828, 54.666502030586763 ], [ 25.321410152822018, 54.666951167034348 ], [ 25.322185017540829, 54.666942712617669 ], [ 25.322199607850369, 54.667391848889473 ], [ 25.32221419856295, 54.667840985125167 ], [ 25.322228789678583, 54.668290121324681 ], [ 25.323003679628723, 54.668281661534465 ], [ 25.323018279692668, 54.668730797558126 ], [ 25.323032880159943, 54.669179933545621 ], [ 25.323807786797495, 54.669171468521149 ], [ 25.32382239621381, 54.669620604332721 ], [ 25.323837006033706, 54.670069740108104 ], [ 25.323851616257194, 54.670518875847343 ], [ 25.323866226884299, 54.670968011550443 ], [ 25.324641167302495, 54.670959541011598 ], [ 25.324655786879866, 54.671408676538626 ], [ 25.324670406861117, 54.671857812029522 ], [ 25.324685027246264, 54.672306947484252 ], [ 25.325459992901184, 54.672298471570336 ], [ 25.325474622237568, 54.672747606848908 ], [ 25.325489251978123, 54.673196742091321 ], [ 25.326264234323773, 54.673188260941892 ], [ 25.326278873016285, 54.673637396008075 ], [ 25.326293512113228, 54.674086531038093 ], [ 25.326308151614608, 54.674535666031957 ], [ 25.32632279152045, 54.674984800989655 ], [ 25.326337431830762, 54.675433935911173 ], [ 25.327112456513234, 54.675425449105397 ], [ 25.327127105776992, 54.6758745838506 ], [ 25.327141755445485, 54.676323718559637 ], [ 25.327156405518728, 54.676772853232499 ], [ 25.327931455444013, 54.676764361049997 ], [ 25.327946114471676, 54.67721349554644 ], [ 25.327960773904362, 54.677662630006708 ], [ 25.328735840524139, 54.67765413258735 ], [ 25.328750508911963, 54.678103266871098 ], [ 25.328765177705073, 54.678552401118672 ], [ 25.329540261019996, 54.678543898462124 ], [ 25.329554938768972, 54.678993032533093 ], [ 25.329569616923493, 54.679442166567867 ], [ 25.329584295483588, 54.679891300566489 ], [ 25.330359404045321, 54.679882792531878 ], [ 25.330374091562256, 54.68033192635378 ], [ 25.33038877948502, 54.680781060139516 ], [ 25.330403467813632, 54.681230193889064 ], [ 25.331178601623979, 54.681221680475886 ], [ 25.331193298910406, 54.68167081404863 ], [ 25.331207996602956, 54.6821199475852 ], [ 25.33122269470163, 54.682569081085603 ], [ 25.331997853762374, 54.682560562293325 ], [ 25.332012560819845, 54.683009695616825 ], [ 25.332027268283706, 54.683458828904151 ], [ 25.332041976153977, 54.683907962155274 ], [ 25.332817160466938, 54.683899437983406 ], [ 25.332831877296979, 54.684348571057541 ], [ 25.332846594533695, 54.684797704095516 ], [ 25.332861312177112, 54.685246837097296 ], [ 25.332876030227233, 54.685695970062895 ], [ 25.333651248348211, 54.685687440369989 ], [ 25.333665975359335, 54.686136573158521 ], [ 25.333680702777421, 54.686585705910829 ], [ 25.334455937600168, 54.686577170978182 ], [ 25.334470673979975, 54.687026303553331 ], [ 25.334485410767023, 54.687475436092292 ], [ 25.334500147961339, 54.687924568595051 ], [ 25.334514885562918, 54.688373701061636 ], [ 25.335290154198681, 54.688365160606779 ], [ 25.335304900763205, 54.688814292896062 ], [ 25.335319647735272, 54.689263425149193 ], [ 25.335334395114891, 54.689712557366093 ], [ 25.335349142902086, 54.690161689546841 ], [ 25.336124445354276, 54.690153143569027 ], [ 25.336139202105642, 54.690602275572395 ], [ 25.336153959264841, 54.691051407539554 ], [ 25.336168716831903, 54.691500539470518 ], [ 25.336944044546673, 54.691491988110371 ], [ 25.336958811078869, 54.691941119863884 ], [ 25.33697357801919, 54.692390251581173 ], [ 25.336988345367644, 54.692839383262267 ], [ 25.337003113124254, 54.693288514907188 ], [ 25.337778474661366, 54.693279958022799 ], [ 25.337793251384348, 54.693729089490141 ], [ 25.337808028515749, 54.69417822092128 ], [ 25.337822806055581, 54.694627352316203 ], [ 25.338598192859564, 54.694618790048381 ], [ 25.338612979366747, 54.695067921265661 ], [ 25.338627766282624, 54.695517052446732 ], [ 25.338642553607222, 54.695966183591608 ], [ 25.338657341340546, 54.696415314700275 ], [ 25.339432761972795, 54.696406746906895 ], [ 25.339447558674696, 54.69685587783782 ], [ 25.339462355785599, 54.697305008732528 ], [ 25.33947715330552, 54.697754139591041 ], [ 25.339491951234464, 54.698203270413337 ], [ 25.339506749572454, 54.698652401199418 ], [ 25.339521548319507, 54.69910153194931 ], [ 25.339536347475633, 54.699550662662979 ], [ 25.340311827622546, 54.699542088918435 ], [ 25.340326635749232, 54.699991219454262 ], [ 25.340341444285258, 54.700440349953858 ], [ 25.34111694114598, 54.700431770965579 ], [ 25.341131758653258, 54.700880901286169 ], [ 25.341146576570178, 54.701330031571615 ], [ 25.341161394896726, 54.701779161820852 ], [ 25.34117621363292, 54.702228292033858 ], [ 25.340400682523072, 54.702236871589136 ], [ 25.340415493106047, 54.702686001907701 ], [ 25.341191032778763, 54.702677422210677 ], [ 25.341205852334269, 54.703126552351264 ], [ 25.340430304098458, 54.703135132190063 ], [ 25.340445115500316, 54.703584262436216 ], [ 25.340459927311638, 54.70403339264616 ], [ 25.339684361539415, 54.704041967807406 ], [ 25.339699165196389, 54.704491098122816 ], [ 25.340474739532443, 54.704482522819887 ], [ 25.340489552162751, 54.70493165295742 ], [ 25.339713969262625, 54.704940228402037 ], [ 25.339728773738141, 54.705389358645036 ], [ 25.339743578622933, 54.705838488851853 ], [ 25.338967978184662, 54.705847059618456 ], [ 25.338192377337311, 54.705855625423673 ], [ 25.337416776081131, 54.705864186267462 ], [ 25.337431555680816, 54.706313316862683 ] ] ] } },
{ "type": "Feature", "properties": { "OBJECTID": 697752, "TRIUKSM": "60-64", "PERIODAS": 4, "TIPAS": 8, "METAI": 2011, "SHAPEarea": 5142500.0008960003, "SHAPElen": 50300 }, "geometry": { "type": "Polygon", "coordinates": [ [ [ 25.316262074236121, 54.675543813395166 ], [ 25.315487043912299, 54.67555223081748 ], [ 25.314712013187297, 54.675560643283802 ], [ 25.314697501109592, 54.675111506269452 ], [ 25.313922478532604, 54.675119913640899 ], [ 25.313147455554912, 54.675128316056409 ], [ 25.313132960975601, 54.674679178728297 ], [ 25.312357946146211, 54.674687576049187 ], [ 25.311582930916607, 54.674695968414177 ], [ 25.311568453834806, 54.67424683077266 ], [ 25.310793446753777, 54.674255218043271 ], [ 25.310778978620238, 54.673806080227116 ], [ 25.310003979687824, 54.673814462403477 ], [ 25.309989520502089, 54.673365324412785 ], [ 25.309214529718307, 54.673373701495066 ], [ 25.30920007947989, 54.672924563329914 ], [ 25.309185629640691, 54.67247542512866 ], [ 25.309171180200682, 54.67202628689131 ], [ 25.308396214660629, 54.672034658603131 ], [ 25.308381774166971, 54.671585520191435 ], [ 25.307606816775174, 54.67159388680966 ], [ 25.307592385227395, 54.671144748223682 ], [ 25.306817435983881, 54.671153109748488 ], [ 25.306803013381511, 54.67070397098832 ], [ 25.30602807228631, 54.670712327419849 ], [ 25.306013658628885, 54.670263188485585 ], [ 25.305999245369634, 54.669814049515239 ], [ 25.305984832508539, 54.669364910508783 ], [ 25.305209916654032, 54.669373261571373 ], [ 25.305195512736898, 54.668924122390919 ], [ 25.304420605030323, 54.668932468360758 ], [ 25.304406210056687, 54.668483329006378 ], [ 25.303631310498073, 54.668491669883572 ], [ 25.303616924467455, 54.668042530355379 ], [ 25.303602538834227, 54.667593390791119 ], [ 25.30282765596877, 54.667601726438178 ], [ 25.302813279277842, 54.667152586700183 ], [ 25.302038404560182, 54.667160917255032 ], [ 25.30202403681108, 54.66671177734338 ], [ 25.302009669458851, 54.666262637395647 ], [ 25.301234811433506, 54.666270962720979 ], [ 25.301220453022381, 54.665821822599696 ], [ 25.301206095007871, 54.665372682442332 ], [ 25.300431253674187, 54.665381002538453 ], [ 25.300416904600056, 54.664931862207645 ], [ 25.300402555922261, 54.664482721840749 ], [ 25.299627731279596, 54.664491036707986 ], [ 25.299613391541467, 54.66404189616771 ], [ 25.299599052199408, 54.663592755591395 ], [ 25.298824244247115, 54.66360106523009 ], [ 25.298809913844, 54.663151924480474 ], [ 25.298795583836696, 54.662702783694797 ], [ 25.298020792574121, 54.66271108810529 ], [ 25.29800647150503, 54.662261947146426 ], [ 25.29799215083149, 54.661812806151488 ], [ 25.297217376257986, 54.661821105334113 ], [ 25.297203064521945, 54.661371964166079 ], [ 25.297188753181171, 54.660922822961993 ], [ 25.296413995296092, 54.660931116917077 ], [ 25.296399692892102, 54.660481975539973 ], [ 25.29638539088312, 54.660032834126824 ], [ 25.295610649685816, 54.6600411228547 ], [ 25.295596356612883, 54.659591981268605 ], [ 25.295582063934706, 54.659142839646485 ], [ 25.29556777165126, 54.658693697988319 ], [ 25.29479305568168, 54.658701981352522 ], [ 25.294778772333313, 54.658252839521523 ], [ 25.294764489379414, 54.657803697654472 ], [ 25.29475020681997, 54.657354555751382 ], [ 25.293975516076316, 54.657362833752437 ], [ 25.29396124245098, 54.656913691676614 ], [ 25.293946969219832, 54.656464549564738 ], [ 25.293932696382861, 54.656015407416845 ], [ 25.293158030863335, 54.656023680055263 ], [ 25.293143766959492, 54.65557453773468 ], [ 25.293129503449563, 54.6551253953781 ], [ 25.293115240333528, 54.654676252985482 ], [ 25.29310097761137, 54.654227110556796 ], [ 25.292326345852459, 54.65423537769658 ], [ 25.292312092062211, 54.653786235095339 ], [ 25.292297838665583, 54.653337092458102 ], [ 25.292283585662556, 54.652887949784819 ], [ 25.291508979123495, 54.652896211563068 ], [ 25.291494735051401, 54.652447068717315 ], [ 25.291480491372649, 54.651997925835545 ], [ 25.291466248087207, 54.651548782917722 ], [ 25.290691666766197, 54.651557039334968 ], [ 25.290677432410732, 54.651107896244795 ], [ 25.290663198448318, 54.650658753118591 ], [ 25.290648964878947, 54.650209609956363 ], [ 25.289874408774182, 54.65021786101309 ], [ 25.289860184133808, 54.64976871767859 ], [ 25.289845959886208, 54.64931957430808 ], [ 25.289831736031363, 54.648870430901518 ], [ 25.289057205141056, 54.648878676598258 ], [ 25.289042990214238, 54.648429533019531 ], [ 25.289028775679927, 54.647980389404779 ], [ 25.289014561538089, 54.647531245754003 ], [ 25.289000347788718, 54.647082102067188 ], [ 25.288225850645659, 54.647090342268392 ], [ 25.288211645823093, 54.646641198409519 ], [ 25.288197441392722, 54.646192054514607 ], [ 25.287422960925944, 54.646200289492896 ], [ 25.287408765421659, 54.645751145426019 ], [ 25.287394570309313, 54.64530200132311 ], [ 25.287380375588889, 54.644852857184183 ], [ 25.28660592033118, 54.644861086803999 ], [ 25.286591734535865, 54.644411942493186 ], [ 25.286577549132204, 54.64396279814634 ], [ 25.285803110549029, 54.643971022544022 ], [ 25.285788934069757, 54.643521878025382 ], [ 25.28577475798188, 54.643072733470724 ], [ 25.285760582285384, 54.642623588880056 ], [ 25.284986168908379, 54.64263180792021 ], [ 25.284972002135294, 54.642182663157826 ], [ 25.284957835753339, 54.641733518359437 ], [ 25.284183439049102, 54.64174173217819 ], [ 25.284169281589836, 54.641292587208163 ], [ 25.284155124521423, 54.640843442202161 ], [ 25.283380744489317, 54.640851650799831 ], [ 25.283366596342876, 54.640402505622276 ], [ 25.283352448587024, 54.639953360408732 ], [ 25.283338301221733, 54.639504215159164 ], [ 25.2825639463918, 54.639512418400678 ], [ 25.282549807947522, 54.639063272979683 ], [ 25.282535669893548, 54.638614127522672 ], [ 25.281761331733993, 54.638622325543871 ], [ 25.281747202600304, 54.638173179915519 ], [ 25.28173307385666, 54.637724034251164 ], [ 25.280958752366836, 54.637732227052382 ], [ 25.280944632542752, 54.637283081216793 ], [ 25.280930513108451, 54.636833935345194 ], [ 25.280916394063905, 54.636384789437592 ], [ 25.280142097772249, 54.636392976883982 ], [ 25.280127987646296, 54.635943830805218 ], [ 25.280113877909841, 54.635494684690464 ], [ 25.279339598286178, 54.635502866917641 ], [ 25.279325497467596, 54.635053720631809 ], [ 25.279311397038249, 54.634604574309996 ], [ 25.279297296998116, 54.634155427952187 ], [ 25.27852304256972, 54.634163604825467 ], [ 25.278508951446494, 54.63371445829668 ], [ 25.278494860712229, 54.633265311731897 ], [ 25.277720622950056, 54.633273483386709 ], [ 25.27770654113197, 54.632824336651041 ], [ 25.277692459702578, 54.632375189879376 ], [ 25.276918238605987, 54.632383356316055 ], [ 25.276904166092052, 54.631934209373576 ], [ 25.276890093966554, 54.631485062395157 ], [ 25.276876022229455, 54.631035915380757 ], [ 25.27610182632414, 54.631044076464875 ], [ 25.276087763501536, 54.630594929279745 ], [ 25.27607370106708, 54.630145782058641 ], [ 25.275299521825598, 54.630153937925385 ], [ 25.275285468304919, 54.629704790533658 ], [ 25.275271415172128, 54.629255643105971 ], [ 25.275257362427194, 54.628806495642301 ], [ 25.274483208374082, 54.62881464615743 ], [ 25.274469164541959, 54.628365498523237 ], [ 25.274455121097432, 54.627916350853056 ], [ 25.273680983706409, 54.627924496151572 ], [ 25.273666949173972, 54.627475348310952 ], [ 25.273652915028872, 54.627026200434386 ], [ 25.272878794299277, 54.627034340516609 ], [ 25.272864769065553, 54.626585192469669 ], [ 25.272090656472926, 54.626593327470218 ], [ 25.27207664015009, 54.626144179253025 ], [ 25.272062624214083, 54.6256950309999 ], [ 25.271288528282053, 54.625703160784695 ], [ 25.271274521256224, 54.625254012361395 ], [ 25.271260514616944, 54.624804863902114 ], [ 25.270486435344864, 54.624812988471533 ], [ 25.270472437615048, 54.624363839842182 ], [ 25.270458440271533, 54.623914691176886 ], [ 25.269684377658756, 54.623922810531241 ], [ 25.269670389223975, 54.623473661695961 ], [ 25.268896334747623, 54.623481775969523 ], [ 25.268882355221109, 54.623032626964331 ], [ 25.268868376080377, 54.6225834779232 ], [ 25.268094338262479, 54.622591586982296 ], [ 25.268080368029302, 54.622142437771345 ], [ 25.267306338347677, 54.622150541750059 ], [ 25.267292377021565, 54.621701392369388 ], [ 25.267278416080732, 54.621252242952771 ], [ 25.266504403056725, 54.621260341717601 ], [ 25.266490451022246, 54.620811192131342 ], [ 25.266476499372775, 54.620362042509143 ], [ 25.265702503005748, 54.620370136060409 ], [ 25.265688560261914, 54.619920986268653 ], [ 25.264914572030793, 54.619929074740178 ], [ 25.264900638192131, 54.619479924779007 ], [ 25.264886704737965, 54.619030774781891 ], [ 25.264112733162975, 54.619038858040398 ], [ 25.264098808613255, 54.618589707873916 ], [ 25.264084884447765, 54.618140557671495 ], [ 25.263310929528274, 54.618148635717368 ], [ 25.263297014266513, 54.617699485345682 ], [ 25.263283099388723, 54.617250334938042 ], [ 25.262509161124072, 54.617258407771587 ], [ 25.262495255149293, 54.616809257194788 ], [ 25.261721325019998, 54.616817324949487 ], [ 25.261707427947766, 54.616368174203586 ], [ 25.261693531258974, 54.615919023421753 ], [ 25.260919617783696, 54.615927085964721 ], [ 25.260905729996729, 54.615477935013885 ], [ 25.260891842592955, 54.61502878402711 ], [ 25.260117945771029, 54.615036841358666 ], [ 25.260104067268358, 54.614587690203003 ], [ 25.260090189148613, 54.614138539011392 ], [ 25.259316308979397, 54.614146591131849 ], [ 25.259302439760042, 54.613697439771428 ], [ 25.259288570923346, 54.613248288375082 ], [ 25.258514707406196, 54.613256335284802 ], [ 25.258500847469165, 54.612807183719717 ], [ 25.25848698791453, 54.612358032118706 ], [ 25.2577131410488, 54.612366073818023 ], [ 25.25769929039312, 54.61191692204838 ], [ 25.257685440119573, 54.611467770242811 ], [ 25.256911609904606, 54.611475806732031 ], [ 25.256897768529289, 54.611026654757936 ], [ 25.256883927535842, 54.610577502747901 ], [ 25.256110113971001, 54.610585534027379 ], [ 25.256096281875067, 54.610136381848882 ], [ 25.256082450160743, 54.609687229634481 ], [ 25.255308653245372, 54.609695255704523 ], [ 25.25529483042784, 54.609246103321759 ], [ 25.255281007991652, 54.60879695090307 ], [ 25.255267185936795, 54.608347798448484 ], [ 25.254493414184999, 54.608355819177063 ], [ 25.254479601025963, 54.6079066665542 ], [ 25.254465788247998, 54.607457513895433 ], [ 25.254451975851087, 54.607008361200734 ], [ 25.25367822926107, 54.60701637658839 ], [ 25.253664425759016, 54.606567223725513 ], [ 25.253650622637753, 54.606118070826739 ], [ 25.253636819897263, 54.605668917892082 ], [ 25.253623017537546, 54.605219764921507 ], [ 25.252849304620636, 54.605227774836493 ], [ 25.252835511154554, 54.604778621697832 ], [ 25.252821718068965, 54.604329468523268 ], [ 25.252807925363864, 54.6038803153128 ], [ 25.252034237604462, 54.603888319887972 ], [ 25.252020453792035, 54.603439166509496 ], [ 25.252006670359833, 54.602990013095116 ], [ 25.251992887307832, 54.602540859644876 ], [ 25.251979104636028, 54.602091706158717 ], [ 25.251205450543857, 54.602099705262532 ], [ 25.251191676763508, 54.601650551608486 ], [ 25.251177903363086, 54.601201397918516 ], [ 25.251164130342588, 54.60075224419267 ], [ 25.250390501403643, 54.600760237957765 ], [ 25.250376737273637, 54.600311084064089 ], [ 25.250362973523281, 54.599861930134537 ], [ 25.250349210152564, 54.59941277616911 ], [ 25.249575606365063, 54.599420764595962 ], [ 25.249561851883868, 54.598971610462819 ], [ 25.249548097782046, 54.598522456293757 ], [ 25.249534344059587, 54.598073302088807 ], [ 25.249520590716475, 54.597624147847974 ], [ 25.248747020587839, 54.59763213080538 ], [ 25.248733276133038, 54.597182976396944 ], [ 25.248719532057319, 54.596733821952597 ], [ 25.248705788360667, 54.596284667472368 ], [ 25.248692045043079, 54.595835512956242 ], [ 25.247918508569899, 54.595843490444928 ], [ 25.2479047741394, 54.595394335761277 ], [ 25.247891040087694, 54.594945181041759 ], [ 25.247877306414765, 54.594496026286343 ], [ 25.247863573120604, 54.594046871495038 ], [ 25.247090070299475, 54.594054843515636 ], [ 25.247076345891195, 54.59360568855692 ], [ 25.247062621861414, 54.593156533562308 ], [ 25.247048898210117, 54.592707378531827 ], [ 25.247035174937302, 54.59225822346545 ], [ 25.247021452042944, 54.591809068363183 ], [ 25.246247991376666, 54.591817034784974 ], [ 25.246234277366717, 54.591367879515388 ], [ 25.246220563734976, 54.590918724209914 ], [ 25.246206850481411, 54.590469568868563 ], [ 25.24619313760601, 54.590020413491338 ], [ 25.246966564249814, 54.590012447595328 ], [ 25.246980285630478, 54.590461602841124 ], [ 25.247753720401136, 54.590453631872805 ], [ 25.247767450665698, 54.590902786951183 ], [ 25.247781181308902, 54.591351941993679 ], [ 25.248554632712104, 54.591343965821274 ], [ 25.248568372239923, 54.591793120696259 ], [ 25.248582112146654, 54.592242275535384 ], [ 25.249355580183046, 54.592234294158537 ], [ 25.249369328975103, 54.592683448830066 ], [ 25.249383078146337, 54.593132603465683 ], [ 25.248609593096905, 54.593140585105928 ], [ 25.248623334140458, 54.593589739837363 ], [ 25.248637075562986, 54.594038894532922 ], [ 25.248650817364499, 54.594488049192591 ], [ 25.248664559545002, 54.594937203816365 ], [ 25.249438078623299, 54.594929221649281 ], [ 25.250211597322355, 54.594921234540536 ], [ 25.25019783812672, 54.594472080180275 ], [ 25.250971347938748, 54.594464088261745 ], [ 25.250957580615278, 54.594014933997457 ], [ 25.25173108154031, 54.594006937269292 ], [ 25.251717306089468, 54.593557783101062 ], [ 25.252490798127532, 54.593549781563446 ], [ 25.252477014549793, 54.593100627491339 ], [ 25.253250497700922, 54.593092621144422 ], [ 25.253236705996741, 54.592643467168536 ], [ 25.252463231352181, 54.592651473383349 ], [ 25.252449448534676, 54.592202319239448 ], [ 25.253222914672921, 54.592194313156739 ], [ 25.25320912372943, 54.591745159109045 ], [ 25.253982580981262, 54.591737148217369 ], [ 25.253968781912249, 54.591287994265947 ], [ 25.254742230277692, 54.591279978565467 ], [ 25.254728423083623, 54.590830824710402 ], [ 25.255501862562717, 54.590822804201295 ], [ 25.256275301660814, 54.590814778751259 ], [ 25.25704874037768, 54.590806748360357 ], [ 25.257062573088444, 54.59125590181813 ], [ 25.257836019929385, 54.591247866353747 ], [ 25.257849861527401, 54.591697019643021 ], [ 25.258623316492386, 54.591688979104994 ], [ 25.258637166978122, 54.592138132225699 ], [ 25.259410630067123, 54.592130086613849 ], [ 25.260184092773915, 54.592122036060928 ], [ 25.260957555098262, 54.592113980566872 ], [ 25.260943679094638, 54.59166482784471 ], [ 25.26092980347368, 54.591215675086602 ], [ 25.26091592823537, 54.590766522292554 ], [ 25.26168936465994, 54.590758462256396 ], [ 25.262462800701638, 54.590750397279393 ], [ 25.263236236360232, 54.590742327361525 ], [ 25.263250137114895, 54.591191479756333 ], [ 25.264023580895572, 54.591183404764372 ], [ 25.264037490539248, 54.59163255699 ], [ 25.264051400566526, 54.592081709179659 ], [ 25.264824860975143, 54.592073628980145 ], [ 25.264838779892141, 54.592522781000561 ], [ 25.265612248422997, 54.592514695726535 ], [ 25.265626176230203, 54.59296384757755 ], [ 25.265640104421514, 54.593412999392655 ], [ 25.266413589581145, 54.593404908910479 ], [ 25.266427526663371, 54.593854060556126 ], [ 25.266441464129976, 54.594303212165791 ], [ 25.26721496591902, 54.594295116475152 ], [ 25.267228912277258, 54.594744267915274 ], [ 25.2680024221889, 54.594736167149485 ], [ 25.268016377439238, 54.595185318419979 ], [ 25.268030333074467, 54.59563446965452 ], [ 25.268803859616362, 54.595626363679678 ], [ 25.268817824144406, 54.596075514744506 ], [ 25.268831789057604, 54.596524665773359 ], [ 25.269605332230402, 54.596516554589122 ], [ 25.269619306037139, 54.59696570544817 ], [ 25.269633280229289, 54.597414856271243 ], [ 25.270406840033623, 54.597406739877265 ], [ 25.270420823120027, 54.597855890530454 ], [ 25.270434806592114, 54.598305041147668 ], [ 25.27120838302864, 54.598296919543664 ], [ 25.271222375395695, 54.598746069990867 ], [ 25.271236368148692, 54.59919522040213 ], [ 25.272009961218057, 54.599187093587716 ], [ 25.272023962866744, 54.599636243828883 ], [ 25.272037964901639, 54.600085394034075 ], [ 25.272811574604486, 54.600077262008945 ], [ 25.272825585535784, 54.600526412043962 ], [ 25.272839596853558, 54.600975562043011 ], [ 25.273613223190527, 54.600967424806832 ], [ 25.273627243405432, 54.601416574635614 ], [ 25.273641264007058, 54.601865724428407 ], [ 25.274414906978802, 54.601857581980852 ], [ 25.27442893647828, 54.602306731603306 ], [ 25.274442966364749, 54.602755881189772 ], [ 25.275216625971915, 54.602747733530478 ], [ 25.275230664756947, 54.603196882946492 ], [ 25.275244703929246, 54.603646032326559 ], [ 25.27601838017247, 54.603637879455206 ], [ 25.276032428244051, 54.604087028664736 ], [ 25.276046476703147, 54.604536177838234 ], [ 25.276060525549784, 54.604985326975786 ], [ 25.276834226942185, 54.604977168757436 ], [ 25.27684828468907, 54.60542631772433 ], [ 25.276862342823765, 54.605875466655256 ], [ 25.277636060853968, 54.605867303224109 ], [ 25.277650127889626, 54.606316451984306 ], [ 25.277664195313349, 54.606765600708513 ], [ 25.27767826312515, 54.607214749396732 ], [ 25.278452006307415, 54.607206580617621 ], [ 25.278466083021161, 54.607655729135033 ], [ 25.278480160123234, 54.608104877616427 ], [ 25.278494237613678, 54.608554026061839 ], [ 25.279268005949803, 54.608545851934288 ], [ 25.279282092343145, 54.608995000208793 ], [ 25.279296179125108, 54.609444148447331 ], [ 25.27931026629571, 54.609893296649823 ], [ 25.279324353854957, 54.610342444816347 ], [ 25.28009815586195, 54.610334265204827 ], [ 25.280112252325317, 54.61078341320033 ], [ 25.280126349177603, 54.611232561159859 ], [ 25.28014044641882, 54.611681709083371 ], [ 25.280154544048987, 54.612130856970886 ], [ 25.280928379730238, 54.612122671874701 ], [ 25.280942486265737, 54.612571819591125 ], [ 25.280956593190442, 54.613020967271531 ], [ 25.280970700504373, 54.613470114915948 ], [ 25.280984808207542, 54.613919262524348 ], [ 25.281758677566465, 54.613911071942823 ], [ 25.281772794176185, 54.614360219380053 ], [ 25.281786911175409, 54.614809366781245 ], [ 25.28180102856415, 54.615258514146461 ], [ 25.282574923086159, 54.615250318214144 ], [ 25.28258904938242, 54.615699465408078 ], [ 25.282603176068463, 54.616148612565979 ], [ 25.282617303144303, 54.616597759687885 ], [ 25.28263143060995, 54.617046906773787 ], [ 25.283405358815514, 54.617038705354844 ], [ 25.283419495189904, 54.617487852269342 ], [ 25.28343363195437, 54.617936999147858 ], [ 25.283447769108914, 54.618386145990335 ], [ 25.283461906653564, 54.618835292796817 ], [ 25.28347604458834, 54.619284439567302 ], [ 25.284250015000712, 54.619276232525529 ], [ 25.284264161845691, 54.619725379124525 ], [ 25.284278309081053, 54.62017452568751 ], [ 25.284292456706805, 54.620623672214457 ], [ 25.284306604722971, 54.621072818705407 ], [ 25.285080608826647, 54.621064606175509 ], [ 25.285094765754238, 54.621513752494877 ], [ 25.28510892307251, 54.62196289877825 ], [ 25.285123080781464, 54.622412045025584 ], [ 25.285137238881131, 54.622861191236922 ], [ 25.285151397371507, 54.623310337412214 ], [ 25.285925443691813, 54.623302119257843 ], [ 25.285939611095092, 54.623751265261483 ], [ 25.285953778889354, 54.624200411229104 ], [ 25.285967947074603, 54.624649557160687 ], [ 25.285982115650874, 54.625098703056267 ], [ 25.286756195670218, 54.625090479412272 ], [ 25.286770373160607, 54.625539625136085 ], [ 25.286784551042256, 54.625988770823867 ], [ 25.286798729315215, 54.626437916475631 ], [ 25.287572834513224, 54.626429687477163 ], [ 25.28758702170126, 54.626878832957075 ], [ 25.287601209280851, 54.627327978400942 ], [ 25.288375331135086, 54.627319744183438 ], [ 25.288389527630486, 54.627768889455339 ], [ 25.2884037245177, 54.628218034691244 ], [ 25.28841792179675, 54.62866717989111 ], [ 25.289192068832545, 54.628658940318189 ], [ 25.28920627502837, 54.629108085346004 ], [ 25.289220481616297, 54.629557230337788 ], [ 25.289234688596334, 54.630006375293569 ], [ 25.290008860815483, 54.629998130364733 ], [ 25.290023076713265, 54.630447275148356 ], [ 25.290037293003426, 54.630896419895933 ], [ 25.290811481881644, 54.630888169746889 ], [ 25.290825707090267, 54.631337314322238 ], [ 25.29083993269154, 54.631786458861555 ], [ 25.290854158685462, 54.632235603364869 ], [ 25.29162837274993, 54.63222734785893 ], [ 25.291642607663295, 54.632676492189923 ], [ 25.291656842969573, 54.633125636484827 ], [ 25.291671078668795, 54.633574780743729 ], [ 25.292445317921302, 54.633566519880475 ], [ 25.292459562540927, 54.634015663966942 ], [ 25.292473807553751, 54.634464808017349 ], [ 25.293248063468191, 54.6344565419327 ], [ 25.293262317402139, 54.634905685810629 ], [ 25.293276571729557, 54.635354829652499 ], [ 25.293290826450448, 54.635803973458337 ], [ 25.29406510755582, 54.635795702015393 ], [ 25.294079371198816, 54.636244845648612 ], [ 25.294093635235555, 54.636693989245806 ], [ 25.2948679330046, 54.636685712580707 ], [ 25.294882205964146, 54.637134856005197 ], [ 25.294896479317718, 54.637583999393648 ], [ 25.295670793751079, 54.63757571750606 ], [ 25.295685076028178, 54.6380248607217 ], [ 25.295699358699562, 54.638474003901329 ], [ 25.295713641765225, 54.638923147044892 ], [ 25.296487981393526, 54.638914859797666 ], [ 25.296502273383698, 54.639364002768346 ], [ 25.296516565768428, 54.639813145702973 ], [ 25.296530858547722, 54.640262288601541 ], [ 25.297305223372753, 54.640253995994158 ], [ 25.29731952507753, 54.640703138719772 ], [ 25.297333827177138, 54.641152281409319 ], [ 25.298108208669337, 54.641143983578274 ], [ 25.298122519695145, 54.641593126094747 ], [ 25.298136831116054, 54.642042268575182 ], [ 25.298151142932074, 54.642491411019549 ], [ 25.298925549623895, 54.64248310782741 ], [ 25.2989398703671, 54.642932250098632 ], [ 25.298954191505665, 54.643381392333787 ], [ 25.298968513039632, 54.643830534532867 ], [ 25.29974294493287, 54.643822225979143 ], [ 25.299757275394981, 54.644271368004993 ], [ 25.29977160625274, 54.644720509994769 ], [ 25.300546054816007, 54.64471219621619 ], [ 25.300560394602634, 54.645161338032629 ], [ 25.30057473478519, 54.645610479813016 ], [ 25.301349200019128, 54.645602160809275 ], [ 25.301363549131263, 54.646051302416218 ], [ 25.301377898639586, 54.646500443987101 ], [ 25.302152380544843, 54.646492119757845 ], [ 25.30216673898347, 54.646941261155206 ], [ 25.302181097818551, 54.647390402516493 ], [ 25.302955596395776, 54.647382073061415 ], [ 25.302969964161882, 54.647831214249081 ], [ 25.302984332324709, 54.648280355400672 ], [ 25.303758847574546, 54.648272020719432 ], [ 25.303773224669118, 54.648721161697317 ], [ 25.303787602160675, 54.649170302639135 ], [ 25.304562134083767, 54.649161962731391 ], [ 25.304576520507791, 54.649611103499417 ], [ 25.304590907329072, 54.650060244231341 ], [ 25.305365455926069, 54.650051899096766 ], [ 25.305379851680534, 54.650501039654827 ], [ 25.305394247832513, 54.650950180176807 ], [ 25.306168813104069, 54.650941829815046 ], [ 25.306183218189958, 54.651390970163042 ], [ 25.306197623673629, 54.651840110474957 ], [ 25.306972205620379, 54.651831754885698 ], [ 25.306986620038682, 54.652280895023551 ], [ 25.307001034855034, 54.652730035125323 ], [ 25.307775633477636, 54.652721674308218 ], [ 25.307790057229337, 54.653170814235814 ], [ 25.30780448137935, 54.65361995412735 ], [ 25.308579096678447, 54.653611588082072 ], [ 25.308593529764536, 54.654060727799354 ], [ 25.308607963249205, 54.654509867480527 ], [ 25.309382595225436, 54.654501496206748 ], [ 25.309397037646903, 54.65495063571359 ], [ 25.309411480467205, 54.655399775184343 ], [ 25.310186129121231, 54.655391398681715 ], [ 25.310200580879052, 54.655840537978051 ], [ 25.310215033035981, 54.656289677238263 ], [ 25.310229485592039, 54.656738816462372 ], [ 25.311004159463611, 54.656730434592177 ], [ 25.311018620958162, 54.657179573641777 ], [ 25.311033082852092, 54.65762871265526 ], [ 25.311807773403206, 54.657620325555484 ], [ 25.311822244236353, 54.658069464394366 ], [ 25.311836715469159, 54.658518603197123 ], [ 25.311851187101627, 54.658967741963792 ], [ 25.312625902873187, 54.658959349495497 ], [ 25.312640383445842, 54.65940848808745 ], [ 25.312654864418437, 54.659857626643316 ], [ 25.312669345790983, 54.66030676516305 ], [ 25.313444086784788, 54.660298367325709 ], [ 25.313458577098491, 54.660747505670656 ], [ 25.313473067812399, 54.661196643979487 ], [ 25.31348755892655, 54.661645782252208 ], [ 25.313502050440938, 54.662094920488805 ], [ 25.314276825200675, 54.662086517143145 ], [ 25.314291325657443, 54.662535655204863 ], [ 25.314305826514733, 54.66298479323045 ], [ 25.314320327772542, 54.663433931219934 ], [ 25.314334829430891, 54.663883069173288 ], [ 25.315109637959971, 54.663874660318633 ], [ 25.315124148561928, 54.664323798097001 ], [ 25.315138659564692, 54.664772935839252 ], [ 25.315153170968276, 54.66522207354538 ], [ 25.315167682772699, 54.665671211215376 ], [ 25.315182194977979, 54.666120348849283 ], [ 25.315957045823794, 54.666111934345942 ], [ 25.315971566974149, 54.666561071804736 ], [ 25.31598608852563, 54.667010209227428 ], [ 25.316000610478227, 54.667459346613974 ], [ 25.316015132831993, 54.667908483964418 ], [ 25.31602965558691, 54.668357621278716 ], [ 25.316804548754966, 54.668349201125821 ], [ 25.316819080456444, 54.668798338264942 ], [ 25.31683361255935, 54.669247475367953 ], [ 25.316848145063702, 54.669696612434812 ], [ 25.31686267796951, 54.670145749465561 ], [ 25.31687721127679, 54.670594886460194 ], [ 25.316891744985561, 54.671044023418681 ], [ 25.316906279095839, 54.671493160341072 ], [ 25.316920813607638, 54.671942297227318 ], [ 25.317695774743783, 54.671933871006459 ], [ 25.317710318204366, 54.672383007717428 ], [ 25.317724862066726, 54.672832144392238 ], [ 25.317739406330897, 54.673281281030953 ], [ 25.317753950996877, 54.673730417633493 ], [ 25.317768496064694, 54.674179554199952 ], [ 25.317783041534355, 54.674628690730273 ], [ 25.317797587405877, 54.675077827224463 ], [ 25.31702256643403, 54.675086254419583 ], [ 25.316247545060541, 54.675094676658787 ], [ 25.316262074236121, 54.675543813395166 ] ], [ [ 25.258914256926666, 54.601121187095032 ], [ 25.258928115436881, 54.601570339461297 ], [ 25.258941974329382, 54.602019491791637 ], [ 25.258955833604169, 54.602468644086052 ], [ 25.25896969326126, 54.602917796344528 ], [ 25.258983553300673, 54.6033669485671 ], [ 25.258997413722419, 54.603816100753747 ], [ 25.259011274526511, 54.604265252904469 ], [ 25.259025135712964, 54.604714405019251 ], [ 25.259038997281788, 54.605163557098138 ], [ 25.259052859233012, 54.60561270914107 ], [ 25.25906672156664, 54.606061861148099 ], [ 25.259840448457251, 54.606053811419379 ], [ 25.259854319686774, 54.606502963257633 ], [ 25.259868191298967, 54.606952115059968 ], [ 25.259882063293844, 54.607401266826365 ], [ 25.259895935671416, 54.607850418556836 ], [ 25.259909808431701, 54.60829957025139 ], [ 25.259923681574712, 54.608748721910018 ], [ 25.260697459167005, 54.608740666440013 ], [ 25.260711341207621, 54.609189817929781 ], [ 25.260725223631241, 54.609638969383596 ], [ 25.26073910643786, 54.610088120801485 ], [ 25.260752989627488, 54.610537272183443 ], [ 25.261526800897666, 54.610529211237193 ], [ 25.261540692986134, 54.610978362450183 ], [ 25.261554585457883, 54.611427513627248 ], [ 25.261568478312928, 54.611876664768367 ], [ 25.262342314747901, 54.611868598478281 ], [ 25.262356216502745, 54.612317749450362 ], [ 25.262370118641144, 54.61276690038649 ], [ 25.262384021163122, 54.613216051286706 ], [ 25.263157882764684, 54.613207979652259 ], [ 25.263171794187432, 54.613657130383309 ], [ 25.263185705994015, 54.614106281078428 ], [ 25.263199618184451, 54.614555431737621 ], [ 25.263973504954393, 54.614547354758322 ], [ 25.263987426046562, 54.614996505248257 ], [ 25.26400134752285, 54.615445655702253 ], [ 25.264775250944645, 54.615437573511016 ], [ 25.264789181323383, 54.615886723795654 ], [ 25.264803112086501, 54.61633587404436 ], [ 25.265577032160788, 54.616327786640831 ], [ 25.265590971827084, 54.616776936720115 ], [ 25.265604911878018, 54.617226086763459 ], [ 25.266378848605452, 54.617217994147296 ], [ 25.266392797560282, 54.617667144021112 ], [ 25.266406746900014, 54.618116293858996 ], [ 25.267180700281234, 54.61810819602988 ], [ 25.267194658525586, 54.618557345698129 ], [ 25.267208617155099, 54.619006495330453 ], [ 25.267982587190762, 54.618998392288056 ], [ 25.26799655472561, 54.619447541750674 ], [ 25.268010522645895, 54.619896691177317 ], [ 25.268784509336633, 54.619888582921291 ], [ 25.268798486162964, 54.620337732178179 ], [ 25.268812463374996, 54.620786881399084 ], [ 25.269586466721471, 54.620778767929103 ], [ 25.269600452840272, 54.621227916980139 ], [ 25.270374464321844, 54.621219798429884 ], [ 25.270388459347881, 54.621668947310965 ], [ 25.270402454760131, 54.622118096156065 ], [ 25.271176482898277, 54.622109972391264 ], [ 25.271190487218487, 54.622559121066331 ], [ 25.271204491925172, 54.623008269705402 ], [ 25.271978536720528, 54.623000140725765 ], [ 25.271992550335892, 54.623449289194696 ], [ 25.272006564338, 54.623898437627666 ], [ 25.272780625791217, 54.623890303432816 ], [ 25.272794648702718, 54.624339451695548 ], [ 25.273568718291585, 54.624331312419521 ], [ 25.273582750112951, 54.624780460511928 ], [ 25.273596782321576, 54.625229608568368 ], [ 25.274370868569143, 54.62522146407656 ], [ 25.274384909688354, 54.625670611962569 ], [ 25.274398951195085, 54.626119759812624 ], [ 25.275173054101995, 54.626111610104722 ], [ 25.275187104520029, 54.626560757784262 ], [ 25.275201155325842, 54.627009905427819 ], [ 25.275975274892755, 54.627001750503482 ], [ 25.275989334610603, 54.627450897976438 ], [ 25.276003394716483, 54.627900045413419 ], [ 25.276777530944042, 54.627891885272305 ], [ 25.276791599962674, 54.628341032538607 ], [ 25.276805669369608, 54.628790179768906 ], [ 25.27757982225846, 54.628782014410675 ], [ 25.277593900578868, 54.629231161470223 ], [ 25.277607979287851, 54.629680308493768 ], [ 25.277622058385418, 54.630129455481324 ], [ 25.278396236461798, 54.630121284770773 ], [ 25.278410324473807, 54.630570431587465 ], [ 25.278424412874664, 54.631019578368189 ], [ 25.278438501664382, 54.631468725112896 ], [ 25.279212704930103, 54.631460549049514 ], [ 25.279226802635229, 54.631909695623271 ], [ 25.279240900729487, 54.632358842161032 ], [ 25.28001512065935, 54.632350660879375 ], [ 25.280029227669733, 54.63279980724608 ], [ 25.280043335069514, 54.633248953576789 ], [ 25.280817571664162, 54.633240767076522 ], [ 25.280831687980786, 54.633689913236083 ], [ 25.280845804687075, 54.634139059359661 ], [ 25.281620057947158, 54.63413086764043 ], [ 25.281634183571018, 54.634580013592768 ], [ 25.281648309584785, 54.635029159509109 ], [ 25.281662435988505, 54.635478305389469 ], [ 25.282436714443023, 54.635470108315623 ], [ 25.282450849765272, 54.635919254024643 ], [ 25.282464985477734, 54.636368399697652 ], [ 25.283239280599439, 54.636360197404109 ], [ 25.283253425231145, 54.636809342905714 ], [ 25.283267570253329, 54.637258488371302 ], [ 25.283281715665982, 54.637707633800879 ], [ 25.284056035985024, 54.637699426151819 ], [ 25.284070190317909, 54.638148571409879 ], [ 25.284084345041553, 54.638597716631956 ], [ 25.284858682029522, 54.638589503762439 ], [ 25.284872845674109, 54.639038648812878 ], [ 25.284887009709699, 54.639487793827335 ], [ 25.284901174136319, 54.639936938805768 ], [ 25.285675536324522, 54.639928720579775 ], [ 25.285689709673061, 54.640377865386526 ], [ 25.285703883412889, 54.640827010157267 ], [ 25.286478262271778, 54.640818786710049 ], [ 25.286492444934247, 54.641267931309002 ], [ 25.28650662798827, 54.641717075871931 ], [ 25.28652081143386, 54.642166220398842 ], [ 25.287295215495877, 54.642157991594239 ], [ 25.287309407865081, 54.642607135949277 ], [ 25.287323600626117, 54.643056280268297 ], [ 25.288098021360579, 54.643048046241738 ], [ 25.288112223045943, 54.643497190388779 ], [ 25.288126425123405, 54.643946334499802 ], [ 25.288140627592984, 54.644395478574801 ], [ 25.288915073533467, 54.644387239189911 ], [ 25.288929284928351, 54.644836383092851 ], [ 25.288943496715611, 54.645285526959768 ], [ 25.289717959330282, 54.645277282352154 ], [ 25.289732180043565, 54.645726426046913 ], [ 25.289746401149486, 54.646175569705662 ], [ 25.290520880438997, 54.646167319874984 ], [ 25.290535110471669, 54.646616463361489 ], [ 25.290549340897247, 54.647065606811957 ], [ 25.290563571715744, 54.647514750226392 ], [ 25.291338076215283, 54.647506495036033 ], [ 25.291352315961504, 54.647955638278127 ], [ 25.2913665561009, 54.648404781484196 ], [ 25.291380796633508, 54.648853924654219 ], [ 25.292155326344869, 54.648845664103675 ], [ 25.292169575806163, 54.649294807101271 ], [ 25.292183825660917, 54.649743950062842 ], [ 25.292958372049974, 54.649735684288054 ], [ 25.292972630834143, 54.650184827077105 ], [ 25.292986890012038, 54.650633969830118 ], [ 25.293001149583684, 54.651083112547077 ], [ 25.293775721187465, 54.65107484141118 ], [ 25.29378998968949, 54.651523983955528 ], [ 25.293804258585528, 54.651973126463844 ], [ 25.29381852787559, 54.652422268936114 ], [ 25.294593124695883, 54.652413992438554 ], [ 25.294607402917297, 54.652863134738141 ], [ 25.294621681533009, 54.65331227700166 ], [ 25.294635960543019, 54.65376141922912 ], [ 25.295410582581631, 54.653753137369428 ], [ 25.29542487052397, 54.654202279424091 ], [ 25.29543915886088, 54.654651421442729 ], [ 25.296213797581135, 54.654643134357201 ], [ 25.296228094851092, 54.65509227620295 ], [ 25.296242392515886, 54.655541418012625 ], [ 25.296256690575529, 54.655990559786254 ], [ 25.297031354516999, 54.655982267337663 ], [ 25.297045661510658, 54.656431408938317 ], [ 25.297059968899443, 54.656880550502905 ], [ 25.297834649524312, 54.656872252827718 ], [ 25.29784896584783, 54.657321394219245 ], [ 25.29786328256673, 54.65777053557472 ], [ 25.297877599681023, 54.658219676894113 ], [ 25.298652305530016, 54.658211373854932 ], [ 25.298666631580023, 54.658660515001166 ], [ 25.298680958025692, 54.659109656111347 ], [ 25.299455680559831, 54.659101347844818 ], [ 25.299470015941932, 54.65955048878174 ], [ 25.299484351719972, 54.659999629682609 ], [ 25.30025909093991, 54.659991316188403 ], [ 25.3002734356551, 54.660440456915936 ], [ 25.300287780766478, 54.66088959760738 ], [ 25.301062536672873, 54.660881278885185 ], [ 25.301076890722126, 54.6613304194032 ], [ 25.301851654773728, 54.66132209559013 ], [ 25.301866017761331, 54.66177123593463 ], [ 25.302640789958115, 54.661762907030536 ], [ 25.302655161884537, 54.662212047201386 ], [ 25.302669534207919, 54.662661187336184 ], [ 25.303444323092183, 54.662652853203262 ], [ 25.303458704355112, 54.663101993164339 ], [ 25.304233501384708, 54.663093653940003 ], [ 25.30424789158765, 54.663542793727302 ], [ 25.30502269676256, 54.663534449411358 ], [ 25.305037095905984, 54.663983589024753 ], [ 25.305811909226183, 54.663975239617073 ], [ 25.306586722148406, 54.663966885255419 ], [ 25.307361534672442, 54.66395852593984 ], [ 25.30813634679804, 54.663950161670336 ], [ 25.308911158524964, 54.663941792446877 ], [ 25.30889671666673, 54.663492653523747 ], [ 25.309671519451829, 54.66348427948467 ], [ 25.309657069449809, 54.663035140663723 ], [ 25.30964261984689, 54.66258600180668 ], [ 25.308867834146913, 54.662594375569171 ], [ 25.308853393485304, 54.662145236537725 ], [ 25.308838953222541, 54.661696097470191 ], [ 25.308824513358612, 54.661246958366561 ], [ 25.30881007389349, 54.660797819226836 ], [ 25.308795634827181, 54.660348680051008 ], [ 25.308781196159646, 54.659899540839078 ], [ 25.30876675789089, 54.659450401591073 ], [ 25.307992031582693, 54.659458769432511 ], [ 25.30797760225326, 54.659009630010225 ], [ 25.307963173322346, 54.658560490551828 ], [ 25.307948744789918, 54.658111351057343 ], [ 25.307934316655967, 54.657662211526755 ], [ 25.307159624110188, 54.657670573862688 ], [ 25.307145204914349, 54.65722143415794 ], [ 25.307130786116719, 54.656772294417095 ], [ 25.307116367717281, 54.656323154640141 ], [ 25.307101949716024, 54.65587401482712 ], [ 25.306327290929271, 54.65588237165823 ], [ 25.306312881864894, 54.655433231671111 ], [ 25.306298473198442, 54.654984091647904 ], [ 25.305523831090991, 54.654992443250741 ], [ 25.305509431360701, 54.654543303053522 ], [ 25.305495032028062, 54.654094162820236 ], [ 25.305480633093055, 54.653645022550862 ], [ 25.304706016202065, 54.653653368787914 ], [ 25.304691626202253, 54.65320422834462 ], [ 25.304677236599812, 54.652755087865259 ], [ 25.303902636386383, 54.652763428874792 ], [ 25.303888255718405, 54.652314288221604 ], [ 25.303873875447536, 54.651865147532334 ], [ 25.303859495573757, 54.651416006807011 ], [ 25.303084920573895, 54.651424342451669 ], [ 25.303070549633613, 54.650975201552633 ], [ 25.303056179090159, 54.650526060617487 ], [ 25.302281620766099, 54.650534391035357 ], [ 25.302267259155421, 54.650085249926612 ], [ 25.302252897941298, 54.649636108781763 ], [ 25.301478356292399, 54.649644433973201 ], [ 25.301464004010331, 54.649195292654831 ], [ 25.301449652124568, 54.648746151300379 ], [ 25.300675127150171, 54.64875447126569 ], [ 25.300660784195738, 54.648305329737802 ], [ 25.30064644163733, 54.647856188173854 ], [ 25.299871933336803, 54.647864502913357 ], [ 25.299857599709011, 54.647415361176044 ], [ 25.29984326647698, 54.646966219402664 ], [ 25.299068774849673, 54.646974528916729 ], [ 25.299054450547533, 54.646525386970083 ], [ 25.29904012664089, 54.646076244987384 ], [ 25.29902580312973, 54.645627102968596 ], [ 25.298251336708677, 54.645635407120437 ], [ 25.29823702212644, 54.645186264928498 ], [ 25.298222707939424, 54.644737122700498 ], [ 25.297448258189846, 54.644745421627633 ], [ 25.297433952931019, 54.644296279226545 ], [ 25.297419648067155, 54.643847136789404 ], [ 25.297405343598225, 54.643397994316196 ], [ 25.296630919052003, 54.643406287882037 ], [ 25.296616623510307, 54.642957145235833 ], [ 25.296602328363281, 54.642508002553598 ], [ 25.296588033610909, 54.642058859835295 ], [ 25.295813634266256, 54.642067148040354 ], [ 25.295799348440141, 54.641618005149141 ], [ 25.295785063008431, 54.641168862221917 ], [ 25.295010680332389, 54.641177145203422 ], [ 25.294996403826207, 54.640728002103394 ], [ 25.294982127714153, 54.640278858967292 ], [ 25.294967851996216, 54.63982971579513 ], [ 25.294193494518844, 54.639837993416805 ], [ 25.294179227725476, 54.639388850071953 ], [ 25.294164961325954, 54.638939706691033 ], [ 25.294150695320262, 54.638490563274082 ], [ 25.293376363039766, 54.638498835536431 ], [ 25.293362105957673, 54.638049691946854 ], [ 25.293347849269146, 54.637600548321231 ], [ 25.292573533654412, 54.637608815361219 ], [ 25.292559285888768, 54.637159671563076 ], [ 25.292545038516423, 54.636710527728894 ], [ 25.291770739566804, 54.636718789546869 ], [ 25.291756501116613, 54.636269645540246 ], [ 25.291742263059461, 54.635820501497577 ], [ 25.29172802539534, 54.63537135741889 ], [ 25.2909537516386, 54.635379613878875 ], [ 25.290939522895652, 54.634930469627839 ], [ 25.290925294545477, 54.634481325340765 ], [ 25.290151037452102, 54.634489576579469 ], [ 25.290136818022379, 54.634040432120152 ], [ 25.290122598985157, 54.633591287624782 ], [ 25.290108380340421, 54.633142143093401 ], [ 25.289334148437032, 54.633150388975046 ], [ 25.289319938711781, 54.632701244271502 ], [ 25.289305729378754, 54.632252099531925 ], [ 25.289291520437921, 54.63180295475631 ], [ 25.288517313722718, 54.631811195281429 ], [ 25.288503113700411, 54.631362050333742 ], [ 25.288488914070044, 54.630912905350044 ], [ 25.287714724015348, 54.630921140655069 ], [ 25.28770053330279, 54.630471995499391 ], [ 25.287686342981896, 54.630022850307682 ], [ 25.287672153052661, 54.629573705079956 ], [ 25.286897988183263, 54.629581935029357 ], [ 25.286883807170859, 54.629132789629743 ], [ 25.286869626549855, 54.628683644194133 ], [ 25.286095478339224, 54.628691868924207 ], [ 25.286081306634326, 54.628242723316788 ], [ 25.286067135320557, 54.627793577673323 ], [ 25.286052964397914, 54.627344431993876 ], [ 25.285278841369678, 54.627352651369257 ], [ 25.285264679362172, 54.626903505518094 ], [ 25.285250517745517, 54.626454359630927 ], [ 25.284476411374296, 54.626462573787748 ], [ 25.284462258672065, 54.62601342772895 ], [ 25.284448106360422, 54.625564281634148 ], [ 25.28443395443934, 54.625115135503336 ], [ 25.284419802908829, 54.624665989336513 ], [ 25.283645730240004, 54.624674198004072 ], [ 25.283631587622693, 54.624225051665725 ], [ 25.283617445395674, 54.623775905291382 ], [ 25.28360330355893, 54.623326758881021 ], [ 25.283589162112452, 54.62287761243465 ], [ 25.282815123142623, 54.622885815613657 ], [ 25.282800990608131, 54.622436668995853 ], [ 25.282786858463634, 54.621987522342067 ], [ 25.282772726709123, 54.621538375652271 ], [ 25.281998712913836, 54.621546573478724 ], [ 25.281984590070344, 54.621097426617602 ], [ 25.281970467616571, 54.620648279720463 ], [ 25.281956345552498, 54.62019913278732 ], [ 25.281942223878122, 54.619749985818181 ], [ 25.281168243775937, 54.619758178157376 ], [ 25.281154131011359, 54.619309031017011 ], [ 25.281140018636204, 54.618859883840642 ], [ 25.281125906650466, 54.618410736628256 ], [ 25.28035195171854, 54.618418923616005 ], [ 25.280337848641629, 54.617969776232506 ], [ 25.280323745953869, 54.617520628813004 ], [ 25.28030964365524, 54.617071481357492 ], [ 25.280295541745726, 54.616622333865983 ], [ 25.279521620501022, 54.61663051536776 ], [ 25.279507527499121, 54.616181367705224 ], [ 25.279493434886078, 54.615732220006677 ], [ 25.279479342661876, 54.615283072272128 ], [ 25.278705446583153, 54.615291248423596 ], [ 25.278691363265597, 54.614842100518111 ], [ 25.278677280336613, 54.614392952576637 ], [ 25.278663197796192, 54.613943804599167 ], [ 25.27864911564432, 54.613494656585686 ], [ 25.277875253246918, 54.613502827252447 ], [ 25.277861180000471, 54.613053679068145 ], [ 25.277847107142303, 54.612604530847833 ], [ 25.277833034672415, 54.612155382591546 ], [ 25.277059197436735, 54.612163547909127 ], [ 25.277045133871294, 54.611714399482054 ], [ 25.277031070693859, 54.611265251019013 ], [ 25.276257250102358, 54.611273411122561 ], [ 25.276243195828666, 54.61082426248884 ], [ 25.276229141942707, 54.610375113819146 ], [ 25.276215088444481, 54.609925965113469 ], [ 25.275441293011806, 54.609934119868718 ], [ 25.275427248416346, 54.609484970992462 ], [ 25.275413204208352, 54.60903582208023 ], [ 25.274639425418108, 54.609043971622214 ], [ 25.274625390112163, 54.608594822539487 ], [ 25.274611355193418, 54.608145673420779 ], [ 25.273837593044959, 54.60815381774983 ], [ 25.273823567027549, 54.607704668460734 ], [ 25.273809541397075, 54.607255519135649 ], [ 25.273035795889758, 54.607263658252094 ], [ 25.273021779159894, 54.606814508756706 ], [ 25.273007762816707, 54.606365359225364 ], [ 25.272234033949879, 54.606373493129531 ], [ 25.272220026506581, 54.605924343427951 ], [ 25.272206019449698, 54.605475193690417 ], [ 25.271432307222721, 54.605483322382639 ], [ 25.271418309065016, 54.60503417247498 ], [ 25.270644604964673, 54.60504229608965 ], [ 25.27063061570567, 54.604593146011965 ], [ 25.27061662683256, 54.604143995898291 ], [ 25.269842939371237, 54.604152114301606 ], [ 25.269828959396119, 54.603702964017998 ], [ 25.269055280061263, 54.603711077344158 ], [ 25.26904130898367, 54.603261926890681 ], [ 25.268267637775317, 54.603270035139879 ], [ 25.268253675594774, 54.602820884516646 ], [ 25.267480012512966, 54.602828987688994 ], [ 25.267466059229001, 54.602379836896098 ], [ 25.267452106329923, 54.601930686067234 ], [ 25.266678459885899, 54.601938784029279 ], [ 25.266664515882674, 54.601489633030823 ], [ 25.265890877565027, 54.601497725916467 ], [ 25.265876942457201, 54.601048574748503 ], [ 25.265103312265946, 54.601056662557895 ], [ 25.265089386053052, 54.600607511220502 ], [ 25.264315763988233, 54.600615593953805 ], [ 25.264301846669788, 54.600166442447104 ], [ 25.263528232731424, 54.60017452010446 ], [ 25.263514324306975, 54.599725368428501 ], [ 25.262740718495088, 54.599733441010088 ], [ 25.261967112299818, 54.599741508649203 ], [ 25.261953221278791, 54.599292356670944 ], [ 25.261179623210285, 54.599300419234524 ], [ 25.260406024758865, 54.59930847685569 ], [ 25.260419898760041, 54.59975762909994 ], [ 25.259646291416001, 54.599765681911578 ], [ 25.25966015728968, 54.60021483425281 ], [ 25.259674023545827, 54.600663986558111 ], [ 25.258900398798705, 54.600672034692856 ], [ 25.258914256926666, 54.601121187095032 ] ] ] } },
{ "type": "Feature", "properties": { "OBJECTID": 697762, "TRIUKSM": "65-69", "PERIODAS": 4, "TIPAS": 8, "METAI": 2011, "SHAPEarea": 2774999.9997120001, "SHAPElen": 36200 }, "geometry": { "type": "Polygon", "coordinates": [ [ [ 25.308911158524964, 54.663941792446877 ], [ 25.30813634679804, 54.663950161670336 ], [ 25.307361534672442, 54.66395852593984 ], [ 25.306586722148406, 54.663966885255419 ], [ 25.305811909226183, 54.663975239617073 ], [ 25.305037095905984, 54.663983589024753 ], [ 25.30502269676256, 54.663534449411358 ], [ 25.30424789158765, 54.663542793727302 ], [ 25.304233501384708, 54.663093653940003 ], [ 25.303458704355112, 54.663101993164339 ], [ 25.303444323092183, 54.662652853203262 ], [ 25.302669534207919, 54.662661187336184 ], [ 25.302655161884537, 54.662212047201386 ], [ 25.302640789958115, 54.661762907030536 ], [ 25.301866017761331, 54.66177123593463 ], [ 25.301851654773728, 54.66132209559013 ], [ 25.301076890722126, 54.6613304194032 ], [ 25.301062536672873, 54.660881278885185 ], [ 25.300287780766478, 54.66088959760738 ], [ 25.3002734356551, 54.660440456915936 ], [ 25.30025909093991, 54.659991316188403 ], [ 25.299484351719972, 54.659999629682609 ], [ 25.299470015941932, 54.65955048878174 ], [ 25.299455680559831, 54.659101347844818 ], [ 25.298680958025692, 54.659109656111347 ], [ 25.298666631580023, 54.658660515001166 ], [ 25.298652305530016, 54.658211373854932 ], [ 25.297877599681023, 54.658219676894113 ], [ 25.29786328256673, 54.65777053557472 ], [ 25.29784896584783, 54.657321394219245 ], [ 25.297834649524312, 54.656872252827718 ], [ 25.297059968899443, 54.656880550502905 ], [ 25.297045661510658, 54.656431408938317 ], [ 25.297031354516999, 54.655982267337663 ], [ 25.296256690575529, 54.655990559786254 ], [ 25.296242392515886, 54.655541418012625 ], [ 25.296228094851092, 54.65509227620295 ], [ 25.296213797581135, 54.654643134357201 ], [ 25.29543915886088, 54.654651421442729 ], [ 25.29542487052397, 54.654202279424091 ], [ 25.295410582581631, 54.653753137369428 ], [ 25.294635960543019, 54.65376141922912 ], [ 25.294621681533009, 54.65331227700166 ], [ 25.294607402917297, 54.652863134738141 ], [ 25.294593124695883, 54.652413992438554 ], [ 25.29381852787559, 54.652422268936114 ], [ 25.293804258585528, 54.651973126463844 ], [ 25.29378998968949, 54.651523983955528 ], [ 25.293775721187465, 54.65107484141118 ], [ 25.293001149583684, 54.651083112547077 ], [ 25.292986890012038, 54.650633969830118 ], [ 25.292972630834143, 54.650184827077105 ], [ 25.292958372049974, 54.649735684288054 ], [ 25.292183825660917, 54.649743950062842 ], [ 25.292169575806163, 54.649294807101271 ], [ 25.292155326344869, 54.648845664103675 ], [ 25.291380796633508, 54.648853924654219 ], [ 25.2913665561009, 54.648404781484196 ], [ 25.291352315961504, 54.647955638278127 ], [ 25.291338076215283, 54.647506495036033 ], [ 25.290563571715744, 54.647514750226392 ], [ 25.290549340897247, 54.647065606811957 ], [ 25.290535110471669, 54.646616463361489 ], [ 25.290520880438997, 54.646167319874984 ], [ 25.289746401149486, 54.646175569705662 ], [ 25.289732180043565, 54.645726426046913 ], [ 25.289717959330282, 54.645277282352154 ], [ 25.288943496715611, 54.645285526959768 ], [ 25.288929284928351, 54.644836383092851 ], [ 25.288915073533467, 54.644387239189911 ], [ 25.288140627592984, 54.644395478574801 ], [ 25.288126425123405, 54.643946334499802 ], [ 25.288112223045943, 54.643497190388779 ], [ 25.288098021360579, 54.643048046241738 ], [ 25.287323600626117, 54.643056280268297 ], [ 25.287309407865081, 54.642607135949277 ], [ 25.287295215495877, 54.642157991594239 ], [ 25.28652081143386, 54.642166220398842 ], [ 25.28650662798827, 54.641717075871931 ], [ 25.286492444934247, 54.641267931309002 ], [ 25.286478262271778, 54.640818786710049 ], [ 25.285703883412889, 54.640827010157267 ], [ 25.285689709673061, 54.640377865386526 ], [ 25.285675536324522, 54.639928720579775 ], [ 25.284901174136319, 54.639936938805768 ], [ 25.284887009709699, 54.639487793827335 ], [ 25.284872845674109, 54.639038648812878 ], [ 25.284858682029522, 54.638589503762439 ], [ 25.284084345041553, 54.638597716631956 ], [ 25.284070190317909, 54.638148571409879 ], [ 25.284056035985024, 54.637699426151819 ], [ 25.283281715665982, 54.637707633800879 ], [ 25.283267570253329, 54.637258488371302 ], [ 25.283253425231145, 54.636809342905714 ], [ 25.283239280599439, 54.636360197404109 ], [ 25.282464985477734, 54.636368399697652 ], [ 25.282450849765272, 54.635919254024643 ], [ 25.282436714443023, 54.635470108315623 ], [ 25.281662435988505, 54.635478305389469 ], [ 25.281648309584785, 54.635029159509109 ], [ 25.281634183571018, 54.634580013592768 ], [ 25.281620057947158, 54.63413086764043 ], [ 25.280845804687075, 54.634139059359661 ], [ 25.280831687980786, 54.633689913236083 ], [ 25.280817571664162, 54.633240767076522 ], [ 25.280043335069514, 54.633248953576789 ], [ 25.280029227669733, 54.63279980724608 ], [ 25.28001512065935, 54.632350660879375 ], [ 25.279240900729487, 54.632358842161032 ], [ 25.279226802635229, 54.631909695623271 ], [ 25.279212704930103, 54.631460549049514 ], [ 25.278438501664382, 54.631468725112896 ], [ 25.278424412874664, 54.631019578368189 ], [ 25.278410324473807, 54.630570431587465 ], [ 25.278396236461798, 54.630121284770773 ], [ 25.277622058385418, 54.630129455481324 ], [ 25.277607979287851, 54.629680308493768 ], [ 25.277593900578868, 54.629231161470223 ], [ 25.27757982225846, 54.628782014410675 ], [ 25.276805669369608, 54.628790179768906 ], [ 25.276791599962674, 54.628341032538607 ], [ 25.276777530944042, 54.627891885272305 ], [ 25.276003394716483, 54.627900045413419 ], [ 25.275989334610603, 54.627450897976438 ], [ 25.275975274892755, 54.627001750503482 ], [ 25.275201155325842, 54.627009905427819 ], [ 25.275187104520029, 54.626560757784262 ], [ 25.275173054101995, 54.626111610104722 ], [ 25.274398951195085, 54.626119759812624 ], [ 25.274384909688354, 54.625670611962569 ], [ 25.274370868569143, 54.62522146407656 ], [ 25.273596782321576, 54.625229608568368 ], [ 25.273582750112951, 54.624780460511928 ], [ 25.273568718291585, 54.624331312419521 ], [ 25.272794648702718, 54.624339451695548 ], [ 25.272780625791217, 54.623890303432816 ], [ 25.272006564338, 54.623898437627666 ], [ 25.271992550335892, 54.623449289194696 ], [ 25.271978536720528, 54.623000140725765 ], [ 25.271204491925172, 54.623008269705402 ], [ 25.271190487218487, 54.622559121066331 ], [ 25.271176482898277, 54.622109972391264 ], [ 25.270402454760131, 54.622118096156065 ], [ 25.270388459347881, 54.621668947310965 ], [ 25.270374464321844, 54.621219798429884 ], [ 25.269600452840272, 54.621227916980139 ], [ 25.269586466721471, 54.620778767929103 ], [ 25.268812463374996, 54.620786881399084 ], [ 25.268798486162964, 54.620337732178179 ], [ 25.268784509336633, 54.619888582921291 ], [ 25.268010522645895, 54.619896691177317 ], [ 25.26799655472561, 54.619447541750674 ], [ 25.267982587190762, 54.618998392288056 ], [ 25.267208617155099, 54.619006495330453 ], [ 25.267194658525586, 54.618557345698129 ], [ 25.267180700281234, 54.61810819602988 ], [ 25.266406746900014, 54.618116293858996 ], [ 25.266392797560282, 54.617667144021112 ], [ 25.266378848605452, 54.617217994147296 ], [ 25.265604911878018, 54.617226086763459 ], [ 25.265590971827084, 54.616776936720115 ], [ 25.265577032160788, 54.616327786640831 ], [ 25.264803112086501, 54.61633587404436 ], [ 25.264789181323383, 54.615886723795654 ], [ 25.264775250944645, 54.615437573511016 ], [ 25.26400134752285, 54.615445655702253 ], [ 25.263987426046562, 54.614996505248257 ], [ 25.263973504954393, 54.614547354758322 ], [ 25.263199618184451, 54.614555431737621 ], [ 25.263185705994015, 54.614106281078428 ], [ 25.263171794187432, 54.613657130383309 ], [ 25.263157882764684, 54.613207979652259 ], [ 25.262384021163122, 54.613216051286706 ], [ 25.262370118641144, 54.61276690038649 ], [ 25.262356216502745, 54.612317749450362 ], [ 25.262342314747901, 54.611868598478281 ], [ 25.261568478312928, 54.611876664768367 ], [ 25.261554585457883, 54.611427513627248 ], [ 25.261540692986134, 54.610978362450183 ], [ 25.261526800897666, 54.610529211237193 ], [ 25.260752989627488, 54.610537272183443 ], [ 25.26073910643786, 54.610088120801485 ], [ 25.260725223631241, 54.609638969383596 ], [ 25.260711341207621, 54.609189817929781 ], [ 25.260697459167005, 54.608740666440013 ], [ 25.259923681574712, 54.608748721910018 ], [ 25.259909808431701, 54.60829957025139 ], [ 25.259895935671416, 54.607850418556836 ], [ 25.259882063293844, 54.607401266826365 ], [ 25.259868191298967, 54.606952115059968 ], [ 25.259854319686774, 54.606502963257633 ], [ 25.259840448457251, 54.606053811419379 ], [ 25.25906672156664, 54.606061861148099 ], [ 25.259052859233012, 54.60561270914107 ], [ 25.259038997281788, 54.605163557098138 ], [ 25.259025135712964, 54.604714405019251 ], [ 25.259011274526511, 54.604265252904469 ], [ 25.258997413722419, 54.603816100753747 ], [ 25.258983553300673, 54.6033669485671 ], [ 25.25896969326126, 54.602917796344528 ], [ 25.258955833604169, 54.602468644086052 ], [ 25.258941974329382, 54.602019491791637 ], [ 25.258928115436881, 54.601570339461297 ], [ 25.258914256926666, 54.601121187095032 ], [ 25.258900398798705, 54.600672034692856 ], [ 25.259674023545827, 54.600663986558111 ], [ 25.25966015728968, 54.60021483425281 ], [ 25.259646291416001, 54.599765681911578 ], [ 25.260419898760041, 54.59975762909994 ], [ 25.260406024758865, 54.59930847685569 ], [ 25.261179623210285, 54.599300419234524 ], [ 25.261953221278791, 54.599292356670944 ], [ 25.261967112299818, 54.599741508649203 ], [ 25.262740718495088, 54.599733441010088 ], [ 25.263514324306975, 54.599725368428501 ], [ 25.263528232731424, 54.60017452010446 ], [ 25.264301846669788, 54.600166442447104 ], [ 25.264315763988233, 54.600615593953805 ], [ 25.265089386053052, 54.600607511220502 ], [ 25.265103312265946, 54.601056662557895 ], [ 25.265876942457201, 54.601048574748503 ], [ 25.265890877565027, 54.601497725916467 ], [ 25.266664515882674, 54.601489633030823 ], [ 25.266678459885899, 54.601938784029279 ], [ 25.267452106329923, 54.601930686067234 ], [ 25.267466059229001, 54.602379836896098 ], [ 25.267480012512966, 54.602828987688994 ], [ 25.268253675594774, 54.602820884516646 ], [ 25.268267637775317, 54.603270035139879 ], [ 25.26904130898367, 54.603261926890681 ], [ 25.269055280061263, 54.603711077344158 ], [ 25.269828959396119, 54.603702964017998 ], [ 25.269842939371237, 54.604152114301606 ], [ 25.27061662683256, 54.604143995898291 ], [ 25.27063061570567, 54.604593146011965 ], [ 25.270644604964673, 54.60504229608965 ], [ 25.271418309065016, 54.60503417247498 ], [ 25.271432307222721, 54.605483322382639 ], [ 25.272206019449698, 54.605475193690417 ], [ 25.272220026506581, 54.605924343427951 ], [ 25.272234033949879, 54.606373493129531 ], [ 25.273007762816707, 54.606365359225364 ], [ 25.273021779159894, 54.606814508756706 ], [ 25.273035795889758, 54.607263658252094 ], [ 25.273809541397075, 54.607255519135649 ], [ 25.273823567027549, 54.607704668460734 ], [ 25.273837593044959, 54.60815381774983 ], [ 25.274611355193418, 54.608145673420779 ], [ 25.274625390112163, 54.608594822539487 ], [ 25.274639425418108, 54.609043971622214 ], [ 25.275413204208352, 54.60903582208023 ], [ 25.275427248416346, 54.609484970992462 ], [ 25.275441293011806, 54.609934119868718 ], [ 25.276215088444481, 54.609925965113469 ], [ 25.276229141942707, 54.610375113819146 ], [ 25.276243195828666, 54.61082426248884 ], [ 25.276257250102358, 54.611273411122561 ], [ 25.277031070693859, 54.611265251019013 ], [ 25.277045133871294, 54.611714399482054 ], [ 25.277059197436735, 54.612163547909127 ], [ 25.277833034672415, 54.612155382591546 ], [ 25.277847107142303, 54.612604530847833 ], [ 25.277861180000471, 54.613053679068145 ], [ 25.277875253246918, 54.613502827252447 ], [ 25.27864911564432, 54.613494656585686 ], [ 25.278663197796192, 54.613943804599167 ], [ 25.278677280336613, 54.614392952576637 ], [ 25.278691363265597, 54.614842100518111 ], [ 25.278705446583153, 54.615291248423596 ], [ 25.279479342661876, 54.615283072272128 ], [ 25.279493434886078, 54.615732220006677 ], [ 25.279507527499121, 54.616181367705224 ], [ 25.279521620501022, 54.61663051536776 ], [ 25.280295541745726, 54.616622333865983 ], [ 25.28030964365524, 54.617071481357492 ], [ 25.280323745953869, 54.617520628813004 ], [ 25.280337848641629, 54.617969776232506 ], [ 25.28035195171854, 54.618418923616005 ], [ 25.281125906650466, 54.618410736628256 ], [ 25.281140018636204, 54.618859883840642 ], [ 25.281154131011359, 54.619309031017011 ], [ 25.281168243775937, 54.619758178157376 ], [ 25.281942223878122, 54.619749985818181 ], [ 25.281956345552498, 54.62019913278732 ], [ 25.281970467616571, 54.620648279720463 ], [ 25.281984590070344, 54.621097426617602 ], [ 25.281998712913836, 54.621546573478724 ], [ 25.282772726709123, 54.621538375652271 ], [ 25.282786858463634, 54.621987522342067 ], [ 25.282800990608131, 54.622436668995853 ], [ 25.282815123142623, 54.622885815613657 ], [ 25.283589162112452, 54.62287761243465 ], [ 25.28360330355893, 54.623326758881021 ], [ 25.283617445395674, 54.623775905291382 ], [ 25.283631587622693, 54.624225051665725 ], [ 25.283645730240004, 54.624674198004072 ], [ 25.284419802908829, 54.624665989336513 ], [ 25.28443395443934, 54.625115135503336 ], [ 25.284448106360422, 54.625564281634148 ], [ 25.284462258672065, 54.62601342772895 ], [ 25.284476411374296, 54.626462573787748 ], [ 25.285250517745517, 54.626454359630927 ], [ 25.285264679362172, 54.626903505518094 ], [ 25.285278841369678, 54.627352651369257 ], [ 25.286052964397914, 54.627344431993876 ], [ 25.286067135320557, 54.627793577673323 ], [ 25.286081306634326, 54.628242723316788 ], [ 25.286095478339224, 54.628691868924207 ], [ 25.286869626549855, 54.628683644194133 ], [ 25.286883807170859, 54.629132789629743 ], [ 25.286897988183263, 54.629581935029357 ], [ 25.287672153052661, 54.629573705079956 ], [ 25.287686342981896, 54.630022850307682 ], [ 25.28770053330279, 54.630471995499391 ], [ 25.287714724015348, 54.630921140655069 ], [ 25.288488914070044, 54.630912905350044 ], [ 25.288503113700411, 54.631362050333742 ], [ 25.288517313722718, 54.631811195281429 ], [ 25.289291520437921, 54.63180295475631 ], [ 25.289305729378754, 54.632252099531925 ], [ 25.289319938711781, 54.632701244271502 ], [ 25.289334148437032, 54.633150388975046 ], [ 25.290108380340421, 54.633142143093401 ], [ 25.290122598985157, 54.633591287624782 ], [ 25.290136818022379, 54.634040432120152 ], [ 25.290151037452102, 54.634489576579469 ], [ 25.290925294545477, 54.634481325340765 ], [ 25.290939522895652, 54.634930469627839 ], [ 25.2909537516386, 54.635379613878875 ], [ 25.29172802539534, 54.63537135741889 ], [ 25.291742263059461, 54.635820501497577 ], [ 25.291756501116613, 54.636269645540246 ], [ 25.291770739566804, 54.636718789546869 ], [ 25.292545038516423, 54.636710527728894 ], [ 25.292559285888768, 54.637159671563076 ], [ 25.292573533654412, 54.637608815361219 ], [ 25.293347849269146, 54.637600548321231 ], [ 25.293362105957673, 54.638049691946854 ], [ 25.293376363039766, 54.638498835536431 ], [ 25.294150695320262, 54.638490563274082 ], [ 25.294164961325954, 54.638939706691033 ], [ 25.294179227725476, 54.639388850071953 ], [ 25.294193494518844, 54.639837993416805 ], [ 25.294967851996216, 54.63982971579513 ], [ 25.294982127714153, 54.640278858967292 ], [ 25.294996403826207, 54.640728002103394 ], [ 25.295010680332389, 54.641177145203422 ], [ 25.295785063008431, 54.641168862221917 ], [ 25.295799348440141, 54.641618005149141 ], [ 25.295813634266256, 54.642067148040354 ], [ 25.296588033610909, 54.642058859835295 ], [ 25.296602328363281, 54.642508002553598 ], [ 25.296616623510307, 54.642957145235833 ], [ 25.296630919052003, 54.643406287882037 ], [ 25.297405343598225, 54.643397994316196 ], [ 25.297419648067155, 54.643847136789404 ], [ 25.297433952931019, 54.644296279226545 ], [ 25.297448258189846, 54.644745421627633 ], [ 25.298222707939424, 54.644737122700498 ], [ 25.29823702212644, 54.645186264928498 ], [ 25.298251336708677, 54.645635407120437 ], [ 25.29902580312973, 54.645627102968596 ], [ 25.29904012664089, 54.646076244987384 ], [ 25.299054450547533, 54.646525386970083 ], [ 25.299068774849673, 54.646974528916729 ], [ 25.29984326647698, 54.646966219402664 ], [ 25.299857599709011, 54.647415361176044 ], [ 25.299871933336803, 54.647864502913357 ], [ 25.30064644163733, 54.647856188173854 ], [ 25.300660784195738, 54.648305329737802 ], [ 25.300675127150171, 54.64875447126569 ], [ 25.301449652124568, 54.648746151300379 ], [ 25.301464004010331, 54.649195292654831 ], [ 25.301478356292399, 54.649644433973201 ], [ 25.302252897941298, 54.649636108781763 ], [ 25.302267259155421, 54.650085249926612 ], [ 25.302281620766099, 54.650534391035357 ], [ 25.303056179090159, 54.650526060617487 ], [ 25.303070549633613, 54.650975201552633 ], [ 25.303084920573895, 54.651424342451669 ], [ 25.303859495573757, 54.651416006807011 ], [ 25.303873875447536, 54.651865147532334 ], [ 25.303888255718405, 54.652314288221604 ], [ 25.303902636386383, 54.652763428874792 ], [ 25.304677236599812, 54.652755087865259 ], [ 25.304691626202253, 54.65320422834462 ], [ 25.304706016202065, 54.653653368787914 ], [ 25.305480633093055, 54.653645022550862 ], [ 25.305495032028062, 54.654094162820236 ], [ 25.305509431360701, 54.654543303053522 ], [ 25.305523831090991, 54.654992443250741 ], [ 25.306298473198442, 54.654984091647904 ], [ 25.306312881864894, 54.655433231671111 ], [ 25.306327290929271, 54.65588237165823 ], [ 25.307101949716024, 54.65587401482712 ], [ 25.307116367717281, 54.656323154640141 ], [ 25.307130786116719, 54.656772294417095 ], [ 25.307145204914349, 54.65722143415794 ], [ 25.307159624110188, 54.657670573862688 ], [ 25.307934316655967, 54.657662211526755 ], [ 25.307948744789918, 54.658111351057343 ], [ 25.307963173322346, 54.658560490551828 ], [ 25.30797760225326, 54.659009630010225 ], [ 25.307992031582693, 54.659458769432511 ], [ 25.30876675789089, 54.659450401591073 ], [ 25.308781196159646, 54.659899540839078 ], [ 25.308795634827181, 54.660348680051008 ], [ 25.30881007389349, 54.660797819226836 ], [ 25.308824513358612, 54.661246958366561 ], [ 25.308838953222541, 54.661696097470191 ], [ 25.308853393485304, 54.662145236537725 ], [ 25.308867834146913, 54.662594375569171 ], [ 25.30964261984689, 54.66258600180668 ], [ 25.309657069449809, 54.663035140663723 ], [ 25.309671519451829, 54.66348427948467 ], [ 25.30889671666673, 54.663492653523747 ], [ 25.308911158524964, 54.663941792446877 ] ], [ [ 25.266169660461895, 54.610480741726356 ], [ 25.266183603644869, 54.610929892139374 ], [ 25.266197547212535, 54.611379042516454 ], [ 25.266971372826546, 54.611370946691942 ], [ 25.266985325295078, 54.611820096899457 ], [ 25.266999278148578, 54.612269247071026 ], [ 25.267013231387029, 54.612718397206621 ], [ 25.26702718501047, 54.613167547306297 ], [ 25.267041139018911, 54.613616697370006 ], [ 25.267815006831114, 54.613608595932384 ], [ 25.267828969741892, 54.614057745826436 ], [ 25.267842933037922, 54.614506895684514 ], [ 25.267856896719231, 54.614956045506652 ], [ 25.26787086078583, 54.615405195292851 ], [ 25.268644762283461, 54.615397088375055 ], [ 25.268658735253616, 54.615846237991462 ], [ 25.268672708609326, 54.616295387571952 ], [ 25.268686682350605, 54.61674453711646 ], [ 25.269460609018118, 54.616736424851673 ], [ 25.269474591663922, 54.617185574226333 ], [ 25.269488574695558, 54.617634723565033 ], [ 25.269502558113036, 54.618083872867778 ], [ 25.270276509952229, 54.618075755255518 ], [ 25.270290502275202, 54.618524904388309 ], [ 25.270304494984284, 54.618974053485132 ], [ 25.270318488079493, 54.61942320254601 ], [ 25.271092465092156, 54.619415079585757 ], [ 25.271106467093826, 54.619864228476573 ], [ 25.271120469481886, 54.620313377331442 ], [ 25.271894463149032, 54.620305249156836 ], [ 25.27190847444427, 54.620754397841573 ], [ 25.271922486126165, 54.621203546490342 ], [ 25.272696496448447, 54.62119541310107 ], [ 25.272710517038238, 54.621644561579622 ], [ 25.272724538014941, 54.622093710022185 ], [ 25.273498564992998, 54.622085571417919 ], [ 25.27351259487833, 54.622534719690179 ], [ 25.273526625150836, 54.622983867926479 ], [ 25.274300668785315, 54.622975724106851 ], [ 25.274314707967168, 54.623424872172741 ], [ 25.274328747536462, 54.623874020202663 ], [ 25.275102807828013, 54.623865871167382 ], [ 25.275116856307367, 54.624315019026803 ], [ 25.275130905174429, 54.624764166850248 ], [ 25.275904982123702, 54.624756012598958 ], [ 25.275919039901542, 54.625205160251816 ], [ 25.275933098067348, 54.625654307868693 ], [ 25.276707191674983, 54.625646148401067 ], [ 25.276721258752296, 54.626095295847286 ], [ 25.276735326217842, 54.626544443257515 ], [ 25.276749394071633, 54.626993590631763 ], [ 25.277523512862256, 54.62698542581267 ], [ 25.277537589628523, 54.627434573016167 ], [ 25.2775516667833, 54.627883720183647 ], [ 25.278325802234033, 54.627875550147479 ], [ 25.278339888302, 54.628324697144123 ], [ 25.278353974758744, 54.628773844104757 ], [ 25.279128126870241, 54.628765668851187 ], [ 25.2791422222409, 54.629214815640886 ], [ 25.279156318000592, 54.629663962394595 ], [ 25.279170414149348, 54.630113109112308 ], [ 25.279944591447826, 54.630104928505915 ], [ 25.279958696511454, 54.630554075052601 ], [ 25.279972801964409, 54.631003221563276 ], [ 25.280746995925398, 54.630995035738714 ], [ 25.280761110293948, 54.631444182078262 ], [ 25.280775225052086, 54.631893328381821 ], [ 25.280789340199824, 54.632342474649398 ], [ 25.281563559350683, 54.632334283471096 ], [ 25.281577683414994, 54.632783429567425 ], [ 25.281591807869169, 54.633232575627765 ], [ 25.282366043684288, 54.633224379230533 ], [ 25.282380177055749, 54.633673525119548 ], [ 25.282394310817335, 54.634122670972594 ], [ 25.283168563297373, 54.634114469356085 ], [ 25.283182705976966, 54.634563615037706 ], [ 25.283196849046959, 54.63501276068331 ], [ 25.283210992507357, 54.63546190629291 ], [ 25.283985270181265, 54.635453699321346 ], [ 25.28399942256064, 54.63590284475945 ], [ 25.28401357533069, 54.636351990161543 ], [ 25.284787869671256, 54.636343777969962 ], [ 25.284802031361007, 54.636792923200467 ], [ 25.284816193441692, 54.637242068394961 ], [ 25.284830355913336, 54.637691213553474 ], [ 25.285604675450674, 54.637682996005871 ], [ 25.285618846842986, 54.638132140992667 ], [ 25.285633018626502, 54.638581285943467 ], [ 25.286407354832253, 54.638573063175087 ], [ 25.286421535537162, 54.639022207954113 ], [ 25.286435716633562, 54.639471352697122 ], [ 25.28644989812145, 54.63992049740412 ], [ 25.287224259526873, 54.639912269278781 ], [ 25.287238449937124, 54.64036141381392 ], [ 25.287252640739133, 54.640810558313028 ], [ 25.287266831932925, 54.641259702776125 ], [ 25.288041218539806, 54.64125146929333 ], [ 25.288055418656924, 54.641700613584483 ], [ 25.28806961916608, 54.642149757839576 ], [ 25.288844022444231, 54.642141519134853 ], [ 25.288858231877441, 54.642590663217909 ], [ 25.288872441702949, 54.643039807264941 ], [ 25.289646861653008, 54.643031563337928 ], [ 25.289661080403292, 54.643480707212845 ], [ 25.28967529954615, 54.643929851051709 ], [ 25.290449736168764, 54.643921601902086 ], [ 25.290463964237116, 54.644370745568729 ], [ 25.290478192698291, 54.644819889199347 ], [ 25.291252645994117, 54.644811634826773 ], [ 25.291266883381514, 54.645260778285085 ], [ 25.291281121162008, 54.645709921707322 ], [ 25.291295359335617, 54.646159065093549 ], [ 25.292069837839112, 54.64615080536133 ], [ 25.292084084939908, 54.646599948575151 ], [ 25.292098332434083, 54.647049091752919 ], [ 25.292872827612531, 54.647040826796996 ], [ 25.292887084034614, 54.64748996980228 ], [ 25.292901340850339, 54.64793911277151 ], [ 25.293675852704389, 54.647930842591556 ], [ 25.293690118448737, 54.648379985388203 ], [ 25.293704384587002, 54.648829128148797 ], [ 25.293718651119182, 54.64927827087336 ], [ 25.294493188184916, 54.649269995332403 ], [ 25.294507463646699, 54.649719137884276 ], [ 25.294521739502674, 54.650168280400095 ], [ 25.295296293245745, 54.650159999634369 ], [ 25.295310578032037, 54.650609141977405 ], [ 25.295324863212787, 54.651058284284417 ], [ 25.296099433633866, 54.651049998293551 ], [ 25.296113727745656, 54.651499140427674 ], [ 25.296128022252162, 54.651948282525751 ], [ 25.296142317153407, 54.652397424587789 ], [ 25.296916912790159, 54.652389133234564 ], [ 25.29693121662342, 54.652838275123635 ], [ 25.296945520851665, 54.653287416976639 ], [ 25.297720133168177, 54.653279120397563 ], [ 25.297734446329169, 54.653728262077529 ], [ 25.298509066788132, 54.653719960409305 ], [ 25.29852338888232, 54.654169101916125 ], [ 25.298537711372031, 54.654618243386899 ], [ 25.299312348511588, 54.654609936492221 ], [ 25.299326679935227, 54.655059077789751 ], [ 25.299341011754638, 54.655508219051228 ], [ 25.300115665575436, 54.655499906929776 ], [ 25.300130006329503, 54.655949048017909 ], [ 25.300144347479616, 54.656398189070011 ], [ 25.300919017982288, 54.656389871721444 ], [ 25.300933368067778, 54.656839012600123 ], [ 25.301708046713451, 54.65683069016152 ], [ 25.301722405734775, 54.657279830866706 ], [ 25.302497092523431, 54.657271503337924 ], [ 25.303271778915281, 54.657263170856417 ], [ 25.303257402814932, 54.656814030426347 ], [ 25.303243027111609, 54.656364889960209 ], [ 25.303228651805284, 54.655915749457996 ], [ 25.303214276895947, 54.65546660891971 ], [ 25.302439624660689, 54.655474940850858 ], [ 25.302425258686885, 54.655025800138915 ], [ 25.302410893109801, 54.654576659390884 ], [ 25.302396527929425, 54.654127518606785 ], [ 25.302382163145744, 54.653678377786612 ], [ 25.301607544666634, 54.653686704215346 ], [ 25.301593188817254, 54.653237563221609 ], [ 25.301578833364314, 54.652788422191811 ], [ 25.301564478307782, 54.652339281125926 ], [ 25.300789885044459, 54.652347602190353 ], [ 25.300775538921265, 54.651898460951017 ], [ 25.300761193194216, 54.651449319675585 ], [ 25.300746847863298, 54.651000178364114 ], [ 25.299972279813982, 54.65100849406474 ], [ 25.299957943415428, 54.650559352579883 ], [ 25.299943607412743, 54.650110211058958 ], [ 25.299929271805912, 54.649661069501967 ], [ 25.299154728968794, 54.649669379839303 ], [ 25.299140402293357, 54.649220238109031 ], [ 25.299126076013504, 54.648771096342692 ], [ 25.299111750129228, 54.6483219545403 ], [ 25.298337232502515, 54.648330259514871 ], [ 25.29832291554866, 54.647881117539264 ], [ 25.298308598990108, 54.647431975527617 ], [ 25.297534098037602, 54.647440275276956 ], [ 25.297519790408753, 54.646991133092222 ], [ 25.297505483174945, 54.64654199087142 ], [ 25.29749117633617, 54.646092848614558 ], [ 25.296716700591169, 54.646101143002042 ], [ 25.29670240268112, 54.645652000572177 ], [ 25.296688105165831, 54.645202858106266 ], [ 25.296673808045291, 54.644753715604281 ], [ 25.295899357506013, 54.644762004630444 ], [ 25.295885069313226, 54.644312861955562 ], [ 25.295870781514925, 54.643863719244614 ], [ 25.295856494111096, 54.643414576497634 ], [ 25.295082068775734, 54.643422860162971 ], [ 25.295067790298688, 54.642973717243159 ], [ 25.295053512215841, 54.6425245742873 ], [ 25.295039234527195, 54.642075431295396 ], [ 25.294264834393953, 54.642083709600428 ], [ 25.294250565631113, 54.641634566435798 ], [ 25.294236297262202, 54.641185423235122 ], [ 25.293461913798108, 54.641193696316954 ], [ 25.293447654354285, 54.64074455294363 ], [ 25.293433395304127, 54.640295409534275 ], [ 25.293419136647611, 54.639846266088888 ], [ 25.292644778382744, 54.639854533811324 ], [ 25.292630528650349, 54.639405390193396 ], [ 25.292616279311336, 54.638956246539401 ], [ 25.292602030365689, 54.638507102849381 ], [ 25.29182769729826, 54.638515365212967 ], [ 25.291813457275758, 54.638066221350499 ], [ 25.291799217646361, 54.637617077451999 ], [ 25.291024901245223, 54.637625334593551 ], [ 25.291010670538263, 54.63717619052268 ], [ 25.290996440224131, 54.636727046415778 ], [ 25.290222140488641, 54.63673529833563 ], [ 25.290207919096222, 54.636286154056464 ], [ 25.29019369809637, 54.635837009741259 ], [ 25.289419415025879, 54.635845256439772 ], [ 25.289405202947023, 54.635396111952375 ], [ 25.289390991260472, 54.634946967428967 ], [ 25.289376779966219, 54.634497822869541 ], [ 25.288602522088052, 54.634506064210953 ], [ 25.288588319713817, 54.63405691947942 ], [ 25.288574117731599, 54.633607774711876 ], [ 25.288559916141399, 54.633158629908309 ], [ 25.287785683453777, 54.633166865893109 ], [ 25.287771490782632, 54.632717720917555 ], [ 25.287757298503227, 54.632268575905968 ], [ 25.286983082477747, 54.632276806670596 ], [ 25.28696889911668, 54.631827661487108 ], [ 25.28695471614709, 54.631378516267596 ], [ 25.28694053356897, 54.630929371012087 ], [ 25.286166342731136, 54.630937596421049 ], [ 25.286152169070377, 54.630488450993724 ], [ 25.286137995800821, 54.63003930553036 ], [ 25.285363821623388, 54.63004752571991 ], [ 25.285349657270469, 54.629598380084836 ], [ 25.285335493308494, 54.629149234413759 ], [ 25.285321329737446, 54.628700088706665 ], [ 25.284547180744756, 54.628708303541472 ], [ 25.28453302608937, 54.628259157662754 ], [ 25.284518871824652, 54.627810011748025 ], [ 25.283744739490611, 54.627818221364159 ], [ 25.283730594140845, 54.627369075277898 ], [ 25.283716449181465, 54.626919929155626 ], [ 25.283702304612476, 54.626470782997316 ], [ 25.28292819746029, 54.626478987259681 ], [ 25.282914061805279, 54.626029840929966 ], [ 25.282899926540381, 54.625580694564228 ], [ 25.282885791665588, 54.625131548162472 ], [ 25.28211170969346, 54.625139747071564 ], [ 25.282097583731677, 54.624690600498468 ], [ 25.28208345815974, 54.624241453889361 ], [ 25.282069332977613, 54.623792307244294 ], [ 25.281295276183759, 54.623800500800613 ], [ 25.281281159913682, 54.623351353984255 ], [ 25.281267044033161, 54.622902207131894 ], [ 25.281252928542187, 54.622453060243544 ], [ 25.280478896924805, 54.622461248447614 ], [ 25.280464790344904, 54.622012101388087 ], [ 25.280450684154282, 54.621562954292585 ], [ 25.28043657835293, 54.621113807161073 ], [ 25.279662571910233, 54.6211219900134 ], [ 25.27964847501898, 54.620672842710825 ], [ 25.279634378516732, 54.620223695372246 ], [ 25.279620282403467, 54.619774547997665 ], [ 25.278846301133662, 54.619782725498773 ], [ 25.278832213929537, 54.619333577953221 ], [ 25.278818127114128, 54.618884430371672 ], [ 25.278804040687437, 54.618435282754163 ], [ 25.278030084588721, 54.618443454904529 ], [ 25.2780160070702, 54.617994307116113 ], [ 25.278001929940118, 54.617545159291716 ], [ 25.277987853198461, 54.617096011431322 ], [ 25.277213922269059, 54.617104178231493 ], [ 25.277199854434606, 54.616655030200306 ], [ 25.277185786988316, 54.61620588213313 ], [ 25.276411872708103, 54.616214043718315 ], [ 25.276397814168288, 54.615764895480446 ], [ 25.276383756016383, 54.61531574720658 ], [ 25.275609858384701, 54.615323903577128 ], [ 25.275595809138558, 54.614874755132661 ], [ 25.275581760280048, 54.614425606652219 ], [ 25.27556771180916, 54.613976458135781 ], [ 25.274793839342799, 54.613984609157463 ], [ 25.274779799776702, 54.613535460470523 ], [ 25.274005935440162, 54.613543606412719 ], [ 25.273991904778395, 54.613094457555363 ], [ 25.273977874503728, 54.61264530866201 ], [ 25.273204026813794, 54.612653449390564 ], [ 25.273190005442743, 54.612204300326887 ], [ 25.273175984458526, 54.611755151227229 ], [ 25.272402153414539, 54.611763286742466 ], [ 25.272388141333217, 54.61131413747254 ], [ 25.271614318418699, 54.611322267908982 ], [ 25.271600315239795, 54.610873118468923 ], [ 25.271586312447219, 54.610423968992905 ], [ 25.270812506177823, 54.610432094216563 ], [ 25.270798512286941, 54.609982944570469 ], [ 25.270024714146853, 54.609991064715736 ], [ 25.270010729157207, 54.609541914899658 ], [ 25.269236939146456, 54.609550029966684 ], [ 25.269222963057562, 54.609100879980701 ], [ 25.268449181176191, 54.609108989969663 ], [ 25.267675398909471, 54.609117095014454 ], [ 25.266901616257652, 54.609125195115098 ], [ 25.266915566801639, 54.609574345502374 ], [ 25.266929517730507, 54.610023495853689 ], [ 25.266155717663597, 54.61003159127737 ], [ 25.266169660461895, 54.610480741726356 ] ] ] } },
{ "type": "Feature", "properties": { "OBJECTID": 697827, "TRIUKSM": "70-74", "PERIODAS": 4, "TIPAS": 8, "METAI": 2011, "SHAPEarea": 1350000.0002240001, "SHAPElen": 24800 }, "geometry": { "type": "Polygon", "coordinates": [ [ [ 25.297534098037602, 54.647440275276956 ], [ 25.298308598990108, 54.647431975527617 ], [ 25.29832291554866, 54.647881117539264 ], [ 25.298337232502515, 54.648330259514871 ], [ 25.299111750129228, 54.6483219545403 ], [ 25.299126076013504, 54.648771096342692 ], [ 25.299140402293357, 54.649220238109031 ], [ 25.299154728968794, 54.649669379839303 ], [ 25.299929271805912, 54.649661069501967 ], [ 25.299943607412743, 54.650110211058958 ], [ 25.299957943415428, 54.650559352579883 ], [ 25.299972279813982, 54.65100849406474 ], [ 25.300746847863298, 54.651000178364114 ], [ 25.300761193194216, 54.651449319675585 ], [ 25.300775538921265, 54.651898460951017 ], [ 25.300789885044459, 54.652347602190353 ], [ 25.301564478307782, 54.652339281125926 ], [ 25.301578833364314, 54.652788422191811 ], [ 25.301593188817254, 54.653237563221609 ], [ 25.301607544666634, 54.653686704215346 ], [ 25.302382163145744, 54.653678377786612 ], [ 25.302396527929425, 54.654127518606785 ], [ 25.302410893109801, 54.654576659390884 ], [ 25.302425258686885, 54.655025800138915 ], [ 25.302439624660689, 54.655474940850858 ], [ 25.303214276895947, 54.65546660891971 ], [ 25.303228651805284, 54.655915749457996 ], [ 25.303243027111609, 54.656364889960209 ], [ 25.303257402814932, 54.656814030426347 ], [ 25.303271778915281, 54.657263170856417 ], [ 25.302497092523431, 54.657271503337924 ], [ 25.301722405734775, 54.657279830866706 ], [ 25.301708046713451, 54.65683069016152 ], [ 25.300933368067778, 54.656839012600123 ], [ 25.300919017982288, 54.656389871721444 ], [ 25.300144347479616, 54.656398189070011 ], [ 25.300130006329503, 54.655949048017909 ], [ 25.300115665575436, 54.655499906929776 ], [ 25.299341011754638, 54.655508219051228 ], [ 25.299326679935227, 54.655059077789751 ], [ 25.299312348511588, 54.654609936492221 ], [ 25.298537711372031, 54.654618243386899 ], [ 25.29852338888232, 54.654169101916125 ], [ 25.298509066788132, 54.653719960409305 ], [ 25.297734446329169, 54.653728262077529 ], [ 25.297720133168177, 54.653279120397563 ], [ 25.296945520851665, 54.653287416976639 ], [ 25.29693121662342, 54.652838275123635 ], [ 25.296916912790159, 54.652389133234564 ], [ 25.296142317153407, 54.652397424587789 ], [ 25.296128022252162, 54.651948282525751 ], [ 25.296113727745656, 54.651499140427674 ], [ 25.296099433633866, 54.651049998293551 ], [ 25.295324863212787, 54.651058284284417 ], [ 25.295310578032037, 54.650609141977405 ], [ 25.295296293245745, 54.650159999634369 ], [ 25.294521739502674, 54.650168280400095 ], [ 25.294507463646699, 54.649719137884276 ], [ 25.294493188184916, 54.649269995332403 ], [ 25.293718651119182, 54.64927827087336 ], [ 25.293704384587002, 54.648829128148797 ], [ 25.293690118448737, 54.648379985388203 ], [ 25.293675852704389, 54.647930842591556 ], [ 25.292901340850339, 54.64793911277151 ], [ 25.292887084034614, 54.64748996980228 ], [ 25.292872827612531, 54.647040826796996 ], [ 25.292098332434083, 54.647049091752919 ], [ 25.292084084939908, 54.646599948575151 ], [ 25.292069837839112, 54.64615080536133 ], [ 25.291295359335617, 54.646159065093549 ], [ 25.291281121162008, 54.645709921707322 ], [ 25.291266883381514, 54.645260778285085 ], [ 25.291252645994117, 54.644811634826773 ], [ 25.290478192698291, 54.644819889199347 ], [ 25.290463964237116, 54.644370745568729 ], [ 25.290449736168764, 54.643921601902086 ], [ 25.28967529954615, 54.643929851051709 ], [ 25.289661080403292, 54.643480707212845 ], [ 25.289646861653008, 54.643031563337928 ], [ 25.288872441702949, 54.643039807264941 ], [ 25.288858231877441, 54.642590663217909 ], [ 25.288844022444231, 54.642141519134853 ], [ 25.28806961916608, 54.642149757839576 ], [ 25.288055418656924, 54.641700613584483 ], [ 25.288041218539806, 54.64125146929333 ], [ 25.287266831932925, 54.641259702776125 ], [ 25.287252640739133, 54.640810558313028 ], [ 25.287238449937124, 54.64036141381392 ], [ 25.287224259526873, 54.639912269278781 ], [ 25.28644989812145, 54.63992049740412 ], [ 25.286435716633562, 54.639471352697122 ], [ 25.286421535537162, 54.639022207954113 ], [ 25.286407354832253, 54.638573063175087 ], [ 25.285633018626502, 54.638581285943467 ], [ 25.285618846842986, 54.638132140992667 ], [ 25.285604675450674, 54.637682996005871 ], [ 25.284830355913336, 54.637691213553474 ], [ 25.284816193441692, 54.637242068394961 ], [ 25.284802031361007, 54.636792923200467 ], [ 25.284787869671256, 54.636343777969962 ], [ 25.28401357533069, 54.636351990161543 ], [ 25.28399942256064, 54.63590284475945 ], [ 25.283985270181265, 54.635453699321346 ], [ 25.283210992507357, 54.63546190629291 ], [ 25.283196849046959, 54.63501276068331 ], [ 25.283182705976966, 54.634563615037706 ], [ 25.283168563297373, 54.634114469356085 ], [ 25.282394310817335, 54.634122670972594 ], [ 25.282380177055749, 54.633673525119548 ], [ 25.282366043684288, 54.633224379230533 ], [ 25.281591807869169, 54.633232575627765 ], [ 25.281577683414994, 54.632783429567425 ], [ 25.281563559350683, 54.632334283471096 ], [ 25.280789340199824, 54.632342474649398 ], [ 25.280775225052086, 54.631893328381821 ], [ 25.280761110293948, 54.631444182078262 ], [ 25.280746995925398, 54.630995035738714 ], [ 25.279972801964409, 54.631003221563276 ], [ 25.279958696511454, 54.630554075052601 ], [ 25.279944591447826, 54.630104928505915 ], [ 25.279170414149348, 54.630113109112308 ], [ 25.279156318000592, 54.629663962394595 ], [ 25.2791422222409, 54.629214815640886 ], [ 25.279128126870241, 54.628765668851187 ], [ 25.278353974758744, 54.628773844104757 ], [ 25.278339888302, 54.628324697144123 ], [ 25.278325802234033, 54.627875550147479 ], [ 25.2775516667833, 54.627883720183647 ], [ 25.277537589628523, 54.627434573016167 ], [ 25.277523512862256, 54.62698542581267 ], [ 25.276749394071633, 54.626993590631763 ], [ 25.276735326217842, 54.626544443257515 ], [ 25.276721258752296, 54.626095295847286 ], [ 25.276707191674983, 54.625646148401067 ], [ 25.275933098067348, 54.625654307868693 ], [ 25.275919039901542, 54.625205160251816 ], [ 25.275904982123702, 54.624756012598958 ], [ 25.275130905174429, 54.624764166850248 ], [ 25.275116856307367, 54.624315019026803 ], [ 25.275102807828013, 54.623865871167382 ], [ 25.274328747536462, 54.623874020202663 ], [ 25.274314707967168, 54.623424872172741 ], [ 25.274300668785315, 54.622975724106851 ], [ 25.273526625150836, 54.622983867926479 ], [ 25.27351259487833, 54.622534719690179 ], [ 25.273498564992998, 54.622085571417919 ], [ 25.272724538014941, 54.622093710022185 ], [ 25.272710517038238, 54.621644561579622 ], [ 25.272696496448447, 54.62119541310107 ], [ 25.271922486126165, 54.621203546490342 ], [ 25.27190847444427, 54.620754397841573 ], [ 25.271894463149032, 54.620305249156836 ], [ 25.271120469481886, 54.620313377331442 ], [ 25.271106467093826, 54.619864228476573 ], [ 25.271092465092156, 54.619415079585757 ], [ 25.270318488079493, 54.61942320254601 ], [ 25.270304494984284, 54.618974053485132 ], [ 25.270290502275202, 54.618524904388309 ], [ 25.270276509952229, 54.618075755255518 ], [ 25.269502558113036, 54.618083872867778 ], [ 25.269488574695558, 54.617634723565033 ], [ 25.269474591663922, 54.617185574226333 ], [ 25.269460609018118, 54.616736424851673 ], [ 25.268686682350605, 54.61674453711646 ], [ 25.268672708609326, 54.616295387571952 ], [ 25.268658735253616, 54.615846237991462 ], [ 25.268644762283461, 54.615397088375055 ], [ 25.26787086078583, 54.615405195292851 ], [ 25.267856896719231, 54.614956045506652 ], [ 25.267842933037922, 54.614506895684514 ], [ 25.267828969741892, 54.614057745826436 ], [ 25.267815006831114, 54.613608595932384 ], [ 25.267041139018911, 54.613616697370006 ], [ 25.26702718501047, 54.613167547306297 ], [ 25.267013231387029, 54.612718397206621 ], [ 25.266999278148578, 54.612269247071026 ], [ 25.266985325295078, 54.611820096899457 ], [ 25.266971372826546, 54.611370946691942 ], [ 25.266197547212535, 54.611379042516454 ], [ 25.266183603644869, 54.610929892139374 ], [ 25.266169660461895, 54.610480741726356 ], [ 25.266155717663597, 54.61003159127737 ], [ 25.266929517730507, 54.610023495853689 ], [ 25.266915566801639, 54.609574345502374 ], [ 25.266901616257652, 54.609125195115098 ], [ 25.267675398909471, 54.609117095014454 ], [ 25.268449181176191, 54.609108989969663 ], [ 25.269222963057562, 54.609100879980701 ], [ 25.269236939146456, 54.609550029966684 ], [ 25.270010729157207, 54.609541914899658 ], [ 25.270024714146853, 54.609991064715736 ], [ 25.270798512286941, 54.609982944570469 ], [ 25.270812506177823, 54.610432094216563 ], [ 25.271586312447219, 54.610423968992905 ], [ 25.271600315239795, 54.610873118468923 ], [ 25.271614318418699, 54.611322267908982 ], [ 25.272388141333217, 54.61131413747254 ], [ 25.272402153414539, 54.611763286742466 ], [ 25.273175984458526, 54.611755151227229 ], [ 25.273190005442743, 54.612204300326887 ], [ 25.273204026813794, 54.612653449390564 ], [ 25.273977874503728, 54.61264530866201 ], [ 25.273991904778395, 54.613094457555363 ], [ 25.274005935440162, 54.613543606412719 ], [ 25.274779799776702, 54.613535460470523 ], [ 25.274793839342799, 54.613984609157463 ], [ 25.27556771180916, 54.613976458135781 ], [ 25.275581760280048, 54.614425606652219 ], [ 25.275595809138558, 54.614874755132661 ], [ 25.275609858384701, 54.615323903577128 ], [ 25.276383756016383, 54.61531574720658 ], [ 25.276397814168288, 54.615764895480446 ], [ 25.276411872708103, 54.616214043718315 ], [ 25.277185786988316, 54.61620588213313 ], [ 25.277199854434606, 54.616655030200306 ], [ 25.277213922269059, 54.617104178231493 ], [ 25.277987853198461, 54.617096011431322 ], [ 25.278001929940118, 54.617545159291716 ], [ 25.2780160070702, 54.617994307116113 ], [ 25.278030084588721, 54.618443454904529 ], [ 25.278804040687437, 54.618435282754163 ], [ 25.278818127114128, 54.618884430371672 ], [ 25.278832213929537, 54.619333577953221 ], [ 25.278846301133662, 54.619782725498773 ], [ 25.279620282403467, 54.619774547997665 ], [ 25.279634378516732, 54.620223695372246 ], [ 25.27964847501898, 54.620672842710825 ], [ 25.279662571910233, 54.6211219900134 ], [ 25.28043657835293, 54.621113807161073 ], [ 25.280450684154282, 54.621562954292585 ], [ 25.280464790344904, 54.622012101388087 ], [ 25.280478896924805, 54.622461248447614 ], [ 25.281252928542187, 54.622453060243544 ], [ 25.281267044033161, 54.622902207131894 ], [ 25.281281159913682, 54.623351353984255 ], [ 25.281295276183759, 54.623800500800613 ], [ 25.282069332977613, 54.623792307244294 ], [ 25.28208345815974, 54.624241453889361 ], [ 25.282097583731677, 54.624690600498468 ], [ 25.28211170969346, 54.625139747071564 ], [ 25.282885791665588, 54.625131548162472 ], [ 25.282899926540381, 54.625580694564228 ], [ 25.282914061805279, 54.626029840929966 ], [ 25.28292819746029, 54.626478987259681 ], [ 25.283702304612476, 54.626470782997316 ], [ 25.283716449181465, 54.626919929155626 ], [ 25.283730594140845, 54.627369075277898 ], [ 25.283744739490611, 54.627818221364159 ], [ 25.284518871824652, 54.627810011748025 ], [ 25.28453302608937, 54.628259157662754 ], [ 25.284547180744756, 54.628708303541472 ], [ 25.285321329737446, 54.628700088706665 ], [ 25.285335493308494, 54.629149234413759 ], [ 25.285349657270469, 54.629598380084836 ], [ 25.285363821623388, 54.63004752571991 ], [ 25.286137995800821, 54.63003930553036 ], [ 25.286152169070377, 54.630488450993724 ], [ 25.286166342731136, 54.630937596421049 ], [ 25.28694053356897, 54.630929371012087 ], [ 25.28695471614709, 54.631378516267596 ], [ 25.28696889911668, 54.631827661487108 ], [ 25.286983082477747, 54.632276806670596 ], [ 25.287757298503227, 54.632268575905968 ], [ 25.287771490782632, 54.632717720917555 ], [ 25.287785683453777, 54.633166865893109 ], [ 25.288559916141399, 54.633158629908309 ], [ 25.288574117731599, 54.633607774711876 ], [ 25.288588319713817, 54.63405691947942 ], [ 25.288602522088052, 54.634506064210953 ], [ 25.289376779966219, 54.634497822869541 ], [ 25.289390991260472, 54.634946967428967 ], [ 25.289405202947023, 54.635396111952375 ], [ 25.289419415025879, 54.635845256439772 ], [ 25.29019369809637, 54.635837009741259 ], [ 25.290207919096222, 54.636286154056464 ], [ 25.290222140488641, 54.63673529833563 ], [ 25.290996440224131, 54.636727046415778 ], [ 25.291010670538263, 54.63717619052268 ], [ 25.291024901245223, 54.637625334593551 ], [ 25.291799217646361, 54.637617077451999 ], [ 25.291813457275758, 54.638066221350499 ], [ 25.29182769729826, 54.638515365212967 ], [ 25.292602030365689, 54.638507102849381 ], [ 25.292616279311336, 54.638956246539401 ], [ 25.292630528650349, 54.639405390193396 ], [ 25.292644778382744, 54.639854533811324 ], [ 25.293419136647611, 54.639846266088888 ], [ 25.293433395304127, 54.640295409534275 ], [ 25.293447654354285, 54.64074455294363 ], [ 25.293461913798108, 54.641193696316954 ], [ 25.294236297262202, 54.641185423235122 ], [ 25.294250565631113, 54.641634566435798 ], [ 25.294264834393953, 54.642083709600428 ], [ 25.295039234527195, 54.642075431295396 ], [ 25.295053512215841, 54.6425245742873 ], [ 25.295067790298688, 54.642973717243159 ], [ 25.295082068775734, 54.643422860162971 ], [ 25.295856494111096, 54.643414576497634 ], [ 25.295870781514925, 54.643863719244614 ], [ 25.295885069313226, 54.644312861955562 ], [ 25.295899357506013, 54.644762004630444 ], [ 25.296673808045291, 54.644753715604281 ], [ 25.296688105165831, 54.645202858106266 ], [ 25.29670240268112, 54.645652000572177 ], [ 25.296716700591169, 54.646101143002042 ], [ 25.29749117633617, 54.646092848614558 ], [ 25.297505483174945, 54.64654199087142 ], [ 25.297519790408753, 54.646991133092222 ], [ 25.297534098037602, 54.647440275276956 ] ], [ [ 25.295182029153956, 54.646566859592291 ], [ 25.29516774791708, 54.646117716924806 ], [ 25.295153467074506, 54.645668574221297 ], [ 25.29513918662623, 54.645219431481721 ], [ 25.29512490657223, 54.644770288706106 ], [ 25.294350455244189, 54.644778567831274 ], [ 25.294336184117505, 54.644329424882919 ], [ 25.294321913384831, 54.64388028189849 ], [ 25.294307643046153, 54.643431138878057 ], [ 25.294293373101461, 54.642981995821557 ], [ 25.293518955510265, 54.642990269449783 ], [ 25.293504694491659, 54.642541126220628 ], [ 25.293490433866779, 54.642091982955449 ], [ 25.293476173635604, 54.641642839654224 ], [ 25.292701781246397, 54.641651107922684 ], [ 25.292687529940345, 54.641201964448925 ], [ 25.292673279027724, 54.640752820939085 ], [ 25.292659028508531, 54.640303677393234 ], [ 25.291884661319532, 54.640311940302482 ], [ 25.291870419724489, 54.639862796584147 ], [ 25.291856178522607, 54.639413652829802 ], [ 25.291081828001719, 54.639421910516667 ], [ 25.291067595723273, 54.638972766589951 ], [ 25.291053363837715, 54.638523622627169 ], [ 25.291039132345041, 54.638074478628376 ], [ 25.290264807021455, 54.638082730956953 ], [ 25.29025058445124, 54.637633586785881 ], [ 25.290236362273639, 54.637184442578778 ], [ 25.289462053616418, 54.637192689685726 ], [ 25.289447840360559, 54.63674354530643 ], [ 25.289433627497054, 54.63629440089111 ], [ 25.288659335505553, 54.636302642776762 ], [ 25.288645131563065, 54.635853498189356 ], [ 25.288630928012662, 54.635404353565896 ], [ 25.288616724854329, 54.634955208906433 ], [ 25.287842458056129, 54.634963445435133 ], [ 25.28782826381785, 54.634514300603669 ], [ 25.287814069971372, 54.634065155736181 ], [ 25.287039819837144, 54.634073387044339 ], [ 25.287025634910002, 54.633624242004927 ], [ 25.287011450374401, 54.633175096929506 ], [ 25.286997266230323, 54.632725951818074 ], [ 25.286223041286494, 54.63273417777021 ], [ 25.286208866060779, 54.632285032486962 ], [ 25.286194691226321, 54.631835887167675 ], [ 25.285420482944719, 54.631844107900037 ], [ 25.28540631702791, 54.631394962409026 ], [ 25.285392151502091, 54.630945816882011 ], [ 25.285377986367251, 54.630496671318959 ], [ 25.284603803273157, 54.630504886696251 ], [ 25.284589647054997, 54.630055740961581 ], [ 25.28457549122755, 54.6296065951909 ], [ 25.283801324793931, 54.629614805349142 ], [ 25.283787177882438, 54.629165659406922 ], [ 25.283773031361392, 54.628716513428685 ], [ 25.283758885230789, 54.628267367414423 ], [ 25.282984743981782, 54.628275572218527 ], [ 25.28297060676616, 54.627826426032819 ], [ 25.282956469940718, 54.627377279811128 ], [ 25.282182345350428, 54.627385479396935 ], [ 25.282168217439242, 54.626936333003869 ], [ 25.28215408991797, 54.626487186574799 ], [ 25.282139962786587, 54.626038040109719 ], [ 25.281365863378028, 54.62604623434234 ], [ 25.281351745159938, 54.625597087705984 ], [ 25.281337627331485, 54.625147941033646 ], [ 25.281323509892644, 54.624698794325298 ], [ 25.28054943566401, 54.624706983205208 ], [ 25.280535327137489, 54.62425783632569 ], [ 25.280521219000324, 54.623808689410161 ], [ 25.279747161427554, 54.623816873072968 ], [ 25.279733062202002, 54.623367725986348 ], [ 25.279718963365525, 54.622918578863754 ], [ 25.279704864918127, 54.622469431705149 ], [ 25.278930832522391, 54.62247761001619 ], [ 25.278916742985629, 54.6220284626866 ], [ 25.278902653837676, 54.621579315321036 ], [ 25.27812863809606, 54.621587488415692 ], [ 25.278114557858022, 54.62113834087922 ], [ 25.278100478008529, 54.620689193306738 ], [ 25.277326478920386, 54.620697361185385 ], [ 25.277312407980084, 54.620248213442103 ], [ 25.277298337428071, 54.619799065662846 ], [ 25.276524354992759, 54.619807228325804 ], [ 25.276510293349212, 54.619358080375811 ], [ 25.275736319046089, 54.619366237958047 ], [ 25.275722266310559, 54.618917089837439 ], [ 25.27570821396279, 54.618467941680834 ], [ 25.274934256311656, 54.618476094047963 ], [ 25.274920212871184, 54.618026945720842 ], [ 25.274146263352076, 54.618035093007663 ], [ 25.273372313445705, 54.618043235348743 ], [ 25.273386339847075, 54.618492383944776 ], [ 25.273400366635492, 54.61894153250482 ], [ 25.273414393810974, 54.619390681028889 ], [ 25.27418836927674, 54.619382538284597 ], [ 25.274202405359564, 54.6198316866383 ], [ 25.274216441829719, 54.620280834956013 ], [ 25.274230478687215, 54.620729983237766 ], [ 25.274244515932065, 54.621179131483537 ], [ 25.275018525092936, 54.621170983255276 ], [ 25.275032571246356, 54.621620131330587 ], [ 25.275046617787385, 54.622069279369896 ], [ 25.275060664716051, 54.62251842737323 ], [ 25.275074712032371, 54.622967575340581 ], [ 25.275848754891758, 54.622959421627684 ], [ 25.275862811117861, 54.62340856942447 ], [ 25.275876867731878, 54.623857717185288 ], [ 25.276650927247807, 54.623849558256396 ], [ 25.276664992772321, 54.624298705846542 ], [ 25.276679058685012, 54.624747853400706 ], [ 25.276693124985897, 54.625197000918874 ], [ 25.277467209682047, 54.625188836638912 ], [ 25.277481284894396, 54.625637983986323 ], [ 25.277495360495209, 54.626087131297759 ], [ 25.278269461849654, 54.626078961801042 ], [ 25.278283546362658, 54.626528108941642 ], [ 25.278297631264376, 54.626977256046253 ], [ 25.279071749277755, 54.62696908133244 ], [ 25.279085843092389, 54.627418228266109 ], [ 25.279099937296003, 54.62786737516381 ], [ 25.279874071968973, 54.627859195232602 ], [ 25.27988817508621, 54.628308341959254 ], [ 25.279902278592708, 54.62875748864991 ], [ 25.279916382488466, 54.629206635304577 ], [ 25.280690542346754, 54.629198450020525 ], [ 25.280704655157109, 54.629647596504064 ], [ 25.280718768356991, 54.630096742951608 ], [ 25.280732881946417, 54.630545889363162 ], [ 25.281507066991818, 54.630537698725739 ], [ 25.281521189496814, 54.630986844966067 ], [ 25.281535312391615, 54.631435991170413 ], [ 25.282309514099452, 54.631427795314416 ], [ 25.282323645910541, 54.631876941347436 ], [ 25.2823377781117, 54.632326087344467 ], [ 25.28235191070295, 54.632775233305502 ], [ 25.283126137600789, 54.632767032095188 ], [ 25.283140279109301, 54.633216177884826 ], [ 25.283154421008156, 54.633665323638461 ], [ 25.28392866457019, 54.633657117208813 ], [ 25.283942815387022, 54.634106262790951 ], [ 25.283956966594474, 54.634555408337093 ], [ 25.283971118192547, 54.635004553847217 ], [ 25.284745386947492, 54.634996342062358 ], [ 25.284759547464517, 54.635445487400901 ], [ 25.284773708372434, 54.635894632703426 ], [ 25.285547993793315, 54.635886415698472 ], [ 25.285562163620902, 54.636335560829338 ], [ 25.28557633383965, 54.636784705924207 ], [ 25.285590504449569, 54.637233850983037 ], [ 25.286364815066253, 54.637225628621891 ], [ 25.286378994596809, 54.637674773508984 ], [ 25.286393174518807, 54.638123918360058 ], [ 25.287167501803179, 54.638115690778093 ], [ 25.287181690646531, 54.638564835457281 ], [ 25.287195879881594, 54.639013980100472 ], [ 25.287210069508362, 54.639463124707646 ], [ 25.287984421991439, 54.63945489176858 ], [ 25.287998620540545, 54.639904036203802 ], [ 25.288012819481633, 54.640353180603 ], [ 25.288787188634146, 54.640344942442354 ], [ 25.288801396498283, 54.640794086669509 ], [ 25.28881560475466, 54.641243230860631 ], [ 25.288829813403307, 54.641692375015758 ], [ 25.289604207757421, 54.64168413149708 ], [ 25.28961842533008, 54.642133275480056 ], [ 25.289632643295274, 54.642582419427008 ], [ 25.290407054320575, 54.642574170685982 ], [ 25.290421281210513, 54.64302331446072 ], [ 25.290435508493236, 54.643472458199405 ], [ 25.29120993619037, 54.643464204235705 ], [ 25.291224172398557, 54.643913347802098 ], [ 25.291238408999799, 54.644362491332444 ], [ 25.292012853369418, 54.644354232145737 ], [ 25.292027098896853, 54.644803375503685 ], [ 25.292041344817591, 54.645252518825608 ], [ 25.292815805860347, 54.645244254415537 ], [ 25.292830060708003, 54.645693397564969 ], [ 25.292844315949239, 54.646142540678348 ], [ 25.293618793665768, 54.646134271044588 ], [ 25.293633057834629, 54.646583413985404 ], [ 25.294407543691335, 54.646575139264257 ], [ 25.294421816788297, 54.647024282032397 ], [ 25.295196310785148, 54.647016002223701 ], [ 25.29521059281068, 54.64746514481908 ], [ 25.295985094947653, 54.647456859922698 ], [ 25.295970804387665, 54.647007717464128 ], [ 25.295196310785148, 54.647016002223701 ], [ 25.295182029153956, 54.646566859592291 ] ] ] } },
{ "type": "Feature", "properties": { "OBJECTID": 697915, "TRIUKSM": "75-79", "PERIODAS": 4, "TIPAS": 8, "METAI": 2011, "SHAPEarea": 184999.99984, "SHAPElen": 3500 }, "geometry": { "type": "Polygon", "coordinates": [ [ [ 25.281365863378028, 54.62604623434234 ], [ 25.28059176357981, 54.626054423627771 ], [ 25.280577653885153, 54.625605276856255 ], [ 25.280563544579891, 54.62515613004873 ], [ 25.279789461438913, 54.625164314116809 ], [ 25.279775361045999, 54.624715167138177 ], [ 25.279001286038863, 54.62472334612422 ], [ 25.278987194557835, 54.624274198974604 ], [ 25.278213127684566, 54.624282372878781 ], [ 25.278227210642836, 54.624731520163344 ], [ 25.278241293989758, 54.62518066741189 ], [ 25.278255377725358, 54.62562981462446 ], [ 25.279029470167632, 54.625621640315508 ], [ 25.279043562815396, 54.626070787357136 ], [ 25.2790576558521, 54.626519934362804 ], [ 25.279071749277755, 54.62696908133244 ], [ 25.278297631264376, 54.626977256046253 ], [ 25.278283546362658, 54.626528108941642 ], [ 25.278269461849654, 54.626078961801042 ], [ 25.277495360495209, 54.626087131297759 ], [ 25.277481284894396, 54.625637983986323 ], [ 25.277467209682047, 54.625188836638912 ], [ 25.276693124985897, 54.625197000918874 ], [ 25.276679058685012, 54.624747853400706 ], [ 25.276664992772321, 54.624298705846542 ], [ 25.276650927247807, 54.623849558256396 ], [ 25.275876867731878, 54.623857717185288 ], [ 25.275862811117861, 54.62340856942447 ], [ 25.275848754891758, 54.622959421627684 ], [ 25.275074712032371, 54.622967575340581 ], [ 25.275060664716051, 54.62251842737323 ], [ 25.275046617787385, 54.622069279369896 ], [ 25.275032571246356, 54.621620131330587 ], [ 25.275018525092936, 54.621170983255276 ], [ 25.274244515932065, 54.621179131483537 ], [ 25.274230478687215, 54.620729983237766 ], [ 25.274216441829719, 54.620280834956013 ], [ 25.274202405359564, 54.6198316866383 ], [ 25.27418836927674, 54.619382538284597 ], [ 25.273414393810974, 54.619390681028889 ], [ 25.273400366635492, 54.61894153250482 ], [ 25.273386339847075, 54.618492383944776 ], [ 25.273372313445705, 54.618043235348743 ], [ 25.274146263352076, 54.618035093007663 ], [ 25.274920212871184, 54.618026945720842 ], [ 25.274934256311656, 54.618476094047963 ], [ 25.27570821396279, 54.618467941680834 ], [ 25.275722266310559, 54.618917089837439 ], [ 25.275736319046089, 54.619366237958047 ], [ 25.276510293349212, 54.619358080375811 ], [ 25.276524354992759, 54.619807228325804 ], [ 25.277298337428071, 54.619799065662846 ], [ 25.277312407980084, 54.620248213442103 ], [ 25.277326478920386, 54.620697361185385 ], [ 25.278100478008529, 54.620689193306738 ], [ 25.278114557858022, 54.62113834087922 ], [ 25.27812863809606, 54.621587488415692 ], [ 25.278902653837676, 54.621579315321036 ], [ 25.278916742985629, 54.6220284626866 ], [ 25.278930832522391, 54.62247761001619 ], [ 25.279704864918127, 54.622469431705149 ], [ 25.279718963365525, 54.622918578863754 ], [ 25.279733062202002, 54.623367725986348 ], [ 25.279747161427554, 54.623816873072968 ], [ 25.280521219000324, 54.623808689410161 ], [ 25.280535327137489, 54.62425783632569 ], [ 25.28054943566401, 54.624706983205208 ], [ 25.281323509892644, 54.624698794325298 ], [ 25.281337627331485, 54.625147941033646 ], [ 25.281351745159938, 54.625597087705984 ], [ 25.281365863378028, 54.62604623434234 ] ] ] } },
{ "type": "Feature", "properties": { "OBJECTID": 697916, "TRIUKSM": "75-79", "PERIODAS": 4, "TIPAS": 8, "METAI": 2011, "SHAPEarea": 7500.0, "SHAPElen": 400 }, "geometry": { "type": "Polygon", "coordinates": [ [ [ 25.281365863378028, 54.62604623434234 ], [ 25.282139962786587, 54.626038040109719 ], [ 25.28215408991797, 54.626487186574799 ], [ 25.282168217439242, 54.626936333003869 ], [ 25.282182345350428, 54.627385479396935 ], [ 25.281408220370217, 54.627393674035368 ], [ 25.28139410098315, 54.626944527507021 ], [ 25.281379981985758, 54.626495380942671 ], [ 25.281365863378028, 54.62604623434234 ] ] ] } },
{ "type": "Feature", "properties": { "OBJECTID": 697917, "TRIUKSM": "75-79", "PERIODAS": 4, "TIPAS": 8, "METAI": 2011, "SHAPEarea": 5000.0, "SHAPElen": 300 }, "geometry": { "type": "Polygon", "coordinates": [ [ [ 25.279071749277755, 54.62696908133244 ], [ 25.279845866902171, 54.62696090167131 ], [ 25.279859969240963, 54.627410048469962 ], [ 25.279874071968973, 54.627859195232602 ], [ 25.279099937296003, 54.62786737516381 ], [ 25.279085843092389, 54.627418228266109 ], [ 25.279071749277755, 54.62696908133244 ] ] ] } },
{ "type": "Feature", "properties": { "OBJECTID": 697918, "TRIUKSM": "75-79", "PERIODAS": 4, "TIPAS": 8, "METAI": 2011, "SHAPEarea": 7500.0, "SHAPElen": 400 }, "geometry": { "type": "Polygon", "coordinates": [ [ [ 25.279874071968973, 54.627859195232602 ], [ 25.28064820625271, 54.627851010353908 ], [ 25.280662317894567, 54.628300156945443 ], [ 25.280676429925911, 54.628749303500975 ], [ 25.280690542346754, 54.629198450020525 ], [ 25.279916382488466, 54.629206635304577 ], [ 25.279902278592708, 54.62875748864991 ], [ 25.27988817508621, 54.628308341959254 ], [ 25.279874071968973, 54.627859195232602 ] ] ] } },
{ "type": "Feature", "properties": { "OBJECTID": 697919, "TRIUKSM": "75-79", "PERIODAS": 4, "TIPAS": 8, "METAI": 2011, "SHAPEarea": 15000.0, "SHAPElen": 700 }, "geometry": { "type": "Polygon", "coordinates": [ [ [ 25.282182345350428, 54.627385479396935 ], [ 25.282956469940718, 54.627377279811128 ], [ 25.28297060676616, 54.627826426032819 ], [ 25.282984743981782, 54.628275572218527 ], [ 25.283758885230789, 54.628267367414423 ], [ 25.283773031361392, 54.628716513428685 ], [ 25.283787177882438, 54.629165659406922 ], [ 25.283801324793931, 54.629614805349142 ], [ 25.28302715796984, 54.629623010559591 ], [ 25.283013019583603, 54.62917386448192 ], [ 25.282998881587591, 54.628724718368225 ], [ 25.28222473142359, 54.628732918360129 ], [ 25.282210602342587, 54.628283772075079 ], [ 25.282196473651538, 54.627834625754019 ], [ 25.282182345350428, 54.627385479396935 ] ] ] } },
{ "type": "Feature", "properties": { "OBJECTID": 697920, "TRIUKSM": "75-79", "PERIODAS": 4, "TIPAS": 8, "METAI": 2011, "SHAPEarea": 5000.0, "SHAPElen": 300 }, "geometry": { "type": "Polygon", "coordinates": [ [ [ 25.283801324793931, 54.629614805349142 ], [ 25.28457549122755, 54.6296065951909 ], [ 25.284589647054997, 54.630055740961581 ], [ 25.284603803273157, 54.630504886696251 ], [ 25.283829619788332, 54.630513097125579 ], [ 25.283815472095888, 54.630063951255373 ], [ 25.283801324793931, 54.629614805349142 ] ] ] } },
{ "type": "Feature", "properties": { "OBJECTID": 697921, "TRIUKSM": "75-79", "PERIODAS": 4, "TIPAS": 8, "METAI": 2011, "SHAPEarea": 15000.0, "SHAPElen": 700 }, "geometry": { "type": "Polygon", "coordinates": [ [ [ 25.280690542346754, 54.629198450020525 ], [ 25.28146470181553, 54.629190259788722 ], [ 25.281478823151193, 54.629639406137052 ], [ 25.281492944876614, 54.630088552449394 ], [ 25.282267121006463, 54.630080356999279 ], [ 25.282281251647429, 54.630529503140323 ], [ 25.282295382678416, 54.630978649245371 ], [ 25.282309514099452, 54.631427795314416 ], [ 25.281535312391615, 54.631435991170413 ], [ 25.281521189496814, 54.630986844966067 ], [ 25.281507066991818, 54.630537698725739 ], [ 25.280732881946417, 54.630545889363162 ], [ 25.280718768356991, 54.630096742951608 ], [ 25.280704655157109, 54.629647596504064 ], [ 25.280690542346754, 54.629198450020525 ] ] ] } },
{ "type": "Feature", "properties": { "OBJECTID": 697922, "TRIUKSM": "75-79", "PERIODAS": 4, "TIPAS": 8, "METAI": 2011, "SHAPEarea": 7500.0, "SHAPElen": 400 }, "geometry": { "type": "Polygon", "coordinates": [ [ [ 25.284603803273157, 54.630504886696251 ], [ 25.285377986367251, 54.630496671318959 ], [ 25.285392151502091, 54.630945816882011 ], [ 25.28540631702791, 54.631394962409026 ], [ 25.285420482944719, 54.631844107900037 ], [ 25.284646274272106, 54.631852323684207 ], [ 25.284632116881703, 54.631403178057575 ], [ 25.284617959882056, 54.630954032394918 ], [ 25.284603803273157, 54.630504886696251 ] ] ] } },
{ "type": "Feature", "properties": { "OBJECTID": 697923, "TRIUKSM": "75-79", "PERIODAS": 4, "TIPAS": 8, "METAI": 2011, "SHAPEarea": 5000.0, "SHAPElen": 300 }, "geometry": { "type": "Polygon", "coordinates": [ [ [ 25.285420482944719, 54.631844107900037 ], [ 25.286194691226321, 54.631835887167675 ], [ 25.286208866060779, 54.632285032486962 ], [ 25.286223041286494, 54.63273417777021 ], [ 25.285448815951398, 54.63274239877402 ], [ 25.285434649252547, 54.632293253355037 ], [ 25.285420482944719, 54.631844107900037 ] ] ] } },
{ "type": "Feature", "properties": { "OBJECTID": 697924, "TRIUKSM": "75-79", "PERIODAS": 4, "TIPAS": 8, "METAI": 2011, "SHAPEarea": 15000.0, "SHAPElen": 700 }, "geometry": { "type": "Polygon", "coordinates": [ [ [ 25.282309514099452, 54.631427795314416 ], [ 25.283083715417238, 54.631419594510255 ], [ 25.283097855754782, 54.631868740407917 ], [ 25.283111996482628, 54.632317886269554 ], [ 25.283886214463234, 54.632309680246351 ], [ 25.283900364108312, 54.632758825936513 ], [ 25.283914514143959, 54.633207971590664 ], [ 25.28392866457019, 54.633657117208813 ], [ 25.283154421008156, 54.633665323638461 ], [ 25.283140279109301, 54.633216177884826 ], [ 25.283126137600789, 54.632767032095188 ], [ 25.28235191070295, 54.632775233305502 ], [ 25.2823377781117, 54.632326087344467 ], [ 25.282323645910541, 54.631876941347436 ], [ 25.282309514099452, 54.631427795314416 ] ] ] } },
{ "type": "Feature", "properties": { "OBJECTID": 697925, "TRIUKSM": "75-79", "PERIODAS": 4, "TIPAS": 8, "METAI": 2011, "SHAPEarea": 7500.0, "SHAPElen": 400 }, "geometry": { "type": "Polygon", "coordinates": [ [ [ 25.286223041286494, 54.63273417777021 ], [ 25.286997266230323, 54.632725951818074 ], [ 25.287011450374401, 54.633175096929506 ], [ 25.287025634910002, 54.633624242004927 ], [ 25.287039819837144, 54.634073387044339 ], [ 25.286265569311357, 54.634081613403907 ], [ 25.286251392911772, 54.63363246822869 ], [ 25.286237216903487, 54.633183323017462 ], [ 25.286223041286494, 54.63273417777021 ] ] ] } },
{ "type": "Feature", "properties": { "OBJECTID": 697926, "TRIUKSM": "75-79", "PERIODAS": 4, "TIPAS": 8, "METAI": 2011, "SHAPEarea": 5000.0, "SHAPElen": 300 }, "geometry": { "type": "Polygon", "coordinates": [ [ [ 25.287039819837144, 54.634073387044339 ], [ 25.287814069971372, 54.634065155736181 ], [ 25.28782826381785, 54.634514300603669 ], [ 25.287842458056129, 54.634963445435133 ], [ 25.287068190866108, 54.634971677015102 ], [ 25.287054005155845, 54.634522532047725 ], [ 25.287039819837144, 54.634073387044339 ] ] ] } },
{ "type": "Feature", "properties": { "OBJECTID": 697927, "TRIUKSM": "75-79", "PERIODAS": 4, "TIPAS": 8, "METAI": 2011, "SHAPEarea": 15000.0, "SHAPElen": 700 }, "geometry": { "type": "Polygon", "coordinates": [ [ [ 25.28392866457019, 54.633657117208813 ], [ 25.284702907741629, 54.633648905830633 ], [ 25.284717067086063, 54.634098051277221 ], [ 25.284731226821346, 54.634547196687798 ], [ 25.285505486657357, 54.634538980089793 ], [ 25.28551965531156, 54.634988125328711 ], [ 25.285533824356872, 54.635437270531597 ], [ 25.285547993793315, 54.635886415698472 ], [ 25.284773708372434, 54.635894632703426 ], [ 25.284759547464517, 54.635445487400901 ], [ 25.284745386947492, 54.634996342062358 ], [ 25.283971118192547, 54.635004553847217 ], [ 25.283956966594474, 54.634555408337093 ], [ 25.283942815387022, 54.634106262790951 ], [ 25.28392866457019, 54.633657117208813 ] ] ] } },
{ "type": "Feature", "properties": { "OBJECTID": 697928, "TRIUKSM": "75-79", "PERIODAS": 4, "TIPAS": 8, "METAI": 2011, "SHAPEarea": 7500.0, "SHAPElen": 400 }, "geometry": { "type": "Polygon", "coordinates": [ [ [ 25.287842458056129, 54.634963445435133 ], [ 25.288616724854329, 54.634955208906433 ], [ 25.288630928012662, 54.635404353565896 ], [ 25.288645131563065, 54.635853498189356 ], [ 25.288659335505553, 54.636302642776762 ], [ 25.28788504312195, 54.636310879713413 ], [ 25.28787084770816, 54.635861734990002 ], [ 25.287856652686234, 54.635412590230573 ], [ 25.287842458056129, 54.634963445435133 ] ] ] } },
{ "type": "Feature", "properties": { "OBJECTID": 697929, "TRIUKSM": "75-79", "PERIODAS": 4, "TIPAS": 8, "METAI": 2011, "SHAPEarea": 5000.0, "SHAPElen": 300 }, "geometry": { "type": "Polygon", "coordinates": [ [ [ 25.288659335505553, 54.636302642776762 ], [ 25.289433627497054, 54.63629440089111 ], [ 25.289447840360559, 54.63674354530643 ], [ 25.289462053616418, 54.637192689685726 ], [ 25.28868774456684, 54.637200931843502 ], [ 25.288673539840133, 54.636751787328159 ], [ 25.288659335505553, 54.636302642776762 ] ] ] } },
{ "type": "Feature", "properties": { "OBJECTID": 697930, "TRIUKSM": "75-79", "PERIODAS": 4, "TIPAS": 8, "METAI": 2011, "SHAPEarea": 15000.0, "SHAPElen": 700 }, "geometry": { "type": "Polygon", "coordinates": [ [ [ 25.285547993793315, 54.635886415698472 ], [ 25.286322278823054, 54.635878193744588 ], [ 25.286336457179392, 54.636327338739711 ], [ 25.286350635927118, 54.636776483698824 ], [ 25.287124937623176, 54.636768256524341 ], [ 25.287139125291517, 54.637217401311617 ], [ 25.287153313351514, 54.637666546062853 ], [ 25.287167501803179, 54.638115690778093 ], [ 25.286393174518807, 54.638123918360058 ], [ 25.286378994596809, 54.637674773508984 ], [ 25.286364815066253, 54.637225628621891 ], [ 25.285590504449569, 54.637233850983037 ], [ 25.28557633383965, 54.636784705924207 ], [ 25.285562163620902, 54.636335560829338 ], [ 25.285547993793315, 54.635886415698472 ] ] ] } },
{ "type": "Feature", "properties": { "OBJECTID": 697931, "TRIUKSM": "75-79", "PERIODAS": 4, "TIPAS": 8, "METAI": 2011, "SHAPEarea": 15000.0, "SHAPElen": 700 }, "geometry": { "type": "Polygon", "coordinates": [ [ [ 25.289462053616418, 54.637192689685726 ], [ 25.290236362273639, 54.637184442578778 ], [ 25.29025058445124, 54.637633586785881 ], [ 25.290264807021455, 54.638082730956953 ], [ 25.291039132345041, 54.638074478628376 ], [ 25.291053363837715, 54.638523622627169 ], [ 25.291067595723273, 54.638972766589951 ], [ 25.291081828001719, 54.639421910516667 ], [ 25.290307477087925, 54.639430163253991 ], [ 25.290293253339776, 54.638981019191 ], [ 25.290279029984294, 54.638531875091992 ], [ 25.289504695738227, 54.638540122607409 ], [ 25.289490481305236, 54.63809097833623 ], [ 25.289476267264639, 54.63764183402899 ], [ 25.289462053616418, 54.637192689685726 ] ] ] } },
{ "type": "Feature", "properties": { "OBJECTID": 697932, "TRIUKSM": "75-79", "PERIODAS": 4, "TIPAS": 8, "METAI": 2011, "SHAPEarea": 15000.0, "SHAPElen": 700 }, "geometry": { "type": "Polygon", "coordinates": [ [ [ 25.287167501803179, 54.638115690778093 ], [ 25.287941828695867, 54.638107458246779 ], [ 25.287956026069121, 54.638556602790089 ], [ 25.287970223834304, 54.63900574729734 ], [ 25.28874456739506, 54.638997509544723 ], [ 25.288758774082552, 54.639446653879943 ], [ 25.288772981162239, 54.639895798179168 ], [ 25.288787188634146, 54.640344942442354 ], [ 25.288012819481633, 54.640353180603 ], [ 25.287998620540545, 54.639904036203802 ], [ 25.287984421991439, 54.63945489176858 ], [ 25.287210069508362, 54.639463124707646 ], [ 25.287195879881594, 54.639013980100472 ], [ 25.287181690646531, 54.638564835457281 ], [ 25.287167501803179, 54.638115690778093 ] ] ] } },
{ "type": "Feature", "properties": { "OBJECTID": 697933, "TRIUKSM": "75-79", "PERIODAS": 4, "TIPAS": 8, "METAI": 2011, "SHAPEarea": 7500.0, "SHAPElen": 400 }, "geometry": { "type": "Polygon", "coordinates": [ [ [ 25.288787188634146, 54.640344942442354 ], [ 25.289561557394425, 54.640336699331975 ], [ 25.289575773789604, 54.640785843423046 ], [ 25.289589990577262, 54.641234987478065 ], [ 25.289604207757421, 54.64168413149708 ], [ 25.288829813403307, 54.641692375015758 ], [ 25.28881560475466, 54.641243230860631 ], [ 25.288801396498283, 54.640794086669509 ], [ 25.288787188634146, 54.640344942442354 ] ] ] } },
{ "type": "Feature", "properties": { "OBJECTID": 697934, "TRIUKSM": "75-79", "PERIODAS": 4, "TIPAS": 8, "METAI": 2011, "SHAPEarea": 15000.0, "SHAPElen": 700 }, "geometry": { "type": "Polygon", "coordinates": [ [ [ 25.291081828001719, 54.639421910516667 ], [ 25.291856178522607, 54.639413652829802 ], [ 25.291870419724489, 54.639862796584147 ], [ 25.291884661319532, 54.640311940302482 ], [ 25.292659028508531, 54.640303677393234 ], [ 25.292673279027724, 54.640752820939085 ], [ 25.292687529940345, 54.641201964448925 ], [ 25.292701781246397, 54.641651107922684 ], [ 25.291927388463748, 54.641659371241225 ], [ 25.29191314568914, 54.641210227631021 ], [ 25.291898903307743, 54.640761083984764 ], [ 25.291124527194565, 54.640769342080652 ], [ 25.291110293737354, 54.640320198262017 ], [ 25.291096060673073, 54.639871054407379 ], [ 25.291081828001719, 54.639421910516667 ] ] ] } },
{ "type": "Feature", "properties": { "OBJECTID": 697935, "TRIUKSM": "75-79", "PERIODAS": 4, "TIPAS": 8, "METAI": 2011, "SHAPEarea": 5000.0, "SHAPElen": 300 }, "geometry": { "type": "Polygon", "coordinates": [ [ [ 25.289604207757421, 54.64168413149708 ], [ 25.290378601719016, 54.641675883028427 ], [ 25.290392827823418, 54.64212502687522 ], [ 25.290407054320575, 54.642574170685982 ], [ 25.289632643295274, 54.642582419427008 ], [ 25.28961842533008, 54.642133275480056 ], [ 25.289604207757421, 54.64168413149708 ] ] ] } },
{ "type": "Feature", "properties": { "OBJECTID": 697936, "TRIUKSM": "75-79", "PERIODAS": 4, "TIPAS": 8, "METAI": 2011, "SHAPEarea": 7500.0, "SHAPElen": 400 }, "geometry": { "type": "Polygon", "coordinates": [ [ [ 25.292701781246397, 54.641651107922684 ], [ 25.293476173635604, 54.641642839654224 ], [ 25.293490433866779, 54.642091982955449 ], [ 25.293504694491659, 54.642541126220628 ], [ 25.293518955510265, 54.642990269449783 ], [ 25.29274453752533, 54.642998538127799 ], [ 25.292730285038875, 54.642549394762142 ], [ 25.292716032945901, 54.642100251360432 ], [ 25.292701781246397, 54.641651107922684 ] ] ] } },
{ "type": "Feature", "properties": { "OBJECTID": 697937, "TRIUKSM": "75-79", "PERIODAS": 4, "TIPAS": 8, "METAI": 2011, "SHAPEarea": 5000.0, "SHAPElen": 300 }, "geometry": { "type": "Polygon", "coordinates": [ [ [ 25.290407054320575, 54.642574170685982 ], [ 25.291181464953098, 54.642565916994819 ], [ 25.291195700375223, 54.643015060633267 ], [ 25.29120993619037, 54.643464204235705 ], [ 25.290435508493236, 54.643472458199405 ], [ 25.290421281210513, 54.64302331446072 ], [ 25.290407054320575, 54.642574170685982 ] ] ] } },
{ "type": "Feature", "properties": { "OBJECTID": 697938, "TRIUKSM": "75-79", "PERIODAS": 4, "TIPAS": 8, "METAI": 2011, "SHAPEarea": 5000.0, "SHAPElen": 300 }, "geometry": { "type": "Polygon", "coordinates": [ [ [ 25.29120993619037, 54.643464204235705 ], [ 25.291984363494461, 54.643455945321705 ], [ 25.291998608235296, 54.64390508875173 ], [ 25.292012853369418, 54.644354232145737 ], [ 25.291238408999799, 54.644362491332444 ], [ 25.291224172398557, 54.643913347802098 ], [ 25.29120993619037, 54.643464204235705 ] ] ] } },
{ "type": "Feature", "properties": { "OBJECTID": 697939, "TRIUKSM": "75-79", "PERIODAS": 4, "TIPAS": 8, "METAI": 2011, "SHAPEarea": 47500.000224000003, "SHAPElen": 1300 }, "geometry": { "type": "Polygon", "coordinates": [ [ [ 25.293518955510265, 54.642990269449783 ], [ 25.294293373101461, 54.642981995821557 ], [ 25.294307643046153, 54.643431138878057 ], [ 25.294321913384831, 54.64388028189849 ], [ 25.294336184117505, 54.644329424882919 ], [ 25.294350455244189, 54.644778567831274 ], [ 25.29512490657223, 54.644770288706106 ], [ 25.29513918662623, 54.645219431481721 ], [ 25.295153467074506, 54.645668574221297 ], [ 25.29516774791708, 54.646117716924806 ], [ 25.295182029153956, 54.646566859592291 ], [ 25.295196310785148, 54.647016002223701 ], [ 25.294421816788297, 54.647024282032397 ], [ 25.294407543691335, 54.646575139264257 ], [ 25.293633057834629, 54.646583413985404 ], [ 25.293618793665768, 54.646134271044588 ], [ 25.292844315949239, 54.646142540678348 ], [ 25.292830060708003, 54.645693397564969 ], [ 25.292815805860347, 54.645244254415537 ], [ 25.292041344817591, 54.645252518825608 ], [ 25.292027098896853, 54.644803375503685 ], [ 25.292012853369418, 54.644354232145737 ], [ 25.292787297345733, 54.644345968008551 ], [ 25.293561740928507, 54.644337698920936 ], [ 25.293547478728669, 54.64388855579994 ], [ 25.29353321692259, 54.643439412642884 ], [ 25.293518955510265, 54.642990269449783 ] ] ] } },
{ "type": "Feature", "properties": { "OBJECTID": 697940, "TRIUKSM": "75-79", "PERIODAS": 4, "TIPAS": 8, "METAI": 2011, "SHAPEarea": 2500.0, "SHAPElen": 200 }, "geometry": { "type": "Polygon", "coordinates": [ [ [ 25.295196310785148, 54.647016002223701 ], [ 25.295970804387665, 54.647007717464128 ], [ 25.295985094947653, 54.647456859922698 ], [ 25.29521059281068, 54.64746514481908 ], [ 25.295196310785148, 54.647016002223701 ] ] ] } },
{ "type": "Feature", "properties": { "OBJECTID": 697991, "TRIUKSM": "80-84", "PERIODAS": 4, "TIPAS": 8, "METAI": 2011, "SHAPEarea": 17500.0, "SHAPElen": 700 }, "geometry": { "type": "Polygon", "coordinates": [ [ [ 25.279817663392194, 54.626062607966055 ], [ 25.279803562220973, 54.625613461059423 ], [ 25.279029470167632, 54.625621640315508 ], [ 25.278255377725358, 54.62562981462446 ], [ 25.278241293989758, 54.62518066741189 ], [ 25.278227210642836, 54.624731520163344 ], [ 25.278213127684566, 54.624282372878781 ], [ 25.278987194557835, 54.624274198974604 ], [ 25.279001286038863, 54.62472334612422 ], [ 25.279775361045999, 54.624715167138177 ], [ 25.279789461438913, 54.625164314116809 ], [ 25.280563544579891, 54.62515613004873 ], [ 25.280577653885153, 54.625605276856255 ], [ 25.28059176357981, 54.626054423627771 ], [ 25.279817663392194, 54.626062607966055 ] ] ] } },
{ "type": "Feature", "properties": { "OBJECTID": 697992, "TRIUKSM": "80-84", "PERIODAS": 4, "TIPAS": 8, "METAI": 2011, "SHAPEarea": 5000.0, "SHAPElen": 300 }, "geometry": { "type": "Polygon", "coordinates": [ [ [ 25.279817663392194, 54.626062607966055 ], [ 25.279831764952586, 54.626511754836677 ], [ 25.279845866902171, 54.62696090167131 ], [ 25.279071749277755, 54.62696908133244 ], [ 25.2790576558521, 54.626519934362804 ], [ 25.279043562815396, 54.626070787357136 ], [ 25.279817663392194, 54.626062607966055 ] ] ] } },
{ "type": "Feature", "properties": { "OBJECTID": 697993, "TRIUKSM": "80-84", "PERIODAS": 4, "TIPAS": 8, "METAI": 2011, "SHAPEarea": 5000.0, "SHAPElen": 300 }, "geometry": { "type": "Polygon", "coordinates": [ [ [ 25.28059176357981, 54.626054423627771 ], [ 25.281365863378028, 54.62604623434234 ], [ 25.281379981985758, 54.626495380942671 ], [ 25.28139410098315, 54.626944527507021 ], [ 25.280619984137381, 54.626952717062842 ], [ 25.280605873663891, 54.626503570363298 ], [ 25.28059176357981, 54.626054423627771 ] ] ] } },
{ "type": "Feature", "properties": { "OBJECTID": 697994, "TRIUKSM": "80-84", "PERIODAS": 4, "TIPAS": 8, "METAI": 2011, "SHAPEarea": 2500.0, "SHAPElen": 200 }, "geometry": { "type": "Polygon", "coordinates": [ [ [ 25.28063409500032, 54.627401863726362 ], [ 25.28064820625271, 54.627851010353908 ], [ 25.279874071968973, 54.627859195232602 ], [ 25.279859969240963, 54.627410048469962 ], [ 25.28063409500032, 54.627401863726362 ] ] ] } },
{ "type": "Feature", "properties": { "OBJECTID": 697995, "TRIUKSM": "80-84", "PERIODAS": 4, "TIPAS": 8, "METAI": 2011, "SHAPEarea": 5000.0, "SHAPElen": 300 }, "geometry": { "type": "Polygon", "coordinates": [ [ [ 25.281436460313436, 54.628291966984051 ], [ 25.281422340146975, 54.627842820527704 ], [ 25.281408220370217, 54.627393674035368 ], [ 25.282182345350428, 54.627385479396935 ], [ 25.282196473651538, 54.627834625754019 ], [ 25.282210602342587, 54.628283772075079 ], [ 25.281436460313436, 54.628291966984051 ] ] ] } },
{ "type": "Feature", "properties": { "OBJECTID": 697996, "TRIUKSM": "80-84", "PERIODAS": 4, "TIPAS": 8, "METAI": 2011, "SHAPEarea": 5000.0, "SHAPElen": 300 }, "geometry": { "type": "Polygon", "coordinates": [ [ [ 25.281436460313436, 54.628291966984051 ], [ 25.281450580869617, 54.628741113404388 ], [ 25.28146470181553, 54.629190259788722 ], [ 25.280690542346754, 54.629198450020525 ], [ 25.280676429925911, 54.628749303500975 ], [ 25.280662317894567, 54.628300156945443 ], [ 25.281436460313436, 54.628291966984051 ] ] ] } },
{ "type": "Feature", "properties": { "OBJECTID": 697997, "TRIUKSM": "80-84", "PERIODAS": 4, "TIPAS": 8, "METAI": 2011, "SHAPEarea": 2500.0, "SHAPElen": 200 }, "geometry": { "type": "Polygon", "coordinates": [ [ [ 25.282238860894566, 54.629182064609189 ], [ 25.28222473142359, 54.628732918360129 ], [ 25.282998881587591, 54.628724718368225 ], [ 25.283013019583603, 54.62917386448192 ], [ 25.282238860894566, 54.629182064609189 ] ] ] } },
{ "type": "Feature", "properties": { "OBJECTID": 697998, "TRIUKSM": "80-84", "PERIODAS": 4, "TIPAS": 8, "METAI": 2011, "SHAPEarea": 5000.0, "SHAPElen": 300 }, "geometry": { "type": "Polygon", "coordinates": [ [ [ 25.282238860894566, 54.629182064609189 ], [ 25.282252990755513, 54.629631210822232 ], [ 25.282267121006463, 54.630080356999279 ], [ 25.281492944876614, 54.630088552449394 ], [ 25.281478823151193, 54.629639406137052 ], [ 25.28146470181553, 54.629190259788722 ], [ 25.282238860894566, 54.629182064609189 ] ] ] } },
{ "type": "Feature", "properties": { "OBJECTID": 697999, "TRIUKSM": "80-84", "PERIODAS": 4, "TIPAS": 8, "METAI": 2011, "SHAPEarea": 5000.0, "SHAPElen": 300 }, "geometry": { "type": "Polygon", "coordinates": [ [ [ 25.28305543591301, 54.63052130260693 ], [ 25.283041296746301, 54.630072156601294 ], [ 25.28302715796984, 54.629623010559591 ], [ 25.283801324793931, 54.629614805349142 ], [ 25.283815472095888, 54.630063951255373 ], [ 25.283829619788332, 54.630513097125579 ], [ 25.28305543591301, 54.63052130260693 ] ] ] } },
{ "type": "Feature", "properties": { "OBJECTID": 698000, "TRIUKSM": "80-84", "PERIODAS": 4, "TIPAS": 8, "METAI": 2011, "SHAPEarea": 5000.0, "SHAPElen": 300 }, "geometry": { "type": "Polygon", "coordinates": [ [ [ 25.28305543591301, 54.63052130260693 ], [ 25.283069575469987, 54.630970448576598 ], [ 25.283083715417238, 54.631419594510255 ], [ 25.282309514099452, 54.631427795314416 ], [ 25.282295382678416, 54.630978649245371 ], [ 25.282281251647429, 54.630529503140323 ], [ 25.28305543591301, 54.63052130260693 ] ] ] } },
{ "type": "Feature", "properties": { "OBJECTID": 698001, "TRIUKSM": "80-84", "PERIODAS": 4, "TIPAS": 8, "METAI": 2011, "SHAPEarea": 5000.0, "SHAPElen": 300 }, "geometry": { "type": "Polygon", "coordinates": [ [ [ 25.283829619788332, 54.630513097125579 ], [ 25.284603803273157, 54.630504886696251 ], [ 25.284617959882056, 54.630954032394918 ], [ 25.284632116881703, 54.631403178057575 ], [ 25.283857916344733, 54.631411388757982 ], [ 25.283843767871279, 54.630962242959782 ], [ 25.283829619788332, 54.630513097125579 ] ] ] } },
{ "type": "Feature", "properties": { "OBJECTID": 698002, "TRIUKSM": "80-84", "PERIODAS": 4, "TIPAS": 8, "METAI": 2011, "SHAPEarea": 2500.0, "SHAPElen": 200 }, "geometry": { "type": "Polygon", "coordinates": [ [ [ 25.283872065208712, 54.63186053452015 ], [ 25.283886214463234, 54.632309680246351 ], [ 25.283111996482628, 54.632317886269554 ], [ 25.283097855754782, 54.631868740407917 ], [ 25.283872065208712, 54.63186053452015 ] ] ] } },
{ "type": "Feature", "properties": { "OBJECTID": 698003, "TRIUKSM": "80-84", "PERIODAS": 4, "TIPAS": 8, "METAI": 2011, "SHAPEarea": 5000.0, "SHAPElen": 300 }, "geometry": { "type": "Polygon", "coordinates": [ [ [ 25.284674590225251, 54.632750614829447 ], [ 25.284660432053286, 54.632301469274836 ], [ 25.284646274272106, 54.631852323684207 ], [ 25.285420482944719, 54.631844107900037 ], [ 25.285434649252547, 54.632293253355037 ], [ 25.285448815951398, 54.63274239877402 ], [ 25.284674590225251, 54.632750614829447 ] ] ] } },
{ "type": "Feature", "properties": { "OBJECTID": 698004, "TRIUKSM": "80-84", "PERIODAS": 4, "TIPAS": 8, "METAI": 2011, "SHAPEarea": 5000.0, "SHAPElen": 300 }, "geometry": { "type": "Polygon", "coordinates": [ [ [ 25.284674590225251, 54.632750614829447 ], [ 25.284688748788032, 54.633199760348049 ], [ 25.284702907741629, 54.633648905830633 ], [ 25.28392866457019, 54.633657117208813 ], [ 25.283914514143959, 54.633207971590664 ], [ 25.283900364108312, 54.632758825936513 ], [ 25.284674590225251, 54.632750614829447 ] ] ] } },
{ "type": "Feature", "properties": { "OBJECTID": 698005, "TRIUKSM": "80-84", "PERIODAS": 4, "TIPAS": 8, "METAI": 2011, "SHAPEarea": 5000.0, "SHAPElen": 300 }, "geometry": { "type": "Polygon", "coordinates": [ [ [ 25.285448815951398, 54.63274239877402 ], [ 25.286223041286494, 54.63273417777021 ], [ 25.286237216903487, 54.633183323017462 ], [ 25.286251392911772, 54.63363246822869 ], [ 25.285477150522237, 54.633640689503935 ], [ 25.285462983041285, 54.633191544156979 ], [ 25.285448815951398, 54.63274239877402 ] ] ] } },
{ "type": "Feature", "properties": { "OBJECTID": 698006, "TRIUKSM": "80-84", "PERIODAS": 4, "TIPAS": 8, "METAI": 2011, "SHAPEarea": 2500.0, "SHAPElen": 200 }, "geometry": { "type": "Polygon", "coordinates": [ [ [ 25.285491318394257, 54.634089834814873 ], [ 25.285505486657357, 54.634538980089793 ], [ 25.284731226821346, 54.634547196687798 ], [ 25.284717067086063, 54.634098051277221 ], [ 25.285491318394257, 54.634089834814873 ] ] ] } },
{ "type": "Feature", "properties": { "OBJECTID": 698007, "TRIUKSM": "80-84", "PERIODAS": 4, "TIPAS": 8, "METAI": 2011, "SHAPEarea": 5000.0, "SHAPElen": 300 }, "geometry": { "type": "Polygon", "coordinates": [ [ [ 25.286293923284511, 54.634979903646283 ], [ 25.286279746102267, 54.634530758543107 ], [ 25.286265569311357, 54.634081613403907 ], [ 25.287039819837144, 54.634073387044339 ], [ 25.287054005155845, 54.634522532047725 ], [ 25.287068190866108, 54.634971677015102 ], [ 25.286293923284511, 54.634979903646283 ] ] ] } },
{ "type": "Feature", "properties": { "OBJECTID": 698008, "TRIUKSM": "80-84", "PERIODAS": 4, "TIPAS": 8, "METAI": 2011, "SHAPEarea": 5000.0, "SHAPElen": 300 }, "geometry": { "type": "Polygon", "coordinates": [ [ [ 25.286293923284511, 54.634979903646283 ], [ 25.286308100858101, 54.635429048713441 ], [ 25.286322278823054, 54.635878193744588 ], [ 25.285547993793315, 54.635886415698472 ], [ 25.285533824356872, 54.635437270531597 ], [ 25.28551965531156, 54.634988125328711 ], [ 25.286293923284511, 54.634979903646283 ] ] ] } },
{ "type": "Feature", "properties": { "OBJECTID": 698009, "TRIUKSM": "80-84", "PERIODAS": 4, "TIPAS": 8, "METAI": 2011, "SHAPEarea": 5000.0, "SHAPElen": 300 }, "geometry": { "type": "Polygon", "coordinates": [ [ [ 25.287068190866108, 54.634971677015102 ], [ 25.287842458056129, 54.634963445435133 ], [ 25.287856652686234, 54.635412590230573 ], [ 25.28787084770816, 54.635861734990002 ], [ 25.287096563461418, 54.63586996684176 ], [ 25.287082376967962, 54.63542082194644 ], [ 25.287068190866108, 54.634971677015102 ] ] ] } },
{ "type": "Feature", "properties": { "OBJECTID": 698010, "TRIUKSM": "80-84", "PERIODAS": 4, "TIPAS": 8, "METAI": 2011, "SHAPEarea": 2500.0, "SHAPElen": 200 }, "geometry": { "type": "Polygon", "coordinates": [ [ [ 25.287110750346482, 54.636319111701063 ], [ 25.287124937623176, 54.636768256524341 ], [ 25.286350635927118, 54.636776483698824 ], [ 25.286336457179392, 54.636327338739711 ], [ 25.287110750346482, 54.636319111701063 ] ] ] } },
{ "type": "Feature", "properties": { "OBJECTID": 698011, "TRIUKSM": "80-84", "PERIODAS": 4, "TIPAS": 8, "METAI": 2011, "SHAPEarea": 5000.0, "SHAPElen": 300 }, "geometry": { "type": "Polygon", "coordinates": [ [ [ 25.287913435125123, 54.637209169052142 ], [ 25.287899238927597, 54.636760024400786 ], [ 25.28788504312195, 54.636310879713413 ], [ 25.288659335505553, 54.636302642776762 ], [ 25.288673539840133, 54.636751787328159 ], [ 25.28868774456684, 54.637200931843502 ], [ 25.287913435125123, 54.637209169052142 ] ] ] } },
{ "type": "Feature", "properties": { "OBJECTID": 698012, "TRIUKSM": "80-84", "PERIODAS": 4, "TIPAS": 8, "METAI": 2011, "SHAPEarea": 5000.0, "SHAPElen": 300 }, "geometry": { "type": "Polygon", "coordinates": [ [ [ 25.287913435125123, 54.637209169052142 ], [ 25.287927631714538, 54.637658313667472 ], [ 25.287941828695867, 54.638107458246779 ], [ 25.287167501803179, 54.638115690778093 ], [ 25.287153313351514, 54.637666546062853 ], [ 25.287139125291517, 54.637217401311617 ], [ 25.287913435125123, 54.637209169052142 ] ] ] } },
{ "type": "Feature", "properties": { "OBJECTID": 698013, "TRIUKSM": "80-84", "PERIODAS": 4, "TIPAS": 8, "METAI": 2011, "SHAPEarea": 5000.0, "SHAPElen": 300 }, "geometry": { "type": "Polygon", "coordinates": [ [ [ 25.28868774456684, 54.637200931843502 ], [ 25.289462053616418, 54.637192689685726 ], [ 25.289476267264639, 54.63764183402899 ], [ 25.289490481305236, 54.63809097833623 ], [ 25.288716155196628, 54.638099220766151 ], [ 25.28870194968566, 54.637650076322856 ], [ 25.28868774456684, 54.637200931843502 ] ] ] } },
{ "type": "Feature", "properties": { "OBJECTID": 698014, "TRIUKSM": "80-84", "PERIODAS": 4, "TIPAS": 8, "METAI": 2011, "SHAPEarea": 2500.0, "SHAPElen": 200 }, "geometry": { "type": "Polygon", "coordinates": [ [ [ 25.288730361099759, 54.638548365173449 ], [ 25.28874456739506, 54.638997509544723 ], [ 25.287970223834304, 54.63900574729734 ], [ 25.287956026069121, 54.638556602790089 ], [ 25.288730361099759, 54.638548365173449 ] ] ] } },
{ "type": "Feature", "properties": { "OBJECTID": 698015, "TRIUKSM": "80-84", "PERIODAS": 4, "TIPAS": 8, "METAI": 2011, "SHAPEarea": 2500.0, "SHAPElen": 200 }, "geometry": { "type": "Polygon", "coordinates": [ [ [ 25.290279029984294, 54.638531875091992 ], [ 25.290293253339776, 54.638981019191 ], [ 25.289518910563629, 54.6389892668426 ], [ 25.289504695738227, 54.638540122607409 ], [ 25.290279029984294, 54.638531875091992 ] ] ] } },
{ "type": "Feature", "properties": { "OBJECTID": 698016, "TRIUKSM": "80-84", "PERIODAS": 4, "TIPAS": 8, "METAI": 2011, "SHAPEarea": 5000.0, "SHAPElen": 300 }, "geometry": { "type": "Polygon", "coordinates": [ [ [ 25.289533125781453, 54.639438411041752 ], [ 25.289547341391717, 54.639887555204872 ], [ 25.289561557394425, 54.640336699331975 ], [ 25.288787188634146, 54.640344942442354 ], [ 25.288772981162239, 54.639895798179168 ], [ 25.288758774082552, 54.639446653879943 ], [ 25.289533125781453, 54.639438411041752 ] ] ] } },
{ "type": "Feature", "properties": { "OBJECTID": 698017, "TRIUKSM": "80-84", "PERIODAS": 4, "TIPAS": 8, "METAI": 2011, "SHAPEarea": 5000.0, "SHAPElen": 300 }, "geometry": { "type": "Polygon", "coordinates": [ [ [ 25.291081828001719, 54.639421910516667 ], [ 25.291096060673073, 54.639871054407379 ], [ 25.291110293737354, 54.640320198262017 ], [ 25.290335925762239, 54.640328451271856 ], [ 25.290321701228738, 54.63987930728095 ], [ 25.290307477087925, 54.639430163253991 ], [ 25.291081828001719, 54.639421910516667 ] ] ] } },
{ "type": "Feature", "properties": { "OBJECTID": 698018, "TRIUKSM": "80-84", "PERIODAS": 4, "TIPAS": 8, "METAI": 2011, "SHAPEarea": 2500.0, "SHAPElen": 200 }, "geometry": { "type": "Polygon", "coordinates": [ [ [ 25.291898903307743, 54.640761083984764 ], [ 25.29191314568914, 54.641210227631021 ], [ 25.291138761044738, 54.641218485863256 ], [ 25.291124527194565, 54.640769342080652 ], [ 25.291898903307743, 54.640761083984764 ] ] ] } },
{ "type": "Feature", "properties": { "OBJECTID": 698019, "TRIUKSM": "80-84", "PERIODAS": 4, "TIPAS": 8, "METAI": 2011, "SHAPEarea": 5000.0, "SHAPElen": 300 }, "geometry": { "type": "Polygon", "coordinates": [ [ [ 25.290378601719016, 54.641675883028427 ], [ 25.289604207757421, 54.64168413149708 ], [ 25.289589990577262, 54.641234987478065 ], [ 25.289575773789604, 54.640785843423046 ], [ 25.290350150688443, 54.640777595226737 ], [ 25.290364376007364, 54.641226739145608 ], [ 25.290378601719016, 54.641675883028427 ] ] ] } },
{ "type": "Feature", "properties": { "OBJECTID": 698020, "TRIUKSM": "80-84", "PERIODAS": 4, "TIPAS": 8, "METAI": 2011, "SHAPEarea": 5000.0, "SHAPElen": 300 }, "geometry": { "type": "Polygon", "coordinates": [ [ [ 25.290378601719016, 54.641675883028427 ], [ 25.291152995287867, 54.641667629609813 ], [ 25.291167229923982, 54.642116773320332 ], [ 25.291181464953098, 54.642565916994819 ], [ 25.290407054320575, 54.642574170685982 ], [ 25.290392827823418, 54.64212502687522 ], [ 25.290378601719016, 54.641675883028427 ] ] ] } },
{ "type": "Feature", "properties": { "OBJECTID": 698021, "TRIUKSM": "80-84", "PERIODAS": 4, "TIPAS": 8, "METAI": 2011, "SHAPEarea": 5000.0, "SHAPElen": 300 }, "geometry": { "type": "Polygon", "coordinates": [ [ [ 25.292701781246397, 54.641651107922684 ], [ 25.292716032945901, 54.642100251360432 ], [ 25.292730285038875, 54.642549394762142 ], [ 25.291955875192606, 54.642557658353532 ], [ 25.291941631631563, 54.642108514815391 ], [ 25.291927388463748, 54.641659371241225 ], [ 25.292701781246397, 54.641651107922684 ] ] ] } },
{ "type": "Feature", "properties": { "OBJECTID": 698022, "TRIUKSM": "80-84", "PERIODAS": 4, "TIPAS": 8, "METAI": 2011, "SHAPEarea": 2500.0, "SHAPElen": 200 }, "geometry": { "type": "Polygon", "coordinates": [ [ [ 25.29197011914691, 54.643006801855641 ], [ 25.291984363494461, 54.643455945321705 ], [ 25.29120993619037, 54.643464204235705 ], [ 25.291195700375223, 54.643015060633267 ], [ 25.29197011914691, 54.643006801855641 ] ] ] } },
{ "type": "Feature", "properties": { "OBJECTID": 698023, "TRIUKSM": "80-84", "PERIODAS": 4, "TIPAS": 8, "METAI": 2011, "SHAPEarea": 10000.0, "SHAPElen": 500 }, "geometry": { "type": "Polygon", "coordinates": [ [ [ 25.293547478728669, 54.64388855579994 ], [ 25.293561740928507, 54.644337698920936 ], [ 25.292787297345733, 54.644345968008551 ], [ 25.292012853369418, 54.644354232145737 ], [ 25.291998608235296, 54.64390508875173 ], [ 25.292773043678739, 54.64389682475101 ], [ 25.29275879040528, 54.643447681457438 ], [ 25.29274453752533, 54.642998538127799 ], [ 25.293518955510265, 54.642990269449783 ], [ 25.29353321692259, 54.643439412642884 ], [ 25.293547478728669, 54.64388855579994 ] ] ] } },
{ "type": "Feature", "properties": { "OBJECTID": 698044, "TRIUKSM": "85-89", "PERIODAS": 4, "TIPAS": 8, "METAI": 2011, "SHAPEarea": 2500.0, "SHAPElen": 200 }, "geometry": { "type": "Polygon", "coordinates": [ [ [ 25.279817663392194, 54.626062607966055 ], [ 25.279043562815396, 54.626070787357136 ], [ 25.279029470167632, 54.625621640315508 ], [ 25.279803562220973, 54.625613461059423 ], [ 25.279817663392194, 54.626062607966055 ] ] ] } },
{ "type": "Feature", "properties": { "OBJECTID": 698045, "TRIUKSM": "85-89", "PERIODAS": 4, "TIPAS": 8, "METAI": 2011, "SHAPEarea": 2500.0, "SHAPElen": 200 }, "geometry": { "type": "Polygon", "coordinates": [ [ [ 25.279817663392194, 54.626062607966055 ], [ 25.28059176357981, 54.626054423627771 ], [ 25.280605873663891, 54.626503570363298 ], [ 25.279831764952586, 54.626511754836677 ], [ 25.279817663392194, 54.626062607966055 ] ] ] } },
{ "type": "Feature", "properties": { "OBJECTID": 698046, "TRIUKSM": "85-89", "PERIODAS": 4, "TIPAS": 8, "METAI": 2011, "SHAPEarea": 5000.0, "SHAPElen": 300 }, "geometry": { "type": "Polygon", "coordinates": [ [ [ 25.280619984137381, 54.626952717062842 ], [ 25.28139410098315, 54.626944527507021 ], [ 25.281408220370217, 54.627393674035368 ], [ 25.28063409500032, 54.627401863726362 ], [ 25.279859969240963, 54.627410048469962 ], [ 25.279845866902171, 54.62696090167131 ], [ 25.280619984137381, 54.626952717062842 ] ] ] } },
{ "type": "Feature", "properties": { "OBJECTID": 698047, "TRIUKSM": "85-89", "PERIODAS": 4, "TIPAS": 8, "METAI": 2011, "SHAPEarea": 2500.0, "SHAPElen": 200 }, "geometry": { "type": "Polygon", "coordinates": [ [ [ 25.281436460313436, 54.628291966984051 ], [ 25.280662317894567, 54.628300156945443 ], [ 25.28064820625271, 54.627851010353908 ], [ 25.281422340146975, 54.627842820527704 ], [ 25.281436460313436, 54.628291966984051 ] ] ] } },
{ "type": "Feature", "properties": { "OBJECTID": 698048, "TRIUKSM": "85-89", "PERIODAS": 4, "TIPAS": 8, "METAI": 2011, "SHAPEarea": 2500.0, "SHAPElen": 200 }, "geometry": { "type": "Polygon", "coordinates": [ [ [ 25.281436460313436, 54.628291966984051 ], [ 25.282210602342587, 54.628283772075079 ], [ 25.28222473142359, 54.628732918360129 ], [ 25.281450580869617, 54.628741113404388 ], [ 25.281436460313436, 54.628291966984051 ] ] ] } },
{ "type": "Feature", "properties": { "OBJECTID": 698049, "TRIUKSM": "85-89", "PERIODAS": 4, "TIPAS": 8, "METAI": 2011, "SHAPEarea": 2500.0, "SHAPElen": 200 }, "geometry": { "type": "Polygon", "coordinates": [ [ [ 25.283013019583603, 54.62917386448192 ], [ 25.28302715796984, 54.629623010559591 ], [ 25.282252990755513, 54.629631210822232 ], [ 25.282238860894566, 54.629182064609189 ], [ 25.283013019583603, 54.62917386448192 ] ] ] } },
{ "type": "Feature", "properties": { "OBJECTID": 698050, "TRIUKSM": "85-89", "PERIODAS": 4, "TIPAS": 8, "METAI": 2011, "SHAPEarea": 2500.0, "SHAPElen": 200 }, "geometry": { "type": "Polygon", "coordinates": [ [ [ 25.28305543591301, 54.63052130260693 ], [ 25.282281251647429, 54.630529503140323 ], [ 25.282267121006463, 54.630080356999279 ], [ 25.283041296746301, 54.630072156601294 ], [ 25.28305543591301, 54.63052130260693 ] ] ] } },
{ "type": "Feature", "properties": { "OBJECTID": 698051, "TRIUKSM": "85-89", "PERIODAS": 4, "TIPAS": 8, "METAI": 2011, "SHAPEarea": 2500.0, "SHAPElen": 200 }, "geometry": { "type": "Polygon", "coordinates": [ [ [ 25.28305543591301, 54.63052130260693 ], [ 25.283829619788332, 54.630513097125579 ], [ 25.283843767871279, 54.630962242959782 ], [ 25.283069575469987, 54.630970448576598 ], [ 25.28305543591301, 54.63052130260693 ] ] ] } },
{ "type": "Feature", "properties": { "OBJECTID": 698052, "TRIUKSM": "85-89", "PERIODAS": 4, "TIPAS": 8, "METAI": 2011, "SHAPEarea": 5000.0, "SHAPElen": 300 }, "geometry": { "type": "Polygon", "coordinates": [ [ [ 25.283857916344733, 54.631411388757982 ], [ 25.284632116881703, 54.631403178057575 ], [ 25.284646274272106, 54.631852323684207 ], [ 25.283872065208712, 54.63186053452015 ], [ 25.283097855754782, 54.631868740407917 ], [ 25.283083715417238, 54.631419594510255 ], [ 25.283857916344733, 54.631411388757982 ] ] ] } },
{ "type": "Feature", "properties": { "OBJECTID": 698053, "TRIUKSM": "85-89", "PERIODAS": 4, "TIPAS": 8, "METAI": 2011, "SHAPEarea": 2500.0, "SHAPElen": 200 }, "geometry": { "type": "Polygon", "coordinates": [ [ [ 25.284674590225251, 54.632750614829447 ], [ 25.283900364108312, 54.632758825936513 ], [ 25.283886214463234, 54.632309680246351 ], [ 25.284660432053286, 54.632301469274836 ], [ 25.284674590225251, 54.632750614829447 ] ] ] } },
{ "type": "Feature", "properties": { "OBJECTID": 698054, "TRIUKSM": "85-89", "PERIODAS": 4, "TIPAS": 8, "METAI": 2011, "SHAPEarea": 2500.0, "SHAPElen": 200 }, "geometry": { "type": "Polygon", "coordinates": [ [ [ 25.284674590225251, 54.632750614829447 ], [ 25.285448815951398, 54.63274239877402 ], [ 25.285462983041285, 54.633191544156979 ], [ 25.284688748788032, 54.633199760348049 ], [ 25.284674590225251, 54.632750614829447 ] ] ] } },
{ "type": "Feature", "properties": { "OBJECTID": 698055, "TRIUKSM": "85-89", "PERIODAS": 4, "TIPAS": 8, "METAI": 2011, "SHAPEarea": 5000.0, "SHAPElen": 300 }, "geometry": { "type": "Polygon", "coordinates": [ [ [ 25.285477150522237, 54.633640689503935 ], [ 25.286251392911772, 54.63363246822869 ], [ 25.286265569311357, 54.634081613403907 ], [ 25.285491318394257, 54.634089834814873 ], [ 25.284717067086063, 54.634098051277221 ], [ 25.284702907741629, 54.633648905830633 ], [ 25.285477150522237, 54.633640689503935 ] ] ] } },
{ "type": "Feature", "properties": { "OBJECTID": 698056, "TRIUKSM": "85-89", "PERIODAS": 4, "TIPAS": 8, "METAI": 2011, "SHAPEarea": 2500.0, "SHAPElen": 200 }, "geometry": { "type": "Polygon", "coordinates": [ [ [ 25.286293923284511, 54.634979903646283 ], [ 25.28551965531156, 54.634988125328711 ], [ 25.285505486657357, 54.634538980089793 ], [ 25.286279746102267, 54.634530758543107 ], [ 25.286293923284511, 54.634979903646283 ] ] ] } },
{ "type": "Feature", "properties": { "OBJECTID": 698057, "TRIUKSM": "85-89", "PERIODAS": 4, "TIPAS": 8, "METAI": 2011, "SHAPEarea": 2500.0, "SHAPElen": 200 }, "geometry": { "type": "Polygon", "coordinates": [ [ [ 25.286293923284511, 54.634979903646283 ], [ 25.287068190866108, 54.634971677015102 ], [ 25.287082376967962, 54.63542082194644 ], [ 25.286308100858101, 54.635429048713441 ], [ 25.286293923284511, 54.634979903646283 ] ] ] } },
{ "type": "Feature", "properties": { "OBJECTID": 698058, "TRIUKSM": "85-89", "PERIODAS": 4, "TIPAS": 8, "METAI": 2011, "SHAPEarea": 5000.0, "SHAPElen": 300 }, "geometry": { "type": "Polygon", "coordinates": [ [ [ 25.287096563461418, 54.63586996684176 ], [ 25.28787084770816, 54.635861734990002 ], [ 25.28788504312195, 54.636310879713413 ], [ 25.287110750346482, 54.636319111701063 ], [ 25.286336457179392, 54.636327338739711 ], [ 25.286322278823054, 54.635878193744588 ], [ 25.287096563461418, 54.63586996684176 ] ] ] } },
{ "type": "Feature", "properties": { "OBJECTID": 698059, "TRIUKSM": "85-89", "PERIODAS": 4, "TIPAS": 8, "METAI": 2011, "SHAPEarea": 2500.0, "SHAPElen": 200 }, "geometry": { "type": "Polygon", "coordinates": [ [ [ 25.287899238927597, 54.636760024400786 ], [ 25.287913435125123, 54.637209169052142 ], [ 25.287139125291517, 54.637217401311617 ], [ 25.287124937623176, 54.636768256524341 ], [ 25.287899238927597, 54.636760024400786 ] ] ] } },
{ "type": "Feature", "properties": { "OBJECTID": 698060, "TRIUKSM": "85-89", "PERIODAS": 4, "TIPAS": 8, "METAI": 2011, "SHAPEarea": 5000.0, "SHAPElen": 300 }, "geometry": { "type": "Polygon", "coordinates": [ [ [ 25.288716155196628, 54.638099220766151 ], [ 25.289490481305236, 54.63809097833623 ], [ 25.289504695738227, 54.638540122607409 ], [ 25.288730361099759, 54.638548365173449 ], [ 25.287956026069121, 54.638556602790089 ], [ 25.287941828695867, 54.638107458246779 ], [ 25.288716155196628, 54.638099220766151 ] ] ] } },
{ "type": "Feature", "properties": { "OBJECTID": 698061, "TRIUKSM": "85-89", "PERIODAS": 4, "TIPAS": 8, "METAI": 2011, "SHAPEarea": 5000.0, "SHAPElen": 300 }, "geometry": { "type": "Polygon", "coordinates": [ [ [ 25.289518910563629, 54.6389892668426 ], [ 25.290293253339776, 54.638981019191 ], [ 25.290307477087925, 54.639430163253991 ], [ 25.289533125781453, 54.639438411041752 ], [ 25.288758774082552, 54.639446653879943 ], [ 25.28874456739506, 54.638997509544723 ], [ 25.289518910563629, 54.6389892668426 ] ] ] } },
{ "type": "Feature", "properties": { "OBJECTID": 698062, "TRIUKSM": "85-89", "PERIODAS": 4, "TIPAS": 8, "METAI": 2011, "SHAPEarea": 5000.0, "SHAPElen": 300 }, "geometry": { "type": "Polygon", "coordinates": [ [ [ 25.290335925762239, 54.640328451271856 ], [ 25.291110293737354, 54.640320198262017 ], [ 25.291124527194565, 54.640769342080652 ], [ 25.290350150688443, 54.640777595226737 ], [ 25.289575773789604, 54.640785843423046 ], [ 25.289561557394425, 54.640336699331975 ], [ 25.290335925762239, 54.640328451271856 ] ] ] } },
{ "type": "Feature", "properties": { "OBJECTID": 698063, "TRIUKSM": "85-89", "PERIODAS": 4, "TIPAS": 8, "METAI": 2011, "SHAPEarea": 5000.0, "SHAPElen": 300 }, "geometry": { "type": "Polygon", "coordinates": [ [ [ 25.291138761044738, 54.641218485863256 ], [ 25.29191314568914, 54.641210227631021 ], [ 25.291927388463748, 54.641659371241225 ], [ 25.291152995287867, 54.641667629609813 ], [ 25.290378601719016, 54.641675883028427 ], [ 25.290364376007364, 54.641226739145608 ], [ 25.291138761044738, 54.641218485863256 ] ] ] } },
{ "type": "Feature", "properties": { "OBJECTID": 698064, "TRIUKSM": "85-89", "PERIODAS": 4, "TIPAS": 8, "METAI": 2011, "SHAPEarea": 5000.0, "SHAPElen": 300 }, "geometry": { "type": "Polygon", "coordinates": [ [ [ 25.291955875192606, 54.642557658353532 ], [ 25.292730285038875, 54.642549394762142 ], [ 25.29274453752533, 54.642998538127799 ], [ 25.29197011914691, 54.643006801855641 ], [ 25.291195700375223, 54.643015060633267 ], [ 25.291181464953098, 54.642565916994819 ], [ 25.291955875192606, 54.642557658353532 ] ] ] } },
{ "type": "Feature", "properties": { "OBJECTID": 698065, "TRIUKSM": "85-89", "PERIODAS": 4, "TIPAS": 8, "METAI": 2011, "SHAPEarea": 2500.0, "SHAPElen": 200 }, "geometry": { "type": "Polygon", "coordinates": [ [ [ 25.29275879040528, 54.643447681457438 ], [ 25.292773043678739, 54.64389682475101 ], [ 25.291998608235296, 54.64390508875173 ], [ 25.291984363494461, 54.643455945321705 ], [ 25.29275879040528, 54.643447681457438 ] ] ] } },
{ "type": "Feature", "properties": { "OBJECTID": 698083, "TRIUKSM": "90-94", "PERIODAS": 4, "TIPAS": 8, "METAI": 2011, "SHAPEarea": 2500.0, "SHAPElen": 200 }, "geometry": { "type": "Polygon", "coordinates": [ [ [ 25.280605873663891, 54.626503570363298 ], [ 25.280619984137381, 54.626952717062842 ], [ 25.279845866902171, 54.62696090167131 ], [ 25.279831764952586, 54.626511754836677 ], [ 25.280605873663891, 54.626503570363298 ] ] ] } },
{ "type": "Feature", "properties": { "OBJECTID": 698084, "TRIUKSM": "90-94", "PERIODAS": 4, "TIPAS": 8, "METAI": 2011, "SHAPEarea": 2500.0, "SHAPElen": 200 }, "geometry": { "type": "Polygon", "coordinates": [ [ [ 25.281408220370217, 54.627393674035368 ], [ 25.281422340146975, 54.627842820527704 ], [ 25.28064820625271, 54.627851010353908 ], [ 25.28063409500032, 54.627401863726362 ], [ 25.281408220370217, 54.627393674035368 ] ] ] } },
{ "type": "Feature", "properties": { "OBJECTID": 698085, "TRIUKSM": "90-94", "PERIODAS": 4, "TIPAS": 8, "METAI": 2011, "SHAPEarea": 2500.0, "SHAPElen": 200 }, "geometry": { "type": "Polygon", "coordinates": [ [ [ 25.28222473142359, 54.628732918360129 ], [ 25.282238860894566, 54.629182064609189 ], [ 25.28146470181553, 54.629190259788722 ], [ 25.281450580869617, 54.628741113404388 ], [ 25.28222473142359, 54.628732918360129 ] ] ] } },
{ "type": "Feature", "properties": { "OBJECTID": 698086, "TRIUKSM": "90-94", "PERIODAS": 4, "TIPAS": 8, "METAI": 2011, "SHAPEarea": 2500.0, "SHAPElen": 200 }, "geometry": { "type": "Polygon", "coordinates": [ [ [ 25.283843767871279, 54.630962242959782 ], [ 25.283857916344733, 54.631411388757982 ], [ 25.283083715417238, 54.631419594510255 ], [ 25.283069575469987, 54.630970448576598 ], [ 25.283843767871279, 54.630962242959782 ] ] ] } },
{ "type": "Feature", "properties": { "OBJECTID": 698087, "TRIUKSM": "90-94", "PERIODAS": 4, "TIPAS": 8, "METAI": 2011, "SHAPEarea": 2500.0, "SHAPElen": 200 }, "geometry": { "type": "Polygon", "coordinates": [ [ [ 25.284646274272106, 54.631852323684207 ], [ 25.284660432053286, 54.632301469274836 ], [ 25.283886214463234, 54.632309680246351 ], [ 25.283872065208712, 54.63186053452015 ], [ 25.284646274272106, 54.631852323684207 ] ] ] } },
{ "type": "Feature", "properties": { "OBJECTID": 698088, "TRIUKSM": "90-94", "PERIODAS": 4, "TIPAS": 8, "METAI": 2011, "SHAPEarea": 2500.0, "SHAPElen": 200 }, "geometry": { "type": "Polygon", "coordinates": [ [ [ 25.285462983041285, 54.633191544156979 ], [ 25.285477150522237, 54.633640689503935 ], [ 25.284702907741629, 54.633648905830633 ], [ 25.284688748788032, 54.633199760348049 ], [ 25.285462983041285, 54.633191544156979 ] ] ] } },
{ "type": "Feature", "properties": { "OBJECTID": 698089, "TRIUKSM": "90-94", "PERIODAS": 4, "TIPAS": 8, "METAI": 2011, "SHAPEarea": 2500.0, "SHAPElen": 200 }, "geometry": { "type": "Polygon", "coordinates": [ [ [ 25.287082376967962, 54.63542082194644 ], [ 25.287096563461418, 54.63586996684176 ], [ 25.286322278823054, 54.635878193744588 ], [ 25.286308100858101, 54.635429048713441 ], [ 25.287082376967962, 54.63542082194644 ] ] ] } },
{ "type": "Feature", "properties": { "OBJECTID": 698090, "TRIUKSM": "90-94", "PERIODAS": 4, "TIPAS": 8, "METAI": 2011, "SHAPEarea": 5000.0, "SHAPElen": 300 }, "geometry": { "type": "Polygon", "coordinates": [ [ [ 25.28868774456684, 54.637200931843502 ], [ 25.28870194968566, 54.637650076322856 ], [ 25.288716155196628, 54.638099220766151 ], [ 25.287941828695867, 54.638107458246779 ], [ 25.287927631714538, 54.637658313667472 ], [ 25.287913435125123, 54.637209169052142 ], [ 25.28868774456684, 54.637200931843502 ] ] ] } },
{ "type": "Feature", "properties": { "OBJECTID": 698091, "TRIUKSM": "90-94", "PERIODAS": 4, "TIPAS": 8, "METAI": 2011, "SHAPEarea": 5000.0, "SHAPElen": 300 }, "geometry": { "type": "Polygon", "coordinates": [ [ [ 25.290307477087925, 54.639430163253991 ], [ 25.290321701228738, 54.63987930728095 ], [ 25.290335925762239, 54.640328451271856 ], [ 25.289561557394425, 54.640336699331975 ], [ 25.289547341391717, 54.639887555204872 ], [ 25.289533125781453, 54.639438411041752 ], [ 25.290307477087925, 54.639430163253991 ] ] ] } },
{ "type": "Feature", "properties": { "OBJECTID": 698092, "TRIUKSM": "90-94", "PERIODAS": 4, "TIPAS": 8, "METAI": 2011, "SHAPEarea": 5000.0, "SHAPElen": 300 }, "geometry": { "type": "Polygon", "coordinates": [ [ [ 25.291927388463748, 54.641659371241225 ], [ 25.291941631631563, 54.642108514815391 ], [ 25.291955875192606, 54.642557658353532 ], [ 25.291181464953098, 54.642565916994819 ], [ 25.291167229923982, 54.642116773320332 ], [ 25.291152995287867, 54.641667629609813 ], [ 25.291927388463748, 54.641659371241225 ] ] ] } },
{ "type": "Feature", "properties": { "OBJECTID": 698096, "TRIUKSM": "95-99", "PERIODAS": 4, "TIPAS": 8, "METAI": 2011, "SHAPEarea": 2500.0, "SHAPElen": 200 }, "geometry": { "type": "Polygon", "coordinates": [ [ [ 25.28302715796984, 54.629623010559591 ], [ 25.283041296746301, 54.630072156601294 ], [ 25.282267121006463, 54.630080356999279 ], [ 25.282252990755513, 54.629631210822232 ], [ 25.28302715796984, 54.629623010559591 ] ] ] } },
{ "type": "Feature", "properties": { "OBJECTID": 698097, "TRIUKSM": "95-99", "PERIODAS": 4, "TIPAS": 8, "METAI": 2011, "SHAPEarea": 2500.0, "SHAPElen": 200 }, "geometry": { "type": "Polygon", "coordinates": [ [ [ 25.286265569311357, 54.634081613403907 ], [ 25.286279746102267, 54.634530758543107 ], [ 25.285505486657357, 54.634538980089793 ], [ 25.285491318394257, 54.634089834814873 ], [ 25.286265569311357, 54.634081613403907 ] ] ] } },
{ "type": "Feature", "properties": { "OBJECTID": 698098, "TRIUKSM": "95-99", "PERIODAS": 4, "TIPAS": 8, "METAI": 2011, "SHAPEarea": 2500.0, "SHAPElen": 200 }, "geometry": { "type": "Polygon", "coordinates": [ [ [ 25.28788504312195, 54.636310879713413 ], [ 25.287899238927597, 54.636760024400786 ], [ 25.287124937623176, 54.636768256524341 ], [ 25.287110750346482, 54.636319111701063 ], [ 25.28788504312195, 54.636310879713413 ] ] ] } },
{ "type": "Feature", "properties": { "OBJECTID": 698099, "TRIUKSM": "95-99", "PERIODAS": 4, "TIPAS": 8, "METAI": 2011, "SHAPEarea": 2500.0, "SHAPElen": 200 }, "geometry": { "type": "Polygon", "coordinates": [ [ [ 25.289504695738227, 54.638540122607409 ], [ 25.289518910563629, 54.6389892668426 ], [ 25.28874456739506, 54.638997509544723 ], [ 25.288730361099759, 54.638548365173449 ], [ 25.289504695738227, 54.638540122607409 ] ] ] } },
{ "type": "Feature", "properties": { "OBJECTID": 698100, "TRIUKSM": "95-99", "PERIODAS": 4, "TIPAS": 8, "METAI": 2011, "SHAPEarea": 2500.0, "SHAPElen": 200 }, "geometry": { "type": "Polygon", "coordinates": [ [ [ 25.291124527194565, 54.640769342080652 ], [ 25.291138761044738, 54.641218485863256 ], [ 25.290364376007364, 54.641226739145608 ], [ 25.290350150688443, 54.640777595226737 ], [ 25.291124527194565, 54.640769342080652 ] ] ] } },
{ "type": "Feature", "properties": { "OBJECTID": 698101, "TRIUKSM": "95-99", "PERIODAS": 4, "TIPAS": 8, "METAI": 2011, "SHAPEarea": 2500.0, "SHAPElen": 200 }, "geometry": { "type": "Polygon", "coordinates": [ [ [ 25.29274453752533, 54.642998538127799 ], [ 25.29275879040528, 54.643447681457438 ], [ 25.291984363494461, 54.643455945321705 ], [ 25.29197011914691, 54.643006801855641 ], [ 25.29274453752533, 54.642998538127799 ] ] ] } }
]
}
