"id","name","short_name","code","address","phone","email","website","working_hours","x_coordinate","y_coordinate","wgs_longitude","wgs_latitude","institution_type"
1,"Vilniaus „Ateities“ mokykla","Ateities mokykla","190003666","S. Stanevičiaus g. 98","+37052478447","rastine@ateities.vilnius.lm.lt","www.ateities.lt","8.00-14.30","6066603","580657",,,"School_type_mainstream,School_type_playschool"
2,"Vilniaus ""Atgajos"" specialioji mokykla (specialioji mokykla)","Atgajos spec. mokykla","190981194","Viršuliškių g. 103","+37052416060","rastine@atgajos.vilnius.lm.lt",,,"6063808","579613",,,"School_type_special,School_type_playschool"
3,"Vilniaus „Atžalyno“ mokykla-darželis","Atžalyno","191665861","Genių g. 25","+370 5 267 1934","rastine@atzalyno.vilnius.lm.lt","www.atzalyno.vilnius.lm.lt","7.00-17.30","6062221","591842",,,"School_type_mainstream,School_type_playschool"
4,"Vilniaus „Aušros“ mokykla-darželis","Aušros","190032365","Medeinos g. 5","+370 5 247 0411","rastine@ausros.vilnius.lm.lt","https://ausros.lt/","7.00-19.00","6066482","578753",,,"School_type_mainstream,School_type_playschool"
5,"Vilniaus ""Ąžuolyno"" progimnazija","Ąžuolyno progimnazija","190006395","Architektų g. 68","+37052459885","rastine@azuolyno.vilnius.lm.lt","www.azuolynas.lt",,"6060192","577808",,,"School_type_mainstream,School_type_playschool"
6,"Vilniaus kunigaikščio Gedimino progimnazija","kunigaikščio Gedimino progimnazija","191665719","Lukiškių skg. 5, LT-01108 Vilnius","+370 684 61596","info@gediminoprogimnazija.lt","www.gediminoprogimnazija.lt",,,,,,"School_type_mainstream,School_type_playschool"
7,"Vilniaus ""Gijos"" jaunimo mokykla","Gijos jaunimo mokykla","290010850","Kauno g. 43","8 5 276 7430","rastine@gijos.vilnius.lm.lt","www.gijos.vilnius.lm.lt",,"6060128","581519",,,"School_type_adult"
8,"Vilniaus ""Juventos"" gimnazija","Juventos gimnazija","190008599","Telšių g. 2","8 5 269 5589","rastine@juventos.vilnius.lm.lt","www.juventos.vilnius.lm.lt",,"6059107","582323",,,"School_type_mainstream"
9,"Vilniaus ""Laisvės"" gimnazija","Laisvės gimnazija","190007682","Darželio g. 2","8 5 267 1406","rastine@laisves.vilnius.lm.lt","www.laisves.vilnius.lm.lt",,"6062425","591477",,,"School_type_mainstream"
10,"Vilniaus ""Minties"" gimnazija","Minties giimnazija","190005717","Erfurto g. 23","8 5 245 6690","rastine@minties.vilnius.lm.lt","www.vilniausminties.lt",,"6060676","577599",,,"School_type_mainstream"
11,"Vilniaus „Pelėdos” pradinė mokykla","Pelėdos pradinė mokykla","190016165","Taikos g. 97","+370 5 242 7001","rastine@peledos.vilnius.lm.lt","www.peledospradine.lt","6.45-18.45","6065682","578130",,,"School_type_mainstream,School_type_playschool"
12,"Vilniaus Ryto progimnazija","Ryto progimnazija","190006057","Dariaus Gerbutavičiaus g. 9","+3705 245 4198","rastine@ryto.vilnius.lm.lt","www.vilniausrytoprogimnazija.lt","7.30-18.00","6062641","578039",,,"School_type_mainstream,School_type_playschool"
13,"Vilniaus ""Santaros"" gimnazija","Santaros gimnazija","304089960","A. Juozapavičiaus g. 12","8 5 272 4841","rastine@santaros.vilnius.lm.lt",,,"6062572","582865",,,"School_type_contest"
15,"Vilniaus Saulėtekio mokykla-daugiafunkcinis centras","Saulėtekio mokykla-daugiafunkcinis centras","190007497","Kaminkelio g. 10","+370 5 269 55 22","rastine@sauletekio.vilnius.lm.lt","https://www.sauletekio.lt/","7.30-18.00","6058856","582305",,,"School_type_mainstream,School_type_playschool"
16,"Vilniaus ""Sietuvos"" progimnazija","Sietuvos progimnazija","190008784","Taikos g. 47","8 5 247 5280","rastine@sietuvos.vilnius.lm.lt","www.sietuvos.vilnius.lm.lt",,"6065678","579103",,,"School_type_mainstream"
17,"Vilniaus „Spindulio“ progimnazija","Spindulio progimnazija","190006242","Rolando Jankausko g. 17","+370 5 244 4781","rastine@spindulio.vilnius.lm.lt","www.spindulioprogimnazija.lt","7.00-18.00","6062339","577819",,,"School_type_mainstream,School_type_playschool"
18,"Vilniaus ""Šviesos"" pradinė mokykla","Šviesos pradinė mokykla","191665480","Fabijoniškių g. 23","8 5 272 4272","rastine@sviesospradine.vilnius.lm.lt","www.sviesospradine.lt",,"6065937","580249",,,"School_type_mainstream"
19,"Vilniaus Taikos progimnazija","Taikos progimnazija","195007889","Taikos g. 157","+370 5 240 0455","rastine@taikos.vilnius.lm.lt","www.taikos.vilnius.lm.lt","7.00-18.00","6064995","578173",,,"School_type_mainstream,School_type_playschool"
20,"Vilniaus ""Varpo"" suaugusiųjų gimnazija","Varpo suaugusiųjų gimnazija","190009886","V. Šopeno g. 8","8 5 213 3427","rastine@varpo.vilnius.lm.lt","www.varpo.vilnius.lm.lt",,"6060266","582646",,,"School_type_adult"
21,"Vilniaus Pavilnio progimnazija","Pavilnio progimnazija","191715435","Švarioji g. 33","8 5 238 2701","rastine@pavilnioprogimnazija.vilnius.lm.lt","www.pavilnioprogimnazija.vilnius.lm.lt",,"6060316","588067",,,"School_type_mainstream"
22,"Vilniaus „Vilties“ specialioji mokykla-daugiafunkcinis centras","Vilties specialioji mokykla-daugiafunkcinis centras","190034188","Igno Šimulionio g. 6","+370 5 244 2622","rastine@viltis.vilnius.lm.lt","www.viltiesmokykla.lt","I-IV 7:00-18:00 V 7:00-18:00","6062722","578819",,,"School_type_special,School_type_playschool"
23,"Vilniaus ""Vyturio"" pradinė mokykla","Vyturio pradinė mokykla","190009167","Taikos g. 189","8 5 246 0740","rastine@vyturio.vilnius.lm.lt","www.vyturio.vilnius.lm.lt",,"6064717","578101",,,"School_type_mainstream"
24,"Vilniaus ""Žaros"" gimnazija","Žaros gimnazija","190007910","Karklėnų g. 13","+370 5 267 4714","rastine@zaros.vilnius.lm.lt",,,"6062237","592048",,,"School_type_mainstream"
25,"Vilniaus ""Žiburio"" pradinė mokykla","Žiburio pradinė mokykla","190022638","Tuskulėnų g. 30","8 5 275 8310","rastine@ziburio.vilnius.lm.lt","www.ziburio.vilnius.lm.lt",,"6063184","583394",,,"School_type_mainstream"
26,"Vilniaus ""Židinio"" suaugusiųjų gimnazija","Židinio suaugusiųjų gimnazija","190009733","Algirdo g. 23A","8 5 233 0133","rastine@zidinio.vilnius.lm.lt","www.zidinio.vilnius.lm.lt",,"6060869","581954",,,"School_type_adult"
27,"Vilniaus Abraomo Kulviečio klasikinė gimnazija","Abraomo Kulviečio klasikinė gimnazija","195005870","Gedvydžių g. 8","8 5 246 1370","rastine@kulviecio.vilnius.lm.lt",,,"6067440","579682",,,"School_type_contest"
28,"Vilniaus Adomo Mickevičiaus licėjus","Adomo Mickevičiaus licėjus","190006961","Kruopų g. 11","8 5 213 5501","rastine@mickeviciaus.vilnius.lm.lt",,,"6060573","582514",,,"School_type_contest"
29,"Vilniaus Aleksandro Puškino gimnazija","Aleksandro Puškino gimnazija","190003470","Gabijos g. 8","+370 524 73516","rastine@puskino.vilnius.lm.lt",,,"6066745","578722",,,"School_type_contest,School_type_playschool"
30,"Vilniaus Antakalnio gimnazija","Antakalnio gimnazija","302817872","Antakalnio g. 29","+37052341802","rastine@antakalnio.vilnius.lm.lt","www.antgim.lt",,"6063463","584407","25.309550","54.700490","School_type_mainstream"
31,"Vilniaus Antakalnio progimnazija","Antakalnio progimnazija","302818006","Antakalnio g. 33","8 659 00612","rastine@antakalnio.lt","www.antakalnioprogimnazija.vilnius.lm.lt",,"6063634","584432",,,"School_type_mainstream"
32,"Vilniaus Antano Vienuolio progimnazija","Antano Vienuolio progimnazija","300134205","Aušros Vartų g. 23","8 5 231 4084","rastine@vienuolio.vilnius.lm.lt","www.vienuolio.vilnius.lm.lt",,"6060428","583174",,,"School_type_mainstream"
33,"Vilniaus Balsių progimnazija","Balsių progimnazija","302589995","Bubilo g. 8","8 523 20998","rastine@balsiu.vilnius.lm.lt","www.balsiumokykla.lt",,"6072384","587475",,,"School_type_mainstream"
34,"Vilniaus Baltupių progimnazija","Baltupių progimnazija","190000894","Didlaukio g. 23","+370 527 78345","rastine@baltupiu.vilnius.lm.lt","www.baltupiuprogimnazija.vilnius.lm.lt",,"6066691","582037",,,"School_type_mainstream,School_type_playschool"
35,"Vilniaus Barboros Radvilaitės progimnazija","Barboros Radvilaitės progimnazija","195474280","Genių g. 8","8 526 71425","rastine@radvilaites.vilnius.lm.lt","www.radvilaites.vilnius.lm.lt",,"6062251","591494",,,"School_type_mainstream"
36,"Vilniaus darželis - mokykla „Saulutė“","Saulutė","190022061","Miglos g. 1","+370 5 275 60 56","rastine@saulute.vilnius.lm.lt","http://www.saulute.vilnius.lm.lt/","7.00-19.00","6063793","580537",,,"School_type_mainstream,School_type_playschool"
37,"Vilniaus darželis - mokykla „Vaivorykštė“","Vaivorykštė","190013393","Tuskulėnų g. 42","+370 5 273 22 55","rastine@vaivorykste.vilnius.lm.lt","http://www.vaivorykste.vilnius.lm.lt/","6.30-18.30","6063314","583236",,,"School_type_mainstream,School_type_playschool"
38,"Vilniaus lopšelis-darželis „Berželis“","Berželis","190026120","Taikos g. 187","+370 5 241 64 76","rastine@berzelis.vilnius.lm.lt","https://www.berzelis.lt/","6.30-18.30","6064813","578101","25.212100","54.713640","School_type_playschool"
39,"Vilniaus darželis-mokykla „Dainorėliai“","Dainorėliai (Ankštoji g. 11)","190012291","Ankštoji g. 11","+370 5 249 7572","rastine@dainoreliu.vilnius.lm.lt","www.dainoreliai.lt","7.00-18.15","6062282","581589",,,"School_type_mainstream,School_type_playschool"
40,"Vilniaus darželis-mokykla „Lokiukas“","Lokiukas","190028139","Igno Šimulionio g. 8","+370 5 2 45 57 98","rastine@lokiukas.vilnius.lm.lt","http://www.lokiukas.vilnius.lm.lt/","6.30-18.30","6062788","578971",,,"School_type_mainstream,School_type_playschool"
41,"Vilniaus darželis-mokykla „Šaltinėlis“","Šaltinėlis","190021689","Šaltkalvių g. 13","+370 5 216 6071","rastine@saltinelis.vilnius.lm.lt","www.saltinelis.vilnius.lm.lt","6.00-18.00","6059207","581916",,,"School_type_mainstream,School_type_playschool"
42,"Vilniaus darželis-mokykla „Svaja“","Svaja","190026654","Architektų g. 210","+370 5 244 3730","rastine@svajos.vilnius.lm.lt","www.vilniaussvaja.lt","7.00-18.00","6061055","578652",,,"School_type_mainstream,School_type_playschool"
43,"Vilniaus darželis-mokykla „Vilija“","Vilija","190022976","Taikos g. 15","+370 5 242 64 40","rastine@vilija.vilnius.lm.lt","http://www.dmvilija.lt/","6.30-18.30","6065439","579250",,,"School_type_mainstream,School_type_playschool"
44,"Vilniaus lopšelis-darželis „Žiburėlis“","Žiburėlis","290028510","Laisvės pr. 46","+37052423917","rastine@ziburelis.vilnius.lm.lt",,"7.00-19.00","6063037","578464","25.217260","54.697620","School_type_playschool"
45,"Vilniaus Emilijos Pliaterytės progimnazija","Emilijos Pliaterytės progimnazija","195472653","Žirmūnų g. 119","+370 5 277 0792","rastine@pliaterytes.lt","www.pliaterytes.lt",,"6066489","584012",,,"School_type_mainstream,School_type_playschool"
46,"Vilniaus Fabijoniškių gimnazija","Fabijoniškių gimnazija","190003851","P. Žadeikos g. 2","8 524 83048","rastine@fabijoniskiu.vilnius.lm.lt",,,"6066820","579870",,,"School_type_mainstream"
47,"Vilniaus Filaretų pradinė mokykla","Filaretų pradinė mokykla","190004234","Filaretų g. 43a","8 5 215 4963","rastine@filaretu.vilnius.lm.lt","www.filaretai.lt",,"6061781","584659",,,"School_type_mainstream"
48,"Vilniaus Gabijos gimnazija","Gabijos gimnazija","305607530","Pašilaičių g. 13","8 5 270 3140","rastine@gabijos.vilnius.lm.lt","www.gabijos.lt",,"6066906","579258",,,"School_type_mainstream"
49,"Vilniaus Gabrielės Petkevičaitės-Bitės suaugusiųjų mokymo centras","Gabrielės Petkevičaitės-Bitės suaugusiųjų mokymo centras","291710460","Žirmūnų g. 32","8 5 2797624","rastine@bitescentras.vilnius.lm.lt","www.gpbite.eu",,"6063664","583795",,,"School_type_adult"
50,"Vilniaus Gedimino technikos universiteto inžinerijos licėjus","Gedimino technikos universiteto inžinerijos licėjus","190001843","Antakalnio g. 120","8 5 234 2084","rastine@vilicejus.vilnius.lm.lt",,,"6065310","584782",,,"School_type_contest"
51,"Vilniaus Gerosios Vilties progimnazija","Gerosios Vilties progimnazija","190004615","Skroblų g. 3","+370 523 36449","rastine@vilties.vilnius.lm.lt","www.vilties.vilnius.lm.lt",,"6060148","580889",,,"School_type_mainstream,School_type_playschool"
52,"Vilniaus Jeruzalės progimnazija","Jeruzalės progimnazija","190000937","Mokyklos g. 9","8 618 21140","rastine@jeruzale.vilnius.lm.lt","www.vjp.lt",,"6068407","582015",,,"School_type_mainstream"
53,"Vilniaus Joachimo Lelevelio inžinerijos gimnazija","Joachimo Lelevelio inžinerijos gimnazija","190000175","Minties g. 3","+370 5 234 20 87","rastine@lelevelio.vilnius.lm.lt","http://www.lelevelio.lt/","7.30-18.00","6064005","583687",,,"School_type_contest,School_type_playschool"
54,"Vilniaus Jono Basanavičiaus gimnazija","Jono Basanavičiaus gimnazija","302522904","S. Konarskio g. 34","8 5 233 0452","rastine@basanaviciaus.vilnius.lm.lt","www.basanaviciaus.vilnius.lm.lt",,"6060598","580289",,,"School_type_mainstream"
55,"Vilniaus Jono Basanavičiaus progimnazija","Jono Basanavičiaus progimnazija","302523034","S. Konarskio g. 27","8 52 131288","rastine@basanaviciausprogimnazija.vilnius.lm.lt","www.basanaviciausprogimnazija.lt",,"6061077","580974",,,"School_type_mainstream"
56,"Vilniaus Jono Ivaškevičiaus jaunimo mokykla","Jono Ivaškevičiaus jaunimo mokykla","191709681","Viršuliškių g. 103","8 5 240 0918","rastine@ivaskeviciaus.vilnius.lm.lt","www.ivaskeviciaus.lt",,"6063808","579613",,,"School_type_adult"
57,"Vilniaus Šv. Jono Pauliaus II gimnazija","Šv. Jono Pauliaus II gimnazija","191715588","Virginijaus Druskio g. 11","+370 67113575","rastine@jp2gimnazija.vilnius.lm.lt","www.jp2.lt",,"6061796","577389",,,"School_type_mainstream"
58,"Vilniaus Jono Pauliaus II progimnazija","Jono Pauliaus II progimnazija","195472315","Rygos g. 10","+370 5 241 88 94","rastine@jonopauliausprogimnazija.vilnius.lm.lt",,"7.00-18.00","6065110","578729",,,"School_type_mainstream,School_type_playschool"
59,"Vilniaus Juzefo Ignacijaus Kraševskio gimnazija","Juzefo Ignacijaus Kraševskio gimnazija","190007878","Rugiagėlių g. 15","+370 5 2 67 15 27","rastine@krasevskio.vilnius.lm.lt","http://www.vjikg.lt/","7.45-18.00","6063483","591579",,,"School_type_mainstream,School_type_playschool"
60,"Vilniaus karaliaus Mindaugo mokykla","karaliaus Mindaugo mokykla","190005336","Mindaugo g. 9","+370 526 52383","rastine@mindaugo.vilnius.lm.lt","www.karaliusmindaugas.lt","7.30-18.00","6060990","582092",,,"School_type_mainstream,School_type_playschool"
61,"Vilniaus Karoliniškių gimnazija","Karoliniškių gimnazija","190008631","Sausio 13-osios g. 17","8 5 245 2443","rastine@karoliniskiugimnazija.vilnius.lm.lt","www.vkg.vilnius.lm.lt",,"6062284","578453",,,"School_type_mainstream"
62,"Vilniaus Lazdynų mokykla","Lazdynų mokykla (Žėručio g. 4)","190005489","Žėručio g. 4","+370 524 45158","rastine@lazdynu.vilnius.lm.lt","www.lazdynumokykla.lt","I-IV 7.00-18.00, V-7.00-17.30","6060587","578209",,,"School_type_mainstream,School_type_playschool"
63,"Vilniaus Levo Karsavino mokykla","Levo Karsavino mokykla","190002411","Justiniškių g. 43","+370 524 10213","rastine@karsavino.vilnius.lm.lt","www.karsavino.vilnius.lm.lt","7.00-19.00","6063782","578569",,,"School_type_mainstream,School_type_playschool"
64,"Vilniaus licėjus","Vilniaus licėjus","291221220","Širvintų g. 82","8 5 277 5836","rastine@licejus.lt",,,"6064722","582373",,,"School_type_contest"
65,"Vilniaus Liepkalnio mokykla","Liepkalnio mokykla","190007159","Liepkalnio g. 18","+370 5 2626612","rastine@liepkalnio.vilnius.lm.lt","www.liepkalnio.vilnius.lm.lt","7.00-17.30","6059802","583698",,,"School_type_mainstream,School_type_playschool"
66,"Vilniaus Maironio progimnazija","Maironio progimnazija","190002564","Čiobiškio g. 1","+370 524 00547","rastine@maironioprogimnazija.vilnius.lm.lt","www.maironio.lt","7.00-18.00","6064950","579723",,,"School_type_mainstream,School_type_playschool"
67,"Vilniaus Martyno Mažvydo progimnazija","Martyno Mažvydo progimnazija","195003862","Vydūno g. 17A","+370 5 279 5579","rastine@mazvydo.vilnius.lm.lt","www.mmazvydas.lt",,"6064020","576069",,,"School_type_mainstream,School_type_playschool"
68,"Vilniaus Medeinos pradinė mokykla","Medeinos pradinė mokykla","190032746","Medeinos g. 27","8 5 247 0676","rastine@medeinos.vilnius.lm.lt","www.medeinosmokykla.lt",,"6066212","578738",,,"School_type_mainstream"
69,"Vilniaus Mykolo Biržiškos gimnazija","Mykolo Biržiškos gimnazija","190003328","Taikos g. 81","8 5 242 1611","rastine@birziskos.vilnius.lm.lt",,,"6065892","578372",,,"School_type_contest"
70,"Vilniaus Naujamiesčio mokykla","Naujamiesčio mokykla","290004420","T. Ševčenkos g. 17","8 523 32349","rastine@naujamiescio.vilnius.lm.lt","www.naujamiescio.lt",,"6060870","581718",,,"School_type_mainstream"
71,"Vilniaus Naujininkų progimnazija","Naujininkų progimnazija","190007344","Šaltkalvių g. 32","+370 5 216 6366","rastine@naujininku.vilnius.lm.lt","www.naujininkumokykla.lt","7.30-18.00","6058943","581862",,,"School_type_mainstream,School_type_playschool"
72,"Vilniaus Ozo gimnazija","Ozo gimnazija","190009014","Ozo g. 39","8 5 240 0786","rastine@ozo.vilnius.lm.lt",,,"6064277","580126",,,"School_type_contest"
73,"Vilniaus Pavilnio pagrindinė mokykla","Pavilnio pagrindinė mokykla","190008065","J. Kolaso g. 18","+370 5 267 4889","rastine@pavilnio.vilnius.lm.lt","www.pavilnys.vilnius.lm.lt","7.30-17.30","6060131","587362",,,"School_type_mainstream,School_type_playschool"
74,"Vilniaus Petro Vileišio progimnazija","Petro Vileišio progimnazija","195008119","Filaretų g. 3","869811220","rastine@pvileisis.vilnius.lm.lt","www.pvileisis.vilnius.lm.lt",,"6061548","584106",,,"School_type_mainstream"
75,"Vilniaus Pilaitės gimnazija","Pilaitės gimnazija","190006438","Įsruties g. 3","8 5 230 7442","rastine@pilaites.vilnius.lm.lt","www.pilaitesgimnazija.lt",,"6063661","576127",,,"School_type_mainstream"
76,"Vilniaus Pranciškaus Skorinos gimnazija","Pranciškaus Skorinos gimnazija","191722390","Sietyno g. 21","+370 5 245 91 27","rastine@skorinos.vilnius.lm.lt","https://skorinosgimnazija.lt/","7.30-18.00","6062539","577833",,,"School_type_contest,School_type_playschool"
77,"Vilniaus Prano Mašioto pradinė mokykla","Prano Mašioto pradinė mokykla","195008076","Žirmūnų g. 53","8 5 277 2736","rastine@masioto.vilnius.lm.lt","www.masioto.lt",,"6065142","584206",,,"School_type_mainstream"
78,"Vilniaus Radvilų gimnazija","Radvilų gimnazija","190003285","Gelvonų g. 55","8 5 240 5196","rastine@radvilu.vilnius.lm.lt","www.radvilu.vilnius.lm.lt",,"6065349","581206",,,"School_type_mainstream"
79,"Vilniaus Salininkų gimnazija","Salininkų gimnazija","191317118","Vaikų g. 16","+370 5 235 8167","rastine@salininku.vilnius.lm.lt","www.salininku.vilnius.lm.lt","7.15-17.45","6053400","581401",,,"School_type_mainstream,School_type_playschool"
80,"Vilniaus „Vyčio“ gimnazija","Vyčio gimnazija","190004387","Vilniaus g. 32","+37069804365","rastine@sneries.vilnius.lm.lt","www.sneries.vilnius.lm.lt",,"6061291","582635",,,"School_type_mainstream"
81,"Vilniaus Sausio 13-osios progimnazija","Sausio 13-osios progimnazija","190005293","Architektų g. 166","+370 5 244 35 29","rastine@sausio13.vilnius.lm.lt","https://sausio13progimnazija.lt/","7.00-18.00","6061530","578374",,,"School_type_mainstream,School_type_playschool"
82,"Vilniaus savivaldybės Grigiškių ""Šviesos"" gimnazija","Grigiškių ""Šviesos"" gimnazija","190661671","Vilniaus m. sav. Grigiškių m. Šviesos g. 16","8 5 243 2610","rastine@sviesosgimnazija.vilnius.lm.lt","www.gsviesa.lt",,,,,,"School_type_mainstream"
83,"Vilniaus savivaldybės Grigiškių lopšelis-darželis „Pelėdžiukas“","Pelėdžiukas","190648396","Lentvario g. 1A","+370 5 243 23 45","rastine@peledziukas.vilnius.lm.lt","https://www.grigiskiupeledziukas.lt/","6.30 - 18.30","6060360","569725","25.081060","54.674860","School_type_playschool"
84,"Vilniaus savivaldybės Grigiškių gimnazija","Grigiškių gimnazija","190661333","Vilniaus m. sav. Grigiškių m. Kovo 11-osios g. 21","+370 5 243 25 55","rastine@grigiskiugimnazija.lt","http://www.grigiskiumokykla.lt/","I-IV 7:30 – 17:30, V 7:30 – 17:00",,,,,"School_type_mainstream,School_type_playschool"
87,"Vilniaus Senvagės gimnazija","Senvagės gimnazija","190002226","Širvintų g. 80","8 5 277 0814","rastine@senvages.vilnius.lm.lt","www.senvagesgimnazija.lt",,"6064637","582339",,,"School_type_mainstream"
88,"Vilniaus Šeškinės pradinė mokykla","Šeškinės pradinė mokykla","191713384","Šeškinės g. 15","8 524 68767","rastine@seskinespradine.vilnius.lm.lt","www.seskinespradine.vilnius.lm.lt",,"6064839","580702",,,"School_type_mainstream"
89,"Vilniaus Šilo ugdymo centras","Vilniaus Šilo ugdymo centras","191722433","Lakštingalų g. 8","+370 5 277 79 58","rastine@silospecialioji.vilnius.lm.lt","http://vilniaussilomokykla.lt/","7:00-19:00","6066865","585309",,,"School_type_special,School_type_playschool"
90,"Vilniaus Simono Daukanto gimnazija","Simono Daukanto gimnazija","301806652","J. Jasinskio g. 11","8 5 249 6517","rastine@daukanto.vilnius.lm.lt","www.daukanto.vilnius.lm.lt",,"6062062","581472",,,"School_type_mainstream"
91,"Vilniaus Simono Daukanto progimnazija","Simono Daukanto progimnazija","301806638","Naugarduko g. 7","8 5 233 1488","rastine@daukantoprogimnazija.vilnius.lm.lt","www.daukantopagrindine.vilnius.lm.lt.migdolas.serveriai.lt",,"6060782","582206",,,"School_type_mainstream"
92,"Vilniaus Simono Konarskio gimnazija","Simono Konarskio gimnazija","190005140","Statybininkų g. 5","+370 5 213 05 18","rastine@konarskio.vilnius.lm.lt","http://www.konarskio.lt/","7.00-18.00","6060422","581103",,,"School_type_contest,School_type_playschool"
93,"Vilniaus Simono Stanevičiaus progimnazija","Simono Stanevičiaus progimnazija","290008970","S. Stanevičiaus g. 25","+370 5 270 22 23","rastine@staneviciaus.vilnius.lm.lt","https://staneviciaus.lt/","7.00-18.30","6065963","580949",,,"School_type_mainstream,School_type_playschool"
94,"Vilniaus ""Sostinės"" gimnazija","Sostinės gimnazija","304075188","Dūkštų g. 30","+37060000000","rastine@sostinesgimnazija.vilnius.lm.lt","www.sofijoskovalevskajosmokykla.lt",,"6064514","580137",,,"School_type_mainstream"
95,"Vilniaus Sofijos Kovalevskajos progimnazija","Sofijos Kovalevskajos progimnazija","304075156","Dūkštų g. 30","8 5 240 0942","rastine@kovalevskajosprogimnazija.vilnius.lm.lt","www.sofijoskovalevskajosmokykla.lt",,"6064514","580137",,,"School_type_mainstream"
96,"Vilniaus Šolomo Aleichemo ORT gimnazija","Šolomo Aleichemo ORT gimnazija","190009352","J. I. Kraševskio g. 5","+37052410235","rastine@aleichemo.vilnius.lm.lt",,,"6061984","580896",,,"School_type_contest,School_type_playschool"
98,"Vilniaus suaugusiųjų mokymo centras","Suaugusiųjų mokymo centras","190009548","Vykinto g. 11","8 5 275 1533","rastine@smc.vilnius.lm.lt","www.vsmc.lt",,"6062169","580799",,,"School_type_adult"
99,"Vilniaus šv. Kristoforo gimnazija","Šv. Kristoforo gimnazija","302420721","Kazliškių g. 4","8 5 273 5350","rastine@kristoforo.vilnius.lm.lt","www.kristoforogimnazija.lt",,"6063277","583064",,,"School_type_mainstream"
100,"Vilniaus šv. Kristoforo progimnazija","Šv. Kristoforo progimnazija","302420714","Kalvarijų g. 87","85 275 29 73","rastine@kristoforoprogimnazija.vilnius.lm.lt","www.kristoforopro.lt",,"6064055","582821",,,"School_type_mainstream"
101,"Vilniaus Trakų Vokės gimnazija","Trakų Vokės gimnazija","191317260","Trampolio g. 5","+370 5 264 5190","rastine@vokes.vilnius.lm.lt","www.vokes.vilnius.lm.lt","7.00-18.00","6055129","571743",,,"School_type_mainstream,School_type_playschool"
102,"Vilniaus Tuskulėnų gimnazija","Tuskulėnų gimnazija","190002030","Tuskulėnų g. 31","8 5 279 9450","rastine@tuskulenu.vilnius.lm.lt",,,"6063573","583597",,,"School_type_contest"
103,"Vilniaus Užupio gimnazija","Užupio gimnazija","190001124","Krivių g. 10","8 5 261 4023","rastine@uzupio.vilnius.lm.lt","www.vug.lt",,"6061502","583929",,,"School_type_mainstream"
104,"Vilniaus Vaduvos darželis-mokykla","Vaduvos","290013960","Vaduvos g. 14A","+370 5 232 28 77","rastine@vaduvos.vilnius.lm.lt","http://vaduvos.lt/","6.30-18.30","6056378","577898",,,"School_type_mainstream,School_type_playschool"
105,"Vilniaus Vasilijaus Kačialovo gimnazija","Vasilijaus Kačialovo gimnazija","290005860","Apolinaro Juozo Povilaičio g. 1","8 5 246 0039","rastine@kacialovo.vilnius.lm.lt","www.kachialov.lt",,"6062953","579140",,,"School_type_mainstream"
106,"Vilniaus Verkių mokykla-daugiafunkcis centras","Verkių mokykla-daugiafunkcis centras","190981237","Verkių g. 62","8 5 277 2844","rastine@verkiuspecialioji.vilnius.lm.lt","www.verkiumokykla.lt","7:00-17:00","6066027","583291",,,"School_type_special,School_type_playschool"
107,"Vilniaus Vilkpėdės lopšelis-darželis","Vilkpėdės","190016699","Gerosios Vilties g. 15","+37052339838","rastine@vilkpedes.lt","http://www.vilkpedes.lt/","7.00-18.30","6059880","580271","25.244420","54.668980","School_type_playschool"
108,"Vilniaus Viršuliškių mokykla","Viršuliškių mokykla","190002379","Viršuliškių g. 7","+370 5 240 0584","rastine@virsuliskiu.vilnius.lm.lt","www.virsuliskiu.vilnius.lm.lt",,"6064745","579010",,,"School_type_mainstream,School_type_playschool"
109,"Vilniaus Vytauto Didžiojo gimnazija","Vytauto Didžiojo gimnazija","300134269","Augustijonų g. 8","8 5 279 1305","rastine@vytautodidziojo.vilnius.lm.lt","www.vvdg.lt",,"6060911","583204",,,"School_type_mainstream"
110,"Vilniaus Vytės Nemunėlio pradinė mokykla","Vytės Nemunėlio pradinė mokykla","195472468","M. Daukšos g. 7","8 526 22947","rastine@nemunelio.vilnius.lm.lt","www.vytenemunelis.lt",,"6060540","583363",,,"School_type_mainstream"
111,"Vilniaus Vladislavo Sirokomlės gimnazija","Vladislavo Sirokomlės gimnazija","190001462","Linkmenų g. 8","+370 5 275 1047","rastine@sirokomles.vilnius.lm.lt",,"I-IV 7:30-18:00  V-7:30-17:00","6063489","581831",,,"School_type_contest,School_type_playschool"
112,"Vilniaus Volungės darželis-mokykla","Volungės","191713046","Volungės g. 10","+370 5 271 05 82","rastine@volunges.vilnius.lm.lt","https://volunges.lt/","7.00-18.30","6063736","585009",,,"School_type_mainstream,School_type_playschool"
113,"Vilniaus Žaliakalnio darželis-mokykla","Žaliakalnio","191713231","Pergalės g. 22","+370 5 267 1626","rastine@zaliakalnio.vilnius.lm.lt","www.zaliakalniodm.lt","7.00-19.00","6062066","591084",,,"School_type_mainstream,School_type_playschool"
114,"Vilniaus Žemynos gimnazija","Žemynos gimnazija","190008827","Čiobiškio g. 16","8 5 240 0561","rastine@zemynosgimnazija.vilnius.lm.lt","www2435.vu.lt",,"6065432","579714",,,"School_type_mainstream"
115,"Vilniaus Žemynos progimnazija","Žemynos progimnazija","295472120","Žemynos g. 14","8 5 247 1766","rastine@zemynosprogimnazija.vilnius.lm.lt","www.zemynosprogimnazija.lt",,"6066498","579361",,,"School_type_mainstream"
116,"Vilniaus Žėručio pradinė mokykla","Žėručio pradinė mokykla","195007921","Žėručio g. 15","8 5 244 5413","rastine@zerucio.vilnius.lm.lt","www.zerucio.vilnius.lm.lt",,"6060464","578000",,,"School_type_mainstream"
117,"Vilniaus Žirmūnų gimnazija","Žirmūnų gimnazija","190000360","Žirmūnų g. 37-1","8 5 276 6400","rastine@zirmunu.vilnius.lm.lt",,,,,,,"School_type_contest"
118,"Vilniaus Žygimanto Augusto progimnazija","Žygimanto Augusto progimnazija","290003090","Šeškinės g. 25","+370 5 246 8454","rastine@augusto.vilnius.lm.lt","https://zaugusto.lt/",,"6064974","580708",,,"School_type_mainstream"
119,"Vilniaus Žvėryno gimnazija","Žvėryno gimnazija","190001081","Žalioji g. 4","8 5 275 1037","rastine@zveryno.vilnius.lm.lt","www.zverynogimnazija.lt",,"6063052","580267",,,"School_type_mainstream"
120,"Vilniaus „Šiaurės“ progimnazija","Šiaurės progimnazija","190978974","Palydovo g. 29A","+37065267291","rastine@siaures.vilnius.lm.lt","www.vilniospm.lt","7.00-19.00","6063647","591077",,,"School_type_mainstream,School_type_playschool"
121,"VšĮ Vilniaus miesto sporto mokykla „Sostinės tauras“","Sostinės tauras","305935363","Žygio g. 46","+37060012345","info@smtauras.lt",,,"6063987","583492",,,"School_type_non-formal"
123,"VšĮ Sostinės sporto centras","VšĮ Sostinės sporto centras","305935705","Kauno g. 43","+37060012345","sportocentras@vilnius.lt",,,"6060128","581519",,,"School_type_non-formal"
124,"Vilniaus futbolo mokykla","Vilniaus futbolo mokykla","124192115","P. Žadeikos g. 2","Fabijoniškės",,,,"6066820","579870",,,"School_type_non-formal"
125,"VšĮ Vilniaus miesto krepšinio mokykla","VšĮ Vilniaus miesto krepšinio mokykla","305935833","Birželio 23-iosios g. 10A","+3705233 5300","info@vilniauskm.lt",,,"6060477","581362",,,"School_type_non-formal"
126,"Karoliniškių muzikos mokykla","Karoliniškių muzikos mokykla","191662566","Loretos Asanavičiūtės g. 2","Karoliniškės",,,,"6061468","577267",,,"School_type_non-formal"
127,"Vilniaus muzikos mokykla „Lyra“","Muzikos mokykla Lyra","191663091","Laisvės pr. 57","Šeškinė",,,,"6065176","579435",,,"School_type_non-formal"
128,"Vilniaus Algirdo muzikos mokykla","Algirdo muzikos mokykla","191662413","Algirdo g. 23","Naujamiestis",,,,"6060898","581946",,,"School_type_non-formal"
129,"Vilniaus „Ąžuoliuko“ muzikos mokykla","Ąžuoliuko muzikos mokykla","191662751","Gedimino pr. 15A","Naujamiestis",,,,"6062030","582457",,,"School_type_non-formal"
130,"Vilniaus Balio Dvariono dešimtmetė muzikos  mokykla","Balio Dvariono dešimtmetė muzikos  mokykla","191662185","T. Kosciuškos g. 13","Senamiestis",,,,"6062487","584010",,,"School_type_non-formal"
131,"Vilniaus Broniaus Jonušo muzikos mokykla","Broniaus Jonušo muzikos mokykla","191662370","Dariaus ir Girėno g. 16","Naujininkai",,,,"6059108","582201",,,"School_type_non-formal"
132,"Vilniaus Naujosios Vilnios muzikos mokykla","Naujosios Vilnios muzikos mokykla","191662228","Karklėnų g. 9","Naujoji  Vilnia",,,,"6062082","592039",,,"School_type_non-formal"
133,"Vilniaus Justino Vienožinskio dailės mokykla","Justino Vienožinskio dailės mokykla","191663134","S. Konarskio g. 37","Naujamiestis",,,,"6060973","580818",,,"School_type_non-formal"
134,"Vilniaus Grigiškių meno mokykla","Grigiškių meno mokykla","191818093","Vilniaus m. sav. Grigiškių m. Pašto g. 10","Grigiškės",,,,,,,,"School_type_non-formal"
135,"Vilniaus mokymo centras","Vilniaus mokymo centras","191713427","Rasų g. 8","+37052639952","rastine@konsultaciniscentras.vilnius.lm.lt",,,"6060585","583710","25.297920","54.674750","School_type_mainstream"
136,"Vilniaus Antakalnio pradinė mokykla","Antakalnio pradinė mokykla","304865385","Šilo g. 15, LT-10317 Vilnius","+370 5 240 9603","rastine@antakalniopradine.vilnius.lm.lt",,"8.00-18.00",,,,,"School_type_mainstream,School_type_playschool"
137,"Vilniaus chorinio dainavimo mokykla „Liepaitės“","Liepaitės","191662947","P. Skorinos gatvė 14",,,,,,,,,"School_type_non-formal"
138,"Vilniaus Fabijoniškių gimnazija (sporto ir sveikatinimo samprata)","Fabijoniškių gimnazija (sporto ir sveikatinimo samprata)","190003851-138","P. Žadeikos g. 2","8 524 83048","rastine@fabijoniskiu.vilnius.lm.lt",,,"6066820","579870",,,"School_type_contest"
139,"Vilniaus Gabijos progimnazija","Gabijos progimnazija","305607594","Gabijos g. 2C, LT-12103 Vilnius","8 5 2420181","rastine@gabijosprogimnazija.vilnius.lm.lt","www.gabijosprog.lt",,,,,,"School_type_mainstream"
141,"Vilniaus lopšelis-darželis „Aitvaras“","Aitvaras","190032931","Pašilaičių g. 10",,"rastine@aitvaras.vilnius.lm.lt","http://www.aitvaras.vilnius.lm.lt/","I-V 6:30-18:30, savaitinė gr. I- IV 24 val., V iki 18:30","6066674","579323",,,"School_type_playschool"
142,"Vilniaus lopšelis-darželis „Atžalėlės“","Atžalėlės","190019122","Antakalnio g. 74","+370 5 234 15 80","rastine@atzaleles.vilnius.lm.lt","https://atzaleles.webs.com/","6.00-19.00","6064544","584612",,,"School_type_playschool"
143,"Vilniaus lopšelis-darželis „Aušrelė“","Aušrelė","190020391","Gerosios Vilties g. 28","+370 5 213 87 21","rastine@ausrele.vilnius.lm.lt","https://www.vilniausausrele.lt/","6.30-18.30","6060144","580536",,,"School_type_playschool"
144,"Vilniaus lopšelis-darželis „Beržynėlis“","Beržynėlis","190019275","Beržyno g. 7A","+370 5 233 54 62","rastine@berzynelis.vilnius.lm.lt","http://www.berzynelis.vilnius.lm.lt/","7.30-18.30","6061239","580945",,,"School_type_playschool"
146,"Vilniaus Birutės darželis","Birutės","190016927","Birutės g. 4","+370 5 275 16 65","rastine@birutes.vilnius.lm.lt","http://birutesld.lt/","I-IV 7:00-19:00 V 7:00-18:00","6061812","580625",,,"School_type_playschool"
147,"Vilniaus lopšelis-darželis „Bitutė“","Bitutė","190031797","Paberžės g. 20","+370 5 246 33 03","rastine@bitute.vilnius.lm.lt","https://darzelisbitute.lt/","6.00-18.00","6065254","580866",,,"School_type_playschool"
148,"Vilniaus lopšelis-darželis „Coliukė“","Coliukė","190015444","A.Kojelavičiaus g. 298","+370 5 267 25 02","rastine@coliuke.vilnius.lm.lt","https://coliukeld.weebly.com/","6.00-18.00","0","0",,,"School_type_playschool"
149,"Vilniaus specialusis lopšelis-darželis „Čiauškutis“","Čiauškutis","190027941","Sausio 13-osios g. 6","+370 5 245 20 52","rastine@ciauskutis.vilnius.lm.lt","http://ciauskutis.lt/","7.00-19.00","6062138","578557",,,"School_type_special,School_type_playschool"
150,"Vilniaus lopšelis-darželis „Daigelis“","Daigelis","191727213","Dariaus ir Girėno g. 14","+370 5 232 11 50","rastine@daigelis.vilnius.lm.lt","http://www.daigelis.vilnius.lm.lt/","I-V 7:00-17:30, savaitinės gr.  I-IV 24 val., V iki 18:00","6059212","582247",,,"School_type_playschool"
151,"Vilniaus lopšelis-darželis „Delfinukas“","Delfinukas","190027037","Sietyno g. 9","+370 5 244 39 36","rastine@delfinukas.vilnius.lm.lt","https://www.delfinukas.lt/","6.30-18.30","6062088","577517",,,"School_type_playschool"
153,"Vilniaus lopšelis-darželis „Drevinukas“","Drevinukas","190018935","K. Donelaičio g. 12","+370 5 233 27 98","rastine@drevinukas.vilnius.lm.lt","http://vilniausdrevinukas.lt/","6.30-18.30","6061130","580761",,,"School_type_playschool"
154,"Vilniaus lopšelis-darželis „Drugelis“","Drugelis","190017071","Rinktinės g. 28A","+370 5 272 27 10","rastine@drugelis.vilnius.lm.lt","http://www.darzelisdrugelis.lt/","6.30-18.30","6062920","582954",,,"School_type_playschool"
155,"Vilniaus lopšelis-darželis „Du gaideliai“","Du gaideliai","190014723","Pelesos g. 15","+370 5 269 34 97","rastine@dugaideliai.vilnius.lm.lt","https://www.dugaideliai.lt/","6.30-18.30","6059555","582659",,,"School_type_playschool"
156,"Vilniaus lopšelis-darželis „Eglutė“","Eglutė","190019994","Miglos g. 3","+370 5 279 01 03","rastine@eglute.vilnius.lm.lt","http://www.eglute.vilnius.lm.lt/","I-V 7:00-18:30","6063700","580436",,,"School_type_playschool"
158,"Vilniaus lopšelis-darželis „Gandriukas“","Gandriukas","190033129","Fabijoniškių g. 7","+370 5 2 72 46 ","rastine@gandriukas.vilnius.lm.lt","http://www.gandriukas.lt/","7.00-18.30","6065807","580284",,,"School_type_playschool"
159,"Vilniaus lopšelis-darželis „Geniukų kalvė“","Geniukų kalvė","190012487","Muitinės g. 30","+370 2 33 04 69","rastine@geniukukalve.vilnius.lm.lt","http://new.geniukukalve.lt/","6.30-18.30","6060913","581389",,,"School_type_playschool"
160,"Vilniaus lopšelis-darželis „Gelvonėlis“","Gelvonėlis","290031830","Gelvonų g. 1","+370 2 46 32 94","rastine@gelvonelis.vilnius.lm.lt","https://gelvonelis.wordpress.com/","6.30-18.30","6065054","581091",,,"School_type_playschool"
161,"Vilniaus lopšelis-darželis „Gervelė“","Gervelė (Dzūkų g. 32)","190013589","Dzūkų g. 32","+370 2 38 49 19","rastine@gervele.vilnius.lm.lt","http://ldgervele.lt/","7.00-19.00","6059432","582984",,,"School_type_playschool"
162,"Vilniaus lopšelis-darželis „Gervelė“","Gervelė (Stadiono g. 5)","190013589-669","Stadiono g. 5","+370 5 2 65 65 ","rastine@gervele.vilnius.lm.lt","http://ldgervele.lt/","6.30-18.30","6059968","583357",,,"School_type_playschool"
163,"Vilniaus lopšelis-darželis „Gilužis“","Gilužis (Vydūno g. 11A)","190028324-53","Vydūno g. 11A","+370 5 230 76 30","rastine@giluzis.vilnius.lm.lt","http://www.giluzis.lt/",,"6063915","576329",,,"School_type_playschool"
164,"Vilniaus lopšelis-darželis „Gilužis“","Gilužis (Įsruties g. 30)","190028324","Įsruties g. 30","+370 5 2 30 76 ","rastine@giluzis.vilnius.lm.lt","http://www.giluzis.lt/",,"6064481","576209",,,"School_type_playschool"
165,"Vilniaus lopšelis-darželis „Gilužis“","Gilužis (Pajautos g. 5)","190028324-10207","Pajautos g. 5","+370 5 230 76 30","rastine@giluzis.vilnius.lm.lt","http://www.giluzis.lt/",,"6064266","575895",,,"School_type_playschool"
166,"Vilniaus lopšelis-darželis „Gintarėlis“","Gintarėlis (Didlaukio g. 35)","190029383","Didlaukio g. 35","+370 5 2 77 77 86","rastine@gintarelis.vilnius.lm.lt","http://www.gintarelisvilnius.lt/index.php/lt/","6.20-19.00","6066821","581859",,,"School_type_playschool"
167,"Vilniaus lopšelis-darželis „Gintarėlis“","Gintarėlis (Popieriaus g. 46A)","190029383-597","Popieriaus g. 46A","+370 5 230 98 40","rastine@gintarelis.vilnius.lm.lt","http://www.gintarelisvilnius.lt/index.php/lt/","6.00-19.00","6070424","586127",,,"School_type_playschool"
168,"Vilniaus lopšelis-darželis „Giraitė“","Giraitė","190025214","Erfurto g. 42","+370 5 2 44 00 ","rastine@giraite.vilnius.lm.lt","http://www.giraite.vilnius.lm.lt/","6.30-18.30","6060492","577795",,,"School_type_playschool"
169,"Vilniaus lopšelis-darželis „Gudrutis“","Gudrutis","190012715","Trakų g. 12","+370 5 2 62 94 ","rastine@gudrutis.vilnius.lm.lt","http://www.gudrutis.vilnius.lm.lt/","6.30-18.30","6061176","582562",,,"School_type_playschool"
170,"Vilniaus lopšelis-darželis „Jovarėlis“","Jovarėlis","190033467","S. Stanevičiaus g. 21","+370 5 2 47 92 91","rastine@jovarelis.vilnius.lm.lt","http://jovareliodarzelis.lt/","7.30-18.00","6065903","580841",,,"School_type_playschool"
171,"Vilniaus lopšelis-darželis „Jurginėlis“","Jurginėlis","190029045","Justiniškių g. 47","+370 5 2 41 02 12","rastine@jurginelis.vilnius.lm.lt","https://www.jurginelis.lt/","6.00.-19.12","6063867","578565",,,"School_type_playschool"
172,"Vilniaus lopšelis-darželis „Karuselė“","Karuselė","190033652","Gedvydžių g. 25A","+370 5 2 48 35 ","rastine@karusele.vilnius.lm.lt","http://www.karusele.mir.lt/","6.30-18.30","6067281","579910",,,"School_type_playschool"
173,"Vilniaus lopšelis-darželis „Kaštonas“","Kaštonas","190019841","Antakalnio g. 108","+370 5 2 34 61 00","rastine@kastonas.vilnius.lm.lt","https://www.darzeliskastonas.lt/","6:30 -18:.30","6065178","584748",,,"School_type_playschool"
174,"Vilniaus lopšelis-darželis „Krivūlė“","Krivūlė (Lydos g. 5)","190015782","Lydos g. 5","+370 5 2 62 65 89","rastine@krivule.vilnius.lm.lt","http://www.krivule.vilnius.lm.lt/","7.00-19.00","6060976","582608",,,"School_type_playschool"
175,"Vilniaus lopšelis-darželis „Krivūlė“","Krivūlė (Vokiečių g. 1)","190015782-720","Vokiečių g. 1","+370 5 2 62 65 ","rastine@krivule.vilnius.lm.lt","http://www.krivule.vilnius.lm.lt/","7.00-19.00","6060985","582957",,,"School_type_playschool"
176,"Vilniaus lopšelis-darželis „Kodėlčiukas“","Kodėlčiukas (Laisvės pr. 59)","190031459","Laisvės pr. 59","+370 5 2 41 39 88","rastine@kodelciukas.vilnius.lm.lt","http://vilniauskodelciukas.lt/","6.30-18.30","6065259","579457",,,"School_type_playschool"
177,"Vilniaus lopšelis-darželis „Kodėlčiukas“","Kodėlčiukas (Pavilnionių g. 29)","190031459-10204","Pavilnionių g. 29","+370 5 2 41 39 ","rastine@kodelciukas.vilnius.lm.lt","http://vilniauskodelciukas.lt/","6.30-18.30","6067356","578544",,,"School_type_playschool"
179,"Vilniaus lopšelis-darželis „Kurpaitė“","Kurpaitė","190017114","Birželio 23-iosios g. 6","+37052333686","rastine@kurpaite.vilnius.lm.lt","http://www.darzeliskurpaite.lt/","6.30-18.30","6060317","581350",,,"School_type_playschool"
180,"Vilniaus lopšelis-darželis „Kūlverstukas“","Kūlverstukas (Suvalkų g. 6)","190013436-65","Suvalkų g. 6","+370 5 2 33 05 ","rastine@kulverstukas.vilnius.lm.lt","https://www.vilniauskulverstukas.lt/","7.00-18.00","6061495","581644",,,"School_type_playschool"
181,"Vilniaus lopšelis-darželis „Kūlverstukas“","Kūlverstukas (Mindaugo g. 7)","190013436","Mindaugo g. 7","+370 5 2 33 05 32","rastine@kulverstukas.vilnius.lm.lt","https://www.vilniauskulverstukas.lt/","7.00-18.00","6061130","582078",,,"School_type_playschool"
182,"Vilniaus lopšelis-darželis „Lakštingala“","Lakštingala","190023010","Lakštingalų g. 10","+370 5 2 77 79 98","rastine@lakstingala.vilnius.lm.lt","http://www.lakstingala.vilnius.lm.lt/","7.30-18.00","6066921","585208",,,"School_type_playschool"
183,"Vilniaus lopšelis-darželis „Lašelis“","Lašelis","190017452","Dzūkų g. 29","+370 5 2 38 43 01","rastine@laselis.vilnius.lm.lt","http://www.laselis.vilnius.lm.lt/","6.00-18.00","6059341","582544",,,"School_type_playschool"
184,"Vilniaus lopšelis-darželis „Lazdynėlis“","Lazdynėlis","190018173","Lazdynų g. 36","+370 5 2 44 80 46","rastine@lazdynelis.vilnius.lm.lt","http://www.lazdynelis.lt/","7.00-19.00","6059832","578474","25.216550","54.668830","School_type_playschool"
185,"Vilniaus lopšelis-darželis „Liepsnelė“","Liepsnelė","290018740","Kapsų g. 7","+370 5 2 65 63 ","rastine@liepsnele.vilnius.lm.lt","http://www.liepsnele.vilnius.lm.lt/","6.30-18.30","6059010","582319",,,"School_type_playschool"
187,"Vilniaus savivaldybės Grigiškių lopšelis-darželis „Lokiuko giraitė“","Lokiuko giraitė","190648777","Kovo 11-osios g. 54","+370 5 2 43 26 ","rastine@lokiukogiraite.vilnius.lm.lt","https://www.lokiukogiraite.lt/","6.30-18.30","6059688","571108",,,"School_type_playschool"
188,"Vilniaus Markučių lopšelis-darželis","Markučiai","190020587","Pakraščio g. 15","+370 5 2 60 00 ","rastine@markuciai.vilnius.lm.lt","http://www.markuciai.vilnius.lm.lt/","7.00-18.30","6060712","585088",,,"School_type_playschool"
189,"Vilniaus lopšelis-darželis „Šnekutis“","Šnekutis (A. Vivulskio g. 8A)","190017267-190019318","A. Vivulskio g. 8A","+370 5 2 65 10 47","rastine@snekutis.vilnius.lm.lt","http://www.snekutis.vilnius.lm.lt/","7.00-18.30","6060965","581849",,,"School_type_playschool"
190,"Vilniaus lopšelis-darželis „Medynėlis“","Medynėlis","190027375","Algimanto Petro Kavoliuko g. 5","+370 5 245 3449","rastine@medynelis.vilnius.lm.lt","https://www.medynelis.lt/","6.30-18.30","6062825","578008",,,"School_type_playschool"
191,"Vilniaus lopšelis-darželis „Molinukas“","Molinukas","190018554","Keramikų g. 34","+370 5 2 31 72 ","rastine@molinukas.vilnius.lm.lt","http://www2141.vu.lt/","7.00-18.30","6066566","588317",,,"School_type_playschool"
192,"Vilniaus lopšelis-darželis „Naminukas“","Naminukas (Smėlio g. 13)","190016012-76","Smėlio g. 13","+370 5 2 34 61 ","rastine@naminukas.vilnius.lm.lt","http://darzelisnaminukas.lt/"," I-V 7.00-18.30","6064063","584574",,,"School_type_playschool"
193,"Vilniaus lopšelis-darželis „Naminukas“","Naminukas (Klinikų g. 5)","190016012","Klinikų g. 5","+370 5 2 34 61 18","rastine@naminukas.vilnius.lm.lt","http://darzelisnaminukas.lt/","I-V 7.00-18.30","6064324","584673",,,"School_type_playschool"
195,"Vilniaus lopšelis-darželis „Nykštukas“","Nykštukas","290015630","Taikos g. 190","+ 370 5 2 42 49","rastine@nykstukas.vilnius.lm.lt","http://www.nykstukas.vilnius.lm.lt/","6.30-18.30","6064340","578266",,,"School_type_playschool"
196,"Vilniaus lopšelis-darželis „Ozas“","Ozas","190031982","Gelvonų g. 24","+370 5 2 46 33 23","rastine@ozas.vilnius.lm.lt","http://www.darzelisozas.lt/","07:00-17:30","6064973","580945",,,"School_type_playschool"
197,"Vilniaus lopšelis-darželis „Pabiručiai“","Pabiručiai","190021874","Brolių g. 18","+370 5 216 60 75","rastine@pabiruciai.vilnius.lm.lt","http://www.pabiruciai.vilnius.lm.lt/","6.30-18.00","6059283","581775",,,"School_type_playschool"
198,"Vilniaus lopšelis-darželis „Pagrandukas“","Pagrandukas (Mindaugo g.)","190013817","Mindaugo g. 15A","+370 5 233 92 26","rastine@pagrandukas.vilnius.lm.lt","http://www.vilniauspagrandukas.lt","7.30-18.00","6060779","582121",,,"School_type_playschool"
199,"Vilniaus lopšelis-darželis „Pakalnutė“","Pakalnutė","190023697","Architektų g. 44","+370 5 2 44 14 90","rastine@pakalnute.vilnius.lm.lt","https://www.vilniauspakalnute.lt/","I-IV 6:30-18:30  V 6:30-18:00","6060245","578504",,,"School_type_playschool"
200,"Vilniaus Panerių lopšelis-darželis","Panerių (Juodšilių g. 10)","190016546","Juodšilių g. 10","+370 5 264 12 41","rastine@paneriudarzelis.vilnius.lm.lt","https://www.paneriudarzelis.lt/","6.30-18.30","6055221","576151",,,"School_type_playschool"
201,"Vilniaus lopšelis-darželis „Papartis“","Papartis","190030880","Čiobiškio g. 17","+370 5 241 52 18","rastine@papartis.vilnius.lm.lt","http://www.papartis.vilnius.lm.lt/","7.00-18.30","6065285","579915",,,"School_type_playschool"
203,"Vilniaus lopšelis-darželis „Pasaka“","Pasaka","190021917","Žirmūnų g. 110","+370 5 277 58 39","rastine@pasaka.vilnius.lm.lt","https://www.pasaka.vilnius.lm.lt/","6.30-18.30","6066164","583842",,,"School_type_playschool"
204,"Vilniaus lopšelis-darželis „Paslaptis“","Paslaptis","190020249","Darželio g. 7","+370 5 267 26 56","rastine@paslaptis.vilnius.lm.lt","https://www.ldpaslaptis.lt/","6.00-18.00","6062328","591333",,,"School_type_playschool"
205,"Vilniaus lopšelis-darželis „Pasakaitė“","Pasakaitė","190022780","Taikos g. 30","+370 5 2 42 29 45","rastine@pasakaite.vilnius.lm.lt","http://darzelispasakaite.lt/","6.30-18.30","6065571","578966",,,"School_type_playschool"
206,"Vilniaus lopšelis-darželis „Pelėda“","Pelėda","190030542","Musninkų g. 10","+370 5 241 86 27","rastine@peleda.vilnius.lm.lt","http://www.darzelispeleda.vilnius.lm.lt/","7.00-18.30","6065012","579870",,,"School_type_playschool"
207,"Vilniaus lopšelis-darželis „Pelenė“","Pelenė","190022257","Justiniškių g. 84","+370 5 242 62 95","rastine@pelene.vilnius.lm.lt","http://www.pelene.vilnius.lm.lt/","6.00-18.00","6065928","578486",,,"School_type_playschool"
208,"Vilniaus lopšelis-darželis „Pipiras“","Pipiras","190021493","Krokuvos g. 6A",,"rastine@pipiras.vilnius.lm.lt","http://www.pipiras.vilnius.lm.lt/","6.30-18.30","6062986","582842",,,"School_type_playschool"
209,"Vilniaus lopšelis-darželis „Prie pasakų parko“","Prie pasakų parko","190028858","Loretos Asanavičiūtės g. 7","+370 5 245 89 89","rastine@priepasakuparko.vilnius.lm.lt","http://priepasakuparko.lt/","7.00-19.00","6061370","577417",,,"School_type_special,School_type_playschool"
210,"Vilniaus lopšelis-darželis „Pumpurėlis“","Pumpurėlis (Kalvarijų g. 186)","190011951","Kalvarijų g. 186","+370 5 277 58 22","rastine@pumpurelis.vilnius.lm.lt","http://www.pumpurelis.vilnius.lm.lt/","7.00-18.00","6064711","582594",,,"School_type_playschool"
211,"Vilniaus lopšelis-darželis „Pumpurėlis“","Pumpurėlis (Trinapolio g. 11)","190011951-721","Trinapolio g. 11","+370 5 277 58 22","rastine@pumpurelis.vilnius.lm.lt","http://www.pumpurelis.vilnius.lm.lt/","7.00-18.00","6066065","583013",,,"School_type_playschool"
212,"Vilniaus lopšelis-darželis „Puriena“","Puriena","190029611","Tujų g. 1","+370 5 241 22 21","rastine@puriena.vilnius.lm.lt","http://ldpuriena.lt/","7.00-19.00","6063771","579356",,,"School_type_playschool"
213,"Vilniaus lopšelis-darželis „Pušaitė“","Pušaitė","190025890","Bistryčios g. 3","+370 5 234 37 92","rastine@pusaite.vilnius.lm.lt","https://darzelispusaite.lt/","6.45-18.45","6064071","584954",,,"School_type_playschool"
214,"Vilniaus lopšelis-darželis „Pušynėlis“","Pušynėlis (Miglos g. 53)","190016884-96","Miglos g. 53","+370 5 275 18 91","rastine@pusynelis.vilnius.lm.lt","http://www.pusynelis.vilnius.lm.lt/","7.00-19.00","6063459","580031",,,"School_type_playschool"
215,"Vilniaus lopšelis-darželis „Pušynėlis“","Pušynėlis (A. Mickevičiaus g. 21)","190016884","A. Mickevičiaus g. 21","+370 5 260 78 13","rastine@pusynelis.vilnius.lm.lt","http://www.pusynelis.vilnius.lm.lt/","7.00-18.30","6062243","580686",,,"School_type_playschool"
216,"Vilniaus lopšelis-darželis „Raktelis“","Raktelis","190028662","A.P. Kavoliuko g. 12","+370 5 245 68 88","rastine@raktelis.vilnius.lm.lt","http://www.raktelisdarzelis.lt/","6.00-18.00","0","0",,,"School_type_playschool"
217,"Vilniaus lopšelis-darželis „Rasa“","Rasa","190013055","M. Daukšos g. 15","+370 5 261 89 13","rastine@rasa.vilnius.lm.lt","https://www.darzelisrasa.lt/","6.30-18.30","6060531","583570",,,"School_type_playschool"
218,"Vilniaus savivaldybės Grigiškių lopšelis-darželis „Rugelis“","Rugelis","190648058","Kovo 11-osios g. 29A","+370 5 247 72 59","rastine@rugelis.vilnius.lm.lt","https://www.rugelis.vilnius.lm.lt","I-V 7:00-17:30","6059764","570509",,,"School_type_playschool"
219,"Vilniaus lopšelis-darželis „Riešutėlis“","Riešutėlis","190013621","Erfurto g. 21","+370 5 244 77 48","rastine@riesutelis.vilnius.lm.lt","http://ldriesutelis.lt/","6.30-18.30","6060722","577783",,,"School_type_playschool"
220,"Vilniaus lopšelis-darželis „Rytas“","Rytas","190026316","Architektų g. 162","+370 244 97 98","rastine@rytas.vilnius.lm.lt","https://www.ldrytas.lt/","6.30-18.30","6061623","578425",,,"School_type_playschool"
221,"Vilniaus lopšelis-darželis „Ramunėlė“","Ramunėlė","190021155","Žirmūnų g. 10","+370 5 275 84 24","rastine@ramunele.vilnius.lm.lt","http://ldramunele.lt/","6.00-18.00","6063409","583687",,,"School_type_playschool"
222,"Vilniaus lopšelis-darželis „Rūta“","Rūta","190020968","Žirmūnų g. 50","+370 5 279 77 00","rastine@ruta.vilnius.lm.lt","https://sites.google.com/site/darzelisruta/","6.30-18.30","6063864","583954",,,"School_type_playschool"
223,"Vilniaus lopšelis-darželis „Sadutė“","Sadutė","190017986","Z. Sierakausko g. 28","+370 5 233 77 82","rastine@sadute.vilnius.lm.lt","http://www.sadute.vilnius.lm.lt/","7.30-18.00","6061536","581487",,,"School_type_playschool"
224,"Vilniaus lopšelis-darželis „Sakalėlis“","Sakalėlis","190033314","S. Stanevičiaus g. 86","+370 5 247 52 50","rastine@sakalelis.vilnius.lm.lt","http://darzelis-sakalelis.lt/","6.45-18.45","6066416","580734",,,"School_type_playschool"
225,"Vilniaus Salininkų lopšelis-darželis","Salininkų","191326124","Kalviškių g. 1","+370 5 235 83 55","rastine@salininkai.vilnius.lm.lt","https://www.salininkai.vilnius.lm.lt/","6.30-18.30","6052944","581328",,,"School_type_playschool"
226,"Vilniaus lopšelis-darželis „Salvija“","Salvija","190019460","J. Jasinskio g. 17","+370 5 249 62 23","rastine@salvija.vilnius.lm.lt","https://salvijadarzelis.lt/","7.00-19.00","6062109","581253",,,"School_type_playschool"
227,"Vilniaus lopšelis-darželis „Saulėtekis“","Saulėtekis","190014157","Genių g. 12","+370 5 267 08 32","rastine@sauletekis.vilnius.lm.lt","http://www.sauletekis.vilnius.lm.lt/","6.00-18.00","6062344","591681",,,"School_type_playschool"
228,"Vilniaus lopšelis-darželis „Skroblinukas“","Skroblinukas","190014680","Skroblų g. 13","+370 5 213 32 44","rastine@skroblinukas.vilnius.lm.lt","https://skroblinukas.lt/","6.30-18.30","6060044","580835",,,"School_type_playschool"
229,"Vilniaus lopšelis-darželis „Smalsučiai“","Smalsučiai","190025552","Minties g. 40","+370 5 275 20 04","rastine@smalsuciai.vilnius.lm.lt","http://vilniaussmalsuciai.lt/","7.00-19.00","6063681","583482",,,"School_type_playschool"
231,"Vilniaus lopšelis-darželis „Spragtukas“","Spragtukas","190011613","Žirmūnų g. 108","+370 5 277 17 62","rastine@spragtukas.vilnius.lm.lt","http://ldspragtukas.lt/","6.30-18.30","6066278","583825",,,"School_type_playschool"
232,"Vilniaus lopšelis-darželis Strazdelis","Strazdelis","190028477","Igno Šimulionio g. 14","+370 5 242 24 64","rastine@strazdelis.vilnius.lm.lt","http://www.strazdelis.vilnius.lm.lt/","6.30-18.30","6063215","579213",,,"School_type_playschool"
233,"Vilniaus lopšelis-darželis „Sveikuolis“","Sveikuolis","190030161","Dūkštų g. 14","+370 5 242 28 27","rastine@sveikuolis.vilnius.lm.lt","https://www.vilniaussveikuolis.lt/","6.30-18.30","6064720","580125",,,"School_type_playschool"
234,"Vilniaus lopšelis-darželis „Šermukšnėlė“","Šermukšnėlė","290029950","Didlaukio g. 66","+370 5 277 98 29","rastine@sermuksnele.vilnius.lm.lt","http://www.sermuksnele.lt/","6.30-18.30","6066404","581891",,,"School_type_playschool"
235,"Vilniaus lopšelis-darželis „Šypsena“","Šypsena","190011766","P. Višinskio g. 23","+370 5 261 11 68","rastine@sypsena.vilnius.lm.lt","http://www.sypsena.vilnius.lm.lt/","6.00-18.00","0","0",,,"School_type_playschool"
236,"Vilniaus lopšelis-darželis „Šnekutis“","Šnekutis (Vytenio g. 41)","190017267","Vytenio g. 41","+370 5 213 04 84","rastine@snekutis.vilnius.lm.lt","http://www.snekutis.vilnius.lm.lt/","6.30-18.30","6060541","581507",,,"School_type_playschool"
237,"Vilniaus lopšelis-darželis „Užupiukas“","Užupiukas","190022442","Filaretų g. 19","+370 5 215 49 02","rastine@uzupiukas.vilnius.lm.lt","uzupiukas.lt","6.30-18.30","6061661","584234",,,"School_type_playschool"
238,"Vilniaus lopšelis-darželis „Vaidilutė“","Vaidilutė","190015978","Rinktinės g. 29","+370 5 275 13 54","rastine@vaidilute.vilnius.lm.lt","http://www.vaidilute.vilnius.lm.lt/","6.30-18.30","6063132","583062",,,"School_type_playschool"
239,"Vilniaus lopšelis-darželis „Vandenis“","Vandenis","190033990","P. Žadeikos g. 14A","+370 5 248 36 36","rastine@vandenis.vilnius.lm.lt","http://ldvandenis.lt/","6.30-.18.30","6067055","579871",,,"School_type_playschool"
240,"Vilniaus lopšelis-darželis „Varpelis“","Varpelis","190030019","Ukmergės g. 204","+370 5 242 28 45","rastine@varpelis.vilnius.lm.lt","https://www.darzelisvarpelis.lt/","6.00-18.00","6064729","580302",,,"School_type_playschool"
241,"Vilniaus lopšelis-darželis „Vėjelis“","Vėjelis (Gabijos g. 21)","190032899","Gabijos g. 21","+370 5 247 36 56","rastine@vejelis.vilnius.lm.lt","https://vejelis.lt/grupes/","6.30-18.30","6066861","578763",,,"School_type_playschool"
242,"Vėjelis (Medeinos g. 8A)","Vėjelis (Medeinos g. 8A)","190032899-10220","Medeinos g. 8A","+370 5 247 36 56","rastine@vejelis.vilnius.lm.lt","https://vejelis.lt/grupes/",,"6066703","579031",,,"School_type_playschool"
243,"Vilniaus lopšelis-darželis „Vėtrungė“","Vėtrungė","190028096","Gardino g. 8","+370 5 261 91 51","rastine@vetrunge.vilnius.lm.lt","https://www.ldvetrunge.lt/","6.30-18.30","6059622","583920",,,"School_type_playschool"
244,"Vilniaus lopšelis-darželis „Vilnelė“","Vilnelė","190023544","Pergalės g. 20","+370 5 26 70 734","rastine@vilnele.vilnius.lm.lt","http://www.vilnele.vilnius.lm.lt/","6.00-18.00","6062147","591050",,,"School_type_playschool"
245,"Vilniaus lopšelis-darželis „Vėrinėlis“","Vėrinėlis","190033848","S. Stanevičiaus g. 68","+370 5 247 91 29","rastine@verinelis.vilnius.lm.lt","https://www.xn--vilniausvrinlis-k8bd.lt/","6.30-18.30","6066290","580731",,,"School_type_playschool"
246,"Vilniaus lopšelis-darželis „Viltenė“","Viltenė","190014538","Gerosios Vilties g. 7A","+370 5 233 76 49","rastine@viltene.vilnius.lm.lt","http://viltene.lt/","6.30-18.30","6059971","580170",,,"School_type_playschool"
247,"Vilniaus lopšelis-darželis „Voveraitė“","Voveraitė","190012868","Jūratės g. 4A","+370 5 234 36 93","rastine@voveraite.vilnius.lm.lt","https://www.vilniausvoveraite.lt/","7.00-19.00","6063156","584800",,,"School_type_playschool"
248,"Vilniaus Trakų Vokės lopšelis-darželis","Trakų Vokės","291326310","Eduardo Andrė g. 6","+370 5 264 51 42","rastine@trakuvoke.vilnius.lm.lt","https://www.trakuvokesdarzelis.lt/","7.00-18.00","6055241","571717",,,"School_type_playschool"
249,"Vilniaus lopšelis-darželis „Zylutė“","Zylutė","190029198","Justiniškių g. 45","+370 5 241 0220","rastine@zylute.vilnius.lm.lt","https://www.zylute.lt/","6.30-18.30","6063900","578692",,,"School_type_playschool"
250,"Vilniaus lopšelis-darželis „Želmenėliai“","Želmenėliai","190023359","Šaltkalvių g. 30","+370 5 216 50 85","rastine@zelmeneliai.vilnius.lm.lt","http://zelmeneliai.com/","6.30-18.30","6058911","581955",,,"School_type_playschool"
251,"Vilniaus lopšelis-darželis „Žemyna“","Žemyna","190032027","Žemynos g. 13","+370 247 16 18","rastine@zemyna.vilnius.lm.lt","www.zemyna.vilnius.lm.lt","6.30-18.30","6066007","579220",,,"School_type_playschool"
252,"Vilniaus lopšelis-darželis „Žemuogėlė“","Žemuogėlė","290011190","Architektų g. 108","+370 5 244 74 50","rastine@zemuogele.vilnius.lm.lt","http://www.zemuogele.lt/","7.00-19.00","6060702","577330",,,"School_type_playschool"
253,"Vilniaus lopšelis-darželis „Žibutė“","Žibutė","290023730","Architektų g. 62","+370 5 244 25 70","rastine@zibute.vilnius.lm.lt","https://www.zibute.lt/","6.30-18.30","6060142","578099",,,"School_type_playschool"
254,"Vilniaus lopšelis-darželis „Žiedas“","Žiedas","190032212","Žemynos g. 41","+370 5 247 17 35","rastine@ziedas.vilnius.lm.lt","http://darzelisziedas.lt/","6.30-18.00","6066420","579182",,,"School_type_playschool"
255,"Vilniaus lopšelis-darželis „Žilvitis“","Žilvitis","190022823","Viršuliškių g. 9","+370 241 67 14","rastine@zilvitis.vilnius.lm.lt","https://www.vilniauszilvitis.lt/","7.00-19.00","6064823","579066",,,"School_type_playschool"
256,"Vilniaus „Žilvinėlio“ lopšelis-darželis","Žilvinėlio","190015825","Taikos g. 130","+370 5 241 92 12","rastine@zilvinelis.vilnius.lm.lt","http://www.zilvinelis.lt/","7.00-19.00","6065108","578345",,,"School_type_playschool"
257,"Vilniaus lopšelis-darželis „Žiogelis“","Žiogelis (J. Kolaso g. 15)","190013774","J. Kolaso g. 15","+370 5 267 09 69","rastine@ziogelis.vilnius.lm.lt","http://www.pavilnioziogelis.lt/","6.30-18.30","6060159","587527",,,"School_type_playschool"
258,"Vilniaus lopšelis-darželis „Žolynėlis“","Žolynėlis","190023163","Žolyno g. 44","+370 5 234 34 00","rastine@zolynelis.vilnius.lm.lt","http://www.zolynelis.vilnius.lm.lt/","7.00-19.00","6064324","586286",,,"School_type_special,School_type_playschool"
259,"Vilniaus lopšelis-darželis „Žuvėdra“","Žuvėdra","190017648","Parko g. 8A","+370 5 267 36 43","rastine@zuvedra.vilnius.lm.lt","http://www.zuvedra.vilnius.lm.lt/","6.00-18.00","6062362","591153",,,"School_type_playschool"
260,"Vilniaus lopšelis-darželis „Žvangutis“","Žvangutis","190017833","Rinktinės g. 38A","+370 5 275 36 15","rastine@zvangutis.vilnius.lm.lt","http://vilnius-zvangutis.lt/","7.00-19.00","6063137","582826",,,"School_type_playschool"
261,"Vilniaus lopšelis-darželis „Žirniukas“ (Bistryčios g. 9A)","Žirniukas (Bistryčios g. 9A)","190018892","Verkių g. 17","+370 5 276 56 66","rastine@zirniukas.vilnius.lm.lt","http://www.zirniukas.vilnius.lm.lt/","6.30-18.30","6064149","582987",,,"School_type_playschool"
262,"Vilniaus lopšelis-darželis „Šilelis“","Šilelis","290026840","Sietyno g. 5","+370 5 245 98 00","rastine@silelis.vilnius.lm.lt","https://www.vilniaussilelis.lt/","6.30-18.30","6061683","577294",,,"School_type_playschool"
263,"Vilniaus lopšelis-darželis „Justinukas“","Justinukas (laikinai vykdo veiklą kitu adresu)","190016731","Taikos g. 99","+37052422429","rastine@justinukas.vilnius.lm.lt","https://www.justinukas.vilnius.lm.lt/","6.30-18.30","6065757","578141",,,"School_type_playschool"
264,"Vilniaus lopšelis-darželis „Bangelė“","Bangelė","190020434","Žemaitės g. 3","+370 5 213 41 94","rastine@bangele.vilnius.lm.lt","https://www.ldbangele.lt/","6.00-18.00","6060388","580757",,,"School_type_playschool"
265,"Vilniaus lopšelis-darželis „Gėlynas“","Gėlynas","190012334","Gėlių g. 9A","+370 5 2 33 25 ","rastine@gelynas.vilnius.lm.lt","https://sites.google.com/site/darzelisgelynas/","6.30-18.30","6060442","582724",,,"School_type_playschool"
266,"Vilniaus lopšelis-darželis „Obelėlė“","Obelėlė","190023882","Architektų g. 204","+370 5 244 29 69","rastine@obelele.vilnius.lm.lt","http://www.obelele.vilnius.lm.lt/","7.00-18.00","6061258","578692",,,"School_type_playschool"
267,"Vilniaus lopšelis-darželis „Spygliukas“","Spygliukas","190022595","Architektų g. 16","+370 244 30 03","rastine@spygliukas.vilnius.lm.lt","http://www.spygliukas.vilnius.lm.lt/","6.30-18.30","6060560","578449",,,"School_type_playschool"
268,"Vilniaus lopšelis-darželis „Vieversys“","Vieversys","190020815","Žirmūnų g. 89","+370 277 06 26","rastine@vieversys.vilnius.lm.lt","https://www.vieversys.lt/","7.00-18.00","6065626","584093",,,"School_type_playschool"
269,"Vilniaus lopšelis-darželis „Žirmūnėliai“","Žirmūnėliai","290020620","Žirmūnų g. 13","+370 5 276 63 98","rastine@zirmuneliai.vilnius.lm.lt","http://www.zirmuneliai.vilnius.lm.lt/","6.30-18.30","6064693","584178",,,"School_type_playschool"
270,"Vilniaus darželis-mokykla „Dainorėliai“","Dainorėliai (Goštauto g. 4)","190012291-688","Goštauto g. 4","+370 5 249 75 72","rastine@dainoreliu.vilnius.lm.lt","https://www.dainoreliai.lt/","7.00-18.15","0","0",,,"School_type_mainstream,School_type_playschool"
271,"Vilniaus lopšelis-darželis „Gabijėlė“","Gabijėlė","190033271","Gabijos g. 1","+370 2 47 19 25","rastine@gabijele.vilnius.lm.lt","http://gabijele.lt/","6.30-18.30","6066898","579033",,,"School_type_playschool"
272,"Vilniaus lopšelis-darželis „Saulėgrąža“","Saulėgrąža","190027560","Taikos g. 31","+370 5 247 41 82","rastine@saulegraza.vilnius.lm.lt","http://saulegraza.net/","6.30-18.30","6065577","579285",,,"School_type_playschool"
273,"Vilniaus lopšelis-darželis „Pilaitukas“","Pilaitukas (I. Kanto al. 7A)","301879757","I. Kanto al. 7A","+370 666 88 343","rastine@pilaitukas.vilnius.lm.lt","http://darzelispilaitukas.lt/","7.00-19.00","6063638","576320",,,"School_type_playschool"
274,"Vilniaus lopšelis-darželis „Pilaitukas“","Pilaitukas (Įsruties g. 27-101)","301879757-723","Įsruties g. 27","+370 5 250 57 19","rastine@pilaitukas.vilnius.lm.lt","http://pilaitukas.lt/","7.00-19.00","6064799","576100",,,"School_type_playschool"
275,"Vilniaus lopšelis-darželis „Pilaitukas“","Pilaitukas (Vydūno g. 2-57A)","301879757-10219","Vydūno g. 2 - 57A","+370 5 250 57 19","rastine@pilaitukas.vilnius.lm.lt","http://pilaitukas.lt/","8:00-19:00","0","0",,,"School_type_playschool"
277,"Vilniaus lopšelis-darželis „Švelnukas“","Švelnukas","190019656","Žalgirio g. 115","+370 5 276 63 42","rastine@svelnukas.vilnius.lm.lt","http://www.svelnukas.vilnius.lm.lt/","6.30-18.00","6063870","582480",,,"School_type_playschool"
278,"Vilniaus lopšelis-darželis „Boružėlė“","Boružėlė","190021721","Latvių g. 40","+370 5 275 32 19","rastine@boruzele.vilnius.lm.lt","http://www.boruzeleld.lt/","6.30-18.30","6062729","580386",,,"School_type_playschool"
279,"Vilniaus lopšelis-darželis „Giliukas“","Giliukas","302716948","Minties g. 1","+370 2 70 50 75","rastine@giliukas.vilnius.lm.lt","-","6.30-18.30","6064058","583842",,,"School_type_playschool"
280,"Vilniaus Lazdynų mokykla","Lazdynų mokykla (Liudvinavo g.128)","190005489-676","Liudvinavo g. 128","+370 524 45158","rastine@lazdynu.vilnius.lm.lt","http://www.lazdynumokykla.lt/","I-IV 7.00-18.00, V-7.00-17.30","6055957","572917",,,"School_type_playschool"
281,"VĮ Mažasis Trinapolis mok. 160 Eur","VĮ Mažasis Trinapolis mok. 160 Eur","15","Trinapolio g. 3A","+37065848929","info@mazasistrinapolis.lt",,,"6066001","583008","25.288570","54.723520","School_type_private_playschool"
282,"Vilniaus Santariškių lopšelis-darželis","Santariškių","303384413","Santariškių g. 27A","+370 5 219 48 34","rastine@santariskes.vilnius.lm.lt","http://santariskiudarzelis.lt/","7:00-18:30","6070181","582535",,,"School_type_playschool"
283,"VMSA testuojamas darželis","VMSA testuojamas darželis","1","test","1","test",,,"0","0",,,"School_type_playschool"
285,"Dienos centras šviesa","Dienos centras šviesa","190997946-317","Baltasis Skersgatvis 3, Vilnius 01207","+370 5 212 1578","dcsviesa@takas.lt","www.dcsviesa.lt",,"6061388","584087",,,"School_type_playschool,School_type_pension"
286,"Dienos centras „Šviesa“","Dienos centras Šviesa","190997946","Baltasis skg. 3A","+370 5 212 1578","dcsviesa@takas.lt",,,"6061407","584122",,,"School_type_playschool,School_type_pension"
287,"Vilniaus lopšelis-darželis „Ąžuolas“","Ąžuolas","303318623","Žirmūnų g. 32","+370 5 219 99 82","rastine@azuolas.vilnius.lm.lt","http://azuolasld.lt/","7.00-19.00","6063664","583795",,,"School_type_playschool"
288,"Valakampių socialinių paslaugų namai","Valakampių socialinių paslaugų namai","190998090","Rukeliškių g. 44, Vilniaus m., Vilniaus m. sav., LT-10101","+370 5 277 7838","valakampiu@valakampiuspn.lt",,,"6068057","583933",,,"School_type_playschool,School_type_pension"
289,"Vilniaus lopšelis-darželis „Gluosnis“","Gluosnis","304028651","Justiniškių g. 65","+370 5 2 31 95 77","rastine@gluosnis.vilnius.lm.lt","www.gluosnis.vilnius.lm.lt","7.00-18.00","6064191","578425",,,"School_type_playschool"
291,"Vilniaus lopšelis-darželis „Žolynas“","Žolynas","304221230","Žolyno g. 45A","+370 5 234 14 39","rastine@zolynas.vilnius.lm.lt","http://zolynodarzelis.lt/","7:00-18.30","6064325","586025",,,"School_type_special,School_type_playschool"
292,"VšĮ ""Smalsuolis""","VšĮ ""Smalsuolis""","303086484","Paeglinės Sodų 1-oji g. 1","867248316","linagikeviciene@gmail.com",,,"6060741","588408",,,"School_type_private_playschool"
293,"Všį Karalių pasaka","Všį Karalių pasaka","300670377","Šerkšno g. 16","+37060654118","karaliupasaka@yahoo.com",,,"6058694","576625","25.187600","54.658890","School_type_private_playschool"
294,"Vilniaus saulės vaikai","Saulės vaikai","302621261","Kernavės g. 16","868785417","info@vaiku-darzelis.lt","http://www.vaiku-darzelis.lt",,"6063710","582212",,,"School_type_private_playschool"
295,"VšĮ ""Žemės aidas""","VšĮ ""Žemės aidas""","303123908","Aido g. 7","+37067987766","zemesaidas@gmail.com",,,"6059988","583746","25.298300","54.669380","School_type_private_playschool"
296,"UAB ""Superdarželiai""","UAB ""Superdarželiai""","303194093","Gabijos g. 42","+37068461466","info@superbriedis.lt","http://www.superbriedis.lt",,"6067347","578963","25.226160","54.736260","School_type_private_playschool"
297,"VšĮ ""Aitvariukai""","VšĮ ""Aitvariukai""","303378734","S. Stanevičiaus g. 61","869904224","info@aitvariukai.lt","www.aitvariukai.lt",,"6066501","580980",,,"School_type_private_playschool"
298,"VšĮ ""Vaikų dvarelis""","VšĮ ""Vaikų dvarelis""","303776357","Ukmergės g. 196","861569954","vileitiene@hotmail.com","www.vaikudvarelis.lt",,"6064600","580392",,,"School_type_private_playschool"
299,"VšĮ ""Pepės akademija""","VšĮ ""Pepės akademija""","303359876","Viršuliškių g. 53A","860177762","pepes.akademija@gmail.com","www.pepesakademija.lt",,"6064133","578693",,,"School_type_private_playschool"
300,"VšĮ ""Kartu saldu""","VšĮ ""Kartu saldu""","302562980","Krokuvos g. 8","867579964","visiemskartu@gmai.com",,,"6063026","582659",,,"School_type_private_playschool"
301,"Neringos Čereškevičienės įmonė ""TELE BIM BAM studija""","Neringos Čereškevičienės įmonė ""TELE BIM BAM studija""","224164280","Algirdo g. 11","68 750 784","tbbdarzelis@gmail.com","www.telebimbam.lt",,"6061128","581894",,,"School_type_private_playschool"
302,"UAB ""Sniego liūtas""","UAB ""Sniego liūtas""","303362121","Konstitucijos pr. 12","868770179","snow.lion.vilnius@gmail.com","www.sniegoliutas.lt",,"6062814","582382",,,"School_type_private_playschool"
303,"VšĮ ""Montessori metodo centras""","VšĮ ""Montessori metodo centras""","122238891","Jovaro g. 6","+37065694510","montessoricentras@gmail.com","http://www.montessoricentras.lt/",,"6061280","581349","25.261510","54.681380","School_type_private_playschool"
304,"Nevalstybinis vaikų darželis ""Nendrė""","Nendrė","195004964","Giedraičių g. 16A","852752282","nendre@post.5ci.lt",,,"6063230","582380",,,"School_type_private_playschool"
305,"Viešoji įstaiga Rudolfo Stainerio gydomosios pedagogikos centras","Viešoji įstaiga Rudolfo Stainerio gydomosios pedagogikos centras","110080871","Vido Maciulevičiaus g. 20","864659955","centras@stainerio.info","http://www.rsgpc.org/",,"6061958","577803",,,"School_type_private_playschool"
306,"Antano Mockaus Asociacija","Antano Mockaus Asociacija","301520035","Architektų g. 49","867868027","vaikuciu@gmail.com","http://www.mockus.eu",,"6060551","577431",,,"School_type_private_playschool"
307,"VšĮ ""Metų laikai""","VšĮ ""Metų laikai""","300913594","Liepkalnio g. 86A","852513284","metulaikai@zebra.lt","http://www.metu-laikai.lt",,"6058754","584131",,,"School_type_private_playschool"
308,"VŠĮ „Namų darželis“","Namų darželis","300883820","Žirmūnų g. 139A","852737261","info@ziniukas.lt","www.ziniukas.lt/pradine-mokykla/",,"6066093","583566",,,"School_type_private_playschool"
309,"Valdorfo darželis všį vaikų darželis ""Namelis medyje""","Namelis medyje","300776494","Saulės g. 9A","+37062213901","labas@valdorfodarzelis.lt",,,"6062651","584545","25.311450","54.693180","School_type_private_playschool"
310,"VšĮ ""Mėnulio vaikai""","VšĮ “Mėnulio vaikai“","302498264","Šermukšnių g. 4B","+37063000491","info@menuliovaikai.lt","http://www.menuliovaikai.lt",,"6062295","582163","25.274420","54.690360","School_type_private_playschool"
311,"VšĮ Švietimo ir ugdymo centras","VšĮ Švietimo ir ugdymo centras","302553262","Rinktinės g. 26","868115974","darzelisreg@gmail.com",,,"6062861","583015",,,"School_type_private_playschool"
312,"VšĮ Vilniaus inžinerijos ir technologijų licėjus","VšĮ Vilniaus inžinerijos ir technologijų licėjus","302562877","Žemuogių g. 10","+37065514411","info@manodarzelis.lt","http://www.manodarzelis.lt",,"6068272","582061","25.274520","54.744070","School_type_private_playschool"
313,"VšĮ ""KLAUŽADA""","VšĮ KLAUŽADA","302520038","Aukštaičių g. 2","+37060692080","zivile@darzelisklauzada.lt","www.smm.lt/nsivst.htm",,"6061085","583775","25.299070","54.679230","School_type_private_playschool"
314,"VšĮ Bajorų vaikų lopšelis-darželis ""Šypsenėlė""","Šypsenėlė","302571221","Antano Gelgaudo g. 24","+37060605393","vistafeja@gmail.com","http://www.bajorudarzelis.lt/",,"6068704","579170","25.229740","54.748420","School_type_private_playschool"
315,"VšĮ Dienos centras ""Boružėlės""","VšĮ Dienos centras “Boružėlės“","302498613","Fizikų g. 3","867356070","info@boruzeles.lt","http://www.boruzeles.lt/",,"6069641","581529",,,"School_type_private_playschool"
316,"Darželis „Šilagėlė“ (VŠĮ „SG8“)","Šilagėlė","191743947","Liepyno g. 4","869880252","administracija@silagelesdarzeliai.lt; zverynas@silagelesdarzeliai.lt","http://www.silagelesdarzeliai.lt/",,"6063057","580905",,,"School_type_private_playschool"
317,"VšĮ DUKU","VšĮ DUKU","302297941","Šeškinės g. 65","852461772","tomasduku@gmail.com",,,"6065090","580035",,,"School_type_private_playschool"
318,"VšĮ ""Vilniaus Montessori""","VšĮ “Vilniaus Montessori“","302442881","Latvių g. 16A","+37064070875","admin@vms.lt","http://www.vms.lt",,"6062755","580753","25.252670","54.694720","School_type_private_playschool"
319,"VšĮ ""Balsių darželis""","Balsių darželis","302593755","Vilkynės g. 40","865544626","info@balsiudarzelis.lt","http://www.balsiudarzelis.lt/",,"6071725","588183",,,"School_type_private_playschool"
320,"VšĮ ""Baltupių darželis""","Baltupių darželis","302592863","Kalvarijų g. 281","869833563","info@baltupiudarzelis.lt","http://www.baltupiudarzelis.lt",,"6067355","582367",,,"School_type_private_playschool"
321,"VšĮ ""Zebriukas""","Zebriukas","302544815","Juliaus Juzeliūno g. 16","+37068887544","info@katinodieneles.lt","http://zebriukodarzelis.lt",,"6066409","580133","25.244060","54.727650","School_type_private_playschool"
322,"UAB Vaikystės sodas (L. Sapiegos sodas)","UAB Vaikystės sodas (L. Sapiegos sodas)","302602019","Antakalnio g. 28","+37069687949","info@vaikystes-sodas.lt","http://vaikystes-sodas.lt",,"6063329","584339","25.308460","54.699300","School_type_private_playschool"
323,"UAB ""PUM plius""","UAB ""PUM plius""","122091270","V. Grybo g. 7","852711079","info@gimnazija.lt","http://gimnazija.lt",,"6063580","584756",,,"School_type_private_playschool"
324,"VšĮ „Du bambliai“","Du bambliai (Taškius Bajoruose)","302890977","Smėlio g. 18","+37069139655","info@taskius.lt","http://www.taskius.lt/",,"6064094","584670","25.313810","54.706110","School_type_private_playschool"
325,"VšĮ Katalikiškas vaikų darželis ""MAŽUTĖLIAMS""","MAŽUTĖLIAMS","302576752","Kalvarijų g. 331","+37064839310","darzelis.mazuteliams@gmail.com","http://www.mazuteliams.lt",,"6067771","582330","25.278550","54.739530","School_type_private_playschool"
326,"VšĮ ""Saulužės vaikai""","VšĮ ""Saulužės vaikai""","302659212","Ateities g. 44","865012510","a.jolanta1@gmail.com","http://www.sauluzesvaikai.lt/",,"6066691","580397",,,"School_type_private_playschool"
327,"NUA „Abadelė“","Abadelė","302629023","Aukštagirio g. 18","868747907","lopselis.abadele@gmail.com","http://www.abadele.lt/",,"6067794","587071",,,"School_type_private_playschool"
328,"Všį ""Vaiko medis""","Všį “Vaiko medis“","302637276","M. K. Čiurlionio g. 18A","+37061913890","info@vaikomedis.lt","http://www.vaikomedis.lt",,"6061353","581467","25.263360","54.682020","School_type_private_playschool"
329,"VšĮ ""Atradimų namai"" - Aukštyn kojom","VšĮ ""Atradimų namai"" - Aukštyn kojom","302787322","Gulbių g. 5","861288585","darzelis@aukstynkojom.lt",,,"6062951","580218",,,"School_type_private_playschool"
330,"VšĮ ""Balseliai""","VšĮ ""Balseliai""","300021830","Bubilo g. 7","861006560","balseliai@gmail.com","http://www.balseliai.lt",,"6072267","587138",,,"School_type_private_playschool"
331,"VšĮ ""SAULĖS ZUIKUČIAI""","VšĮ ""SAULĖS ZUIKUČIAI""","302517063","Kalvarijų g. 290","+37067957542","zuikuciu.pastas@gmail.com","http://www.sauleszuikuciai.lt/",,"6066994","582309","25.278010","54.732550","School_type_private_playschool"
332,"VšĮ „Trys bambliai“ (Taškius Senamiestyje, Taškius Bernardinuose)","Trys bambliai","303375930","Pilies g. 22","+37069139655","info@taskius.lt",,,"6061476","583139","25.289320","54.682850","School_type_private_playschool"
333,"VšĮ ""Vaikų kiemelis""","VšĮ Vaikų kiemelis","302825919","Eitminų g. 16","+37064857067","vaiku.kiemelis@yahoo.com",,,"6067763","578525","25.219470","54.740070","School_type_private_playschool"
334,"VšĮ ""Vaikų akademija""","VšĮ ""Vaikų akademija""","302625968","Algimanto Petro Kavoliuko g. 2A","864151255","info@minidarzelis.lt","http://minidarzelis.lt",,"6063164","578127",,,"School_type_private_playschool"
335,"VšĮ Vilniaus nevalstybinis vaikų lopšelis-darželis ""Rudnosiukas""","Rudnosiukas","302919286","Rūko g. 19A, Vilnius","860868848","info.rudnosiukas@gmail.com","http://www.rudnosiukas.eu/",,"0","0",,,"School_type_private_playschool"
336,"VšĮ ""Mažasis Trinapolis""","VšĮ ""Mažasis Trinapolis""","302937850","Trinapolio g. 11","867089392","rdauniene@gmail.com",,,"6066065","583013",,,"School_type_private_playschool"
337,"VšĮ Geniukas","VšĮ Geniukas","302991855","Bijūnų g. 16","+37061783313","info@geniukas.lt","http://geniukas.lt/",,"6059543","578698","25.219940","54.666200","School_type_private_playschool"
338,"VšĮ Šviesos slėnis","VšĮ Šviesos slėnis","302848953","Kalvarijų Sodų 6-oji g. 21","865290590","info@sviesos-slenis.lt","http://www.sviesos-slenis.lt/",,"6067164","582611",,,"School_type_private_playschool"
339,"VšĮ Euro darželis","Euro darželis","303003691","Eitminų g. 16","+37068482288","bagdoniene.ingrida@gmail.com","http://www.eurodarzelis.lt",,"6067763","578525","25.219470","54.740070","School_type_private_playschool"
340,"VšĮ Pupų pėdelis","VšĮ Pupų pėdelis","303053648","Vydūno g. 17-28, Vilnius.","868520255","info@pupu.lt","http://www.pupu.lt",,"0","0",,,"School_type_private_playschool"
341,"VŠĮ ""Mamos Delne""","VŠĮ “Mamos Delne“","303013956","Kolektyvo g. 236","+37066605005","solveiga@mamosdelne.lt","http://www.mamosdelne.lt",,"6065414","581947","25.271940","54.718420","School_type_private_playschool"
342,"UAB ""MD LT""","UAB ""MD LT""","302825082","Juozo Balčikonio g. 3","+37064151255","info@minidarzeliai.lt",,,"6065549","582814","25.285430","54.719490","School_type_private_playschool"
343,"Nykštukėliai, MB","Nykštukėliai, MB","302910611","M. K. Čiurlionio g. 86","860700408","info@nykstukeliai.lt","http://nykstukeliai.lt",,"6061293","580586",,,"School_type_private_playschool"
344,"VšĮ ""Žemuogėlių pieva""","VšĮ ""Žemuogėlių pieva""","303032344","Laisvės pr. 77C","868476449","888daiva@gmail.com",,,"6065804","579526",,,"School_type_private_playschool"
345,"Asociacija EDUCADO","Asociacija EDUCADO","126304164","Mokyklos g. 36","860030770","info@saviraiskos-studija.lt","http://www.mokyklele.lt",,"6068366","581844",,,"School_type_private_playschool"
346,"VšĮ privatus darželis ""Jorė""","Jorė","303168248","Garvežių g. 15","862307578","darzelis.jore@gmail.com","http://www.darzelisjore.lt",,"6059249","581628",,,"School_type_private_playschool"
347,"VŠĮ Sarmatika","VŠĮ Sarmatika","303162505","Antakalnio g. 22B","+37065759549","info@baltusalele.lt","http://www.baltusalele.lt",,"6063154","584334","25.308330","54.697730","School_type_private_playschool"
348,"UAB Muzikija","UAB Muzikija","147367552","Gražinos g. 22","+37069983033","darzelis@strazdaneles.lt","http://www.strazdaneles.lt",,"6065445","585598","25.328600","54.718090","School_type_private_playschool"
349,"VšĮ „Keturi bambliai"" (Taškius Žvėryne)","VšĮ “Keturi bambliai“ (Taškius Žvėryne)","303375873","Karaimų g. 2A","+37069139655","info@taskius.lt","www.taskius.lt",,"6062207","580936","25.255350","54.689780","School_type_private_playschool"
350,"VšĮ ""Varniukai""","Varniukai","302676756","Stasio Krasausko g. 11","+37067088738","darzelisvarniukai@gmail.com","http://darzelisvarniukai.wix.com/darzelisvarniukai",,"6057129","570308","25.089330","54.645750","School_type_private_playschool"
351,"VšĮ Krikščioniškas vaikų darželis","Krikščioniškas vaikų darželis","302848907","Vydūno g. 20","865543678","krikscioniskas.darzelis@gmail.com","http://www.ref.lt/index.php/krikscioniskas-darzelis",,"6064152","575757",,,"School_type_private_playschool"
352,"VšĮ ""Kvaksius""","VšĮ ""Kvaksius""","303311358","Laisvės pr. 45A","868218724","darzeliskvaksius@gmail.com","www.kvaksius.lt",,"6064748","579299",,,"School_type_private_playschool"
353,"VšĮ ""Po saule""","VšĮ Po saule","303901864","Basiukų 10, Skaidiškių km. Vilniaus raj.","+37064505673","darzelisposaule@gmail.com","www.po-saule.lt",,"6066994","582309",,,"School_type_private_playschool"
354,"MB Mylimukas","MB Mylimukas","303250282","Antakalnio g. 84","861125205","labas@mylimukudarzelis.lt","www.mylimukudarzelis.lt",,"6064775","584715",,,"School_type_private_playschool"
355,"UAB ""Abadelės darželis""","Abadelė","303316889","Kernavės g. 54","+37067131613","Lopselis.abadele@gmail.com","www.abadele.lt",,"6064237","582274","25.276690","54.707790","School_type_private_playschool"
356,"UAB ""Pabirutis""","UAB ""Pabirutis""","303974353","Daugėliškio g. 11","+37060155996","uabpabirutis@gmail.com","www.menuliopasaka.lt",,"6063701","582594","25.281490","54.702930","School_type_private_playschool"
357,"UAB ""Vaikystės spalvos""","UAB ""Vaikystės spalvos""","303289591","Perkūnkiemio g. 47","864736953","info@meskakojis.lt","www.meskakojis.lt",,"6067328","578351",,,"School_type_private_playschool"
358,"VšĮ ""Kiškių mokyklėlė""","VšĮ ""Kiškių mokyklėlė""","304065354","Liepų al. 48","861930157","info@kiskiumokyklele.lt","www.kiskiumokyklele.lt",,"6055591","570091",,,"School_type_private_playschool"
359,"VšĮ Lauko darželis","Lauko darželis","303296205","Verkių g. 25A","861122224","info@laukodarzelis.lt","http://laukodarzelis.lt",,"6064411","583121",,,"School_type_private_playschool"
360,"VšĮ ""Musė maišė""","VšĮ ""Musė maišė""","304072683","Žiemgalių g. 13, Vilnius","+37067834310","deimante.ciunyte@gmail.com","www.ademilis.lt",,"6067243","580012",,,"School_type_private_playschool"
361,"VšĮ Žaliasis Valdorfo darželis","Žaliasis Valdorfo darželis","304072060","Pūčkorių g. 13-2","868651766","zaliasisdarzelis@gmail.com",,,"0","0",,,"School_type_private_playschool"
362,"VšĮ ""Bitės lingo""","VšĮ “Bitės lingo“","302588288","Žirmūnų g. 35","861032532","sigita.uk@gmail.com","www.bitelingo.lt",,"6064852","584311",,,"School_type_private_playschool"
363,"VšĮ Tėvystės centras","VšĮ Tėvystės centras","302538698","Dailidžių g. 42","860001845","gamtosdarzelis@gmail.com","www.prieraisiojitevyste.lt",,"6062090","584817",,,"School_type_private_playschool"
364,"VšĮ ""Bebenčiai""","VšĮ “Bebenčiai“","302699203","Garsioji g. 17A","863617681","aleksandra.leontjeva@gmail.com",,,"6059651","587564",,,"School_type_private_playschool"
365,"VšĮ ""Brialda""","VšĮ ""Brialda""","304077335","Romuvos g. 62","867526690","nijoles.darzelis.mokyklele@gmail.com","www.nijoles-darzelis-mokyklele.lt",,"6072980","586881",,,"School_type_private_playschool"
366,"VšĮ ""Jolitos darželis""","Jolitos darželis","302989085","Laisvės pr. 61","868513931","jolitosdarzelis@gmail.com","www.facebook.com/JolitosDarzelis",,"6065313","579499",,,"School_type_private_playschool"
367,"VšĮ ""Augu kūrybingas""","VšĮ ""Augu kūrybingas""","304087468","Turniškių Sodų g. 39","+37066292086","jolanta.mertiniene@gmail.com","www.kaipmiske.lt",,"6069092","586596",,,"School_type_private_playschool"
368,"MB ""Apelsinų pieva plius""","MB “Apelsinų pieva plius“","304082460","Svajonių g. 7, Pašilaičių k.","+37060292171","info@apelsinupieva.lt","www.apelsinupieva.lt",,"0","0",,,"School_type_private_playschool"
369,"UAB ""Tangramo grupė""","UAB ""Tangramo grupė""","301680552","Smolensko g. 10D","+37067633321","info@mazuju-valdos.lt","www.mazuju-valdos.lt",,"6060378","581146","25.258110","54.673310","School_type_private_playschool"
370,"VšĮ ""Vaikystės vėjas""","VšĮ “Vaikystės vėjas“","304078921","Didlaukio g. 88","+37068568333","info@isdykes-vejas.lt","www.isdykes-vejas.lt",,"6066498","581517","25.265570","54.728230","School_type_private_playschool"
371,"VšĮ Koriuko namai (Gabijos g. 38)","VšĮ Koriuko namai (Gabijos g. 38)","303462506","Gabijos g. 38","863815632","darzeliskoriukas@gmail.com","www.koriuko.lt",,"6067336","578890",,,"School_type_private_playschool"
372,"Vaikų darželis „Išminčiukai“","Išminčiukai","303341390","Nemenčinės pl. 64","861844201","info@isminciukai.lt","www.isminciukai.lt",,"6067484","586298",,,"School_type_private_playschool"
373,"VšĮ ""Vėžliukas""","VšĮ ""Vėžliukas""","304452073","Latvių g. 10-2","867617417","info@vezliukas.lt","http://www.vezliukas.lt/",,"6062784","580850",,,"School_type_private_playschool"
374,"SUG ""Auk sveikas""","SUG ""Auk sveikas""","123072287","Pušyno kel. 23","852764645","pusyno.kelias@takas.lt","http://www.pusynokelias.lt/",,"6066616","582724",,,"School_type_private_playschool"
375,"VšĮ ""Vaikystės takas""","VšĮ “Vaikystės takas“ (Traidenio g. 34)","302557111","Traidenio g. 34","+37068509200","info@vaikystestakas.lt",,,"6062283","580547","25.249350","54.690520","School_type_private_playschool"
376,"TEST_Gintarėlis (Popieriaus g. 46A)","TEST_Gintarėlis (Popieriaus g. 46A)","190029389","Popieriaus g. 46A","+37062985923","rastine_@gintarelis.vilnius.lm.lt",,,"6070424","586127",,,"School_type_pension"
379,"Vaikų meninė studija „Diemedis“","Diemedis","191832470","A. Kojelavičiaus g. 1","+37065210534","info@diemedis.lt","http://www.diemedis.lt",,"6062742","587853","25.362780","54.693420","School_type_private_playschool"
380,"VšĮ „Šaltinėlio“ privati mokykla","Šaltinėlio privati mokykla","191715392","J. Basanavičiaus g. 12","+37069882445","mokykla@vkif.lt","http://www.privatimokykla.lt",,"6061173","582157","25.274000","54.680290","School_type_private_playschool"
381,"VšĮ Šiaurės licėjus","VšĮ Šiaurės licėjus","303960460","A. Juozapavičiaus g. 13, Vilnius","+37062673254","info@siaureslicejus.lt","www.siaureslicejus.lt",,"6061839","580978",,,"School_type_private_playschool"
382,"VšĮ Demokratinė mokykla","VšĮ Demokratinė mokykla","303524897","Moksleivių g. 4","+37052608634","info@demokratinemokykla.lt","www.demokratinemokykla.lt",,"6054805","576380","25.182780","54.624000","School_type_private_playschool"
383,"UAB Karalienės Mortos mokykla","UAB Karalienės Mortos mokykla","303033784","Lukšinės g. 29","+370 65672787","marija.lescenko@kmmokykla.lt","www.karalienesmortosmokykla.lt",,"6058380","587606","25.357630","54.654280","School_type_private_playschool"
384,"UAB Vaikystės sodas (Karalienės Mortos sodas)","UAB Vaikystės sodas (Karalienės Mortos sodas)","302602019-384","Lukšinės g. 29, Vilnius","+370 655 42570","info@vaikystes-sodas.lt",,,"6061313","581849",,,"School_type_private_playschool"
387,"UAB Vaikystės sodas (Gedimino sodas)","UAB Vaikystės sodas (Gedimino sodas)","302602019-387","Gedimino pr. 34",,"-",,,"6061984","582131",,,"School_type_private_playschool"
388,"UAB Vaikystės sodas (Lazdynų Pelėdos sodas)","UAB Vaikystės sodas (Lazdynų Pelėdos sodas)","302602019-388","Naujakiemio g. 15A","+37064063435","info@vaikystes-sodas.lt",,,"6066245","582378","25.278870","54.725810","School_type_private_playschool"
393,"UAB Vaikystės sodas (M. K. Čiurlionio sodas)","UAB Vaikystės sodas (M. K. Čiurlionio sodas)","302602019-393","Liubarto g. 17","+37064063435","info@vaikystes-sodas.lt",,,"6062109","580823","25.253580","54.688910","School_type_private_playschool"
395,"UAB Vaikystės sodas (Karaliaus Mindaugo sodas)","UAB Vaikystės sodas (Karaliaus Mindaugo sodas)","302602019-395","Bebrų g. 3","+37064063435","info@vaikystes-sodas.lt",,,"6062918","580661","25.251290","54.696200","School_type_private_playschool"
396,"UAB Vaikystės sodas (Karalienės Mortos sodelis)","UAB Vaikystės sodas (Karalienės Mortos sodelis)","302602019-396","Gervėčių g. 4, Vilnius","8 650 80751","info@vaikystes-sodas.lt",,,"0","0",,,"School_type_private_playschool"
397,"Strazdanėlės (Mokyklos g. 6)","Strazdanėlės (Mokyklos g. 6)","2147483647-682","Mokyklos g. 6","+370 699 83033","petras.kricena@gmail.com",,,"6068366","582195",,,"School_type_private_playschool"
398,"Strazdanėlės","Strazdanėlės","2147483647-683","Gražinos g. 22","+370 699 83033","petras.kricena@gmail.com","www.strazdaneles.lt",,"6065445","585598",,,"School_type_private_playschool"
399,"Vaikų darželis ""Kaip miške""","Kaip miške","2147483647-10191","Žirmūnų g. 139A","866292086","jolanta.mertiniene@gmail.com","http://kaipmiske.lt/",,"6066093","583566",,,"School_type_private_playschool"
400,"Mėnulio pasaka","Mėnulio pasaka","2147483647-10192","Stalupėnų g. 12","868260081","info@menuliopasaka.lt","https://www.menuliopasaka.lt/","","6064348","576766",,,"School_type_private_playschool"
401,"Mažųjų valdos","Mažųjų valdos","2147483647-10193","K. Donelaičio g. 5A","868336420","administracija@mazuju-valdos.lt","http://darželis.mažųjų-valdos.lt/lt/",,"6061082","580842",,,"School_type_private_playschool"
403,"Vilniaus Užupio gimnazija","Užupio gimnazija","2147483647","Gelvonų g. 3 - 2","+37065848929","pilaitukas@vilniuslm.lt",,"7-17","6065283","581002","25.257250","54.717400","School_type_private_playschool"
404,"UAB RD International","UAB RD International","302206557","Kauno g. 6",,"-",,,"6060326","582436",,,"School_type_private_playschool"
405,"VšĮ „Vaikų ateitis“","Vaikų ateitis","124865437","Purienų g. 8",,"-",,,"6066433","590867",,,"School_type_private_playschool"
406,"VšĮ „Mokykla vaikams“","Mokykla vaikams","300513956","Žirmūnų g. 139A",,"-",,,"6066091","583569",,,"School_type_private_playschool"
407,"VšĮ I. Lauciuvienės darželis mokykla „Dūzginėlio bitutės“","Dūzginėlio bitutės","195474138","L. Giros g. 44",,"-",,,"6067194","580374",,,"School_type_private_playschool"
408,"UAB „Pažinimo medis“","Pažinimo medis","300556726","Ozo g. 37","+37069122075","priemimas@pazinimo-medis.lt",,"","6064057","580101","25.242920","54.706530","School_type_private_playschool"
409,"Vilniaus tarptautinis prancūzų licėjus","Tarptautinis prancūzų licėjus","111967520","Šilo g. 13","+37068579969","info@lifv.lt",,,"6063840","584870","25.316840","54.703790","School_type_private_playschool"
410,"VšĮ Pal. J. Matulaičio šeimos pagalbos centras","VšĮ Pal. J. Matulaičio šeimos pagalbos centras","126366917","Šeškinės g. 65",,"-",,,"6065090","580035",,,"School_type_private_playschool"
411,"VšĮ „Saulės gojus“","Saulės gojus","300038662","J. Montvilo g. 29, Grigaičių k., Vilniaus r.","+370 69511526","administracija@saulesgojus.lt",,,"0","0",,,"School_type_private_playschool"
412,"Vilniaus krikščionių gimnazija","Krikščionių gimnazija","191709877","Gilužio g. 15",,"-",,,"6063564","575565",,,"School_type_private_playschool"
413,"VŠĮ Meridiano licėjus","VIMS – International Meridian School","300556174","M. Daukšos g. 7","+37052728725","info@vims.lt",,,"6060539","583363","25.292520","54.674400","School_type_private_playschool"
414,"VšĮ Tarptautinė Amerikos mokykla Vilniuje","VšĮ Tarptautinė Amerikos mokykla Vilniuje","111968960","Subačiaus g. 41",,"-",,,"6060804","583844",,,"School_type_private_playschool"
415,"VšĮ Vaiko šypsena","VšĮ Vaiko šypsena","302620362","Algimanto Petro Kavoliuko g. 2A",,"-",,,"6063164","578127",,,"School_type_private_playschool"
416,"VšĮ ""MS88""","MS88","304142231","Girulių g. 16","+37068426743","vilma.tumiene@gmail.com",,,"6069359","577173",,,"School_type_private_playschool"
417,"VšĮ „Mūsų pėdutės“","Mūsų pėdutės","304111570","Ežero g. 46, Antežerių k., Zujūnų sen., Vilniaus r.",,"-",,,"0","0",,,"School_type_private_playschool"
418,"VKEC darželis „Vikutis“","Vikutis","304083929","Palydovo g. 29",,"-",,,"6063584","591020",,,"School_type_private_playschool"
419,"VšĮ Saulės privati gimnazija","VšĮ Saulės privati gimnazija","191672717","Viršuliškių g. 103",,"-",,,"6063808","579613",,,"School_type_private_playschool"
420,"VšĮ „Katino dienelės“","Katino dienelės","304214225","Lobio g. 4","+37068887544","info@katinodieneles.lt",,,"6068595","581634","25.267970","54.747050","School_type_private_playschool"
421,"UAB vaikų darželis „Obuolių sodas“","Obuolių sodas","304140928","Įsruties g. 30",,"-",,,"6064481","576209",,,"School_type_private_playschool"
422,"VŠĮ Idėjų labirintas","VŠĮ Idėjų labirintas","304208375","Žirmūnų g. 79",,"-",,,"6065329","584130",,,"School_type_private_playschool"
423,"Viešoji įstaiga „GELTONŲ PLYTŲ KELIAS“","GELTONŲ PLYTŲ KELIAS","301694623","Antakalnio g. 66",,"-",,,"6064344","584591",,,"School_type_private_playschool"
424,"Asociacija „Menoklis“","Asociacija Menoklis","301151976","Žirgo g. 73","+37068252227","margi.arkliukai@gmail.com",,,"6065359","586068","25.335870","54.717240","School_type_private_playschool"
425,"UAB „Meteora“","Meteora","304245459","M. K. Čiurlionio g. 82A",,"-",,,"6061364","580858",,,"School_type_private_playschool"
426,"Vytauto Didžiojo universiteto Švietimo akademijos vaikų darželis Mažųjų akademija","Mažųjų akademija","111950396","T. Ševčenkos g. 31","+37061475428","mazuju.akademija@vdu.lt",,,"6060795","581296","25.260550","54.677030","School_type_private_playschool"
427,"Mažoji bendrija „Pasakų namukas“","Pasakų namukas","304221885","Laisvės pr. 77E","+37060591279","labas@pasakunamukas.lt",,,"6065794","579623","25.235980","54.722210","School_type_private_playschool"
428,"VŠĮ Mažyliai","VŠĮ Mažyliai","304292081","Kolektyvo g. 24","+37063930000","info@mazylis.eu",,,"6065874","582210","25.276150","54.722510","School_type_private_playschool"
429,"UAB „Mažieji stebuklai“","Mažieji stebuklai","304054870","Igno Šimulionio g. 5","+37062268184","maziejistebuklai@gmail.com",,,"6062672","578999","25.225460","54.694260","School_type_private_playschool"
430,"MB Ugdymo ir laisvalaikio centras „Aviliukas“","Aviliukas","303119646","Vinco Kudirkos g. 3, Vilnius","+37067287718","vaikustudija@yahoo.com",,,"6061459","581582",,,"School_type_private_playschool"
431,"VšĮ „Vilniaus humanistinė mokykla“","Vilniaus humanistinė mokykla","303655900","Konstitucijos pr. 11",,"-",,,"6062999","582205",,,"School_type_private_playschool"
432,"VŠĮ „Parko jonvabaliai“","Parko jonvabaliai","304184006","Karaliaučiaus g. 1A",,"-",,,"6063715","575646",,,"School_type_private_playschool"
433,"Viešoji įstaiga „Regnum“","Regnum","222243010","Trinapolio g. 11",,"-",,,"6066065","583013",,,"School_type_private_playschool"
434,"I.Į. Virš debesų","I.Į. Virš debesų","303853017","Filaretų g. 74A",,"-",,,"6062345","585173",,,"School_type_private_playschool"
435,"VšĮ Smėlio pilys","VšĮ Smėlio pilys","304215373","Skersinės Sodų 7-oji g. 15",,"-",,,"6070714","581986",,,"School_type_private_playschool"
436,"VšĮ „AGORA mokykla“","Šeimų darželis","304285165","Žirmūnų g. 84","+370 677 06196","info@agoramokykla.lt",,,"6066204","583945",,,"School_type_private_playschool"
437,"VŠĮ „Muzikos studija“","Muzikos studija","304147239","Rudausių g. 57","+37067625446","info@muzikalusdarzelis.lt",,,"6070608","588046","25.368150","54.764050","School_type_private_playschool"
438,"VŠĮ Mano abėcėlė","VŠĮ Mano abėcėlė","304517642","Gurių g. 127A","+37064571443","guriudarzelis@gmail.com",,,"6058182","585769","25.329120","54.652820","School_type_private_playschool"
439,"UAB Prasminga Jaunystė","Prasminga Jaunystė","304422799","Vytauto g. 25","+37065775777","info@prasmingavaikyste.lt",,,"6062365","581022","25.256740","54.691180","School_type_private_playschool"
440,"VŠĮ „Mažieji spinduliukai“","Mažieji spinduliukai","304554288","Liepų g. 11-2, Klevinė",,"-",,,"0","0",,,"School_type_private_playschool"
441,"VšĮ Upės pradinė mokykla","VšĮ Upės pradinė mokykla","304446323","Rato g. 71",,"-",,,"6067623","583244",,,"School_type_private_playschool"
442,"Mokykla „Sokratus“, UAB","Mokykla Sokratus","304433411","Liepyno g. 4",,"-",,,"6063057","580905",,,"School_type_private_playschool"
443,"Viešoji įstaiga „Gandrų lizdas“","Gandrų lizdas","302645554","Beržų g. 10, Riešė, Vilniaus r.",,"-",,,"0","0",,,"School_type_private_playschool"
444,"VŠĮ Teisinių inovacijų centras","VŠĮ Teisinių inovacijų centras","303483055","Balžio g. 39C",,"-",,,"6073710","592853",,,"School_type_private_playschool"
445,"VšĮ Naujųjų vaikų gojus","VšĮ Naujųjų vaikų gojus","304353488","Gervių g. 17",,"-",,,"6063320","580303",,,"School_type_private_playschool"
446,"VŠĮ Melkio mokykla","VŠĮ Melkio mokykla","303359698","A.Giedraičio g. 124, Melkio k.,Vilniaus r.",,"-",,,"0","0",,,"School_type_private_playschool"
447,"Všį Koriuko vaikai (Gabijos g. 38)","Všį Koriuko vaikai (Gabijos g. 38)","304219546","Papilėnų g. 17","860072353","darzeliskoriukas@gmail.com",,,"6064122","576441",,,"School_type_private_playschool"
448,"VŠĮ Mokymosi namai „Patirčių slėnis“","Patirčių slėnis","304552294","Birutės g. 16, Trakai",,"-",,,"0","0",,,"School_type_private_playschool"
449,"VšĮ „Linksmoji abėcėlė“","Linksmoji abėcėlė","304685857","Gurių g. 127A",,"-",,,"6058182","585769",,,"School_type_private_playschool"
450,"VŠĮ Svajonių darželis","Svajonių darželis","304034387","Gelvonų g. 23",,"-",,,"6065269","581209",,,"School_type_private_playschool"
451,"VŠĮ Kaladėlių miestelis","VŠĮ Kaladėlių miestelis","304140305","Eišiškių Sodų 6-oji g. 6",,"-",,,"6055062","580746",,,"School_type_private_playschool"
452,"VšĮ „Garso servisas“","Garso servisas","166920363","Aušros al. 15 A, Vilnius",,"-",,,"0","0",,,"School_type_private_playschool"
453,"VĮ Respublikinė Vilniaus Universitetinė ligoninė","VĮ Respublikinė Vilniaus Universitetinė ligoninė","124243848","Pušyno kel. 23","+37052169212","rvul@rvul.lt",,,"6066593","582705","25.284030","54.728880","School_type_private_playschool"
454,"VŠĮ Mažoji karalystė","VŠĮ Mažoji karalystė","304746121","Kęstučio g. 1-6, Vilnius","8 630 05545","mazojikaralyste@gmail.com",,,"0","0",,,"School_type_private_playschool"
455,"VŠĮ Mažieji šnekoriai","VŠĮ Mažieji šnekoriai","302659696","M. Indriliūno g. 31","+37065658920","info@maziejisnekoriai.lt",,,"6068559","580205",,,"School_type_private_playschool"
456,"VŠĮ Mūsų abėcėlė","VŠĮ Mūsų abėcėlė","304836405","Gurių g. 127A, Vilnius","863353446","abecelem@gmail.com",,,"0","0",,,"School_type_private_playschool"
457,"VŠĮ Skruzdėliukų kiemas","VŠĮ Skruzdėliukų kiemas","304794244","Stalupėnų g. 30, Vilnius","861499617","k.baksiene@gmail.com",,,"0","0",,,"School_type_private_playschool"
458,"MB MOKSLO TVIRTOVĖ","MB MOKSLO TVIRTOVĖ","304731429","Lūkesčių g. 35","+37061125205","labas@mylimamokykla.lt",,,"6059403","576896","25.191980","54.665220","School_type_private_playschool"
459,"UAB „Baltų šalis“","Baltų šalis","304782053","Aukštagirio g. 18","+37065759549","info@baltusalele.lt",,,"6067794","587068","25.352120","54.738940","School_type_private_playschool"
460,"VšĮ „Bamblys“","Bamblys (Taškius Centre, Taškius Filaretuose)","302303223","Konstitucijos pr. 25","+37069139655","info@taskius.lt","www.taskius.lt",,"6063232","581703",,,"School_type_private_playschool"
461,"UAB „Taškius“ (Taškiaus mokslo ir menų mokykla)","Taškius (Taškiaus mokslo ir menų mokykla)","304540865","Arklių g. 18","+37069139655","info@taskius.lt","www.taskius.lt",,"6060682","582959","25.286300","54.675750","School_type_primary_school"
462,"Vilniaus lopšelis-darželis „Malūnėlis“","Malūnėlis","304111905","Popieriaus g. 7","+370 5 2 55 22 95","rastine@malunelis.vilnius.lm.lt","http://www.malunelis.vilnius.lm.lt/","7.00-19.00","6071178","585719",,,"School_type_playschool"
463,"VŠĮ vedinis vaikų darželis „Dvaraka“","Dvaraka","304764190","Vinco Krėvės g. 8","+37068777927","darzelis@dvaraka.lt",,,"6060438","576885","25.192080","54.674520","School_type_private_playschool"
464,"UAB KITOKS DARŽELIS","KITOKS DARŽELIS","304957143","Augusto Šleicherio g. 9","+370 685 17976","info@spalvuplaneta.lt",,,"6054867","579555","25.231950","54.624060","School_type_private_playschool"
465,"VšĮ ""Pėdutės"" vaikų lopšelis darželis","Pėdutės","304974491","Nemenčinės pl. 12A, LT 10102 Vilnius","+37061567031","aivajg@yahoo.com",,,"0","0",,,"School_type_private_playschool"
466,"UAB “Po sparneliu“","UAB “Po sparneliu“","304834888","Vydūno g. 18","+37065174660","posparneliu@gmail.com",,,"6064099","575826","25.176620","54.707560","School_type_private_playschool"
467,"VšĮ „Barborytė“","Barborytė","305142501","Gabijos g. 2","+37060106013","busauskiene@gmail.com",,,"6067189","579285","25.231110","54.734790","School_type_private_playschool"
468,"VŠĮ Mokymo centras „Neozebra“","Neozebra","304536596","Žvejų g. 14A","8 661 05638 ","doc@neozebra.com",,,"0","0",,,"School_type_private_playschool"
469,"Viešoji įstaiga „Karaliukų akademija“","Karaliukų akademija","304831867","Architektų g. 192","+370 674 60794","ausragudyniene@gmail.com",,,"6061187","578542","25.217970","54.680990","School_type_private_playschool"
470,"VšĮ Gedimino miesto mokykla","VšĮ Gedimino miesto mokykla","304925206","Gervėčių g. 4","+37061255500","info@gediminomokykla.lt",,,"6060511","583861","25.300230","54.674060","School_type_private_playschool"
471,"Viešoji įstaiga “Vilniaus tarptautinė mokykla”","Viešoji įstaiga “Vilniaus tarptautinė mokykla”","300030249","Rusų g. 3","+370 698 83 918","admin@vischool.lt",,,"6061377","583241","25.290860","54.681950","School_type_private_playschool"
472,"Šv. Juozapo mokykla","Šv. Juozapo mokykla","302627435","Jeruzalės g. 21","+37064534604","rastine@juozapomokykla.lt",,,"6068307","582338","25.278820","54.744340","School_type_private_playschool"
473,"MB “Katino dienelės LT”","Katino dienelės","305207358","Karių kapų g. 20","+37068887544","info@katinodieneles.lt",,,"6063385","584854",,,"School_type_private_playschool"
474,"MB “Univesitetas mažiemus”","Univesitetas mažiemus","304957289","Babinių Sodų 27-oji g. 5","+370 614 71057","maziemus@gmail.com",,,"6071332","587500","25.359880","54.770640","School_type_private_playschool"
475,"MB „Daržiukas“","Daržiukas","305157460","Ateities g. 11","+37068476449","888daiva@gmail.com",,,"6067532","581541","25.266230","54.737510","School_type_private_playschool"
476,"VšĮ Mįsliaus Dirbtuvės","VšĮ Mįsliaus Dirbtuvės","305237472","Dailidžių g. 22A, Vilnius","+37062159641","misliausdirbtuves@gmail.com","www.misliausdirbtuves.lt",,"6062072","584794","25.315150","54.687930","School_type_private_playschool"
477,"UAB The British School of Vilnius","UAB The British School of Vilnius","304793605","Nemenčinės pl. 48","+37052338855","admissions@britishschool.lt",,,"6067264","586114","25.337150","54.734340","School_type_private_playschool"
479,"VŠĮ Pasakų namukas plius","VŠĮ Pasakų namukas plius","305438849","Algimanto Petro Kavoliuko g. 2A","8 605 91279","labas@pasakunamukas.lt",,,"6063164","578127",,,"School_type_private_playschool"
480,"Mokykla “Eureka“ UAB","Mokykla “Eureka“ UAB","304837382","Aludarių g. 3","+37065788815","vilnius@eurekamokykla.lt","eurekamokykla.lt","","6061860","581607",,,"School_type_private_playschool"
481,"UAB „Erudito licėjus“","Erudito licėjus (Aguonų g. 26)","304228673","Aguonų g. 26","+37065788830","vilnius@erudito.lt",,"08:00-16:00","6060426","582433","25.278070","54.673530","School_type_private_playschool"
482,"MB “Buratino“ mokyklėlė","Buratino mokyklėlė","304856678","Europos Parko g. 7",,"buratinomokyklele@yahoo.com",,"","6074963","586864",,,"School_type_private_playschool"
483,"MB MYLIMUKŲ DARŽELIS","MYLIMUKŲ DARŽELIS","305586399","Antakalnio g. 4A","+37061125205 ","labas@mylimukudarzelis.lt",,"","6062776","584150",,,"School_type_private_playschool"
484,"MB Berželių sodas","MB Berželių sodas","305587960","Girulių g. 10",,"berzeliusodas@gmail.com",,"","6067565","578353",,,"School_type_private_playschool"
485,"UAB “Apvalaus kvadrato mokykla”","UAB “Apvalaus kvadrato mokykla”","304995247","Statybininkų g. 4","861003558","laura@akmokykla.lt",,"","6060419","581343",,,"School_type_private_playschool"
486,"VšĮ “Auginu vaiką“","VšĮ “Auginu vaiką“","305541048","Ulonų g. 3","+37061820447","auginuvaika.adm@gmail.com",,"","6064338","583225","25.291460","54.708550","School_type_private_playschool"
487,"Vilniaus Šaltinio pagrindinė mokykla","Šaltinio pagrindinė mokykla","190982862","Nemenčinės pl. 16","+370 5 276 8772","saltinio.rastine@gmail.com","http://www2418.vu.lt/","8.00-17.00","6066500","585337",,,"School_type_playschool"
488,"UAB Royal Russell School Vilnius","UAB Royal Russell School Vilnius","305626096","Šaltinių g. 12","+37065855386","info@littlecometsnursery.lt",,,"6060615","582295",,,"School_type_private_playschool"
489,"VŠĮ „Smalsučių slėnis“","Smalsučių slėnis (Sembos g. 12)","305707210","Sembos g. 12","+37061208509","alma.but@gmail.com",,,"6065302","574586","25.157680","54.718550","School_type_private_playschool"
490,"UAB","UAB","30","Bajorų kel. 7A-61","+370 69037854","mislius.smalsusvaikai@gmail.com",,,"0","0",,,
491,"UAB Mįslius","UAB Mįslius","305696116","Bajorų kel. 7A-61","+370 69037854","mislius.smalsusvaikai@gmail.com",,,"0","0",,,"School_type_private_playschool"
495,"VMSA test","VMSA test","111","Gelvonų g. 2A","+37065848929","dovile.krekenaite@vilnius.lt",,,"6064637","580944","25.256160","54.711600","School_type_playschool"
496,"MB Koriukai","MB Koriukai","305727412","Ateities g. 11","+370 689 11199","info@koriukai.lt",,,"6067529","581531","25.266080","54.737490","School_type_private_playschool"
497,"UAB TEMEM, technologijų ir menų mokykla","UAB TEMEM, technologijų ir menų mokykla","305789645","Rudausių g. 57","+37067625446","info@temem.lt",,,"6070608","588046","25.368150","54.764050","School_type_mainstream,School_type_private_playschool"
498,"UAB „Klaužados“","Klaužados","305822586","Purienų g. 6","+37060692080","zivile@darzelisklauzada.lt",,,"6066411","590877","25.410810","54.725840","School_type_private_playschool"
499,"Licėjus „Sokratus“, VŠĮ","Sokratus","305635451","Klaipėdos g. 3","+37060258831","info@sokratus.lt",,,"6061346","582431","25.278300","54.681790","School_type_private_playschool"
500,"UAB „Basa pieva“","Basa pieva","303298918","Savanorių pr. 1","+370659 56589","info@basapieva.lt",,,"6061062","581129","25.258040","54.679460","School_type_private_playschool"
501,"VŠĮ Šeimos ugdymo centras","VŠĮ Šeimos ugdymo centras","305413415","Palydovo g. 17","+37068408161","seimosugdymocentras@gmail.com",,,"6063367","590926","25.410620","54.698490","School_type_private_playschool"
502,"UAB Geresnė mokykla","UAB Geresnė mokykla","305664168","Žygio g. 97A","+37068331033","info@mokyklavaikams.lt",,,"6064591","583448","25.294990","54.710780","School_type_private_playschool"
504,"MB Katino dienelės mokykla","MB Katino dienelės mokykla","305696618","Laisvės pr. 85A","+37068887544","info@katinodieneles.lt",,,"6065913","579659","25.236570","54.723270","School_type_private_playschool"
505,"VŠĮ Varnų sala","VŠĮ Varnų sala","305225071","V. Nagevičiaus g. 3","+370606 68611","prieplauka@varnusala.lt",,,"6064293","583740","25.299450","54.708060","School_type_private_playschool"
506,"VšĮ  Žaidimų  laboratorija","VšĮ  Žaidimų  laboratorija","305696511","Ateities g. 7","+370676 22905","zaidimulaboratorija@gmail.com",,,"6067596","581646","25.267880","54.738070","School_type_private_playschool"
508,"Vilniaus Vydūno progimnazija","Vydūno progimnazija","306009596","Įsruties g. 3","+37060012345","rastine@vydunoprogimnazija.lm.lt",,,"6063661","576126","25.181170","54.703580","School_type_mainstream"
509,"UAB Atradimų skrynia","UAB Atradimų skrynia","306006714","Skroblų g. 15","+37060021816","atradimuskrynia@gmail.com",,,"6060033","580882","25.253920","54.670260","School_type_private_playschool"
510,"UAB Stembridge LT","UAB Stembridge LT","305890669","V. Nagevičiaus g. 3","+37066946472","hello@stembridge.lt",,,"6064293","583740","25.299450","54.708060","School_type_private_playschool"
512,"Marinos Mižigurskajos privati gimnazija","Marinos Mižigurskajos privati gimnazija","191713199","Darželio g. 7","+37060645520","mizgimnazija@gmail.com",,,"6062328","591333","25.416620","54.689080","School_type_private_playschool"
513,"UAB ""Majaus sapnas""","UAB ""Majaus sapnas""","305915122","Vilkynės g. 23","+37069810260","majaussapnas@gmail.com",,,"6071660","588055","25.368610","54.773490","School_type_private_playschool"
514,"„Skonio ponas“, MB","Skonio ponas","305710174","Europos Parko g. 36","+37060106013","skonioponas@gmail.com",,,"6075214","586808","25.350290","54.805630","School_type_private_playschool"
515,"UAB Vaikystės sodas (Gabrielės Petkevičaitės-Bitės sodelis)","UAB Vaikystės sodas (Gabrielės Petkevičaitės-Bitės sodelis)","302602019-515","Latvių g. 25","+37069984011","giedre.r@vaikystes-sodas.lt",,,"6062782","580490","25.248600","54.695010","School_type_private_playschool"
516,"UAB  Šiaurės darželiai","UAB  Šiaurės darželiai","305913317","A. Juozapavičiaus g. 13","+37061621387","darzelis@siaureslicejus.lt",,,"6062467","582981","25.287140","54.691780","School_type_private_playschool"
517,"UAB „Mokykla Šiaurės licėjus“","Mokykla Šiaurės licėjus","30591327","A. Juozapavičiaus g. 13","+370 626 73254","vilnius@siaureslicejus.lt",,,"6062467","582981","25.287140","54.691780","School_type_private_playschool"
518,"UAB „Ateities laboratorija“","Ateities laboratorija","305796127","Šeimyniškių g. 21B","+37065552169","info@saulesgojus.lt",,,"6062750","583325","25.292570","54.694260","School_type_private_playschool"
519,"Vilniaus lopšelis-darželis „Bajorėlis“","Bajorėlis","306061689","Bajorų kelias 10","869902019","rastine@bajorelis.vilnius.lm.lt","","7.00-18.00",,,,,"School_type_playschool"
520,"Vilniaus lopšelis-darželis „Pagrandukas“","Pagrandukas (Beržyno g. 7A )","190013817-520","Beržyno g. 7A","+370 5 233 54 62","rastine@pagrandukas.vilnius.lm.lt","http://www.vilniauspagrandukas.lt","7.30-18.00","6061238","580945","25.255240","54.681070","School_type_playschool"
521,"Guliverio akademija, VšĮ","Guliverio akademija, VšĮ","304493294","P. Klimo g. 10","+37061063285","admin@guliverioakademija.lt",,,"6061245","581241","25.259820","54.681090","School_type_private_playschool"
522,"VŠĮ Tarptautinė Ukrainos mokykla","VŠĮ Tarptautinė Ukrainos mokykla","306121848","Studentų g. 39","+37060570527","iuschool@inbox.lt",,,"6063008","581226","25.260080","54.696920","School_type_private_playschool"
524,"UAB Pilna diena","UAB Pilna diena","306215557","Nemenčinės pl. 86D","+37065058410","justina@pilnadiena.lt",,,"6068079","586706","25.346580","54.741560","School_type_private_playschool"
525,"Vilniaus vaikų ir jaunimo klubas ""Verdenė""","Vaikų ir jaunimo klubas ""Verdenė""","191664193","Ukmergės g. 221","+37052468040","rastine@klubasverdene.vilnius.lm.lt",,,,,,,"School_type_non-formal"
526,"MB Ugdymo ir laisvalaikio centras Aviliukas 1","MB Ugdymo ir laisvalaikio centras Aviliukas 1","303119646-526","A. Vivulskio g. 6","+37067287718","vaikustudija@yahoo.com",,,"6061093","581935","25.270540","54.679610","School_type_private_playschool"
527,"VšĮ ""Augu kūrybingas"" 1","VšĮ ""Augu kūrybingas"" 1","304087468-527","Žirmūnų g. 139A","+37066292086","jolanta.mertiniene@gmail.com",,,"6066092","583567","25.297270","54.724250","School_type_private_playschool"
528,"VšĮ ""Augu kūrybingas"" 2","VšĮ ""Augu kūrybingas"" 2","304087468-528","Naujakurių g. 29","+37066292086","jolanta.mertiniene@gmail.com",,,"6065515","585442","25.326200","54.718750","School_type_private_playschool"
529,"NUA „Abadelė“ (Kaimelio g. 37)","Abadelė (Kaimelio g. 37)","302629023-01","Kaimelio g. 37","+37068747907","darzelis.abadele@gmail.com",,,"6066529","579995","25.241950","54.728750","School_type_private_playschool"
530,"NUA „Abadelė“ (Filaretų g. 60A)","Abadelė (Filaretų g. 60A)","302629023-02","Filaretų g. 60A","+37068747907","darzelis.abadele@gmail.com",,,"6062047","584962","25.317740","54.687680","School_type_private_playschool"
531,"NUA „Abadelė“ (Kęstučio g. 10)","Abadelė (Kęstučio g. 10)","302629023-03","Kęstučio g. 10","+37068747907","darzelis.abadele@gmail.com",,,"6062309","580677","25.251370","54.690730","School_type_private_playschool"
532,"NUA „Abadelė“ (Nemenčinės pl. 118A)","Abadelė (Nemenčinės pl. 118A)","302629023-04","Nemenčinės pl. 118A","+37068747907","darzelis.abadele@gmail.com",,,"6069826","587988","25.367010","54.757030","School_type_private_playschool"
533,"UAB ""Abadelės darželis"" (Švitrigailos g. 7)","Abadelės darželis (Švitrigailos g. 7)","303316889-01","Švitrigailos g. 7","+37065255182","darzelis.abadele@gmail.com",,,"6061024","581684","25.266630","54.679030","School_type_private_playschool"
534,"UAB ""Abadelės darželis"" (Birželio 23-iosios g. 10A)","Abadelės darželis (Birželio 23-iosios g. 10A)","303316889-02","Birželio 23-iosios g. 10A","+37065255182","darzelis.abadele@gmail.com",,,"6060477","581362","25.261490","54.674160","School_type_private_playschool"
535,"VšĮ „Bamblys“ (Aušros Vartų g. 7A)","Bamblys (Aušros Vartų g. 7A)","302303233-01","Aušros Vartų g. 7A","+37069139655","info@taskius.lt",,,"6060663","583047","25.287650","54.675570","School_type_private_playschool"
536,"VšĮ ""Bebenčiai"" (J. Kolaso g. 8B)","VšĮ ""Bebenčiai"" (J. Kolaso g. 8B)","302699203-01","J. Kolaso g. 8B","+37063617681","aleksandra.leontjeva@gmail.com",,,"6059956","587403","25.354970","54.668470","School_type_private_playschool"
537,"VšĮ ""Bebenčiai"" (Paeglinės Sodų 5-oji g. 25)","VšĮ ""Bebenčiai"" (Paeglinės Sodų 5-oji g. 25)","302699203-02","Paeglinės Sodų 5-oji g. 25","+37063617681","aleksandra.leontjeva@gmail.com",,,"6060381","588390","25.370390","54.672120","School_type_private_playschool"
538,"VšĮ ""Bitės lingo"" (K. Donelaičio g. 8)","VšĮ ""Bitės lingo"" (K. Donelaičio g. 8)","302588288-01","K. Donelaičio g. 8","+37061032532","sigita.uk@gmail.com",,,"6061062","580823","25.253290","54.679510","School_type_private_playschool"
539,"VŠĮ Idėjų labirintas (Mileišiškių g. 65)","VŠĮ Idėjų labirintas (Mileišiškių g. 65)","304208375-01","Mileišiškių g. 65","+37067754422","ideju.labirintas@gmail.com",,,"6065189","587385","25.356250","54.715480","School_type_private_playschool"
540,"VŠĮ Kaladėlių miestelis (Giedraičių g. 85)","VŠĮ Kaladėlių miestelis (Giedraičių g. 85)","304140305-01","Giedraičių g. 85","+37068261584","regina8803@gmail.com",,,"6064394","582575","25.281400","54.709150","School_type_private_playschool"
541,"VšĮ ""Kvaksius"" (S. Žukausko g. 4)","VšĮ ""Kvaksius"" (S. Žukausko g. 4)","303311358-01","S. Žukausko g. 4","+37062063625","darzeliskvaksius@gmail.com",,,"6064319","583296","25.292560","54.708360","School_type_private_playschool"
542,"VšĮ ""Kvaksius"" (Žygio g. 92)","VšĮ ""Kvaksius"" (Žygio g. 92)","303311358-02","Žygio g. 92","+37062063625","darzeliskvaksius@gmail.com",,,"6064517","583380","25.293920","54.710130","School_type_private_playschool"
543,"UAB Muzikija (Mokyklos g. 6)","UAB Muzikija (Mokyklos g. 6)","147367552-01","Mokyklos g. 6","+37061643421","petras.kricena@gmail.com",,,"6060127","570320","25.090230","54.672690","School_type_private_playschool"
544,"Nykštukėliai, MB (Lūkesčių g. 29)","Nykštukėliai, MB (Lūkesčių g. 29)","302910611-01","Lūkesčių g. 29","+37060700408","info@nykstukeliai.lt",,,"6059381","576834","25.191020","54.665030","School_type_private_playschool"
545,"Nykštukėliai, MB (S. Žukausko g. 35)","Nykštukėliai, MB (S. Žukausko g. 35)","302910611-02","S. Žukausko g. 35","+37060700408","info@nykstukeliai.lt",,,"6064256","583887","25.301700","54.707700","School_type_private_playschool"
546,"UAB ""MD LT"" (Santariškių g. 57B)","UAB ""MD LT"" (Santariškių g. 57B)","302825082-01","Santariškių g. 57B","+37064151255","info@minidarzeliai.lt",,,"6070416","582562","25.282910","54.763250","School_type_private_playschool"
547,"UAB ""MD LT"" (Juozo Balčikonio g. 7)","UAB ""MD LT"" (Juozo Balčikonio g. 7)","302825082-02","Juozo Balčikonio g. 7","+37064151255","info@minidarzeliai.lt",,,"6065723","582655","25.283010","54.721080","School_type_private_playschool"
548,"UAB ""MD LT"" (Kazio Ulvydo g. 11)","UAB ""MD LT"" (Kazio Ulvydo g. 11)","302825082-03","Kazio Ulvydo g. 11","+37064151255","info@minidarzeliai.lt",,,"6065361","582235","25.276390","54.717900","School_type_private_playschool"
549,"UAB Prasminga Jaunystė (Pievų g. 14)","UAB Prasminga Jaunystė (Pievų g. 14)","304422799-01","Pievų g. 14","+37065775777","info@prasmingavaikyste.lt",,,"6068531","581772","25.270100","54.746450","School_type_private_playschool"
550,"MB Mylimukas (Antakalnio g. 98)","MB Mylimukas (Antakalnio g. 98)","303250282-01","Antakalnio g. 98","+37061125205","labas@mylimukudarzelis.lt",,,"6065103","584751","25.315360","54.715160","School_type_private_playschool"
551,"MB Mylimukas (Antakalnio g. 4A)","MB Mylimukas (Antakalnio g. 4A)","303250282-02","Antakalnio g. 4A","+37061125205","labas@mylimukudarzelis.lt",,,"6062776","584151","25.305370","54.694360","School_type_private_playschool"
552,"Mažoji bendrija „Pasakų namukas“ (Gėlių g. 1B, Avižieniai)","Pasakų namukas (Gėlių g. 1B, Avižieniai)","304221885-01","Gėlių g. 1b, Vilnius","+37060591279","labas@pasakunamukas.lt",,,"6059589","569974","25.084740","54.667900","School_type_private_playschool"
553,"UAB „Pažinimo medis“ (Fabijoniškių g. 30)","Pažinimo medis (Fabijoniškių g. 30)","300556726-01","Fabijoniškių g. 30","+37061010228","info@pazinimo-medis.lt",,,"6066536","580149","25.244350","54.728790","School_type_private_playschool"
554,"UAB „Pažinimo medis“ (Pievų g. 5)","Pažinimo medis (Pievų g. 5)","300556726-02","Pievų g. 5","+37061010228","info@pazinimo-medis.lt",,,"6068495","581729","25.269420","54.746130","School_type_private_playschool"
555,"UAB ""Superdarželiai""(Gabijos g. 40)","UAB ""Superdarželiai""(Gabijos g. 40)","303194093-01","Gabijos g. 40","+37068461466","info@superbriedis.lt",,,"6067343","578929","25.225630","54.736230","School_type_private_playschool"
556,"UAB ""Tangramo grupė"" (K. Donelaičio g. 5A)","UAB ""Tangramo grupė"" (K. Donelaičio g. 5A)","301680552-01","K. Donelaičio g. 5A","+37065298539","info@mazuju-valdos.lt",,,"6061082","580842","25.253590","54.679690","School_type_private_playschool"
557,"VšĮ „Vaikų ateitis“ (Nemenčinės pl. 15B)","Vaikų ateitis (Nemenčinės pl. 15B)","124865437-01","Nemenčinės pl. 15B","+37061516384","info@vaikuateitis.lt",,,"6066753","585753","25.331400","54.729810","School_type_private_playschool"
558,"VšĮ „Vaikų ateitis“ (Sausio 13-osios g. 2)","Vaikų ateitis (Sausio 13-osios g. 2)","124865437-02","Sausio 13-osios g. 2","+37061516384","info@vaikuateitis.lt",,,"6062506","578702","25.220810","54.692810","School_type_private_playschool"
559,"VŠĮ Sarmatika (Ozo g. 37)","VŠĮ Sarmatika (Ozo g. 37)","303162505-01","Ozo g. 37","+37065759549","vsi.sarmatika@gmail.com",,,"6064057","580101","25.242920","54.706530","School_type_private_playschool"
560,"VšĮ „AGORA mokykla“ (Vytauto g. 1)","AGORA mokykla (Vytauto g. 1)","304285165-01","Vytauto g. 1","+37067050567","info@seimudarzelis.lt",,,"6061840","580981","25.255960","54.686470","School_type_private_playschool"
561,"VšĮ Vilniaus inžinerijos ir technologijų licėjus (Ateities g. 44)","VšĮ Vilniaus inžinerijos ir technologijų licėjus (Ateities g. 44)","302562877-01","Ateities g. 44","+37067345585","info@vitliolicejus.lt",,,"6066691","580397","25.248250","54.730140","School_type_private_playschool"
562,"VšĮ Vilniaus inžinerijos ir technologijų licėjus (Antakalnio g. 17)","VšĮ Vilniaus inžinerijos ir technologijų licėjus (Antakalnio g. 17)","302562877-02","Antakalnio g. 17","+37067345585","info@vitliolicejus.lt",,,"6063086","584397","25.309270","54.697100","School_type_private_playschool"
563,"Šv. Juozapo mokykla (Medeinos g. 14)","Šv. Juozapo mokykla (Medeinos g. 14)","302627435-01","Medeinos g. 14","+37067131604","rastine@juozapomokykla.lt",,,"6066072","578883","25.224560","54.724820","School_type_private_playschool"
565,"Vilniaus vaikų ir jaunimo klubas ""Jaunystė""","Vaikų ir jaunimo klubas ""Jaunystė""","191663668","Saltoniškių g. 21","+37062985083","rastine@klubasjaunyste.vilnius.lm.lt",,,"6063106","581030","25.257070","54.697830","School_type_non-formal"
566,"Vilniaus Jaunųjų turistų centras","Jaunųjų turistų centras","191221415","Mindaugo g. 9","+37052611547","rastine@turistucentras.vilnius.lm.lt",,,"6060990","582092","25.272940","54.678660","School_type_non-formal"
567,"Vilniaus moksleivių kūrybos ir mokymo centras","Moksleivių kūrybos ir mokymo centras","190011232","Švitrigailos g. 6","+37052659100","administracija@vmkmc.lt",,,"6061106","581694","25.266810","54.679760","School_type_non-formal"
568,"Vilniaus Naujosios Vilnios moksleivių kūrybos namai","Naujosios Vilnios moksleivių kūrybos namai","190011385","J. Kupalos g. 8","+3705 267 3692","rastine@vnvmkn.vilnius.lm.lt",,,"6063028","590372","25.401930","54.695540","School_type_non-formal"
569,"Vilniaus vaikų ir jaunimo klubas ""Kregždutė""","Vaikų ir jaunimo klubas ""Kregždutė""","291664760","Šiaulių g. 8","+37052629030","rastine@klubaskregzdute.vilnius.lm.lt",,,"6060835","582744","25.283010","54.677150","School_type_non-formal"
570,"Vilniaus vaikų ir jaunimo klubas ""Lakštingala""","Vaikų ir jaunimo klubas ""Lakštingala""","191663515","Architektų g. 224","+37067616032","rastine@klubaslakstingala.vilnius.lm.lt",,,"6060926","578596","25.218740","54.678640","School_type_non-formal"
571,"Vilniaus vaikų ir jaunimo klubas ""Meteoras""","Vaikų ir jaunimo klubas ""Meteoras""","191664389","Apolinaro Juozo Povilaičio g. 20","+3705245 7441","rastine@klubasmeteoras.vilnius.lm.lt",,,"6063022","578754","25.221750","54.697450","School_type_non-formal"
572,"Vilniaus vaikų ir jaunimo klubas ""Šatrija""","Vaikų ir jaunimo klubas ""Šatrija""","191664421","Kalvarijų g. 156","+37067390019","info@satrijosklubas.lt",,,"6064326","582790","25.284700","54.708510","School_type_non-formal"
573,"Vilniaus Žirmūnų vaikų ir jaunimo klubas","Žirmūnų vaikų ir jaunimo klubas","191663472","Minties g. 56","+37052728791","rastine@klubaszirmunai.vilnius.lm.lt",,,"6063770","583223","25.291280","54.703440","School_type_non-formal"
574,"Vilniaus vaikų ir jaunimo klubas ""Klevas""","Vaikų ir jaunimo klubas ""Klevas""","191663853","Architektų g. 86","+37052443773","rastine@klubasklevas.vilnius.lm.lt",,,"6060286","577568","25.202630","54.673050","School_type_non-formal"
575,"UAB „Mažieji stebuklai“ (Konstitucijos pr. 21C)","Mažieji stebuklai (Konstitucijos pr. 21C)","304054870-01","Konstitucijos pr. 21C","+37062268184","maziejistebuklai@gmail.com",,,"6063204","581940","25.271210","54.698570","School_type_private_playschool"
577,"UAB „Mažieji stebuklai“ (Laisvės pr. 121)","Mažieji stebuklai (Laisvės pr. 121)","304054870-03","Laisvės pr. 121","+37062268184","maziejistebuklai@gmail.com",,,"6066265","579753","25.238130","54.726410","School_type_private_playschool"
578,"UAB „Mažieji stebuklai“ (Kedrų g. 11)","Mažieji stebuklai (Kedrų g. 11)","304054870-04","Kedrų g. 11","+37062268184","maziejistebuklai@gmail.com",,,"6060630","580916","25.254620","54.675620","School_type_private_playschool"
579,"UAB „Mažieji stebuklai“ (Verkių g. 37)","Mažieji stebuklai (Verkių g. 37)","304054870-05","Verkių g. 37","+37062268184","maziejistebuklai@gmail.com",,,"6065513","583511","25.296230","54.719050","School_type_private_playschool"
580,"VšĮ ""Vaikystės takas"" (Vilkų g. 5)","VšĮ ""Vaikystės takas"" (Vilkų g. 5)","302557111-01","Vilkų g. 5","+37068509200","info@vaikystestakas.lt",,,"6063377","580725","25.252410","54.700320","School_type_private_playschool"
581,"VšĮ ""Vaikystės takas"" (Birutės g. 42)","VšĮ ""Vaikystės takas"" (Birutės g. 42)","302557111-02","Birutės g. 42","+37068509200","info@vaikystestakas.lt",,,"6062630","580219","25.244370","54.693690","School_type_private_playschool"
582,"VšĮ ""Vaikystės vėjas"" (Kalvos g. 11)","VšĮ ""Vaikystės vėjas"" (Kalvos g. 11)","304078921-01","Kalvos g. 11","+37068568333","info@isdykes-vejas.lt",,,"6062510","585116","25.320260","54.691810","School_type_private_playschool"
583,"VšĮ ""Varniukai"" (Varnės g. 77)","VšĮ ""Varniukai"" (Varnės g. 77)","302676756-01","Varnės g. 77","+37068526052","darzelisvarniukai@gmail.com",,,"6065546","575739","25.175650","54.720580","School_type_private_playschool"
584,"VšĮ ""Vilniaus Montessori"" (J. Basanavičiaus g. 35)","Vilniaus Montessori (J. Basanavičiaus g. 35)","302442881-01","J. Basanavičiaus g. 35","+37064539816","mokykla@kmok.lt",,,"6061321","581635","25.265950","54.681700","School_type_private_playschool"
585,"VšĮ „Garso servisas“ (Ragės g. 16)","Garso servisas (Ragės g. 16)","166920363-01","Ragės g. 16","+37069995114","alagasceviciene@gmail.com",,,"6072574","587234","25.356130","54.781840","School_type_private_playschool"
586,"VšĮ “Auginu vaiką“ (M. K. Čiurlionio g. 44)","VšĮ “Auginu vaiką“ (M. K. Čiurlionio g. 44)","305541048-01","M. K. Čiurlionio g. 44","+37061820447","auginuvaika.adm@gmail.com",,,"6061298","581270","25.260290","54.681550","School_type_private_playschool"
587,"VŠĮ „Smalsučių slėnis“ (Vorupės g. 44)","Smalsučių slėnis (Vorupės g. 44)","305707210-01","Vorupės g. 44","+37061208509","alma.but@gmail.com",,,"6065149","574317","25.153460","54.717220","School_type_private_playschool"
588,"Licėjus „Sokratus“, VŠĮ (Liepyno g. 4)","Sokratus (Liepyno g. 4)","305635451-01","Liepyno g. 4","+37060258831","info@sokratus.lt",,,"6063057","580905","25.255120","54.697420","School_type_private_playschool"
589,"UAB „Klaužados“ (Aukštaičių g. 2)","Klaužados (Aukštaičių g. 2)","305822586-01","Aukštaičių g. 2","+37060692080","zivile@darzelisklauzada.lt",,,"6061085","583775","25.299070","54.679230","School_type_private_playschool"
590,"UAB „Klaužados“ (Stepono Batoro g. 36)","Klaužados (Stepono Batoro g. 36)","305822586-02","Stepono Batoro g. 36","+37060692080","zivile@darzelisklauzada.lt",,,"6061945","585352","25.323760","54.686700","School_type_private_playschool"
591,"VŠĮ Varnų sala (Didlaukio g. 69B)","VŠĮ Varnų sala (Didlaukio g. 69B)","305225071-01","Didlaukio g. 69B","+37060668611","prieplauka@varnusala.lt",,,"6067154","581147","25.260020","54.734180","School_type_private_playschool"
592,"VšĮ  Žaidimų  laboratorija (Slucko g. 2)","VšĮ  Žaidimų  laboratorija (Slucko g. 2)","305696511-01","Slucko g. 4","+37067622905","zaidimulaboratorija@gmail.com",,,"6062816","582846","25.285150","54.694940","School_type_private_playschool"
593,"UAB Atradimų skrynia (Kazimiero Jelskio g. 53)","UAB Atradimų skrynia (Kazimiero Jelskio g. 53)","306006714-01","Kazimiero Jelskio g. 53","+37060021816","atradimuskrynia@gmail.com",,,"6061326","579069","25.226170","54.682160","School_type_private_playschool"
594,"UAB Atradimų skrynia (Nemenčinės pl. 64)","UAB Atradimų skrynia (Nemenčinės pl. 64)","306006714-02","Nemenčinės pl. 64","+37060021816","atradimuskrynia@gmail.com",,,"6067484","586298","25.340070","54.736290","School_type_private_playschool"
595,"UAB Stembridge LT (Maironio g. 11)","UAB Stembridge LT (Maironio g. 11)","305890669-01","Maironio g. 11","+37066946472","hello@stembridge.lt",,,"6061430","583357","25.292680","54.682400","School_type_private_playschool"
596,"UAB Stembridge LT (Pilies g. 22)","UAB Stembridge LT (Pilies g. 22)","305890669-02","Pilies g. 22","+37066946472","hello@stembridge.lt",,,"6061476","583139","25.289320","54.682850","School_type_private_playschool"
597,"UAB  Šiaurės darželiai (A. Mickevičiaus g. 17)","UAB  Šiaurės darželiai (A. Mickevičiaus g. 17)","305913317-01","A. Mickevičiaus g. 17","+37061621387","darzelis@siaureslicejus.lt",,,"6062256","580760","25.252640","54.690240","School_type_private_playschool"
598,"UAB  Šiaurės darželiai (Gulbių g. 5)","UAB  Šiaurės darželiai (Gulbių g. 5)","305913317-02","Gulbių g. 5","+37061621387","darzelis@siaureslicejus.lt",,,"6062951","580218","25.244440","54.696570","School_type_private_playschool"
599,"UAB Pilna diena (Žirmūnų g. 84A)","UAB Pilna diena (Žirmūnų g. 84A)","306215557-01","Žirmūnų g. 84A","+37065058410","justina@pilnadiena.lt",,,"6066166","583923","25.302810","54.724850","School_type_private_playschool"
600,"VŠĮ ""Geros pradžios"" mokykla","Geros pradžios","305988088","Pagubės Sodų 19-oji g. 134","+37067585253","info@gerapradzia.lt",,,"6075557","584760","25.318540","54.809070","School_type_private_playschool"
601,"UAB Loveri","UAB Loveri","306375113","Aismarių g. 9, Vilnius","+37068498588","uab.loveri@gmail.com",,,"6069435","577232","25.199840","54.755290","School_type_private_playschool"
602,"UAB Clever monkeys","UAB Clever monkeys","306369683","Rygos g. 17A","+37060617018","info@clevermonkeys.lt",,,"6065306","578573","25.219560","54.717990","School_type_private_playschool"
603,"UAB „Sandena“","Sandena","304173084","Verkių g. 31C","+37063824096","norkune@icloud.com",,,"6064953","583657","25.298340","54.714000","School_type_private_playschool"
604,"Berry Kids Academy LT, UAB (Gervuogė)","Gervuogė","306054125","Žalgirio g. 135","+37066474792","info@gervuoge.lt",,,"6063905","581992","25.272210","54.704860","School_type_private_playschool"
605,"Mokykla “Eureka“ UAB (Vytenio g. 4)","Eureka (Vytenio g. 4)","304837382-01","Vytenio g. 4","+370 603 51681","vilnius@eurekamokykla.lt","eurekamokykla.lt",,"6061122","581483","25.263540","54.679940","School_type_private_playschool"
606,"Mokykla “Eureka“ UAB (Ukmergės g. 126)","Eureka (Ukmergės g. 126)","304837382-02","Ukmergės g. 126","+370 603 51681","vilnius@eurekamokykla.lt","eurekamokykla.lt",,"6063592","581078","25.257950","54.702190","School_type_private_playschool"
607,"Mokykla “Eureka“ UAB (Vaidilutės g. 71)","Eureka (Vaidilutės g. 71)","304837382-03","Vaidilutės g. 71","+370 603 51681","vilnius@eurekamokykla.lt","eurekamokykla.lt",,"6067623","583244","25.292700","54.738050","School_type_private_playschool"
608,"Vilniaus Antakalnio atviras jaunimo centras","Antakalnio atviras jaunimo centras","191665142","Antakalnio g. 84A","+3705268 5845","zalianamis@gmail.com",,,"6064807","584653","25.313760","54.712520","School_type_non-formal"
609,"UAB Herojaus vaikai","UAB Herojaus vaikai","306638660","Vito Gerulaičio g. 1","+370 601 48449","vilnius@herojus.lt",,,"6065321","582816","25.285400","54.717440","School_type_private_playschool"
610,"Vilniaus atviras jaunimo centras ""Mes""","Atviras jaunimo centras Mes","191665338","-","+37065269717","info@ajcmes.lt","ajcmes.lt",,,,,,"School_type_non-formal"
611,"MB  „Savas darželis“","Savas darželis","306437134","Trakų r. sav., Trakų sen., Strėvos k. 12, LT 21281","+370 674 53675","labas@savasdarzelis.lt",,,,,,,"School_type_private_playschool"
616,"VŠĮ Stumbriukas","VŠĮ Stumbriukas","306135844","Vytauto g. 37","+37067303694","info@stumbriukas.lt",,,"6062478","581000","25.256430","54.692200","School_type_private_playschool"
617,"UAB ""Montessori Akademija""","Montessori Akademija","305041388","P. Klimo g. 10","+37061310333","vilnius@montessoriakademija.lt","https://www.montessoriakademija.lt/kontaktai/",,"6061245","581241","25.259820","54.681090","School_type_private_playschool"
618,"Vilniaus lopšelis-darželis „Vydūnėlis“","Vydūnėlis","307004171","Tolminkiemio g. 11A","+37067435039","rastine@vydunelis.vilnius.lm.lt",,,"6063907","575918","25.177990","54.705830","School_type_playschool"
619,"UAB Vaikystės sodas (M. Gimbutienės) Šaltinių g. 12","UAB Vaikystės sodas (M. Gimbutienės)","302602019-001","Šaltinių g. 12","+37065560168","renata.r@vaikystes-sodas.lt",,,"6060615","582296","25.276000","54.675250","School_type_private_playschool"
620,"Mažoji bendrija „Pasakų takas“","Pasakų takas","306918178","Stirnų g. 27","+37060906039","info@pasakutakas.lt",,,"6063456","580784","25.253360","54.701020","School_type_private_playschool"
621,"VŠĮ „Smalsučių slėnis“","Smalsučių slėnis","305707210-02","Vaidagų g. 100","+37061208509","alma.but@gmail.com",,,"6055531","569822","25.081410","54.631460","School_type_private_playschool"
623,"Všį ""Vaiko medis""","Vaiko medis","Nenustatyta","Jovaro g. 9","+37061913890","info@vaikomedis.lt","http://www.vaikomedis.lt",,"6061346","581354","25.261600","54.681980","School_type_private_playschool"
624,"Vilniaus lopšelis-darželis „Žiogelis“","Žiogelis (Estų g.1A)","190013774-1","Estų g. 1","+37052670969","rastine@ziogelis.vilnius.lm.lt","http://www.pavilnioziogelis.lt/","06:30-18:30","6058146","586636","25.342540","54.652350","School_type_playschool"
625,"Vilniaus Panerių lopšelis-darželis","Panerių (Moksleivių g. 4)","190016546-723","Moksleivių g. 4","+37052641241","rastine@paneriudarzelis.vilnius.lm.lt","https://www.paneriudarzelis.lt/","06:30-18:30","6054805","576380","25.182780","54.624000","School_type_playschool"
626,"Pilna diena","Pilna diena","306215557-1","Karių Kapų g. 20","+37065058410","info@pilnadiena.lt","https://www.pilnadiena.lt/",,"6063385","584853","25.316440","54.699710","School_type_private_playschool"
627,"VšĮ ARKANGELO MYKOLO LICĖJUS","ARKANGELO MYKOLO LICĖJUS","307078136","J. Basanavičiaus g. 27","+37065555198","amlicejus@gmail.com",,,"6061369","581803","25.268580","54.682100","School_type_private_playschool"
628,"Vaikų istorijos, MB","Vaikų istorijos","307187662","E. Pliaterytės g. 8","+37067336634","info@vaikuistorijos.eu",,,"6054677","572021","25.115260","54.623480","School_type_private_playschool"
629,"Prigimties mokykla, MB","Prigimties mokykla","307288985","Kviečių g. 4, Jarmališkių k., LT-13241 Vilniaus r.","+37069953555","jurate.golochvosciute@gmail.com",,"07:00-16:00",,,,,"School_type_private_playschool"
630,"Vilniaus licėjus (Tarptautinis bakalaureatas anglų k.)","Vilniaus licėjus","291221220-138","Širvintų g. 82","+37052775836","rastine@licejus.lt",,,,,,,"School_type_contest"
631,"Vilniaus Vytauto Didžiojo gimnazija (Tasrptautinis bakalaureatas anglų k.)","Vilniaus Vytauto Didžiojo gimnazija (Tasrptautinis bakalaureatas anglų k.)","300134269-138","Augustijonų g. 8","+37052791305","rastine@vytautodidziojo.vilnius.lm.lt","www.vvdg.lt",,,,,,"School_type_contest"
632,"Vilniaus savivaldybės Grigiškių „Šviesos“ gimnazija (specialioji klasė)","Grigiškių Šviesos gimnazija","190661671-1","Vilniaus m. sav. Grigiškių m. Šviesos g. 16","+37052432610","rastine@sviesosgimnazija.vilnius.lm.lt","www.gsviesa.lt",,,,,,"School_type_mainstream"
633,"Vilniaus „Minties“ gimnazija (specialioji klasė)","Vilniaus Minties gimnazija (specialioji klasė)","190005717-1","Erfurto g. 23","+37052456690","rastine@minties.vilnius.lm.lt","www.vilniausminties.lt",,,,,,"School_type_mainstream"
634,"Vilniaus Jono Pauliaus II progimnazija (specialioji klasė)","Jono Pauliaus II progimnazija","195472315-1","Rygos g. 10","+37052418894","rastine@jonopauliausprogimnazija.vilnius.lm.lt",,,,,,,"School_type_mainstream"
635,"Vilniaus Sausio 13-osios progimnazija (specialioji klasė)","190005293","190005293-1","Architektų g. 166","+37052443529","rastine@sausio13.vilnius.lm.lt","https://sausio13progimnazija.lt/",,,,,,"School_type_mainstream"
636,"Vilniaus Viršuliškių mokykla (specialioji klasė)","Vilniaus Viršuliškių mokykla","190002379-1","Viršuliškių g. 7","+37052400584","rastine@virsuliskiu.vilnius.lm.lt","www.virsuliskiu.vilnius.lm.lt",,,,,,"School_type_mainstream"
637,"Vilniaus karaliaus Mindaugo mokykla (specialioji klasė)","Vilniaus karaliaus Mindaugo mokykla","190005336-1","Mindaugo g. 9","+37052652383","rastine@mindaugo.vilnius.lm.lt","www.karaliusmindaugas.lt",,,,,,"School_type_mainstream"
638,"Vilniaus Šeškinės pradinė mokykla (specialioji klasė)","Vilniaus Šeškinės pradinė mokykla","191713384-1","Šeškinės g. 15","+37052468767","rastine@seskinespradine.vilnius.lm.lt","www.seskinespradine.vilnius.lm.lt",,,,,,"School_type_mainstream"
639,"Vilniaus Medeinos pradinė mokykla  (specialioji klasė)","Medeinos pradinė mokykla","190032746-1","Medeinos g. 27","+37052470676","rastine@medeinos.vilnius.lm.lt","www.medeinosmokykla.lt",,,,,,"School_type_mainstream"
640,"Vilniaus Lazdynų mokykla (specialioji klasė)","Vilniaus Lazdynų mokykla","190005489-1","Žėručio g. 4","+37052445158","rastine@lazdynu.vilnius.lm.lt","www.lazdynumokykla.lt",,,,,,"School_type_mainstream"
641,"Vilniaus Žygimanto Augusto progimnazija (lavinamoji klasė)","Vilniaus Žygimanto Augusto progimnazija","290003090-1","Šeškinės g. 25","+37052468454","rastine@augusto.vilnius.lm.lt","https://zaugusto.lt/",,,,,,"School_type_mainstream"
642,"Vilniaus Žygimanto Augusto progimnazija  (specialioji klasė)","Vilniaus Žygimanto Augusto progimnazija","290003090-2","Šeškinės g. 25","+37052468454","rastine@augusto.vilnius.lm.lt","https://zaugusto.lt/",,,,,,"School_type_mainstream"
